# head_v1 head_camera - link-local frame, meters (import_head_v1.py)
o head_camera
v 0.005401 0.000000 0.005629
v 0.007091 0.000000 0.003251
v 0.007789 0.000000 0.000418
v 0.007398 0.000000 -0.002473
v 0.005972 0.000000 -0.005018
v 0.003710 0.000000 -0.006861
v 0.000929 0.000000 -0.007744
v -0.001982 0.000000 -0.007544
v -0.004615 0.000000 -0.006288
v -0.004771 0.000000 -0.006171
v -0.004923 0.000000 -0.006049
v -0.006802 0.000000 -0.003817
v -0.007729 0.000000 -0.001051
v -0.007574 0.000000 0.001863
v -0.006360 0.000000 0.004516
v -0.004256 0.000000 0.006537
v -0.001556 0.000000 0.007643
v 0.001361 0.000000 0.007680
v 0.004089 0.000000 0.006644
v 0.004341 0.000000 0.006482
v 0.004630 0.000000 0.006277
v 0.004910 0.000000 0.006061
v 0.005180 0.000000 0.005833
v 0.004303 0.000000 0.004258
v 0.004331 0.000000 0.005198
v 0.003446 0.000000 0.005515
v 0.002871 0.000000 0.004771
v 0.003400 0.000000 0.003994
v 0.004258 0.000000 -0.004303
v 0.005198 0.000000 -0.004331
v 0.005515 0.000000 -0.003445
v 0.004771 0.000000 -0.002870
v 0.003994 0.000000 -0.003400
v -0.004303 0.000000 -0.004257
v -0.004331 0.000000 -0.005197
v -0.003445 0.000000 -0.005514
v -0.002870 0.000000 -0.004770
v -0.003400 0.000000 -0.003993
v -0.004257 0.000000 0.004303
v -0.005197 0.000000 0.004331
v -0.005514 0.000000 0.003446
v -0.004770 0.000000 0.002870
v -0.003993 0.000000 0.003400
v -0.002640 0.000000 -0.003414
v 0.000173 0.000000 -0.004312
v 0.002904 0.000000 -0.003193
v 0.004277 0.000000 -0.000579
v 0.003649 0.000000 0.002306
v 0.001313 0.000000 0.004112
v -0.001637 0.000000 0.003994
v -0.003821 0.000000 0.002007
v -0.004217 0.000000 -0.000919
v 0.005180 0.000000 0.005833
v 0.004910 0.000000 0.006061
v 0.004630 0.000000 0.006277
v 0.004341 0.000000 0.006482
v 0.004449 -0.000200 0.006649
v 0.004748 -0.000200 0.006439
v 0.005037 -0.000200 0.006216
v 0.005315 -0.000200 0.005979
v 0.005536 -0.000200 0.005776
v 0.007631 -0.000200 0.002401
v 0.007846 -0.000200 -0.001565
v 0.006126 -0.000200 -0.005145
v 0.002896 -0.000200 -0.007457
v -0.001048 -0.000200 -0.007931
v -0.004733 -0.000200 -0.006449
v -0.004612 -0.000003 -0.006293
v -0.004665 -0.000001 -0.006252
v -0.004718 0.000000 -0.006211
v -0.004771 0.000000 -0.006171
v -0.004615 0.000000 -0.006288
v -0.001982 0.000000 -0.007544
v 0.000929 0.000000 -0.007744
v 0.003710 0.000000 -0.006861
v 0.005972 0.000000 -0.005018
v 0.007398 0.000000 -0.002473
v 0.007789 0.000000 0.000418
v 0.007091 0.000000 0.003251
v 0.005401 0.000000 0.005629
v 0.004089 0.000000 0.006644
v 0.001361 0.000000 0.007680
v -0.001556 0.000000 0.007643
v -0.004256 0.000000 0.006537
v -0.006360 0.000000 0.004516
v -0.007574 0.000000 0.001863
v -0.007729 0.000000 -0.001051
v -0.006802 0.000000 -0.003817
v -0.004923 0.000000 -0.006049
v -0.004771 0.000000 -0.006171
v -0.004823 0.000000 -0.006130
v -0.004876 -0.000001 -0.006089
v -0.004929 -0.000003 -0.006048
v -0.005050 -0.000200 -0.006205
v -0.007412 -0.000200 -0.003011
v -0.007946 -0.000200 0.000925
v -0.006522 -0.000200 0.004633
v -0.003489 -0.000200 0.007199
v 0.000403 -0.000200 0.007990
v 0.004196 -0.000200 0.006811
v 0.005315 -0.000200 0.005979
v 0.005315 -0.002700 0.005979
v 0.005180 -0.002900 0.005833
v 0.005180 0.000000 0.005833
v -0.004733 -0.000200 -0.006449
v -0.001048 -0.000200 -0.007931
v 0.002896 -0.000200 -0.007457
v 0.006126 -0.000200 -0.005145
v 0.007846 -0.000200 -0.001565
v 0.007631 -0.000200 0.002401
v 0.005536 -0.000200 0.005776
v 0.005536 -0.002700 0.005776
v 0.007631 -0.002700 0.002401
v 0.007846 -0.002700 -0.001565
v 0.006126 -0.002700 -0.005145
v 0.002896 -0.002700 -0.007457
v -0.001048 -0.002700 -0.007931
v -0.004733 -0.002700 -0.006449
v 0.004449 -0.002700 0.006649
v 0.004748 -0.002700 0.006439
v 0.005037 -0.002700 0.006216
v 0.005315 -0.002700 0.005979
v 0.005315 -0.000200 0.005979
v 0.005037 -0.000200 0.006216
v 0.004748 -0.000200 0.006439
v 0.004449 -0.000200 0.006649
v 0.004303 0.000000 0.004258
v 0.003400 0.000000 0.003994
v 0.002871 0.000000 0.004771
v 0.003446 0.000000 0.005515
v 0.004331 0.000000 0.005198
v 0.004303 -0.002900 0.004258
v 0.004331 -0.002900 0.005198
v 0.003446 -0.002900 0.005515
v 0.002871 -0.002900 0.004771
v 0.003400 -0.002900 0.003994
v 0.003446 0.000000 0.005515
v 0.003446 -0.002900 0.005515
v 0.005180 -0.002900 0.005833
v 0.005401 -0.002900 0.005629
v 0.005401 0.000000 0.005629
v 0.005180 0.000000 0.005833
v -0.005050 -0.002700 -0.006205
v -0.007412 -0.002700 -0.003011
v -0.007946 -0.002700 0.000925
v -0.006522 -0.002700 0.004633
v -0.003489 -0.002700 0.007199
v 0.000403 -0.002700 0.007990
v 0.004196 -0.002700 0.006811
v 0.004196 -0.000200 0.006811
v 0.000403 -0.000200 0.007990
v -0.003489 -0.000200 0.007199
v -0.006522 -0.000200 0.004633
v -0.007946 -0.000200 0.000925
v -0.007412 -0.000200 -0.003011
v -0.005050 -0.000200 -0.006205
v 0.004449 -0.002700 0.006649
v 0.004449 -0.000200 0.006649
v 0.004341 0.000000 0.006482
v 0.004341 -0.002900 0.006482
v 0.004258 0.000000 -0.004303
v 0.003994 0.000000 -0.003400
v 0.004771 0.000000 -0.002870
v 0.005515 0.000000 -0.003445
v 0.005198 0.000000 -0.004331
v 0.004258 -0.002900 -0.004303
v 0.005198 -0.002900 -0.004331
v 0.005515 -0.002900 -0.003445
v 0.004771 -0.002900 -0.002870
v 0.003994 -0.002900 -0.003400
v 0.005515 0.000000 -0.003445
v 0.005515 -0.002900 -0.003445
v 0.004089 -0.002900 0.006644
v 0.004341 -0.002900 0.006482
v 0.004341 0.000000 0.006482
v 0.004089 0.000000 0.006644
v 0.005536 -0.002700 0.005776
v 0.005536 -0.000200 0.005776
v 0.005401 0.000000 0.005629
v 0.005401 -0.002900 0.005629
v -0.004928 -0.002900 -0.006047
v -0.004929 -0.000003 -0.006048
v -0.004876 -0.000001 -0.006089
v -0.004823 0.000000 -0.006130
v -0.004771 0.000000 -0.006171
v -0.004718 0.000000 -0.006211
v -0.004665 -0.000001 -0.006252
v -0.004612 -0.000003 -0.006293
v -0.004612 -0.002898 -0.006293
v -0.004665 -0.002899 -0.006252
v -0.004718 -0.002900 -0.006211
v -0.004771 -0.002900 -0.006171
v -0.004733 -0.000200 -0.006449
v -0.004733 -0.002700 -0.006449
v -0.004612 -0.002898 -0.006293
v -0.004612 -0.000003 -0.006293
v -0.004303 0.000000 -0.004257
v -0.003400 0.000000 -0.003993
v -0.002870 0.000000 -0.004770
v -0.003445 0.000000 -0.005514
v -0.004331 0.000000 -0.005197
v -0.004303 -0.002900 -0.004257
v -0.004331 -0.002900 -0.005197
v -0.003445 -0.002900 -0.005514
v -0.002870 -0.002900 -0.004770
v -0.003400 -0.002900 -0.003993
v -0.003445 0.000000 -0.005514
v -0.003445 -0.002900 -0.005514
v 0.004196 -0.000200 0.006811
v 0.004196 -0.002700 0.006811
v 0.004089 -0.002900 0.006644
v 0.004089 0.000000 0.006644
v -0.005050 -0.002700 -0.006205
v -0.005050 -0.000200 -0.006205
v -0.004929 -0.000003 -0.006048
v -0.004928 -0.002900 -0.006047
v -0.004257 0.000000 0.004303
v -0.003993 0.000000 0.003400
v -0.004770 0.000000 0.002870
v -0.005514 0.000000 0.003446
v -0.005197 0.000000 0.004331
v -0.004257 -0.002900 0.004303
v -0.005197 -0.002900 0.004331
v -0.005514 -0.002900 0.003446
v -0.004770 -0.002900 0.002870
v -0.003993 -0.002900 0.003400
v -0.005514 0.000000 0.003446
v -0.005514 -0.002900 0.003446
v 0.004089 -0.002900 0.006644
v 0.000391 -0.002900 0.007790
v -0.003403 -0.002900 0.007019
v -0.006358 -0.002900 0.004518
v -0.007747 -0.002900 0.000904
v -0.007228 -0.002900 -0.002932
v -0.004928 -0.002900 -0.006047
v -0.004771 -0.002900 -0.006171
v -0.004615 -0.002900 -0.006288
v -0.001982 -0.002900 -0.007544
v 0.000929 -0.002900 -0.007744
v 0.003710 -0.002900 -0.006861
v 0.005972 -0.002900 -0.005018
v 0.007398 -0.002900 -0.002473
v 0.007789 -0.002900 0.000418
v 0.007091 -0.002900 0.003251
v 0.005401 -0.002900 0.005629
v 0.005180 -0.002900 0.005833
v 0.004910 -0.002900 0.006061
v 0.004630 -0.002900 0.006277
v 0.004341 -0.002900 0.006482
v 0.002374 -0.002900 -0.001835
v 0.000381 -0.002900 -0.002976
v -0.001835 -0.002900 -0.002373
v -0.002976 -0.002900 -0.000381
v -0.002373 -0.002900 0.001835
v -0.000380 -0.002900 0.002976
v 0.001835 -0.002900 0.002373
v 0.002976 -0.002900 0.000381
v 0.004303 -0.002900 0.004258
v 0.003400 -0.002900 0.003994
v 0.002871 -0.002900 0.004771
v 0.003446 -0.002900 0.005515
v 0.004331 -0.002900 0.005198
v 0.004258 -0.002900 -0.004303
v 0.003994 -0.002900 -0.003400
v 0.004771 -0.002900 -0.002870
v 0.005515 -0.002900 -0.003445
v 0.005198 -0.002900 -0.004331
v -0.004303 -0.002900 -0.004257
v -0.003400 -0.002900 -0.003993
v -0.002870 -0.002900 -0.004770
v -0.003445 -0.002900 -0.005514
v -0.004331 -0.002900 -0.005197
v -0.004257 -0.002900 0.004303
v -0.003993 -0.002900 0.003400
v -0.004770 -0.002900 0.002870
v -0.005514 -0.002900 0.003446
v -0.005197 -0.002900 0.004331
v 0.004341 -0.002900 0.006482
v 0.004630 -0.002900 0.006277
v 0.004910 -0.002900 0.006061
v 0.005180 -0.002900 0.005833
v 0.005315 -0.002700 0.005979
v 0.005037 -0.002700 0.006216
v 0.004748 -0.002700 0.006439
v 0.004449 -0.002700 0.006649
v 0.005401 -0.002900 0.005629
v 0.007091 -0.002900 0.003251
v 0.007789 -0.002900 0.000418
v 0.007398 -0.002900 -0.002473
v 0.005972 -0.002900 -0.005018
v 0.003710 -0.002900 -0.006861
v 0.000929 -0.002900 -0.007744
v -0.001982 -0.002900 -0.007544
v -0.004615 -0.002900 -0.006288
v -0.004771 -0.002900 -0.006171
v -0.004718 -0.002900 -0.006211
v -0.004665 -0.002899 -0.006252
v -0.004612 -0.002898 -0.006293
v -0.004733 -0.002700 -0.006449
v -0.001048 -0.002700 -0.007931
v 0.002896 -0.002700 -0.007457
v 0.006126 -0.002700 -0.005145
v 0.007846 -0.002700 -0.001565
v 0.007631 -0.002700 0.002401
v 0.005536 -0.002700 0.005776
v -0.002640 0.000000 -0.003414
v -0.004217 0.000000 -0.000919
v -0.003821 0.000000 0.002007
v -0.001637 0.000000 0.003994
v 0.001313 0.000000 0.004112
v 0.003649 0.000000 0.002306
v 0.004277 0.000000 -0.000579
v 0.002904 0.000000 -0.003193
v 0.000173 0.000000 -0.004312
v -0.002334 0.000474 -0.003019
v 0.000485 0.000474 -0.003786
v 0.003020 0.000474 -0.002334
v 0.003786 0.000474 0.000484
v 0.002335 0.000474 0.003020
v -0.000484 0.000474 0.003786
v -0.003019 0.000474 0.002335
v -0.003786 0.000474 -0.000484
v 0.002335 0.000474 0.003020
v 0.003649 0.000000 0.002306
v 0.002374 -0.002900 -0.001835
v 0.002976 -0.002900 0.000381
v 0.001835 -0.002900 0.002373
v -0.000380 -0.002900 0.002976
v -0.002373 -0.002900 0.001835
v -0.002976 -0.002900 -0.000381
v -0.001835 -0.002900 -0.002373
v 0.000381 -0.002900 -0.002976
v 0.002215 -0.002700 -0.001713
v 0.000042 -0.002700 -0.002800
v -0.002162 -0.002700 -0.001778
v -0.002739 -0.002700 0.000582
v -0.001252 -0.002700 0.002504
v 0.001177 -0.002700 0.002541
v 0.002720 -0.002700 0.000664
v 0.000042 -0.002700 -0.002800
v -0.001835 -0.002900 -0.002373
v 0.004196 -0.002700 0.006811
v 0.000403 -0.002700 0.007990
v -0.003489 -0.002700 0.007199
v -0.006522 -0.002700 0.004633
v -0.007946 -0.002700 0.000925
v -0.007412 -0.002700 -0.003011
v -0.005050 -0.002700 -0.006205
v -0.004928 -0.002900 -0.006047
v -0.007228 -0.002900 -0.002932
v -0.007747 -0.002900 0.000904
v -0.006358 -0.002900 0.004518
v -0.003403 -0.002900 0.007019
v 0.000391 -0.002900 0.007790
v 0.004089 -0.002900 0.006644
v -0.000086 0.000050 -0.001297
v -0.000025 0.000100 -0.001300
v -0.000549 0.000100 -0.001977
v -0.000588 0.000050 -0.001946
v 0.002215 -0.002700 -0.001713
v 0.002720 -0.002700 0.000664
v 0.001177 -0.002700 0.002541
v -0.001252 -0.002700 0.002504
v -0.002739 -0.002700 0.000582
v -0.002162 -0.002700 -0.001778
v 0.000042 -0.002700 -0.002800
v -0.002215 -0.001300 0.001713
v -0.000042 -0.001300 0.002800
v 0.002163 -0.001300 0.001779
v 0.002739 -0.001300 -0.000582
v 0.001253 -0.001300 -0.002504
v -0.001177 -0.001300 -0.002541
v -0.002720 -0.001300 -0.000664
v 0.002739 -0.001300 -0.000582
v 0.002215 -0.002700 -0.001713
v -0.000025 0.000100 -0.001300
v -0.000086 0.000050 -0.001297
v -0.000086 -0.001300 -0.001297
v 0.001216 -0.001300 -0.000461
v 0.000795 -0.001300 0.001029
v -0.000752 -0.001300 0.001061
v -0.001233 -0.001300 -0.000410
v -0.001233 0.000050 -0.000410
v -0.001251 0.000100 -0.000352
v -0.000727 0.000100 0.001078
v 0.000795 0.000100 0.001029
v 0.001226 0.000100 -0.000432
v -0.002215 -0.001300 0.001713
v -0.002720 -0.001300 -0.000664
v -0.001177 -0.001300 -0.002541
v 0.001253 -0.001300 -0.002504
v 0.002739 -0.001300 -0.000582
v 0.002163 -0.001300 0.001779
v -0.000042 -0.001300 0.002800
v -0.000869 -0.001300 -0.001982
v -0.001700 -0.001300 -0.001340
v -0.001762 -0.001300 -0.001258
v -0.001775 -0.001300 -0.001155
v -0.001735 -0.001300 -0.001060
v -0.001233 -0.001300 -0.000410
v -0.000752 -0.001300 0.001061
v 0.000795 -0.001300 0.001029
v 0.001216 -0.001300 -0.000461
v -0.000086 -0.001300 -0.001297
v -0.000588 -0.001300 -0.001946
v -0.000671 -0.001300 -0.002009
v -0.000773 -0.001300 -0.002022
v -0.001251 0.000100 -0.000352
v -0.001233 0.000050 -0.000410
v -0.001735 0.000050 -0.001060
v -0.001775 0.000100 -0.001029
v -0.000869 0.000050 -0.001982
v -0.001700 0.000050 -0.001340
v -0.001700 -0.001300 -0.001340
v -0.000869 -0.001300 -0.001982
v -0.002334 0.000474 -0.003019
v -0.003786 0.000474 -0.000484
v -0.003019 0.000474 0.002335
v -0.000484 0.000474 0.003786
v 0.002335 0.000474 0.003020
v 0.003786 0.000474 0.000484
v 0.003020 0.000474 -0.002334
v 0.000485 0.000474 -0.003786
v -0.002278 0.002226 -0.002947
v 0.000473 0.002226 -0.003695
v 0.002947 0.002226 -0.002278
v 0.003695 0.002226 0.000473
v 0.002279 0.002226 0.002947
v -0.000472 0.002226 0.003695
v -0.002947 0.002226 0.002278
v -0.003694 0.002226 -0.000473
v 0.002279 0.002226 0.002947
v 0.002335 0.000474 0.003020
v -0.001730 0.000100 -0.001380
v -0.001809 0.000100 -0.001277
v -0.001825 0.000100 -0.001148
v -0.001775 0.000100 -0.001029
v -0.001735 0.000050 -0.001060
v -0.001775 0.000050 -0.001155
v -0.001762 0.000050 -0.001258
v -0.001700 0.000050 -0.001340
v -0.000899 0.000100 -0.002022
v -0.001730 0.000100 -0.001380
v -0.001700 0.000050 -0.001340
v -0.000869 0.000050 -0.001982
v -0.001700 0.000050 -0.001340
v -0.001762 0.000050 -0.001258
v -0.001775 0.000050 -0.001155
v -0.001735 0.000050 -0.001060
v -0.001735 -0.001300 -0.001060
v -0.001775 -0.001300 -0.001155
v -0.001762 -0.001300 -0.001258
v -0.001700 -0.001300 -0.001340
v -0.001529 0.000100 -0.001978
v -0.001754 0.000100 -0.001781
v -0.001954 0.000100 -0.001558
v -0.002496 0.000100 0.000131
v -0.001781 0.000100 0.001755
v -0.000168 0.000100 0.002494
v 0.001529 0.000100 0.001978
v 0.002457 0.000100 0.000465
v 0.002147 0.000100 -0.001282
v 0.000755 0.000100 -0.002383
v -0.001016 0.000100 -0.002284
v -0.001151 0.000100 -0.002219
v -0.001282 0.000100 -0.002146
v -0.001408 0.000100 -0.002066
v -0.000549 0.000100 -0.001977
v -0.000025 0.000100 -0.001300
v 0.001226 0.000100 -0.000432
v 0.000795 0.000100 0.001029
v -0.000727 0.000100 0.001078
v -0.001251 0.000100 -0.000352
v -0.001775 0.000100 -0.001029
v -0.001825 0.000100 -0.001148
v -0.001809 0.000100 -0.001277
v -0.001730 0.000100 -0.001380
v -0.000899 0.000100 -0.002022
v -0.000780 0.000100 -0.002072
v -0.000652 0.000100 -0.002055
v -0.001735 0.000050 -0.001060
v -0.001233 0.000050 -0.000410
v -0.001233 -0.001300 -0.000410
v -0.001735 -0.001300 -0.001060
v -0.001529 0.002400 -0.001978
v -0.002499 0.002400 -0.000037
v -0.001588 0.002400 0.001931
v 0.000520 0.002400 0.002446
v 0.002236 0.002400 0.001119
v 0.002269 0.002400 -0.001051
v 0.000593 0.002400 -0.002429
v -0.001529 0.000100 -0.001978
v -0.001408 0.000100 -0.002066
v -0.001282 0.000100 -0.002146
v -0.001151 0.000100 -0.002219
v -0.001016 0.000100 -0.002284
v 0.000755 0.000100 -0.002383
v 0.002147 0.000100 -0.001282
v 0.002457 0.000100 0.000465
v 0.001529 0.000100 0.001978
v -0.000168 0.000100 0.002494
v -0.001781 0.000100 0.001755
v -0.002496 0.000100 0.000131
v -0.001954 0.000100 -0.001558
v -0.001754 0.000100 -0.001781
v 0.000520 0.002400 0.002446
v 0.001529 0.000100 0.001978
v -0.000086 0.000050 -0.001297
v -0.000588 0.000050 -0.001946
v -0.000588 -0.001300 -0.001946
v -0.000086 -0.001300 -0.001297
v -0.001712 0.002700 -0.002215
v -0.002799 0.002700 -0.000042
v -0.001778 0.002700 0.002163
v 0.000582 0.002700 0.002739
v 0.002504 0.002700 0.001253
v 0.002541 0.002700 -0.001177
v 0.000664 0.002700 -0.002720
v -0.001529 0.002400 -0.001978
v 0.000593 0.002400 -0.002429
v 0.002269 0.002400 -0.001051
v 0.002236 0.002400 0.001119
v 0.000520 0.002400 0.002446
v -0.001588 0.002400 0.001931
v -0.002499 0.002400 -0.000037
v -0.001712 0.002700 -0.002215
v -0.001529 0.002400 -0.001978
v -0.001973 0.002700 -0.002552
v 0.000410 0.002700 -0.003199
v 0.002552 0.002700 -0.001973
v 0.003200 0.002700 0.000409
v 0.001973 0.002700 0.002552
v -0.000409 0.002700 0.003200
v -0.002552 0.002700 0.001973
v -0.003199 0.002700 -0.000409
v -0.002278 0.002226 -0.002947
v -0.003694 0.002226 -0.000473
v -0.002947 0.002226 0.002278
v -0.000472 0.002226 0.003695
v 0.002279 0.002226 0.002947
v 0.003695 0.002226 0.000473
v 0.002947 0.002226 -0.002278
v 0.000473 0.002226 -0.003695
v 0.000410 0.002700 -0.003199
v 0.000473 0.002226 -0.003695
v -0.000588 0.000050 -0.001946
v -0.000671 0.000050 -0.002009
v -0.000773 0.000050 -0.002022
v -0.000869 0.000050 -0.001982
v -0.000869 -0.001300 -0.001982
v -0.000773 -0.001300 -0.002022
v -0.000671 -0.001300 -0.002009
v -0.000588 -0.001300 -0.001946
v -0.000549 0.000100 -0.001977
v -0.000652 0.000100 -0.002055
v -0.000780 0.000100 -0.002072
v -0.000899 0.000100 -0.002022
v -0.000869 0.000050 -0.001982
v -0.000773 0.000050 -0.002022
v -0.000671 0.000050 -0.002009
v -0.000588 0.000050 -0.001946
v -0.001973 0.002700 -0.002552
v -0.003199 0.002700 -0.000409
v -0.002552 0.002700 0.001973
v -0.000409 0.002700 0.003200
v 0.001973 0.002700 0.002552
v 0.003200 0.002700 0.000409
v 0.002552 0.002700 -0.001973
v 0.000410 0.002700 -0.003199
v -0.001712 0.002700 -0.002215
v 0.000664 0.002700 -0.002720
v 0.002541 0.002700 -0.001177
v 0.002504 0.002700 0.001253
v 0.000582 0.002700 0.002739
v -0.001778 0.002700 0.002163
v -0.002799 0.002700 -0.000042
v -0.001075 0.006700 0.000000
v -0.000332 0.006700 0.001023
v 0.000870 0.006700 0.000632
v 0.000870 0.006700 -0.000632
v -0.000332 0.006700 -0.001022
v -0.001075 0.006700 0.000000
v -0.000332 0.006700 -0.001022
v 0.000870 0.006700 -0.000632
v 0.000870 0.006700 0.000632
v -0.000332 0.006700 0.001023
v -0.001300 0.006475 0.000000
v -0.000401 0.006475 0.001236
v 0.001052 0.006475 0.000764
v 0.001052 0.006475 -0.000764
v -0.000401 0.006475 -0.001236
v 0.001052 0.006475 0.000764
v 0.000870 0.006700 0.000632
v -0.001300 0.006475 0.000000
v -0.000401 0.006475 -0.001236
v 0.001052 0.006475 -0.000764
v 0.001052 0.006475 0.000764
v -0.000401 0.006475 0.001236
v 0.001300 -0.001300 0.000000
v 0.000402 -0.001300 -0.001236
v -0.001051 -0.001300 -0.000764
v -0.001051 -0.001300 0.000764
v 0.000402 -0.001300 0.001236
v -0.001051 -0.001300 -0.000764
v -0.001300 0.006475 0.000000
v 0.002378 -0.001300 0.000000
v 0.001483 -0.001300 -0.001859
v -0.000529 -0.001300 -0.002318
v -0.002142 -0.001300 -0.001032
v -0.002142 -0.001300 0.001032
v -0.000529 -0.001300 0.002319
v 0.001483 -0.001300 0.001859
v 0.001300 -0.001300 0.000000
v 0.000402 -0.001300 0.001236
v -0.001051 -0.001300 0.000764
v -0.001051 -0.001300 -0.000764
v 0.000402 -0.001300 -0.001236
v 0.002378 -0.001300 0.000000
v 0.001483 -0.001300 0.001859
v -0.000529 -0.001300 0.002319
v -0.002142 -0.001300 0.001032
v -0.002142 -0.001300 -0.001032
v -0.000529 -0.001300 -0.002318
v 0.001483 -0.001300 -0.001859
v 0.002378 -0.002420 0.000000
v 0.001483 -0.002420 -0.001859
v -0.000529 -0.002420 -0.002318
v -0.002142 -0.002420 -0.001032
v -0.002142 -0.002420 0.001032
v -0.000529 -0.002420 0.002319
v 0.001483 -0.002420 0.001859
v 0.002478 -0.001860 -0.001193
v 0.002478 -0.001860 0.001193
v 0.000612 -0.001860 0.002681
v -0.001714 -0.001860 0.002150
v -0.002750 -0.001860 0.000000
v -0.002750 -0.001860 0.000000
v -0.001714 -0.001860 -0.002150
v 0.000612 -0.001860 -0.002681
v -0.002142 -0.001300 0.001032
v -0.002142 -0.002420 -0.001032
v 0.001527 -0.002701 0.000269
v 0.001548 -0.002701 0.000090
v 0.001548 -0.002701 -0.000090
v 0.001527 -0.002701 -0.000269
v 0.001326 -0.002749 -0.000269
v 0.001123 -0.002790 -0.000269
v 0.000919 -0.002825 -0.000269
v 0.000460 -0.002866 -0.000459
v 0.000269 -0.002825 -0.000919
v 0.000269 -0.002790 -0.001123
v 0.000269 -0.002749 -0.001325
v 0.000269 -0.002701 -0.001526
v 0.000090 -0.002701 -0.001547
v -0.000090 -0.002701 -0.001547
v -0.000269 -0.002701 -0.001526
v -0.000269 -0.002749 -0.001325
v -0.000269 -0.002790 -0.001123
v -0.000269 -0.002825 -0.000919
v -0.000459 -0.002866 -0.000459
v -0.000919 -0.002825 -0.000269
v -0.001123 -0.002790 -0.000269
v -0.001325 -0.002749 -0.000269
v -0.001526 -0.002701 -0.000269
v -0.001547 -0.002701 -0.000090
v -0.001547 -0.002701 0.000090
v -0.001526 -0.002701 0.000269
v -0.001325 -0.002749 0.000269
v -0.001123 -0.002790 0.000269
v -0.000919 -0.002825 0.000269
v -0.000459 -0.002866 0.000460
v -0.000269 -0.002825 0.000919
v -0.000269 -0.002790 0.001123
v -0.000269 -0.002749 0.001326
v -0.000269 -0.002701 0.001527
v -0.000090 -0.002701 0.001548
v 0.000090 -0.002701 0.001548
v 0.000269 -0.002701 0.001527
v 0.000269 -0.002749 0.001326
v 0.000269 -0.002790 0.001123
v 0.000269 -0.002825 0.000919
v 0.000460 -0.002866 0.000460
v 0.000919 -0.002825 0.000269
v 0.001123 -0.002790 0.000269
v 0.001326 -0.002749 0.000269
v 0.002378 -0.002420 0.000000
v 0.001483 -0.002420 0.001859
v -0.000529 -0.002420 0.002319
v -0.002142 -0.002420 0.001032
v -0.002142 -0.002420 -0.001032
v -0.000529 -0.002420 -0.002318
v 0.001483 -0.002420 -0.001859
v -0.002142 -0.002420 0.001032
v -0.001526 -0.002701 0.000269
v 0.001527 -0.002701 -0.000269
v 0.001548 -0.002701 -0.000090
v 0.001548 -0.002701 0.000090
v 0.001527 -0.002701 0.000269
v 0.001527 -0.002100 0.000269
v 0.001548 -0.002100 0.000090
v 0.001548 -0.002100 -0.000090
v 0.001527 -0.002100 -0.000269
v 0.001527 -0.002701 0.000269
v 0.001326 -0.002749 0.000269
v 0.001123 -0.002790 0.000269
v 0.000919 -0.002825 0.000269
v 0.000919 -0.002100 0.000269
v 0.001527 -0.002100 0.000269
v 0.001527 -0.002100 0.000269
v 0.000919 -0.002100 0.000269
v 0.000594 -0.002100 0.000356
v 0.000357 -0.002100 0.000594
v 0.000269 -0.002100 0.000919
v 0.000269 -0.002100 0.001527
v 0.000090 -0.002100 0.001548
v -0.000090 -0.002100 0.001548
v -0.000269 -0.002100 0.001527
v -0.000269 -0.002100 0.000919
v -0.000356 -0.002100 0.000594
v -0.000594 -0.002100 0.000356
v -0.000919 -0.002100 0.000269
v -0.001526 -0.002100 0.000269
v -0.001547 -0.002100 0.000090
v -0.001547 -0.002100 -0.000090
v -0.001526 -0.002100 -0.000269
v -0.000919 -0.002100 -0.000269
v -0.000594 -0.002100 -0.000356
v -0.000356 -0.002100 -0.000594
v -0.000269 -0.002100 -0.000919
v -0.000269 -0.002100 -0.001526
v -0.000090 -0.002100 -0.001547
v 0.000090 -0.002100 -0.001547
v 0.000269 -0.002100 -0.001526
v 0.000269 -0.002100 -0.000919
v 0.000357 -0.002100 -0.000594
v 0.000594 -0.002100 -0.000356
v 0.000919 -0.002100 -0.000269
v 0.001527 -0.002100 -0.000269
v 0.001548 -0.002100 -0.000090
v 0.001548 -0.002100 0.000090
v 0.000919 -0.002825 -0.000269
v 0.001123 -0.002790 -0.000269
v 0.001326 -0.002749 -0.000269
v 0.001527 -0.002701 -0.000269
v 0.001527 -0.002100 -0.000269
v 0.000919 -0.002100 -0.000269
v 0.000269 -0.002825 -0.000919
v 0.000460 -0.002866 -0.000459
v 0.000919 -0.002825 -0.000269
v 0.000919 -0.002100 -0.000269
v 0.000594 -0.002100 -0.000356
v 0.000357 -0.002100 -0.000594
v 0.000269 -0.002100 -0.000919
v 0.000269 -0.002701 -0.001526
v 0.000269 -0.002749 -0.001325
v 0.000269 -0.002790 -0.001123
v 0.000269 -0.002825 -0.000919
v 0.000269 -0.002100 -0.000919
v 0.000269 -0.002100 -0.001526
v -0.000269 -0.002701 -0.001526
v -0.000090 -0.002701 -0.001547
v 0.000090 -0.002701 -0.001547
v 0.000269 -0.002701 -0.001526
v 0.000269 -0.002100 -0.001526
v 0.000090 -0.002100 -0.001547
v -0.000090 -0.002100 -0.001547
v -0.000269 -0.002100 -0.001526
v 0.000919 -0.002825 0.000269
v 0.000460 -0.002866 0.000460
v 0.000269 -0.002825 0.000919
v 0.000269 -0.002100 0.000919
v 0.000357 -0.002100 0.000594
v 0.000594 -0.002100 0.000356
v 0.000919 -0.002100 0.000269
v -0.000269 -0.002825 -0.000919
v -0.000269 -0.002790 -0.001123
v -0.000269 -0.002749 -0.001325
v -0.000269 -0.002701 -0.001526
v -0.000269 -0.002100 -0.001526
v -0.000269 -0.002100 -0.000919
v 0.000269 -0.002825 0.000919
v 0.000269 -0.002790 0.001123
v 0.000269 -0.002749 0.001326
v 0.000269 -0.002701 0.001527
v 0.000269 -0.002100 0.001527
v 0.000269 -0.002100 0.000919
v -0.000919 -0.002825 -0.000269
v -0.000459 -0.002866 -0.000459
v -0.000269 -0.002825 -0.000919
v -0.000269 -0.002100 -0.000919
v -0.000356 -0.002100 -0.000594
v -0.000594 -0.002100 -0.000356
v -0.000919 -0.002100 -0.000269
v 0.000269 -0.002701 0.001527
v 0.000090 -0.002701 0.001548
v -0.000090 -0.002701 0.001548
v -0.000269 -0.002701 0.001527
v -0.000269 -0.002100 0.001527
v -0.000090 -0.002100 0.001548
v 0.000090 -0.002100 0.001548
v 0.000269 -0.002100 0.001527
v -0.001526 -0.002701 -0.000269
v -0.001325 -0.002749 -0.000269
v -0.001123 -0.002790 -0.000269
v -0.000919 -0.002825 -0.000269
v -0.000919 -0.002100 -0.000269
v -0.001526 -0.002100 -0.000269
v -0.000269 -0.002701 0.001527
v -0.000269 -0.002749 0.001326
v -0.000269 -0.002790 0.001123
v -0.000269 -0.002825 0.000919
v -0.000269 -0.002100 0.000919
v -0.000269 -0.002100 0.001527
v -0.001526 -0.002701 0.000269
v -0.001547 -0.002701 0.000090
v -0.001547 -0.002701 -0.000090
v -0.001526 -0.002701 -0.000269
v -0.001526 -0.002100 -0.000269
v -0.001547 -0.002100 -0.000090
v -0.001547 -0.002100 0.000090
v -0.001526 -0.002100 0.000269
v -0.000269 -0.002825 0.000919
v -0.000459 -0.002866 0.000460
v -0.000919 -0.002825 0.000269
v -0.000919 -0.002100 0.000269
v -0.000594 -0.002100 0.000356
v -0.000356 -0.002100 0.000594
v -0.000269 -0.002100 0.000919
v -0.000919 -0.002825 0.000269
v -0.001123 -0.002790 0.000269
v -0.001325 -0.002749 0.000269
v -0.001526 -0.002701 0.000269
v -0.001526 -0.002100 0.000269
v -0.000919 -0.002100 0.000269
v 0.007834 0.023203 0.000000
v 0.006789 0.023203 0.003900
v 0.003934 0.023203 0.006755
v 0.000034 0.023203 0.007800
v -0.003866 0.023203 0.006755
v -0.006721 0.023203 0.003900
v -0.007766 0.023203 0.000000
v -0.006721 0.023203 -0.003900
v -0.003866 0.023203 -0.006755
v 0.000034 0.023203 -0.007800
v 0.003934 0.023203 -0.006755
v 0.006789 0.023203 -0.003900
v -0.000766 0.023203 -0.006000
v -0.000213 0.023203 -0.005239
v 0.000681 0.023203 -0.005530
v 0.000681 0.023203 -0.006470
v -0.000213 0.023203 -0.006761
v -0.005966 0.023203 0.000800
v -0.005205 0.023203 0.000247
v -0.005496 0.023203 -0.000647
v -0.006436 0.023203 -0.000647
v -0.006727 0.023203 0.000247
v 0.000834 0.023203 0.006000
v 0.000281 0.023203 0.005239
v -0.000613 0.023203 0.005530
v -0.000613 0.023203 0.006470
v 0.000281 0.023203 0.006761
v 0.006034 0.023203 -0.000800
v 0.005273 0.023203 -0.000247
v 0.005564 0.023203 0.000647
v 0.006504 0.023203 0.000647
v 0.006795 0.023203 -0.000247
v -0.003516 0.023203 0.000000
v -0.002476 0.023203 0.002510
v 0.000034 0.023203 0.003550
v 0.002544 0.023203 0.002510
v 0.003584 0.023203 0.000000
v 0.002544 0.023203 -0.002510
v 0.000034 0.023203 -0.003550
v -0.002476 0.023203 -0.002510
v 0.007834 0.023203 0.000000
v 0.006789 0.023203 -0.003900
v 0.003934 0.023203 -0.006755
v 0.000034 0.023203 -0.007800
v -0.003866 0.023203 -0.006755
v -0.006721 0.023203 -0.003900
v -0.007766 0.023203 0.000000
v -0.006721 0.023203 0.003900
v -0.003866 0.023203 0.006755
v 0.000034 0.023203 0.007800
v 0.003934 0.023203 0.006755
v 0.006789 0.023203 0.003900
v 0.008034 0.023403 0.000000
v 0.006962 0.023403 0.004000
v 0.004034 0.023403 0.006928
v 0.000034 0.023403 0.008000
v -0.003966 0.023403 0.006928
v -0.006894 0.023403 0.004000
v -0.007966 0.023403 0.000000
v -0.006894 0.023403 -0.004000
v -0.003966 0.023403 -0.006928
v 0.000034 0.023403 -0.008000
v 0.004034 0.023403 -0.006928
v 0.006962 0.023403 -0.004000
v 0.000034 0.023203 -0.007800
v 0.000034 0.023403 -0.008000
v 0.008034 0.025903 0.000000
v 0.006962 0.025903 0.004000
v 0.004034 0.025903 0.006928
v 0.000034 0.025903 0.008000
v -0.003966 0.025903 0.006928
v -0.006894 0.025903 0.004000
v -0.007966 0.025903 0.000000
v -0.006894 0.025903 -0.004000
v -0.003966 0.025903 -0.006928
v 0.000034 0.025903 -0.008000
v 0.004034 0.025903 -0.006928
v 0.006962 0.025903 -0.004000
v 0.008034 0.023403 0.000000
v 0.006962 0.023403 -0.004000
v 0.004034 0.023403 -0.006928
v 0.000034 0.023403 -0.008000
v -0.003966 0.023403 -0.006928
v -0.006894 0.023403 -0.004000
v -0.007966 0.023403 0.000000
v -0.006894 0.023403 0.004000
v -0.003966 0.023403 0.006928
v 0.000034 0.023403 0.008000
v 0.004034 0.023403 0.006928
v 0.006962 0.023403 0.004000
v -0.007966 0.023403 0.000000
v -0.007966 0.025903 0.000000
v 0.007834 0.026103 0.000000
v 0.006789 0.026103 0.003900
v 0.003934 0.026103 0.006755
v 0.000034 0.026103 0.007800
v -0.003866 0.026103 0.006755
v -0.006721 0.026103 0.003900
v -0.007766 0.026103 0.000000
v -0.006721 0.026103 -0.003900
v -0.003866 0.026103 -0.006755
v 0.000034 0.026103 -0.007800
v 0.003934 0.026103 -0.006755
v 0.006789 0.026103 -0.003900
v 0.008034 0.025903 0.000000
v 0.006962 0.025903 -0.004000
v 0.004034 0.025903 -0.006928
v 0.000034 0.025903 -0.008000
v -0.003966 0.025903 -0.006928
v -0.006894 0.025903 -0.004000
v -0.007966 0.025903 0.000000
v -0.006894 0.025903 0.004000
v -0.003966 0.025903 0.006928
v 0.000034 0.025903 0.008000
v 0.004034 0.025903 0.006928
v 0.006962 0.025903 0.004000
v 0.000034 0.026103 -0.007800
v 0.000034 0.025903 -0.008000
v 0.007834 0.026103 0.000000
v 0.006789 0.026103 -0.003900
v 0.003934 0.026103 -0.006755
v 0.000034 0.026103 -0.007800
v -0.003866 0.026103 -0.006755
v -0.006721 0.026103 -0.003900
v -0.007766 0.026103 0.000000
v -0.006721 0.026103 0.003900
v -0.003866 0.026103 0.006755
v 0.000034 0.026103 0.007800
v 0.003934 0.026103 0.006755
v 0.006789 0.026103 0.003900
v -0.005966 0.026103 0.000800
v -0.006727 0.026103 0.000247
v -0.006436 0.026103 -0.000647
v -0.005496 0.026103 -0.000647
v -0.005205 0.026103 0.000247
v 0.000834 0.026103 0.006000
v 0.000281 0.026103 0.006761
v -0.000613 0.026103 0.006470
v -0.000613 0.026103 0.005530
v 0.000281 0.026103 0.005239
v 0.006034 0.026103 -0.000800
v 0.006795 0.026103 -0.000247
v 0.006504 0.026103 0.000647
v 0.005564 0.026103 0.000647
v 0.005273 0.026103 -0.000247
v -0.000766 0.026103 -0.006000
v -0.000213 0.026103 -0.006761
v 0.000681 0.026103 -0.006470
v 0.000681 0.026103 -0.005530
v -0.000213 0.026103 -0.005239
v -0.003766 0.026103 0.000000
v -0.002653 0.026103 -0.002687
v 0.000034 0.026103 -0.003800
v 0.002721 0.026103 -0.002687
v 0.003834 0.026103 0.000000
v 0.002721 0.026103 0.002687
v 0.000034 0.026103 0.003800
v -0.002653 0.026103 0.002687
v -0.000766 0.023203 -0.006000
v -0.000213 0.023203 -0.006761
v 0.000681 0.023203 -0.006470
v 0.000681 0.023203 -0.005530
v -0.000213 0.023203 -0.005239
v -0.000766 0.026103 -0.006000
v -0.000213 0.026103 -0.005239
v 0.000681 0.026103 -0.005530
v 0.000681 0.026103 -0.006470
v -0.000213 0.026103 -0.006761
v -0.000766 0.026103 -0.006000
v -0.000766 0.023203 -0.006000
v -0.005966 0.023203 0.000800
v -0.006727 0.023203 0.000247
v -0.006436 0.023203 -0.000647
v -0.005496 0.023203 -0.000647
v -0.005205 0.023203 0.000247
v -0.005966 0.026103 0.000800
v -0.005205 0.026103 0.000247
v -0.005496 0.026103 -0.000647
v -0.006436 0.026103 -0.000647
v -0.006727 0.026103 0.000247
v -0.005966 0.026103 0.000800
v -0.005966 0.023203 0.000800
v 0.000834 0.023203 0.006000
v 0.000281 0.023203 0.006761
v -0.000613 0.023203 0.006470
v -0.000613 0.023203 0.005530
v 0.000281 0.023203 0.005239
v 0.000834 0.026103 0.006000
v 0.000281 0.026103 0.005239
v -0.000613 0.026103 0.005530
v -0.000613 0.026103 0.006470
v 0.000281 0.026103 0.006761
v 0.000834 0.026103 0.006000
v 0.000834 0.023203 0.006000
v 0.006034 0.023203 -0.000800
v 0.006795 0.023203 -0.000247
v 0.006504 0.023203 0.000647
v 0.005564 0.023203 0.000647
v 0.005273 0.023203 -0.000247
v 0.006034 0.026103 -0.000800
v 0.005273 0.026103 -0.000247
v 0.005564 0.026103 0.000647
v 0.006504 0.026103 0.000647
v 0.006795 0.026103 -0.000247
v 0.006034 0.026103 -0.000800
v 0.006034 0.023203 -0.000800
v -0.003766 0.026103 0.000000
v -0.002653 0.026103 0.002687
v 0.000034 0.026103 0.003800
v 0.002721 0.026103 0.002687
v 0.003834 0.026103 0.000000
v 0.002721 0.026103 -0.002687
v 0.000034 0.026103 -0.003800
v -0.002653 0.026103 -0.002687
v -0.003566 0.025903 0.000000
v -0.002511 0.025903 -0.002546
v 0.000034 0.025903 -0.003600
v 0.002580 0.025903 -0.002546
v 0.003634 0.025903 0.000000
v 0.002580 0.025903 0.002545
v 0.000034 0.025903 0.003600
v -0.002511 0.025903 0.002545
v 0.000034 0.026103 -0.003800
v 0.000034 0.025903 -0.003600
v -0.003566 0.025903 0.000000
v -0.002511 0.025903 0.002545
v 0.000034 0.025903 0.003600
v 0.002580 0.025903 0.002545
v 0.003634 0.025903 0.000000
v 0.002580 0.025903 -0.002546
v 0.000034 0.025903 -0.003600
v -0.002511 0.025903 -0.002546
v 0.003634 0.023603 0.000000
v 0.002580 0.023603 0.002545
v 0.000034 0.023603 0.003600
v -0.002511 0.023603 0.002545
v -0.003566 0.023603 0.000000
v -0.002511 0.023603 -0.002546
v 0.000034 0.023603 -0.003600
v 0.002580 0.023603 -0.002546
v -0.003566 0.025903 0.000000
v -0.003566 0.023603 0.000000
v -0.003516 0.023203 0.000000
v -0.002476 0.023203 -0.002510
v 0.000034 0.023203 -0.003550
v 0.002544 0.023203 -0.002510
v 0.003584 0.023203 0.000000
v 0.002544 0.023203 0.002510
v 0.000034 0.023203 0.003550
v -0.002476 0.023203 0.002510
v -0.003216 0.022903 0.000000
v -0.002264 0.022903 0.002298
v 0.000034 0.022903 0.003250
v 0.002332 0.022903 0.002298
v 0.003284 0.022903 0.000000
v 0.002332 0.022903 -0.002298
v 0.000034 0.022903 -0.003250
v -0.002264 0.022903 -0.002298
v 0.003584 0.023203 0.000000
v 0.003284 0.022903 0.000000
v 0.003634 0.023603 0.000000
v 0.002580 0.023603 -0.002546
v 0.000034 0.023603 -0.003600
v -0.002511 0.023603 -0.002546
v -0.003566 0.023603 0.000000
v -0.002511 0.023603 0.002545
v 0.000034 0.023603 0.003600
v 0.002580 0.023603 0.002545
v 0.002734 0.023603 0.000000
v 0.001718 0.023603 0.002111
v -0.000567 0.023603 0.002632
v -0.002399 0.023603 0.001171
v -0.002399 0.023603 -0.001172
v -0.000567 0.023603 -0.002632
v 0.001718 0.023603 -0.002111
v 0.002534 0.023403 0.000000
v 0.001593 0.023403 0.001954
v -0.000522 0.023403 0.002437
v -0.002218 0.023403 0.001085
v -0.002218 0.023403 -0.001085
v -0.000522 0.023403 -0.002437
v 0.001593 0.023403 -0.001955
v 0.002734 0.023603 0.000000
v 0.001718 0.023603 -0.002111
v -0.000567 0.023603 -0.002632
v -0.002399 0.023603 -0.001172
v -0.002399 0.023603 0.001171
v -0.000567 0.023603 0.002632
v 0.001718 0.023603 0.002111
v 0.001718 0.023603 -0.002111
v 0.001593 0.023403 -0.001955
v 0.002534 0.023403 0.000000
v 0.001593 0.023403 -0.001955
v -0.000522 0.023403 -0.002437
v -0.002218 0.023403 -0.001085
v -0.002218 0.023403 0.001085
v -0.000522 0.023403 0.002437
v 0.001593 0.023403 0.001954
v -0.002466 0.021953 0.000000
v -0.001525 0.021953 -0.001955
v 0.000590 0.021953 -0.002437
v 0.002287 0.021953 -0.001085
v 0.002287 0.021953 0.001085
v 0.000590 0.021953 0.002437
v -0.001525 0.021953 0.001954
v -0.002218 0.023403 -0.001085
v -0.002466 0.021953 0.000000
v -0.003216 0.021953 0.000000
v -0.002264 0.021953 -0.002298
v 0.000034 0.021953 -0.003250
v 0.002332 0.021953 -0.002298
v 0.003284 0.021953 0.000000
v 0.002332 0.021953 0.002298
v 0.000034 0.021953 0.003250
v -0.002264 0.021953 0.002298
v -0.002466 0.021953 0.000000
v -0.001525 0.021953 0.001954
v 0.000590 0.021953 0.002437
v 0.002287 0.021953 0.001085
v 0.002287 0.021953 -0.001085
v 0.000590 0.021953 -0.002437
v -0.001525 0.021953 -0.001955
v -0.003216 0.022903 0.000000
v -0.002264 0.022903 -0.002298
v 0.000034 0.022903 -0.003250
v 0.002332 0.022903 -0.002298
v 0.003284 0.022903 0.000000
v 0.002332 0.022903 0.002298
v 0.000034 0.022903 0.003250
v -0.002264 0.022903 0.002298
v -0.003216 0.021953 0.000000
v -0.002264 0.021953 0.002298
v 0.000034 0.021953 0.003250
v 0.002332 0.021953 0.002298
v 0.003284 0.021953 0.000000
v 0.002332 0.021953 -0.002298
v 0.000034 0.021953 -0.003250
v -0.002264 0.021953 -0.002298
v 0.003284 0.022903 0.000000
v 0.003284 0.021953 0.000000
v 0.003434 0.025903 0.000000
v 0.002438 0.025903 -0.002404
v 0.000034 0.025903 -0.003400
v -0.002370 0.025903 -0.002404
v -0.003366 0.025903 0.000000
v -0.002370 0.025903 0.002404
v 0.000034 0.025903 0.003400
v 0.002438 0.025903 0.002404
v 0.002834 0.025903 0.000000
v 0.001780 0.025903 0.002189
v -0.000589 0.025903 0.002730
v -0.002489 0.025903 0.001215
v -0.002489 0.025903 -0.001215
v -0.000589 0.025903 -0.002730
v 0.001780 0.025903 -0.002189
v 0.003434 0.023703 0.000000
v 0.002438 0.023703 -0.002404
v 0.000034 0.023703 -0.003400
v -0.002370 0.023703 -0.002404
v -0.003366 0.023703 0.000000
v -0.002370 0.023703 0.002404
v 0.000034 0.023703 0.003400
v 0.002438 0.023703 0.002404
v 0.003434 0.025903 0.000000
v 0.002438 0.025903 0.002404
v 0.000034 0.025903 0.003400
v -0.002370 0.025903 0.002404
v -0.003366 0.025903 0.000000
v -0.002370 0.025903 -0.002404
v 0.000034 0.025903 -0.003400
v 0.002438 0.025903 -0.002404
v -0.003366 0.023703 0.000000
v -0.003366 0.025903 0.000000
v 0.003434 0.023703 0.000000
v 0.002438 0.023703 0.002404
v 0.000034 0.023703 0.003400
v -0.002370 0.023703 0.002404
v -0.003366 0.023703 0.000000
v -0.002370 0.023703 -0.002404
v 0.000034 0.023703 -0.003400
v 0.002438 0.023703 -0.002404
v 0.002634 0.023703 0.000000
v 0.001655 0.023703 -0.002033
v -0.000544 0.023703 -0.002535
v -0.002308 0.023703 -0.001128
v -0.002308 0.023703 0.001128
v -0.000544 0.023703 0.002535
v 0.001655 0.023703 0.002033
v 0.002434 0.023503 0.000000
v 0.001530 0.023503 -0.001877
v -0.000500 0.023503 -0.002340
v -0.002128 0.023503 -0.001041
v -0.002128 0.023503 0.001041
v -0.000500 0.023503 0.002340
v 0.001530 0.023503 0.001876
v 0.002634 0.023703 0.000000
v 0.001655 0.023703 0.002033
v -0.000544 0.023703 0.002535
v -0.002308 0.023703 0.001128
v -0.002308 0.023703 -0.001128
v -0.000544 0.023703 -0.002535
v 0.001655 0.023703 -0.002033
v -0.002128 0.023503 0.001041
v -0.002308 0.023703 0.001128
v 0.002434 0.023503 0.000000
v 0.001530 0.023503 0.001876
v -0.000500 0.023503 0.002340
v -0.002128 0.023503 0.001041
v -0.002128 0.023503 -0.001041
v -0.000500 0.023503 -0.002340
v 0.001530 0.023503 -0.001877
v -0.002366 0.021303 0.000000
v -0.001462 0.021303 0.001876
v 0.000568 0.021303 0.002340
v 0.002196 0.021303 0.001041
v 0.002196 0.021303 -0.001041
v 0.000568 0.021303 -0.002340
v -0.001462 0.021303 -0.001877
v 0.002196 0.021303 0.001041
v 0.002434 0.023503 0.000000
v -0.002366 0.021303 0.000000
v -0.001462 0.021303 -0.001877
v 0.000568 0.021303 -0.002340
v 0.002196 0.021303 -0.001041
v 0.002196 0.021303 0.001041
v 0.000568 0.021303 0.002340
v -0.001462 0.021303 0.001876
v 0.001434 0.021303 0.000000
v 0.000467 0.021303 -0.001332
v -0.001099 0.021303 -0.000823
v -0.001099 0.021303 0.000823
v 0.000467 0.021303 0.001331
v 0.001434 0.024103 0.000000
v 0.001024 0.024103 -0.000990
v 0.000034 0.024103 -0.001400
v -0.000956 0.024103 -0.000990
v -0.001366 0.024103 0.000000
v -0.000956 0.024103 0.000990
v 0.000034 0.024103 0.001400
v 0.001024 0.024103 0.000990
v 0.001434 0.021303 0.000000
v 0.000467 0.021303 0.001331
v -0.001099 0.021303 0.000823
v -0.001099 0.021303 -0.000823
v 0.000467 0.021303 -0.001332
v -0.001099 0.021303 0.000823
v -0.001366 0.024103 0.000000
v 0.002834 0.025903 0.000000
v 0.001780 0.025903 -0.002189
v -0.000589 0.025903 -0.002730
v -0.002489 0.025903 -0.001215
v -0.002489 0.025903 0.001215
v -0.000589 0.025903 0.002730
v 0.001780 0.025903 0.002189
v 0.002834 0.024303 0.000000
v 0.001780 0.024303 0.002189
v -0.000589 0.024303 0.002730
v -0.002489 0.024303 0.001215
v -0.002489 0.024303 -0.001215
v -0.000589 0.024303 -0.002730
v 0.001780 0.024303 -0.002189
v -0.002489 0.025903 0.001215
v -0.002489 0.024303 0.001215
v 0.001434 0.024103 0.000000
v 0.001024 0.024103 0.000990
v 0.000034 0.024103 0.001400
v -0.000956 0.024103 0.000990
v -0.001366 0.024103 0.000000
v -0.000956 0.024103 -0.000990
v 0.000034 0.024103 -0.001400
v 0.001024 0.024103 -0.000990
v -0.001566 0.024303 0.000000
v -0.001097 0.024303 0.001131
v 0.000034 0.024303 0.001600
v 0.001165 0.024303 0.001131
v 0.001634 0.024303 0.000000
v 0.001165 0.024303 -0.001131
v 0.000034 0.024303 -0.001600
v -0.001097 0.024303 -0.001131
v 0.000034 0.024303 0.001600
v 0.000034 0.024103 0.001400
v 0.002834 0.024303 0.000000
v 0.001780 0.024303 -0.002189
v -0.000589 0.024303 -0.002730
v -0.002489 0.024303 -0.001215
v -0.002489 0.024303 0.001215
v -0.000589 0.024303 0.002730
v 0.001780 0.024303 0.002189
v -0.001566 0.024303 0.000000
v -0.001097 0.024303 -0.001131
v 0.000034 0.024303 -0.001600
v 0.001165 0.024303 -0.001131
v 0.001634 0.024303 0.000000
v 0.001165 0.024303 0.001131
v 0.000034 0.024303 0.001600
v -0.001097 0.024303 0.001131
v 0.001109 0.016303 0.000000
v 0.000366 0.016303 0.001022
v -0.000836 0.016303 0.000632
v -0.000836 0.016303 -0.000632
v 0.000366 0.016303 -0.001022
v 0.001109 0.016303 0.000000
v 0.000366 0.016303 -0.001022
v -0.000836 0.016303 -0.000632
v -0.000836 0.016303 0.000632
v 0.000366 0.016303 0.001022
v 0.001334 0.016528 0.000000
v 0.000436 0.016528 0.001236
v -0.001018 0.016528 0.000764
v -0.001018 0.016528 -0.000764
v 0.000436 0.016528 -0.001236
v -0.001018 0.016528 0.000764
v -0.000836 0.016303 0.000632
v 0.001334 0.016528 0.000000
v 0.000436 0.016528 -0.001236
v -0.001018 0.016528 -0.000764
v -0.001018 0.016528 0.000764
v 0.000436 0.016528 0.001236
v -0.001266 0.024303 0.000000
v -0.000368 0.024303 -0.001236
v 0.001086 0.024303 -0.000764
v 0.001086 0.024303 0.000764
v -0.000368 0.024303 0.001236
v 0.001086 0.024303 -0.000764
v 0.001334 0.016528 0.000000
v -0.002344 0.024303 0.000000
v -0.001449 0.024303 -0.001859
v 0.000563 0.024303 -0.002319
v 0.002177 0.024303 -0.001032
v 0.002177 0.024303 0.001032
v 0.000563 0.024303 0.002318
v -0.001449 0.024303 0.001859
v -0.001266 0.024303 0.000000
v -0.000368 0.024303 0.001236
v 0.001086 0.024303 0.000764
v 0.001086 0.024303 -0.000764
v -0.000368 0.024303 -0.001236
v -0.002344 0.024303 0.000000
v -0.001449 0.024303 0.001859
v 0.000563 0.024303 0.002318
v 0.002177 0.024303 0.001032
v 0.002177 0.024303 -0.001032
v 0.000563 0.024303 -0.002319
v -0.001449 0.024303 -0.001859
v -0.002344 0.025423 0.000000
v -0.001449 0.025423 -0.001859
v 0.000563 0.025423 -0.002319
v 0.002177 0.025423 -0.001032
v 0.002177 0.025423 0.001032
v 0.000563 0.025423 0.002318
v -0.001449 0.025423 0.001859
v -0.002444 0.024863 -0.001193
v -0.002444 0.024863 0.001193
v -0.000578 0.024863 0.002681
v 0.001749 0.024863 0.002150
v 0.002784 0.024863 0.000000
v 0.002784 0.024863 0.000000
v 0.001749 0.024863 -0.002150
v -0.000578 0.024863 -0.002681
v 0.002177 0.024303 0.001032
v 0.002177 0.025423 -0.001032
v -0.001492 0.025704 0.000269
v -0.001513 0.025704 0.000090
v -0.001513 0.025704 -0.000090
v -0.001492 0.025704 -0.000269
v -0.001291 0.025752 -0.000269
v -0.001089 0.025793 -0.000269
v -0.000885 0.025828 -0.000269
v -0.000426 0.025868 -0.000460
v -0.000235 0.025828 -0.000919
v -0.000235 0.025793 -0.001123
v -0.000235 0.025752 -0.001326
v -0.000235 0.025704 -0.001527
v -0.000056 0.025704 -0.001547
v 0.000124 0.025704 -0.001547
v 0.000303 0.025704 -0.001527
v 0.000303 0.025752 -0.001326
v 0.000303 0.025793 -0.001123
v 0.000303 0.025828 -0.000919
v 0.000494 0.025868 -0.000460
v 0.000953 0.025828 -0.000269
v 0.001157 0.025793 -0.000269
v 0.001360 0.025752 -0.000269
v 0.001561 0.025704 -0.000269
v 0.001581 0.025704 -0.000090
v 0.001581 0.025704 0.000090
v 0.001561 0.025704 0.000269
v 0.001360 0.025752 0.000269
v 0.001157 0.025793 0.000269
v 0.000953 0.025828 0.000269
v 0.000494 0.025868 0.000460
v 0.000303 0.025828 0.000919
v 0.000303 0.025793 0.001123
v 0.000303 0.025752 0.001325
v 0.000303 0.025704 0.001526
v 0.000124 0.025704 0.001547
v -0.000056 0.025704 0.001547
v -0.000235 0.025704 0.001526
v -0.000235 0.025752 0.001325
v -0.000235 0.025793 0.001123
v -0.000235 0.025828 0.000919
v -0.000426 0.025868 0.000460
v -0.000885 0.025828 0.000269
v -0.001089 0.025793 0.000269
v -0.001291 0.025752 0.000269
v -0.002344 0.025423 0.000000
v -0.001449 0.025423 0.001859
v 0.000563 0.025423 0.002318
v 0.002177 0.025423 0.001032
v 0.002177 0.025423 -0.001032
v 0.000563 0.025423 -0.002319
v -0.001449 0.025423 -0.001859
v 0.002177 0.025423 0.001032
v 0.001561 0.025704 0.000269
v -0.001492 0.025704 -0.000269
v -0.001513 0.025704 -0.000090
v -0.001513 0.025704 0.000090
v -0.001492 0.025704 0.000269
v -0.001492 0.025103 0.000269
v -0.001513 0.025103 0.000090
v -0.001513 0.025103 -0.000090
v -0.001492 0.025103 -0.000269
v -0.001492 0.025704 0.000269
v -0.001291 0.025752 0.000269
v -0.001089 0.025793 0.000269
v -0.000885 0.025828 0.000269
v -0.000885 0.025103 0.000269
v -0.001492 0.025103 0.000269
v -0.001492 0.025103 0.000269
v -0.000885 0.025103 0.000269
v -0.000560 0.025103 0.000356
v -0.000322 0.025103 0.000594
v -0.000235 0.025103 0.000919
v -0.000235 0.025103 0.001526
v -0.000056 0.025103 0.001547
v 0.000124 0.025103 0.001547
v 0.000303 0.025103 0.001526
v 0.000303 0.025103 0.000919
v 0.000390 0.025103 0.000594
v 0.000628 0.025103 0.000356
v 0.000953 0.025103 0.000269
v 0.001561 0.025103 0.000269
v 0.001581 0.025103 0.000090
v 0.001581 0.025103 -0.000090
v 0.001561 0.025103 -0.000269
v 0.000953 0.025103 -0.000269
v 0.000628 0.025103 -0.000356
v 0.000390 0.025103 -0.000594
v 0.000303 0.025103 -0.000919
v 0.000303 0.025103 -0.001527
v 0.000124 0.025103 -0.001547
v -0.000056 0.025103 -0.001547
v -0.000235 0.025103 -0.001527
v -0.000235 0.025103 -0.000919
v -0.000322 0.025103 -0.000594
v -0.000560 0.025103 -0.000356
v -0.000885 0.025103 -0.000269
v -0.001492 0.025103 -0.000269
v -0.001513 0.025103 -0.000090
v -0.001513 0.025103 0.000090
v -0.000885 0.025828 -0.000269
v -0.001089 0.025793 -0.000269
v -0.001291 0.025752 -0.000269
v -0.001492 0.025704 -0.000269
v -0.001492 0.025103 -0.000269
v -0.000885 0.025103 -0.000269
v -0.000235 0.025828 -0.000919
v -0.000426 0.025868 -0.000460
v -0.000885 0.025828 -0.000269
v -0.000885 0.025103 -0.000269
v -0.000560 0.025103 -0.000356
v -0.000322 0.025103 -0.000594
v -0.000235 0.025103 -0.000919
v -0.000235 0.025704 -0.001527
v -0.000235 0.025752 -0.001326
v -0.000235 0.025793 -0.001123
v -0.000235 0.025828 -0.000919
v -0.000235 0.025103 -0.000919
v -0.000235 0.025103 -0.001527
v 0.000303 0.025704 -0.001527
v 0.000124 0.025704 -0.001547
v -0.000056 0.025704 -0.001547
v -0.000235 0.025704 -0.001527
v -0.000235 0.025103 -0.001527
v -0.000056 0.025103 -0.001547
v 0.000124 0.025103 -0.001547
v 0.000303 0.025103 -0.001527
v -0.000885 0.025828 0.000269
v -0.000426 0.025868 0.000460
v -0.000235 0.025828 0.000919
v -0.000235 0.025103 0.000919
v -0.000322 0.025103 0.000594
v -0.000560 0.025103 0.000356
v -0.000885 0.025103 0.000269
v 0.000303 0.025828 -0.000919
v 0.000303 0.025793 -0.001123
v 0.000303 0.025752 -0.001326
v 0.000303 0.025704 -0.001527
v 0.000303 0.025103 -0.001527
v 0.000303 0.025103 -0.000919
v -0.000235 0.025828 0.000919
v -0.000235 0.025793 0.001123
v -0.000235 0.025752 0.001325
v -0.000235 0.025704 0.001526
v -0.000235 0.025103 0.001526
v -0.000235 0.025103 0.000919
v 0.000953 0.025828 -0.000269
v 0.000494 0.025868 -0.000460
v 0.000303 0.025828 -0.000919
v 0.000303 0.025103 -0.000919
v 0.000390 0.025103 -0.000594
v 0.000628 0.025103 -0.000356
v 0.000953 0.025103 -0.000269
v -0.000235 0.025704 0.001526
v -0.000056 0.025704 0.001547
v 0.000124 0.025704 0.001547
v 0.000303 0.025704 0.001526
v 0.000303 0.025103 0.001526
v 0.000124 0.025103 0.001547
v -0.000056 0.025103 0.001547
v -0.000235 0.025103 0.001526
v 0.001561 0.025704 -0.000269
v 0.001360 0.025752 -0.000269
v 0.001157 0.025793 -0.000269
v 0.000953 0.025828 -0.000269
v 0.000953 0.025103 -0.000269
v 0.001561 0.025103 -0.000269
v 0.000303 0.025704 0.001526
v 0.000303 0.025752 0.001325
v 0.000303 0.025793 0.001123
v 0.000303 0.025828 0.000919
v 0.000303 0.025103 0.000919
v 0.000303 0.025103 0.001526
v 0.001561 0.025704 0.000269
v 0.001581 0.025704 0.000090
v 0.001581 0.025704 -0.000090
v 0.001561 0.025704 -0.000269
v 0.001561 0.025103 -0.000269
v 0.001581 0.025103 -0.000090
v 0.001581 0.025103 0.000090
v 0.001561 0.025103 0.000269
v 0.000303 0.025828 0.000919
v 0.000494 0.025868 0.000460
v 0.000953 0.025828 0.000269
v 0.000953 0.025103 0.000269
v 0.000628 0.025103 0.000356
v 0.000390 0.025103 0.000594
v 0.000303 0.025103 0.000919
v 0.000953 0.025828 0.000269
v 0.001157 0.025793 0.000269
v 0.001360 0.025752 0.000269
v 0.001561 0.025704 0.000269
v 0.001561 0.025103 0.000269
v 0.000953 0.025103 0.000269
v -0.003756 0.010445 0.015860
v -0.003781 0.010445 0.014190
v -0.004083 0.010272 0.014065
v -0.004567 0.009993 0.014072
v -0.004539 0.009993 0.015872
v -0.005037 0.013353 0.015580
v -0.004604 0.013103 0.015573
v -0.004599 0.013103 0.015873
v -0.005032 0.013353 0.015880
v -0.004908 0.014559 0.014077
v -0.003914 0.014969 0.014062
v -0.003153 0.015730 0.014050
v -0.002742 0.016725 0.014044
v -0.002719 0.016725 0.015544
v -0.003130 0.015730 0.015550
v -0.003891 0.014969 0.015562
v -0.004885 0.014559 0.015577
v -0.001363 0.016383 0.015823
v -0.001391 0.016383 0.014023
v -0.001264 0.016443 0.015521
v -0.001259 0.016443 0.015821
v -0.001613 0.016816 0.015827
v -0.001641 0.016816 0.014027
v -0.002093 0.017600 0.014034
v -0.002065 0.017600 0.015834
v -0.001776 0.015064 0.014529
v -0.001813 0.015122 0.014280
v -0.001908 0.015280 0.014098
v -0.002034 0.015497 0.014033
v -0.001737 0.015654 0.014029
v -0.001429 0.015788 0.014024
v -0.001112 0.015900 0.014019
v -0.000937 0.015600 0.014147
v -0.000931 0.015430 0.014516
v -0.001222 0.015330 0.014521
v -0.001504 0.015207 0.014525
v 0.001742 0.016443 0.015475
v 0.001992 0.016876 0.015471
v 0.002073 0.016816 0.013970
v 0.001823 0.016383 0.013974
v 0.005027 0.013207 0.015725
v 0.004999 0.013207 0.013925
v 0.005082 0.013103 0.015424
v 0.005087 0.013103 0.015724
v 0.001851 0.006816 0.015773
v 0.001823 0.006816 0.013974
v 0.001742 0.006756 0.015475
v 0.001747 0.006756 0.015775
v 0.009215 0.005097 0.013860
v 0.009009 0.005215 0.013863
v 0.008790 0.005306 0.013866
v 0.008561 0.005366 0.013870
v 0.008584 0.005366 0.015370
v 0.008813 0.005306 0.015366
v 0.009033 0.005215 0.015363
v 0.009238 0.005097 0.015360
v 0.006026 0.028600 0.001657
v 0.004498 0.028600 0.000806
v 0.004471 0.028600 -0.000944
v 0.005973 0.028600 -0.001842
v 0.005968 0.028900 -0.002142
v 0.004209 0.028900 -0.001090
v 0.004240 0.028900 0.000960
v 0.006031 0.028900 0.001957
v 0.001843 0.027400 0.005972
v 0.001843 0.028900 0.005972
v 0.000944 0.028900 0.004471
v -0.000806 0.028900 0.004498
v -0.001657 0.028900 0.006026
v -0.001657 0.027400 0.006026
v -0.000806 0.027400 0.004498
v 0.000944 0.027400 0.004471
v -0.001842 0.027500 -0.005972
v -0.001849 0.027500 -0.006409
v -0.001849 0.028600 -0.006409
v -0.001842 0.028600 -0.005972
v 0.001651 0.027500 -0.006463
v 0.001658 0.027500 -0.006026
v 0.001658 0.028600 -0.006026
v 0.001651 0.028600 -0.006463
v 0.006885 0.008509 0.015396
v 0.009238 0.009868 0.015360
v 0.009238 0.005097 0.015360
v 0.009033 0.005215 0.015363
v 0.008813 0.005306 0.015366
v 0.008584 0.005366 0.015370
v 0.008553 0.006650 0.015370
v 0.007942 0.007780 0.015380
v -0.001508 -0.004200 0.015725
v 0.001992 -0.004200 0.015671
v 0.001992 -0.005700 0.015671
v -0.001508 -0.005700 0.015725
v 0.001658 -0.004300 -0.006026
v 0.001651 -0.004300 -0.006463
v 0.001651 -0.005400 -0.006463
v 0.001658 -0.005400 -0.006026
v -0.001849 -0.004300 -0.006409
v -0.001842 -0.004300 -0.005972
v -0.001842 -0.005400 -0.005972
v -0.001849 -0.005400 -0.006409
v 0.001890 -0.004200 0.009030
v 0.001855 -0.004200 0.009107
v 0.001773 -0.004200 0.009130
v 0.001704 -0.004200 0.009082
v 0.000747 -0.004200 0.008299
v -0.000490 -0.004200 0.008318
v -0.001422 -0.004200 0.009131
v -0.001491 -0.004200 0.009181
v -0.001573 -0.004200 0.009160
v -0.001610 -0.004200 0.009084
v -0.001657 -0.004200 0.006026
v -0.000806 -0.004200 0.004498
v 0.000944 -0.004200 0.004471
v 0.001843 -0.004200 0.005972
v -0.000932 -0.004200 0.006015
v -0.000209 -0.004200 0.006979
v 0.000931 -0.004200 0.006589
v 0.000913 -0.004200 0.005384
v -0.000239 -0.004200 0.005030
v -0.002689 -0.005700 0.010443
v -0.002689 -0.004400 0.010443
v -0.004006 -0.004400 0.010463
v -0.004006 -0.005700 0.010463
v 0.004433 -0.004400 -0.002352
v 0.004433 -0.005700 -0.002352
v 0.003973 -0.005700 -0.002180
v 0.003486 -0.005700 -0.002248
v 0.003091 -0.005700 -0.002539
v 0.003091 -0.004400 -0.002539
v 0.003486 -0.004400 -0.002248
v 0.003973 -0.004400 -0.002180
v 0.002215 -0.004400 -0.004503
v 0.002057 -0.004400 -0.004038
v 0.002140 -0.004400 -0.003553
v 0.002443 -0.004400 -0.003167
v 0.002443 -0.005700 -0.003167
v 0.002140 -0.005700 -0.003553
v 0.002057 -0.005700 -0.004038
v 0.002215 -0.005700 -0.004503
v -0.003167 -0.005700 -0.002443
v -0.003167 -0.004400 -0.002443
v -0.002974 -0.004400 -0.002674
v -0.002765 -0.004400 -0.002890
v -0.002539 -0.004400 -0.003090
v -0.002539 -0.005700 -0.003090
v -0.002765 -0.005700 -0.002890
v -0.002974 -0.005700 -0.002674
v -0.004432 -0.005700 0.002353
v -0.004432 -0.004400 0.002353
v -0.004905 -0.004400 0.002616
v -0.005420 -0.004400 0.002781
v -0.005957 -0.004400 0.002842
v -0.005957 -0.005700 0.002842
v -0.005420 -0.005700 0.002781
v -0.004905 -0.005700 0.002616
v -0.005696 -0.004400 -0.004068
v -0.005696 -0.005700 -0.004068
v -0.005262 -0.005700 -0.004616
v -0.004776 -0.005700 -0.005117
v -0.004242 -0.005700 -0.005568
v -0.004242 -0.004400 -0.005568
v -0.004776 -0.004400 -0.005117
v -0.005262 -0.004400 -0.004616
v -0.002443 -0.005700 0.003167
v -0.002443 -0.004400 0.003167
v -0.002674 -0.004400 0.002975
v -0.002890 -0.004400 0.002765
v -0.003090 -0.004400 0.002540
v -0.003090 -0.005700 0.002540
v -0.002890 -0.005700 0.002765
v -0.002674 -0.005700 0.002975
v 0.003703 0.013600 0.015445
v 0.003303 0.014171 0.015451
v 0.002810 0.014664 0.015459
v 0.002239 0.015064 0.015467
v 0.003198 0.016725 0.015453
v 0.003608 0.015730 0.015446
v 0.004369 0.014969 0.015435
v 0.005363 0.014559 0.015419
v -0.001842 -0.005400 -0.005972
v -0.000944 -0.005400 -0.004470
v 0.000806 -0.005400 -0.004497
v 0.001658 -0.005400 -0.006026
v 0.001958 -0.005700 -0.006031
v 0.000960 -0.005700 -0.004240
v -0.001090 -0.005700 -0.004208
v -0.002142 -0.005700 -0.005968
v -0.006463 0.028600 -0.001650
v -0.007078 0.028600 -0.001850
v -0.007442 0.028600 -0.002384
v -0.007404 0.028600 -0.003029
v -0.007404 0.027400 -0.003029
v -0.007442 0.027400 -0.002384
v -0.007078 0.027400 -0.001850
v -0.006463 0.027400 -0.001650
v -0.001610 0.027400 0.009084
v -0.001573 0.027400 0.009160
v -0.001491 0.027400 0.009181
v -0.001422 0.027400 0.009131
v -0.000490 0.027400 0.008318
v 0.000747 0.027400 0.008299
v 0.001704 0.027400 0.009082
v 0.001773 0.027400 0.009130
v 0.001855 0.027400 0.009107
v 0.001890 0.027400 0.009030
v 0.001843 0.027400 0.005972
v 0.000944 0.027400 0.004471
v -0.000806 0.027400 0.004498
v -0.001657 0.027400 0.006026
v 0.001118 0.027400 0.005984
v 0.000424 0.027400 0.006969
v -0.000727 0.027400 0.006615
v -0.000746 0.027400 0.005410
v 0.000394 0.027400 0.005020
v -0.007604 0.028600 0.001868
v -0.008049 0.028600 0.001979
v -0.008396 0.028600 0.002278
v -0.008575 0.028600 0.002700
v -0.008279 0.028900 0.002750
v -0.008154 0.028900 0.002455
v -0.007911 0.028900 0.002246
v -0.007600 0.028900 0.002168
v 0.002989 0.004480 0.015456
v 0.003489 0.004480 0.015448
v 0.003493 0.004480 0.015748
v 0.002993 0.004480 0.015756
v 0.005235 0.002050 0.015721
v 0.005207 0.002050 0.013922
v 0.005172 0.001848 0.013922
v 0.005274 0.001670 0.013920
v 0.005467 0.001600 0.013918
v 0.005495 0.001600 0.015717
v 0.005302 0.001670 0.015720
v 0.005199 0.001848 0.015722
v -0.005007 0.001600 0.015879
v -0.005035 0.001600 0.014079
v -0.004842 0.001670 0.014076
v -0.004740 0.001848 0.014075
v -0.004775 0.002050 0.014075
v -0.004747 0.002050 0.015875
v -0.004712 0.001848 0.015875
v -0.004814 0.001670 0.015876
v -0.003006 0.000600 0.015848
v -0.003034 0.000600 0.014049
v -0.003532 0.000600 0.014056
v -0.003504 0.000600 0.015856
v -0.007513 -0.001124 0.015618
v -0.007263 -0.001557 0.015614
v -0.007390 -0.001617 0.014116
v -0.007640 -0.001184 0.014120
v -0.006010 0.001480 0.015595
v -0.005510 0.001480 0.015587
v -0.005506 0.001480 0.015887
v -0.006005 0.001480 0.015895
v -0.007263 -0.001557 0.015614
v -0.007513 -0.001124 0.015618
v -0.007508 -0.001124 0.015918
v -0.007258 -0.001557 0.015914
v -0.005510 0.001480 0.015587
v -0.006010 0.001480 0.015595
v -0.006033 0.001600 0.014095
v -0.005533 0.001600 0.014087
v 0.004243 0.012755 0.015737
v 0.004218 0.012755 0.014067
v 0.004515 0.012928 0.013932
v 0.004999 0.013207 0.013925
v 0.005027 0.013207 0.015725
v 0.003687 0.013600 0.014445
v 0.003742 0.013633 0.014194
v 0.003897 0.013725 0.014009
v 0.004113 0.013850 0.013938
v 0.004270 0.013553 0.013936
v 0.004404 0.013245 0.013934
v 0.004515 0.012928 0.013932
v 0.004218 0.012755 0.014067
v 0.004053 0.012755 0.014439
v 0.003953 0.013045 0.014441
v 0.003831 0.013328 0.014443
v 0.005515 0.009847 0.015417
v 0.005082 0.010097 0.015424
v 0.005087 0.010097 0.015724
v 0.005520 0.009847 0.015717
v 0.008243 0.012755 0.015675
v 0.008215 0.012755 0.013875
v 0.008215 0.011850 0.013875
v 0.008243 0.011850 0.015675
v 0.004218 0.010445 0.014067
v 0.004515 0.010272 0.013932
v 0.004404 0.009955 0.013934
v 0.004270 0.009647 0.013936
v 0.004113 0.009350 0.013938
v 0.003897 0.009475 0.014009
v 0.003742 0.009566 0.014194
v 0.003687 0.009600 0.014445
v 0.003831 0.009872 0.014443
v 0.003953 0.010154 0.014441
v 0.004053 0.010445 0.014439
v 0.002223 0.008136 0.014468
v 0.002253 0.008078 0.014217
v 0.002342 0.007919 0.014033
v 0.002466 0.007703 0.013964
v 0.002169 0.007546 0.013968
v 0.001861 0.007411 0.013973
v 0.001544 0.007300 0.013978
v 0.001373 0.007600 0.014111
v 0.001378 0.007770 0.014481
v 0.001669 0.007870 0.014476
v 0.001951 0.007992 0.014472
v -0.001264 0.006756 0.015521
v -0.001514 0.006323 0.015525
v -0.001641 0.006383 0.014027
v -0.001391 0.006816 0.014023
v -0.003681 0.009350 0.014059
v -0.003463 0.009475 0.014122
v -0.003302 0.009566 0.014303
v -0.003240 0.009600 0.014552
v -0.003225 0.009600 0.015552
v -0.004885 0.008641 0.015577
v -0.004908 0.008641 0.014077
v 0.004566 0.018389 0.015732
v 0.004538 0.018389 0.013932
v 0.004370 0.018600 0.013934
v 0.004398 0.018600 0.015734
v -0.003006 0.018600 0.015848
v -0.003034 0.018600 0.014049
v -0.003938 0.018600 0.014063
v -0.003910 0.018600 0.015862
v 0.002235 0.023050 0.015768
v 0.002208 0.023050 0.013968
v 0.002172 0.022848 0.013968
v 0.002275 0.022670 0.013967
v 0.002467 0.022600 0.013964
v 0.002495 0.022600 0.015764
v 0.002302 0.022670 0.015767
v 0.002200 0.022848 0.015768
v 0.004735 0.024756 0.015429
v 0.004608 0.024816 0.013931
v 0.004636 0.024816 0.015731
v 0.004740 0.024756 0.015729
v -0.006005 0.021600 0.015895
v -0.006033 0.021600 0.014095
v -0.006938 0.021600 0.014109
v -0.006910 0.021600 0.015909
v 0.005988 0.021720 0.015410
v 0.005965 0.021600 0.013910
v 0.005993 0.021600 0.015710
v 0.005993 0.021720 0.015710
v -0.002065 0.017600 0.015834
v -0.002093 0.017600 0.014034
v -0.001776 0.018150 0.014029
v -0.001748 0.018150 0.015829
v 0.000244 0.022575 0.015798
v -0.000731 0.023283 0.015813
v -0.000359 0.024429 0.015808
v 0.000846 0.024429 0.015789
v 0.001218 0.023283 0.015783
v 0.000262 0.022575 0.016998
v 0.001237 0.023283 0.016983
v 0.000865 0.024429 0.016989
v -0.000340 0.024429 0.017007
v -0.000712 0.023283 0.017013
v 0.000262 0.022575 0.016998
v 0.000244 0.022575 0.015798
v 0.000244 -0.001425 0.015798
v -0.000731 -0.000717 0.015813
v -0.000359 0.000429 0.015808
v 0.000846 0.000429 0.015789
v 0.001218 -0.000717 0.015783
v 0.000262 -0.001425 0.016998
v 0.001237 -0.000717 0.016983
v 0.000865 0.000429 0.016989
v -0.000340 0.000429 0.017007
v -0.000712 -0.000717 0.017013
v 0.000262 -0.001425 0.016998
v 0.000244 -0.001425 0.015798
v -0.004539 0.009993 0.015872
v -0.004567 0.009993 0.014072
v -0.004604 0.010097 0.015573
v -0.004599 0.010097 0.015873
v -0.004972 0.009743 0.015879
v -0.005000 0.009743 0.014079
v -0.005783 0.009290 0.014091
v -0.005756 0.009290 0.015891
v -0.003240 0.009600 0.014552
v -0.003302 0.009566 0.014303
v -0.003463 0.009475 0.014122
v -0.003681 0.009350 0.014059
v -0.003838 0.009647 0.014061
v -0.003972 0.009955 0.014063
v -0.004083 0.010272 0.014065
v -0.003781 0.010445 0.014190
v -0.003606 0.010445 0.014557
v -0.003505 0.010154 0.014556
v -0.003383 0.009872 0.014554
v -0.004604 0.013103 0.015573
v -0.005037 0.013353 0.015580
v -0.005000 0.013457 0.014079
v -0.004567 0.013207 0.014072
v -0.002034 0.015497 0.014033
v -0.001908 0.015280 0.014098
v -0.001813 0.015122 0.014280
v -0.001776 0.015064 0.014529
v -0.001761 0.015064 0.015529
v -0.002719 0.016725 0.015544
v -0.002742 0.016725 0.014044
v -0.001264 0.016443 0.015521
v -0.001514 0.016876 0.015525
v -0.001509 0.016876 0.015825
v -0.001259 0.016443 0.015821
v 0.002223 0.015064 0.014468
v 0.002253 0.015122 0.014217
v 0.002342 0.015280 0.014033
v 0.002466 0.015497 0.013964
v 0.003174 0.016725 0.013953
v 0.003198 0.016725 0.015453
v 0.002239 0.015064 0.015467
v 0.005082 0.013103 0.015424
v 0.005515 0.013353 0.015417
v 0.005520 0.013353 0.015717
v 0.005087 0.013103 0.015724
v 0.001742 0.006756 0.015475
v 0.001992 0.006323 0.015471
v 0.001997 0.006323 0.015771
v 0.001747 0.006756 0.015775
v 0.005973 0.028600 -0.001842
v 0.004471 0.028600 -0.000944
v 0.004498 0.028600 0.000806
v 0.006026 0.028600 0.001657
v 0.006026 0.027400 0.001657
v 0.004498 0.027400 0.000806
v 0.004471 0.027400 -0.000944
v 0.005973 0.027400 -0.001842
v 0.001890 0.027400 0.009030
v 0.001890 0.028900 0.009030
v 0.001843 0.028900 0.005972
v 0.001843 0.027400 0.005972
v 0.001658 0.027500 -0.006026
v 0.000806 0.027500 -0.004497
v -0.000944 0.027500 -0.004470
v -0.001842 0.027500 -0.005972
v -0.001842 0.028600 -0.005972
v -0.000944 0.028600 -0.004470
v 0.000806 0.028600 -0.004497
v 0.001658 0.028600 -0.006026
v 0.001958 0.028900 -0.006031
v 0.001951 0.028900 -0.006468
v 0.001651 0.028600 -0.006463
v 0.001658 0.028600 -0.006026
v -0.007126 0.028900 -0.002915
v -0.006163 0.028900 -0.004615
v -0.004803 0.028900 -0.006018
v -0.003134 0.028900 -0.007033
v -0.003256 0.028600 -0.007307
v -0.004990 0.028600 -0.006253
v -0.006403 0.028600 -0.004795
v -0.007404 0.028600 -0.003029
v 0.002992 -0.004400 0.015656
v 0.009241 -0.004400 0.015560
v 0.009241 -0.005700 0.015560
v 0.002992 -0.005700 0.015656
v -0.001842 -0.004300 -0.005972
v -0.000944 -0.004300 -0.004470
v 0.000806 -0.004300 -0.004497
v 0.001658 -0.004300 -0.006026
v 0.001658 -0.005400 -0.006026
v 0.000806 -0.005400 -0.004497
v -0.000944 -0.005400 -0.004470
v -0.001842 -0.005400 -0.005972
v -0.002142 -0.005700 -0.005968
v -0.002149 -0.005700 -0.006405
v -0.001849 -0.005400 -0.006409
v -0.001842 -0.005400 -0.005972
v -0.002603 -0.005700 0.009541
v -0.002603 -0.004400 0.009541
v -0.002657 -0.004400 0.006042
v -0.002657 -0.005700 0.006042
v -0.004101 -0.004400 0.010538
v -0.004101 -0.005700 0.010538
v -0.004082 -0.005700 0.010500
v -0.004048 -0.005700 0.010473
v -0.004006 -0.005700 0.010463
v -0.004006 -0.004400 0.010463
v -0.004048 -0.004400 0.010473
v -0.004082 -0.004400 0.010500
v -0.002588 -0.004400 0.010541
v -0.002602 -0.004400 0.010491
v -0.002639 -0.004400 0.010455
v -0.002689 -0.004400 0.010443
v -0.002689 -0.005700 0.010443
v -0.002639 -0.005700 0.010455
v -0.002602 -0.005700 0.010491
v -0.002588 -0.005700 0.010541
v 0.004433 -0.005700 -0.002352
v 0.004433 -0.004400 -0.002352
v 0.004645 -0.004400 -0.002485
v 0.004868 -0.004400 -0.002599
v 0.005100 -0.004400 -0.002691
v 0.005100 -0.005700 -0.002691
v 0.004868 -0.005700 -0.002599
v 0.004645 -0.005700 -0.002485
v 0.005100 -0.004400 -0.002691
v 0.005594 -0.004400 -0.003065
v 0.005773 -0.004400 -0.003658
v 0.005568 -0.004400 -0.004242
v 0.005568 -0.005700 -0.004242
v 0.005773 -0.005700 -0.003658
v 0.005594 -0.005700 -0.003065
v 0.005100 -0.005700 -0.002691
v 0.002215 -0.004400 -0.004503
v 0.002215 -0.005700 -0.004503
v 0.002341 -0.005700 -0.004719
v 0.002448 -0.005700 -0.004945
v 0.002533 -0.005700 -0.005180
v 0.002533 -0.004400 -0.005180
v 0.002448 -0.004400 -0.004945
v 0.002341 -0.004400 -0.004719
v -0.002352 -0.004400 -0.004433
v -0.002352 -0.005700 -0.004433
v -0.002180 -0.005700 -0.003972
v -0.002248 -0.005700 -0.003486
v -0.002539 -0.005700 -0.003090
v -0.002539 -0.004400 -0.003090
v -0.002248 -0.004400 -0.003486
v -0.002180 -0.004400 -0.003972
v -0.002691 -0.004400 -0.005100
v -0.003065 -0.004400 -0.005593
v -0.003657 -0.004400 -0.005772
v -0.004242 -0.004400 -0.005568
v -0.004242 -0.005700 -0.005568
v -0.003657 -0.005700 -0.005772
v -0.003065 -0.005700 -0.005593
v -0.002691 -0.005700 -0.005100
v -0.005180 -0.004400 -0.002533
v -0.005685 -0.004400 -0.002891
v -0.005882 -0.004400 -0.003478
v -0.005696 -0.004400 -0.004068
v -0.005262 -0.004400 -0.004616
v -0.004776 -0.004400 -0.005117
v -0.004242 -0.004400 -0.005568
v -0.003657 -0.004400 -0.005772
v -0.003065 -0.004400 -0.005593
v -0.002691 -0.004400 -0.005100
v -0.002599 -0.004400 -0.004867
v -0.002485 -0.004400 -0.004644
v -0.002352 -0.004400 -0.004433
v -0.002180 -0.004400 -0.003972
v -0.002248 -0.004400 -0.003486
v -0.002539 -0.004400 -0.003090
v -0.002765 -0.004400 -0.002890
v -0.002974 -0.004400 -0.002674
v -0.003167 -0.004400 -0.002443
v -0.003553 -0.004400 -0.002140
v -0.004038 -0.004400 -0.002057
v -0.004503 -0.004400 -0.002215
v -0.004719 -0.004400 -0.002341
v -0.004945 -0.004400 -0.002447
v 0.003167 -0.005700 0.002443
v 0.003167 -0.004400 0.002443
v 0.002975 -0.004400 0.002675
v 0.002765 -0.004400 0.002891
v 0.002540 -0.004400 0.003091
v 0.002540 -0.005700 0.003091
v 0.002765 -0.005700 0.002891
v 0.002975 -0.005700 0.002675
v 0.002239 0.008136 0.015467
v 0.002810 0.008536 0.015459
v 0.003303 0.009029 0.015451
v 0.003703 0.009600 0.015445
v 0.005363 0.008641 0.015419
v 0.004369 0.008230 0.015435
v 0.003608 0.007470 0.015446
v 0.003198 0.006475 0.015453
v 0.007659 0.028600 0.001632
v 0.008106 0.028600 0.001730
v 0.008463 0.028600 0.002018
v 0.008654 0.028600 0.002434
v 0.008654 0.027400 0.002434
v 0.008463 0.027400 0.002018
v 0.008106 0.027400 0.001730
v 0.007659 0.027400 0.001632
v -0.007404 0.028600 -0.003029
v -0.007442 0.028600 -0.002384
v -0.007078 0.028600 -0.001850
v -0.006463 0.028600 -0.001650
v -0.006468 0.028900 -0.001950
v -0.006898 0.028900 -0.002090
v -0.007153 0.028900 -0.002464
v -0.007126 0.028900 -0.002915
v -0.001395 0.027400 0.010915
v -0.001465 0.027400 0.010868
v -0.001546 0.027400 0.010891
v -0.001581 0.027400 0.010968
v -0.001508 0.027400 0.015725
v 0.001992 0.027400 0.015671
v 0.001919 0.027400 0.010914
v 0.001882 0.027400 0.010838
v 0.001799 0.027400 0.010817
v 0.001731 0.027400 0.010867
v 0.000799 0.027400 0.011680
v -0.000438 0.027400 0.011699
v -0.007604 0.028600 0.001868
v -0.005972 0.028600 0.001842
v -0.005972 0.027400 0.001842
v -0.007604 0.027400 0.001868
v -0.006031 0.028900 -0.001957
v -0.006468 0.028900 -0.001950
v -0.006463 0.028600 -0.001650
v -0.006026 0.028600 -0.001657
v 0.003489 0.004480 0.015448
v 0.002989 0.004480 0.015456
v 0.002966 0.004600 0.013956
v 0.003466 0.004600 0.013948
v 0.006488 0.001480 0.015402
v 0.006465 0.001600 0.013902
v 0.006493 0.001600 0.015702
v 0.006493 0.001480 0.015702
v 0.005993 0.001600 0.015710
v 0.005965 0.001600 0.013910
v 0.005988 0.001480 0.015410
v 0.005993 0.001480 0.015710
v -0.004747 0.002050 0.015875
v -0.004775 0.002050 0.014075
v -0.005093 0.002600 0.014080
v -0.005065 0.002600 0.015880
v -0.001748 0.000150 0.015829
v -0.001776 0.000150 0.014029
v -0.001740 0.000352 0.014029
v -0.001843 0.000530 0.014030
v -0.002035 0.000600 0.014033
v -0.002008 0.000600 0.015833
v -0.001815 0.000530 0.015830
v -0.001712 0.000352 0.015828
v -0.004257 -0.001557 0.015568
v -0.004176 -0.001617 0.014066
v -0.004149 -0.001617 0.015866
v -0.004253 -0.001557 0.015868
v 0.005460 0.013457 0.015718
v 0.005432 0.013457 0.013918
v 0.006215 0.013909 0.013906
v 0.006243 0.013909 0.015706
v 0.004113 0.013850 0.013938
v 0.003897 0.013725 0.014009
v 0.003742 0.013633 0.014194
v 0.003687 0.013600 0.014445
v 0.003703 0.013600 0.015445
v 0.005363 0.014559 0.015419
v 0.005340 0.014559 0.013919
v 0.005460 0.009743 0.015718
v 0.005432 0.009743 0.013918
v 0.005515 0.009847 0.015417
v 0.005520 0.009847 0.015717
v 0.005082 0.010097 0.015424
v 0.005515 0.009847 0.015417
v 0.005432 0.009743 0.013918
v 0.004999 0.009993 0.013925
v 0.008243 0.011350 0.015675
v 0.008215 0.011350 0.013875
v 0.008215 0.010445 0.013875
v 0.008243 0.010445 0.015675
v 0.006243 0.009290 0.015706
v 0.006215 0.009290 0.013906
v 0.005432 0.009743 0.013918
v 0.005460 0.009743 0.015718
v 0.002466 0.007703 0.013964
v 0.002342 0.007919 0.014033
v 0.002253 0.008078 0.014217
v 0.002223 0.008136 0.014468
v 0.002239 0.008136 0.015467
v 0.003198 0.006475 0.015453
v 0.003174 0.006475 0.013953
v -0.002065 0.005600 0.015834
v -0.002093 0.005600 0.014034
v -0.001641 0.006383 0.014027
v -0.001613 0.006383 0.015827
v 0.005098 0.018812 0.015723
v 0.005071 0.018812 0.013924
v 0.006721 0.018787 0.013898
v 0.007616 0.017401 0.013884
v 0.006961 0.015887 0.013894
v 0.005338 0.015590 0.013920
v 0.004190 0.016776 0.013937
v 0.004538 0.018389 0.013932
v 0.004566 0.018389 0.015732
v 0.004218 0.016776 0.015737
v 0.005365 0.015590 0.015719
v 0.006989 0.015887 0.015694
v 0.007644 0.017401 0.015684
v 0.006748 0.018787 0.015698
v 0.002553 0.023600 0.015763
v 0.002525 0.023600 0.013963
v 0.002208 0.023050 0.013968
v 0.002235 0.023050 0.015768
v 0.004386 0.024383 0.015734
v 0.004358 0.024383 0.013935
v 0.004486 0.024323 0.015433
v 0.004490 0.024323 0.015733
v 0.004735 0.024756 0.015429
v 0.004486 0.024323 0.015433
v 0.004358 0.024383 0.013935
v 0.004608 0.024816 0.013931
v 0.005495 0.021600 0.015717
v 0.005467 0.021600 0.013918
v 0.005274 0.021530 0.013920
v 0.005172 0.021352 0.013922
v 0.005207 0.021150 0.013922
v 0.005235 0.021150 0.015721
v 0.005199 0.021352 0.015722
v 0.005302 0.021530 0.015720
v -0.004747 0.021150 0.015875
v -0.004775 0.021150 0.014075
v -0.004740 0.021352 0.014075
v -0.004842 0.021530 0.014076
v -0.005035 0.021600 0.014079
v -0.005007 0.021600 0.015879
v -0.004814 0.021530 0.015876
v -0.004712 0.021352 0.015875
v 0.006243 0.022575 0.015706
v 0.005268 0.023283 0.015721
v 0.005641 0.024429 0.015715
v 0.006845 0.024429 0.015696
v 0.007218 0.023283 0.015691
v 0.006262 0.022575 0.016906
v 0.007236 0.023283 0.016891
v 0.006864 0.024429 0.016896
v 0.005659 0.024429 0.016915
v 0.005287 0.023283 0.016921
v 0.006262 0.022575 0.016906
v 0.006243 0.022575 0.015706
v 0.006243 -0.001425 0.015706
v 0.005268 -0.000717 0.015721
v 0.005641 0.000429 0.015715
v 0.006845 0.000429 0.015696
v 0.007218 -0.000717 0.015691
v 0.006262 -0.001425 0.016906
v 0.007236 -0.000717 0.016891
v 0.006864 0.000429 0.016896
v 0.005659 0.000429 0.016915
v 0.005287 -0.000717 0.016921
v 0.006262 -0.001425 0.016906
v 0.006243 -0.001425 0.015706
v -0.004604 0.010097 0.015573
v -0.005037 0.009847 0.015580
v -0.005032 0.009847 0.015880
v -0.004599 0.010097 0.015873
v -0.005756 0.013909 0.015891
v -0.005783 0.013909 0.014091
v -0.005000 0.013457 0.014079
v -0.004972 0.013457 0.015879
v -0.001514 0.016876 0.015525
v -0.001641 0.016816 0.014027
v -0.001613 0.016816 0.015827
v -0.001509 0.016876 0.015825
v -0.001514 0.016876 0.015525
v -0.001264 0.016443 0.015521
v -0.001391 0.016383 0.014023
v -0.001641 0.016816 0.014027
v 0.005515 0.013353 0.015417
v 0.005082 0.013103 0.015424
v 0.004999 0.013207 0.013925
v 0.005432 0.013457 0.013918
v 0.001992 0.006323 0.015471
v 0.001742 0.006756 0.015475
v 0.001823 0.006816 0.013974
v 0.002073 0.006383 0.013970
v 0.006026 0.028600 0.001657
v 0.007659 0.028600 0.001632
v 0.007659 0.027400 0.001632
v 0.006026 0.027400 0.001657
v 0.001919 0.028900 0.010914
v 0.001919 0.027400 0.010914
v 0.001992 0.027400 0.015671
v 0.001992 0.028900 0.015671
v -0.001849 0.028600 -0.006409
v -0.002067 0.028600 -0.007018
v -0.002612 0.028600 -0.007365
v -0.003256 0.028600 -0.007307
v -0.003134 0.028900 -0.007033
v -0.002683 0.028900 -0.007074
v -0.002302 0.028900 -0.006831
v -0.002149 0.028900 -0.006405
v 0.001658 0.028600 -0.006026
v 0.000806 0.028600 -0.004497
v -0.000944 0.028600 -0.004470
v -0.001842 0.028600 -0.005972
v -0.002142 0.028900 -0.005968
v -0.001090 0.028900 -0.004208
v 0.000960 0.028900 -0.004240
v 0.001958 0.028900 -0.006031
v -0.008757 -0.004400 0.015837
v -0.002507 -0.004400 0.015741
v -0.002507 -0.005700 0.015741
v -0.008757 -0.005700 0.015837
v 0.004315 -0.004400 0.009535
v 0.004315 -0.005700 0.009535
v 0.002998 -0.005700 0.009555
v 0.002998 -0.004400 0.009555
v -0.002215 -0.004400 0.004503
v -0.002215 -0.005700 0.004503
v -0.002463 -0.005700 0.004984
v -0.002612 -0.005700 0.005503
v -0.002657 -0.005700 0.006042
v -0.002657 -0.004400 0.006042
v -0.002612 -0.004400 0.005503
v -0.002463 -0.004400 0.004984
v -0.002603 -0.004400 0.009541
v -0.002603 -0.005700 0.009541
v -0.002616 -0.005700 0.009592
v -0.002652 -0.005700 0.009629
v -0.002701 -0.005700 0.009643
v -0.002701 -0.004400 0.009643
v -0.002652 -0.004400 0.009629
v -0.002616 -0.004400 0.009592
v -0.004101 -0.005700 0.010538
v -0.004101 -0.004400 0.010538
v -0.005062 -0.004400 0.011712
v -0.006578 -0.004400 0.011735
v -0.007574 -0.004400 0.010592
v -0.007574 -0.005700 0.010592
v -0.006578 -0.005700 0.011735
v -0.005062 -0.005700 0.011712
v -0.002588 -0.004400 0.010541
v -0.002588 -0.005700 0.010541
v -0.002507 -0.005700 0.015741
v -0.002507 -0.004400 0.015741
v 0.004503 -0.004400 0.002215
v 0.004503 -0.005700 0.002215
v 0.004984 -0.005700 0.002463
v 0.005503 -0.005700 0.002612
v 0.006042 -0.005700 0.002657
v 0.006042 -0.004400 0.002657
v 0.005503 -0.004400 0.002612
v 0.004984 -0.004400 0.002463
v 0.004069 -0.004400 -0.005696
v 0.004069 -0.005700 -0.005696
v 0.004616 -0.005700 -0.005262
v 0.005118 -0.005700 -0.004776
v 0.005568 -0.005700 -0.004242
v 0.005568 -0.004400 -0.004242
v 0.005118 -0.004400 -0.004776
v 0.004616 -0.004400 -0.005262
v 0.004069 -0.004400 -0.005696
v 0.003478 -0.004400 -0.005882
v 0.002891 -0.004400 -0.005685
v 0.002533 -0.004400 -0.005180
v 0.002533 -0.005700 -0.005180
v 0.002891 -0.005700 -0.005685
v 0.003478 -0.005700 -0.005882
v 0.004069 -0.005700 -0.005696
v 0.002443 -0.004400 -0.003167
v 0.002140 -0.004400 -0.003553
v 0.002057 -0.004400 -0.004038
v 0.002215 -0.004400 -0.004503
v 0.002341 -0.004400 -0.004719
v 0.002448 -0.004400 -0.004945
v 0.002533 -0.004400 -0.005180
v 0.002891 -0.004400 -0.005685
v 0.003478 -0.004400 -0.005882
v 0.004069 -0.004400 -0.005696
v 0.004616 -0.004400 -0.005262
v 0.005118 -0.004400 -0.004776
v 0.005568 -0.004400 -0.004242
v 0.005773 -0.004400 -0.003658
v 0.005594 -0.004400 -0.003065
v 0.005100 -0.004400 -0.002691
v 0.004868 -0.004400 -0.002599
v 0.004645 -0.004400 -0.002485
v 0.004433 -0.004400 -0.002352
v 0.003973 -0.004400 -0.002180
v 0.003486 -0.004400 -0.002248
v 0.003091 -0.004400 -0.002539
v 0.002891 -0.004400 -0.002765
v 0.002675 -0.004400 -0.002974
v -0.002352 -0.005700 -0.004433
v -0.002352 -0.004400 -0.004433
v -0.002485 -0.004400 -0.004644
v -0.002599 -0.004400 -0.004867
v -0.002691 -0.004400 -0.005100
v -0.002691 -0.005700 -0.005100
v -0.002599 -0.005700 -0.004867
v -0.002485 -0.005700 -0.004644
v -0.002215 -0.004400 0.004503
v -0.002057 -0.004400 0.004038
v -0.002140 -0.004400 0.003554
v -0.002443 -0.004400 0.003167
v -0.002443 -0.005700 0.003167
v -0.002140 -0.005700 0.003554
v -0.002057 -0.005700 0.004038
v -0.002215 -0.005700 0.004503
v 0.008654 0.028600 0.002434
v 0.008463 0.028600 0.002018
v 0.008106 0.028600 0.001730
v 0.007659 0.028600 0.001632
v 0.007663 0.028900 0.001932
v 0.007977 0.028900 0.002001
v 0.008226 0.028900 0.002202
v 0.008360 0.028900 0.002493
v -0.005972 0.028600 0.001842
v -0.004470 0.028600 0.000944
v -0.004497 0.028600 -0.000806
v -0.006026 0.028600 -0.001657
v -0.006026 0.027400 -0.001657
v -0.004497 0.027400 -0.000806
v -0.004470 0.027400 0.000944
v -0.005972 0.027400 0.001842
v -0.005972 0.028600 0.001842
v -0.007604 0.028600 0.001868
v -0.007600 0.028900 0.002168
v -0.005967 0.028900 0.002142
v -0.006026 0.028600 -0.001657
v -0.004497 0.028600 -0.000806
v -0.004470 0.028600 0.000944
v -0.005972 0.028600 0.001842
v -0.005967 0.028900 0.002142
v -0.004208 0.028900 0.001090
v -0.004240 0.028900 -0.000960
v -0.006031 0.028900 -0.001957
v 0.003489 0.004480 0.015448
v 0.003466 0.004600 0.013948
v 0.003493 0.004600 0.015748
v 0.003493 0.004480 0.015748
v 0.005988 0.001480 0.015410
v 0.006488 0.001480 0.015402
v 0.006493 0.001480 0.015702
v 0.005993 0.001480 0.015710
v -0.005065 0.002600 0.015880
v -0.005093 0.002600 0.014080
v -0.004304 0.003966 0.014068
v -0.004276 0.003966 0.015868
v -0.002065 -0.000400 0.015834
v -0.002093 -0.000400 0.014034
v -0.001776 0.000150 0.014029
v -0.001748 0.000150 0.015829
v -0.003899 -0.001184 0.015862
v -0.003926 -0.001184 0.014062
v -0.004007 -0.001124 0.015564
v -0.004003 -0.001124 0.015864
v -0.004257 -0.001557 0.015568
v -0.004007 -0.001124 0.015564
v -0.003926 -0.001184 0.014062
v -0.004176 -0.001617 0.014066
v 0.003174 0.016725 0.013953
v 0.003585 0.015730 0.013947
v 0.004346 0.014969 0.013935
v 0.005340 0.014559 0.013919
v 0.005363 0.014559 0.015419
v 0.004369 0.014969 0.015435
v 0.003608 0.015730 0.015446
v 0.003198 0.016725 0.015453
v 0.003687 0.009600 0.014445
v 0.003742 0.009566 0.014194
v 0.003897 0.009475 0.014009
v 0.004113 0.009350 0.013938
v 0.005340 0.008641 0.013919
v 0.005363 0.008641 0.015419
v 0.003703 0.009600 0.015445
v 0.006243 0.013909 0.015706
v 0.006215 0.013909 0.013906
v 0.008215 0.012755 0.013875
v 0.008243 0.012755 0.015675
v 0.001992 0.006323 0.015471
v 0.002073 0.006383 0.013970
v 0.002101 0.006383 0.015770
v 0.001997 0.006323 0.015771
v 0.005340 0.008641 0.013919
v 0.004346 0.008230 0.013935
v 0.003585 0.007470 0.013947
v 0.003174 0.006475 0.013953
v 0.003198 0.006475 0.015453
v 0.003608 0.007470 0.015446
v 0.004369 0.008230 0.015435
v 0.005363 0.008641 0.015419
v -0.001748 0.005050 0.015829
v -0.001776 0.005050 0.014029
v -0.002093 0.005600 0.014034
v -0.002065 0.005600 0.015834
v 0.004764 0.019234 0.015729
v 0.004736 0.019234 0.013929
v 0.005071 0.018812 0.013924
v 0.005098 0.018812 0.015723
v 0.001398 0.025600 0.015780
v 0.001371 0.025600 0.013981
v 0.001823 0.024816 0.013974
v 0.001851 0.024816 0.015773
v 0.004486 0.024323 0.015433
v 0.004735 0.024756 0.015429
v 0.004740 0.024756 0.015729
v 0.004490 0.024323 0.015733
v 0.005235 0.021150 0.015721
v 0.005207 0.021150 0.013922
v 0.005525 0.020600 0.013917
v 0.005553 0.020600 0.015716
v -0.005065 0.020600 0.015880
v -0.005093 0.020600 0.014080
v -0.004775 0.021150 0.014075
v -0.004747 0.021150 0.015875
v -0.005037 0.009847 0.015580
v -0.005000 0.009743 0.014079
v -0.004972 0.009743 0.015879
v -0.005032 0.009847 0.015880
v -0.005037 0.009847 0.015580
v -0.004604 0.010097 0.015573
v -0.004567 0.009993 0.014072
v -0.005000 0.009743 0.014079
v -0.007755 0.012755 0.015922
v -0.007783 0.012755 0.014122
v -0.005783 0.013909 0.014091
v -0.005756 0.013909 0.015891
v 0.005515 0.013353 0.015417
v 0.005432 0.013457 0.013918
v 0.005460 0.013457 0.015718
v 0.005520 0.013353 0.015717
v 0.006031 0.028900 0.001957
v 0.007663 0.028900 0.001932
v 0.007659 0.028600 0.001632
v 0.006026 0.028600 0.001657
v 0.001890 0.027400 0.009030
v 0.001855 0.027400 0.009107
v 0.001773 0.027400 0.009130
v 0.001704 0.027400 0.009082
v 0.001704 0.028900 0.009082
v 0.001773 0.028900 0.009130
v 0.001855 0.028900 0.009107
v 0.001890 0.028900 0.009030
v -0.001842 0.028600 -0.005972
v -0.001849 0.028600 -0.006409
v -0.002149 0.028900 -0.006405
v -0.002142 0.028900 -0.005968
v -0.001610 -0.004200 0.009084
v -0.001610 -0.005700 0.009084
v -0.001657 -0.005700 0.006026
v -0.001657 -0.004200 0.006026
v 0.001731 -0.005700 0.010867
v 0.001731 -0.004200 0.010867
v 0.000799 -0.004200 0.011680
v -0.000438 -0.004200 0.011699
v -0.001395 -0.004200 0.010915
v -0.001395 -0.005700 0.010915
v -0.000438 -0.005700 0.011699
v 0.000799 -0.005700 0.011680
v 0.002912 -0.005700 0.010456
v 0.002912 -0.004400 0.010456
v 0.002992 -0.004400 0.015656
v 0.002992 -0.005700 0.015656
v 0.004410 -0.004400 0.009460
v 0.004410 -0.005700 0.009460
v 0.004391 -0.005700 0.009498
v 0.004357 -0.005700 0.009525
v 0.004315 -0.005700 0.009535
v 0.004315 -0.004400 0.009535
v 0.004357 -0.004400 0.009525
v 0.004391 -0.004400 0.009498
v 0.002896 -0.004400 0.009457
v 0.002911 -0.004400 0.009506
v 0.002948 -0.004400 0.009542
v 0.002998 -0.004400 0.009555
v 0.002998 -0.005700 0.009555
v 0.002948 -0.005700 0.009542
v 0.002911 -0.005700 0.009506
v 0.002896 -0.005700 0.009457
v 0.002353 -0.005700 0.004433
v 0.002353 -0.004400 0.004433
v 0.002616 -0.004400 0.004905
v 0.002781 -0.004400 0.005420
v 0.002842 -0.004400 0.005957
v 0.002842 -0.005700 0.005957
v 0.002781 -0.005700 0.005420
v 0.002616 -0.005700 0.004905
v -0.002701 -0.004400 0.009643
v -0.002701 -0.005700 0.009643
v -0.004018 -0.005700 0.009663
v -0.004018 -0.004400 0.009663
v -0.007672 -0.004400 0.010520
v -0.007672 -0.005700 0.010520
v -0.007629 -0.005700 0.010528
v -0.007595 -0.005700 0.010554
v -0.007574 -0.005700 0.010592
v -0.007574 -0.004400 0.010592
v -0.007595 -0.004400 0.010554
v -0.007629 -0.004400 0.010528
v -0.002689 -0.004400 0.010443
v -0.002639 -0.004400 0.010455
v -0.002602 -0.004400 0.010491
v -0.002588 -0.004400 0.010541
v -0.002507 -0.004400 0.015741
v -0.008757 -0.004400 0.015837
v -0.008837 -0.004400 0.010638
v -0.008824 -0.004400 0.010587
v -0.008788 -0.004400 0.010550
v -0.008738 -0.004400 0.010536
v -0.007672 -0.004400 0.010520
v -0.007629 -0.004400 0.010528
v -0.007595 -0.004400 0.010554
v -0.007574 -0.004400 0.010592
v -0.006578 -0.004400 0.011735
v -0.005062 -0.004400 0.011712
v -0.004101 -0.004400 0.010538
v -0.004082 -0.004400 0.010500
v -0.004048 -0.004400 0.010473
v -0.004006 -0.004400 0.010463
v 0.004503 -0.004400 0.002215
v 0.004038 -0.004400 0.002057
v 0.003554 -0.004400 0.002140
v 0.003167 -0.004400 0.002443
v 0.003167 -0.005700 0.002443
v 0.003554 -0.005700 0.002140
v 0.004038 -0.005700 0.002057
v 0.004503 -0.005700 0.002215
v 0.009032 -0.004400 0.009344
v 0.009026 -0.004400 0.009401
v 0.008990 -0.004400 0.009446
v 0.008935 -0.004400 0.009464
v 0.007980 -0.004400 0.009478
v 0.007938 -0.004400 0.009470
v 0.007903 -0.004400 0.009444
v 0.007883 -0.004400 0.009406
v 0.006887 -0.004400 0.008262
v 0.005370 -0.004400 0.008286
v 0.004410 -0.004400 0.009460
v 0.004391 -0.004400 0.009498
v 0.004357 -0.004400 0.009525
v 0.004315 -0.004400 0.009535
v 0.002998 -0.004400 0.009555
v 0.002948 -0.004400 0.009542
v 0.002911 -0.004400 0.009506
v 0.002896 -0.004400 0.009457
v 0.002842 -0.004400 0.005957
v 0.002781 -0.004400 0.005420
v 0.002616 -0.004400 0.004905
v 0.002353 -0.004400 0.004433
v 0.002181 -0.004400 0.003973
v 0.002249 -0.004400 0.003486
v 0.002540 -0.004400 0.003091
v 0.002765 -0.004400 0.002891
v 0.002975 -0.004400 0.002675
v 0.003167 -0.004400 0.002443
v 0.003554 -0.004400 0.002140
v 0.004038 -0.004400 0.002057
v 0.004503 -0.004400 0.002215
v 0.004984 -0.004400 0.002463
v 0.005503 -0.004400 0.002612
v 0.006042 -0.004400 0.002657
v 0.006843 -0.004400 0.002645
v 0.007291 -0.004400 0.002743
v 0.007648 -0.004400 0.003030
v 0.007839 -0.004400 0.003447
v 0.004398 0.004600 0.015734
v 0.004370 0.004600 0.013934
v 0.004538 0.004811 0.013932
v 0.004566 0.004811 0.015732
v 0.007398 0.001600 0.015688
v 0.007370 0.001600 0.013888
v 0.008524 -0.000400 0.013870
v 0.008552 -0.000400 0.015670
v 0.006488 0.001480 0.015402
v 0.005988 0.001480 0.015410
v 0.005965 0.001600 0.013910
v 0.006465 0.001600 0.013902
v 0.005553 0.002600 0.015716
v 0.005525 0.002600 0.013917
v 0.005207 0.002050 0.013922
v 0.005235 0.002050 0.015721
v -0.004276 0.003966 0.015868
v -0.004304 0.003966 0.014068
v -0.004639 0.004387 0.014073
v -0.004611 0.004387 0.015873
v -0.000911 -0.002400 0.015816
v -0.000939 -0.002400 0.014016
v -0.001391 -0.001617 0.014023
v -0.001363 -0.001617 0.015823
v -0.004007 -0.001124 0.015564
v -0.004257 -0.001557 0.015568
v -0.004253 -0.001557 0.015868
v -0.004003 -0.001124 0.015864
v -0.002008 0.004600 0.015833
v -0.002035 0.004600 0.014033
v -0.001843 0.004670 0.014030
v -0.001740 0.004848 0.014029
v -0.001776 0.005050 0.014029
v -0.001748 0.005050 0.015829
v -0.001712 0.004848 0.015828
v -0.001815 0.004670 0.015830
v 0.005553 0.020600 0.015716
v 0.005525 0.020600 0.013917
v 0.004736 0.019234 0.013929
v 0.004764 0.019234 0.015729
v 0.002101 0.024383 0.015770
v 0.002073 0.024383 0.013970
v 0.002525 0.023600 0.013963
v 0.002553 0.023600 0.015763
v -0.004276 0.019234 0.015868
v -0.004304 0.019234 0.014068
v -0.005093 0.020600 0.014080
v -0.005065 0.020600 0.015880
v -0.003910 0.018600 0.015862
v -0.003938 0.018600 0.014063
v -0.004106 0.018389 0.014065
v -0.004078 0.018389 0.015865
v -0.005756 0.009290 0.015891
v -0.005783 0.009290 0.014091
v -0.007783 0.010445 0.014122
v -0.007755 0.010445 0.015922
v -0.007755 0.011850 0.015922
v -0.007783 0.011850 0.014122
v -0.007783 0.012755 0.014122
v -0.007755 0.012755 0.015922
v 0.008243 0.011850 0.015675
v 0.008215 0.011850 0.013875
v 0.008118 0.011850 0.015377
v 0.008123 0.011850 0.015677
v -0.001422 0.027400 0.009131
v -0.001422 0.028900 0.009131
v -0.000490 0.028900 0.008318
v 0.000747 0.028900 0.008299
v 0.001704 0.028900 0.009082
v 0.001704 0.027400 0.009082
v 0.000747 0.027400 0.008299
v -0.000490 0.027400 0.008318
v -0.001581 0.027400 0.010968
v -0.001546 0.027400 0.010891
v -0.001465 0.027400 0.010868
v -0.001395 0.027400 0.010915
v -0.001395 0.028900 0.010915
v -0.001465 0.028900 0.010868
v -0.001546 0.028900 0.010891
v -0.001581 0.028900 0.010968
v -0.001581 -0.005700 0.010968
v -0.001581 -0.004200 0.010968
v -0.001508 -0.004200 0.015725
v -0.001508 -0.005700 0.015725
v 0.001890 -0.004200 0.009030
v 0.001890 -0.005700 0.009030
v 0.001855 -0.005700 0.009107
v 0.001773 -0.005700 0.009130
v 0.001704 -0.005700 0.009082
v 0.001704 -0.004200 0.009082
v 0.001773 -0.004200 0.009130
v 0.001855 -0.004200 0.009107
v 0.002912 -0.004400 0.010456
v 0.002912 -0.005700 0.010456
v 0.002924 -0.005700 0.010406
v 0.002960 -0.005700 0.010369
v 0.003010 -0.005700 0.010355
v 0.003010 -0.004400 0.010355
v 0.002960 -0.004400 0.010369
v 0.002924 -0.004400 0.010406
v 0.007883 -0.004400 0.009406
v 0.007883 -0.005700 0.009406
v 0.006887 -0.005700 0.008262
v 0.005370 -0.005700 0.008286
v 0.004410 -0.005700 0.009460
v 0.004410 -0.004400 0.009460
v 0.005370 -0.004400 0.008286
v 0.006887 -0.004400 0.008262
v 0.002896 -0.004400 0.009457
v 0.002896 -0.005700 0.009457
v 0.002842 -0.005700 0.005957
v 0.002842 -0.004400 0.005957
v -0.004018 -0.004400 0.009663
v -0.004018 -0.005700 0.009663
v -0.004061 -0.005700 0.009655
v -0.004095 -0.005700 0.009629
v -0.004116 -0.005700 0.009591
v -0.004116 -0.004400 0.009591
v -0.004095 -0.004400 0.009629
v -0.004061 -0.004400 0.009655
v -0.002603 -0.004400 0.009541
v -0.002616 -0.004400 0.009592
v -0.002652 -0.004400 0.009629
v -0.002701 -0.004400 0.009643
v -0.004018 -0.004400 0.009663
v -0.004061 -0.004400 0.009655
v -0.004095 -0.004400 0.009629
v -0.004116 -0.004400 0.009591
v -0.005112 -0.004400 0.008447
v -0.006628 -0.004400 0.008471
v -0.007589 -0.004400 0.009645
v -0.007608 -0.004400 0.009683
v -0.007642 -0.004400 0.009710
v -0.007684 -0.004400 0.009720
v -0.008639 -0.004400 0.009734
v -0.008694 -0.004400 0.009719
v -0.008732 -0.004400 0.009675
v -0.008739 -0.004400 0.009618
v -0.007729 -0.004400 0.003687
v -0.007550 -0.004400 0.003265
v -0.007202 -0.004400 0.002966
v -0.006758 -0.004400 0.002855
v -0.005957 -0.004400 0.002842
v -0.005420 -0.004400 0.002781
v -0.004905 -0.004400 0.002616
v -0.004432 -0.004400 0.002353
v -0.003972 -0.004400 0.002181
v -0.003486 -0.004400 0.002248
v -0.003090 -0.004400 0.002540
v -0.002890 -0.004400 0.002765
v -0.002674 -0.004400 0.002975
v -0.002443 -0.004400 0.003167
v -0.002140 -0.004400 0.003554
v -0.002057 -0.004400 0.004038
v -0.002215 -0.004400 0.004503
v -0.002463 -0.004400 0.004984
v -0.002612 -0.004400 0.005503
v -0.002657 -0.004400 0.006042
v -0.007672 -0.005700 0.010520
v -0.007672 -0.004400 0.010520
v -0.008738 -0.004400 0.010536
v -0.008738 -0.005700 0.010536
v -0.008837 -0.005700 0.010638
v -0.008837 -0.004400 0.010638
v -0.008757 -0.004400 0.015837
v -0.008757 -0.005700 0.015837
v 0.009059 -0.004400 0.010262
v 0.009110 -0.004400 0.010274
v 0.009147 -0.004400 0.010310
v 0.009161 -0.004400 0.010360
v 0.009241 -0.004400 0.015560
v 0.002992 -0.004400 0.015656
v 0.002912 -0.004400 0.010456
v 0.002924 -0.004400 0.010406
v 0.002960 -0.004400 0.010369
v 0.003010 -0.004400 0.010355
v 0.004327 -0.004400 0.010335
v 0.004369 -0.004400 0.010343
v 0.004404 -0.004400 0.010369
v 0.004425 -0.004400 0.010407
v 0.005421 -0.004400 0.011550
v 0.006937 -0.004400 0.011527
v 0.007897 -0.004400 0.010353
v 0.007917 -0.004400 0.010315
v 0.007951 -0.004400 0.010288
v 0.007993 -0.004400 0.010278
v 0.004566 0.004811 0.015732
v 0.004538 0.004811 0.013932
v 0.004190 0.006424 0.013937
v 0.005338 0.007609 0.013920
v 0.006961 0.007313 0.013894
v 0.007616 0.005798 0.013884
v 0.006721 0.004412 0.013898
v 0.005071 0.004387 0.013924
v 0.005098 0.004387 0.015723
v 0.006748 0.004412 0.015698
v 0.007644 0.005798 0.015684
v 0.006989 0.007313 0.015694
v 0.005365 0.007609 0.015719
v 0.004218 0.006424 0.015737
v 0.002495 0.004600 0.015764
v 0.002467 0.004600 0.013964
v 0.002966 0.004600 0.013956
v 0.002993 0.004600 0.015756
v 0.008100 -0.001184 0.015677
v 0.008072 -0.001184 0.013877
v 0.007991 -0.001124 0.015379
v 0.007996 -0.001124 0.015679
v -0.004611 0.004387 0.015873
v -0.004639 0.004387 0.014073
v -0.006289 0.004412 0.014099
v -0.007184 0.005798 0.014113
v -0.006529 0.007313 0.014102
v -0.004906 0.007609 0.014077
v -0.003758 0.006424 0.014060
v -0.004106 0.004811 0.014065
v -0.004078 0.004811 0.015865
v -0.003730 0.006424 0.015860
v -0.004878 0.007609 0.015877
v -0.006501 0.007313 0.015902
v -0.007156 0.005798 0.015912
v -0.006261 0.004412 0.015899
v -0.001613 -0.001184 0.015827
v -0.001641 -0.001184 0.014027
v -0.002093 -0.000400 0.014034
v -0.002065 -0.000400 0.015834
v -0.002506 0.004600 0.015841
v -0.002534 0.004600 0.014041
v -0.002035 0.004600 0.014033
v -0.002008 0.004600 0.015833
v -0.000911 0.025600 0.015816
v -0.000939 0.025600 0.014016
v 0.001371 0.025600 0.013981
v 0.001398 0.025600 0.015780
v 0.003489 0.022480 0.015448
v 0.003466 0.022600 0.013948
v 0.003493 0.022600 0.015748
v 0.003493 0.022480 0.015748
v -0.004611 0.018812 0.015873
v -0.004639 0.018812 0.014073
v -0.004304 0.019234 0.014068
v -0.004276 0.019234 0.015868
v -0.004078 0.018389 0.015865
v -0.004106 0.018389 0.014065
v -0.003758 0.016776 0.014060
v -0.004906 0.015590 0.014077
v -0.006529 0.015887 0.014102
v -0.007184 0.017401 0.014113
v -0.006289 0.018787 0.014099
v -0.004639 0.018812 0.014073
v -0.004611 0.018812 0.015873
v -0.006261 0.018787 0.015899
v -0.007156 0.017401 0.015912
v -0.006501 0.015887 0.015902
v -0.004878 0.015590 0.015877
v -0.003730 0.016776 0.015860
v -0.005506 0.021600 0.015887
v -0.005533 0.021600 0.014087
v -0.005510 0.021720 0.015587
v -0.005506 0.021720 0.015887
v -0.007755 0.010445 0.015922
v -0.007783 0.010445 0.014122
v -0.007783 0.011350 0.014122
v -0.007755 0.011350 0.015922
v -0.007640 0.011850 0.015620
v -0.007783 0.011850 0.014122
v -0.007755 0.011850 0.015922
v -0.007635 0.011850 0.015920
v -0.007755 0.011350 0.015922
v -0.007783 0.011350 0.014122
v -0.007640 0.011350 0.015620
v -0.007635 0.011350 0.015920
v 0.008118 0.011850 0.015377
v 0.008118 0.011350 0.015377
v 0.008123 0.011350 0.015677
v 0.008123 0.011850 0.015677
v -0.002691 0.028900 -0.005100
v -0.002691 0.027600 -0.005100
v -0.002599 0.027600 -0.004867
v -0.002485 0.027600 -0.004644
v -0.002352 0.027600 -0.004433
v -0.002352 0.028900 -0.004433
v -0.002485 0.028900 -0.004644
v -0.002599 0.028900 -0.004867
v 0.001919 0.027400 0.010914
v 0.001919 0.028900 0.010914
v 0.001882 0.028900 0.010838
v 0.001799 0.028900 0.010817
v 0.001731 0.028900 0.010867
v 0.001731 0.027400 0.010867
v 0.001799 0.027400 0.010817
v 0.001882 0.027400 0.010838
v 0.001992 0.027400 0.015671
v -0.001508 0.027400 0.015725
v -0.001508 0.028900 0.015725
v 0.001992 0.028900 0.015671
v -0.001610 -0.004200 0.009084
v -0.001573 -0.004200 0.009160
v -0.001491 -0.004200 0.009181
v -0.001422 -0.004200 0.009131
v -0.001422 -0.005700 0.009131
v -0.001491 -0.005700 0.009181
v -0.001573 -0.005700 0.009160
v -0.001610 -0.005700 0.009084
v 0.001843 -0.005700 0.005972
v 0.001843 -0.004200 0.005972
v 0.000944 -0.004200 0.004471
v -0.000806 -0.004200 0.004498
v -0.001657 -0.004200 0.006026
v -0.001657 -0.005700 0.006026
v -0.000806 -0.005700 0.004498
v 0.000944 -0.005700 0.004471
v -0.001581 -0.004200 0.010968
v -0.001581 -0.005700 0.010968
v -0.001546 -0.005700 0.010891
v -0.001465 -0.005700 0.010868
v -0.001395 -0.005700 0.010915
v -0.001395 -0.004200 0.010915
v -0.001465 -0.004200 0.010868
v -0.001546 -0.004200 0.010891
v 0.009161 -0.004400 0.010360
v 0.009161 -0.005700 0.010360
v 0.009241 -0.005700 0.015560
v 0.009241 -0.004400 0.015560
v 0.004327 -0.005700 0.010335
v 0.004327 -0.004400 0.010335
v 0.003010 -0.004400 0.010355
v 0.003010 -0.005700 0.010355
v 0.007980 -0.004400 0.009478
v 0.007980 -0.005700 0.009478
v 0.007938 -0.005700 0.009470
v 0.007903 -0.005700 0.009444
v 0.007883 -0.005700 0.009406
v 0.007883 -0.004400 0.009406
v 0.007903 -0.004400 0.009444
v 0.007938 -0.004400 0.009470
v -0.004116 -0.004400 0.009591
v -0.004116 -0.005700 0.009591
v -0.005112 -0.005700 0.008447
v -0.006628 -0.005700 0.008471
v -0.007589 -0.005700 0.009645
v -0.007589 -0.004400 0.009645
v -0.006628 -0.004400 0.008471
v -0.005112 -0.004400 0.008447
v -0.008837 -0.004400 0.010638
v -0.008837 -0.005700 0.010638
v -0.008824 -0.005700 0.010587
v -0.008788 -0.005700 0.010550
v -0.008738 -0.005700 0.010536
v -0.008738 -0.004400 0.010536
v -0.008788 -0.004400 0.010550
v -0.008824 -0.004400 0.010587
v 0.005098 0.004387 0.015723
v 0.005071 0.004387 0.013924
v 0.004736 0.003966 0.013929
v 0.004764 0.003966 0.015729
v 0.003493 0.004600 0.015748
v 0.003466 0.004600 0.013948
v 0.004370 0.004600 0.013934
v 0.004398 0.004600 0.015734
v 0.007991 -0.001124 0.015379
v 0.007741 -0.001557 0.015383
v 0.007746 -0.001557 0.015683
v 0.007996 -0.001124 0.015679
v 0.008552 -0.000400 0.015670
v 0.008524 -0.000400 0.013870
v 0.008072 -0.001184 0.013877
v 0.008100 -0.001184 0.015677
v 0.004764 0.003966 0.015729
v 0.004736 0.003966 0.013929
v 0.005525 0.002600 0.013917
v 0.005553 0.002600 0.015716
v -0.004078 0.004811 0.015865
v -0.004106 0.004811 0.014065
v -0.003938 0.004600 0.014063
v -0.003910 0.004600 0.015862
v 0.001398 -0.002400 0.015780
v 0.001371 -0.002400 0.013981
v -0.000939 -0.002400 0.014016
v -0.000911 -0.002400 0.015816
v -0.003010 0.000720 0.015548
v -0.003034 0.000600 0.014049
v -0.003006 0.000600 0.015848
v -0.003006 0.000720 0.015848
v 0.008118 0.011350 0.015377
v 0.008215 0.011350 0.013875
v 0.008243 0.011350 0.015675
v 0.008123 0.011350 0.015677
v -0.002511 0.004480 0.015541
v -0.002534 0.004600 0.014041
v -0.002506 0.004600 0.015841
v -0.002506 0.004480 0.015841
v -0.002065 0.023600 0.015834
v -0.002093 0.023600 0.014034
v -0.001641 0.024383 0.014027
v -0.001613 0.024383 0.015827
v 0.002993 0.022600 0.015756
v 0.002966 0.022600 0.013956
v 0.002989 0.022480 0.015456
v 0.002993 0.022480 0.015756
v 0.003489 0.022480 0.015448
v 0.002989 0.022480 0.015456
v 0.002966 0.022600 0.013956
v 0.003466 0.022600 0.013948
v -0.006010 0.021720 0.015595
v -0.006033 0.021600 0.014095
v -0.006005 0.021600 0.015895
v -0.006005 0.021720 0.015895
v -0.005510 0.021720 0.015587
v -0.006010 0.021720 0.015595
v -0.006005 0.021720 0.015895
v -0.005506 0.021720 0.015887
v -0.007640 0.011350 0.015620
v -0.007640 0.011850 0.015620
v -0.007635 0.011850 0.015920
v -0.007635 0.011350 0.015920
v 0.008118 0.011350 0.015377
v 0.008118 0.011850 0.015377
v 0.008215 0.011850 0.013875
v 0.008215 0.011350 0.013875
v 0.004069 0.028900 -0.005696
v 0.004069 0.027600 -0.005696
v 0.004616 0.027600 -0.005262
v 0.005118 0.027600 -0.004776
v 0.005568 0.027600 -0.004242
v 0.005568 0.028900 -0.004242
v 0.005118 0.028900 -0.004776
v 0.004616 0.028900 -0.005262
v -0.002352 0.027600 -0.004433
v -0.002180 0.027600 -0.003972
v -0.002248 0.027600 -0.003486
v -0.002539 0.027600 -0.003090
v -0.002539 0.028900 -0.003090
v -0.002248 0.028900 -0.003486
v -0.002180 0.028900 -0.003972
v -0.002352 0.028900 -0.004433
v -0.002691 0.027600 -0.005100
v -0.002691 0.028900 -0.005100
v -0.003065 0.028900 -0.005593
v -0.003657 0.028900 -0.005772
v -0.004242 0.028900 -0.005568
v -0.004242 0.027600 -0.005568
v -0.003657 0.027600 -0.005772
v -0.003065 0.027600 -0.005593
v 0.002533 0.027600 -0.005180
v 0.002533 0.028900 -0.005180
v 0.002448 0.028900 -0.004945
v 0.002341 0.028900 -0.004719
v 0.002215 0.028900 -0.004503
v 0.002215 0.027600 -0.004503
v 0.002341 0.027600 -0.004719
v 0.002448 0.027600 -0.004945
v -0.001395 0.028900 0.010915
v -0.001395 0.027400 0.010915
v -0.000438 0.027400 0.011699
v 0.000799 0.027400 0.011680
v 0.001731 0.027400 0.010867
v 0.001731 0.028900 0.010867
v 0.000799 0.028900 0.011680
v -0.000438 0.028900 0.011699
v 0.009241 0.027600 0.015560
v 0.002992 0.027600 0.015656
v 0.002992 0.028900 0.015656
v 0.009241 0.028900 0.015560
v 0.001704 -0.004200 0.009082
v 0.001704 -0.005700 0.009082
v 0.000747 -0.005700 0.008299
v -0.000490 -0.005700 0.008318
v -0.001422 -0.005700 0.009131
v -0.001422 -0.004200 0.009131
v -0.000490 -0.004200 0.008318
v 0.000747 -0.004200 0.008299
v 0.009161 -0.004400 0.010360
v 0.009147 -0.004400 0.010310
v 0.009110 -0.004400 0.010274
v 0.009059 -0.004400 0.010262
v 0.009059 -0.005700 0.010262
v 0.009110 -0.005700 0.010274
v 0.009147 -0.005700 0.010310
v 0.009161 -0.005700 0.010360
v 0.004327 -0.004400 0.010335
v 0.004327 -0.005700 0.010335
v 0.004369 -0.005700 0.010343
v 0.004404 -0.005700 0.010369
v 0.004425 -0.005700 0.010407
v 0.004425 -0.004400 0.010407
v 0.004404 -0.004400 0.010369
v 0.004369 -0.004400 0.010343
v 0.008935 -0.004400 0.009464
v 0.008935 -0.005700 0.009464
v 0.007980 -0.005700 0.009478
v 0.007980 -0.004400 0.009478
v 0.002353 -0.004400 0.004433
v 0.002353 -0.005700 0.004433
v 0.002181 -0.005700 0.003973
v 0.002249 -0.005700 0.003486
v 0.002540 -0.005700 0.003091
v 0.002540 -0.004400 0.003091
v 0.002249 -0.004400 0.003486
v 0.002181 -0.004400 0.003973
v -0.007589 -0.004400 0.009645
v -0.007589 -0.005700 0.009645
v -0.007608 -0.005700 0.009683
v -0.007642 -0.005700 0.009710
v -0.007684 -0.005700 0.009720
v -0.007684 -0.004400 0.009720
v -0.007642 -0.004400 0.009710
v -0.007608 -0.004400 0.009683
v -0.003006 0.004600 0.015848
v -0.003034 0.004600 0.014049
v -0.003010 0.004480 0.015548
v -0.003006 0.004480 0.015848
v 0.007741 -0.001557 0.015383
v 0.007991 -0.001124 0.015379
v 0.008072 -0.001184 0.013877
v 0.007822 -0.001617 0.013881
v 0.007850 -0.001617 0.015681
v 0.007822 -0.001617 0.013881
v 0.007370 -0.002400 0.013888
v 0.007398 -0.002400 0.015688
v -0.003910 0.004600 0.015862
v -0.003938 0.004600 0.014063
v -0.003034 0.004600 0.014049
v -0.003006 0.004600 0.015848
v 0.002553 -0.000400 0.015763
v 0.002525 -0.000400 0.013963
v 0.002073 -0.001184 0.013970
v 0.002101 -0.001184 0.015770
v -0.002506 0.000600 0.015841
v -0.002534 0.000600 0.014041
v -0.002511 0.000720 0.015541
v -0.002506 0.000720 0.015841
v -0.003010 0.000720 0.015548
v -0.002511 0.000720 0.015541
v -0.002534 0.000600 0.014041
v -0.003034 0.000600 0.014049
v -0.003010 0.004480 0.015548
v -0.002511 0.004480 0.015541
v -0.002506 0.004480 0.015841
v -0.003006 0.004480 0.015848
v -0.001363 0.024816 0.015823
v -0.001391 0.024816 0.014023
v -0.000939 0.025600 0.014016
v -0.000911 0.025600 0.015816
v 0.002989 0.022480 0.015456
v 0.003489 0.022480 0.015448
v 0.003493 0.022480 0.015748
v 0.002993 0.022480 0.015756
v -0.006010 0.021720 0.015595
v -0.005510 0.021720 0.015587
v -0.005533 0.021600 0.014087
v -0.006033 0.021600 0.014095
v -0.007640 0.011850 0.015620
v -0.007640 0.011350 0.015620
v -0.007783 0.011350 0.014122
v -0.007783 0.011850 0.014122
v 0.005100 0.027600 -0.002691
v 0.005100 0.028900 -0.002691
v 0.005594 0.028900 -0.003065
v 0.005773 0.028900 -0.003658
v 0.005568 0.028900 -0.004242
v 0.005568 0.027600 -0.004242
v 0.005773 0.027600 -0.003658
v 0.005594 0.027600 -0.003065
v 0.004069 0.027600 -0.005696
v 0.004069 0.028900 -0.005696
v 0.003478 0.028900 -0.005882
v 0.002891 0.028900 -0.005685
v 0.002533 0.028900 -0.005180
v 0.002533 0.027600 -0.005180
v 0.002891 0.027600 -0.005685
v 0.003478 0.027600 -0.005882
v -0.002539 0.028900 -0.003090
v -0.002539 0.027600 -0.003090
v -0.002765 0.027600 -0.002890
v -0.002974 0.027600 -0.002674
v -0.003167 0.027600 -0.002443
v -0.003167 0.028900 -0.002443
v -0.002974 0.028900 -0.002674
v -0.002765 0.028900 -0.002890
v -0.005696 0.028900 -0.004068
v -0.005696 0.027600 -0.004068
v -0.005262 0.027600 -0.004616
v -0.004776 0.027600 -0.005117
v -0.004242 0.027600 -0.005568
v -0.004242 0.028900 -0.005568
v -0.004776 0.028900 -0.005117
v -0.005262 0.028900 -0.004616
v -0.002507 0.027600 0.015741
v -0.008757 0.027600 0.015837
v -0.008757 0.028900 0.015837
v -0.002507 0.028900 0.015741
v 0.009059 -0.005700 0.010262
v 0.009059 -0.004400 0.010262
v 0.007993 -0.004400 0.010278
v 0.007993 -0.005700 0.010278
v 0.007897 -0.005700 0.010353
v 0.007897 -0.004400 0.010353
v 0.006937 -0.004400 0.011527
v 0.005421 -0.004400 0.011550
v 0.004425 -0.004400 0.010407
v 0.004425 -0.005700 0.010407
v 0.005421 -0.005700 0.011550
v 0.006937 -0.005700 0.011527
v 0.009032 -0.004400 0.009344
v 0.009032 -0.005700 0.009344
v 0.009026 -0.005700 0.009401
v 0.008990 -0.005700 0.009446
v 0.008935 -0.005700 0.009464
v 0.008935 -0.004400 0.009464
v 0.008990 -0.004400 0.009446
v 0.009026 -0.004400 0.009401
v -0.006758 -0.004400 0.002855
v -0.006758 -0.005700 0.002855
v -0.005957 -0.005700 0.002842
v -0.005957 -0.004400 0.002842
v -0.007684 -0.004400 0.009720
v -0.007684 -0.005700 0.009720
v -0.008639 -0.005700 0.009734
v -0.008639 -0.004400 0.009734
v 0.007741 -0.001557 0.015383
v 0.007822 -0.001617 0.013881
v 0.007850 -0.001617 0.015681
v 0.007746 -0.001557 0.015683
v 0.001851 -0.001617 0.015773
v 0.001823 -0.001617 0.013974
v 0.001371 -0.002400 0.013981
v 0.001398 -0.002400 0.015780
v -0.002511 0.000720 0.015541
v -0.003010 0.000720 0.015548
v -0.003006 0.000720 0.015848
v -0.002506 0.000720 0.015841
v -0.002511 0.004480 0.015541
v -0.003010 0.004480 0.015548
v -0.003034 0.004600 0.014049
v -0.002534 0.004600 0.014041
v -0.001748 0.023050 0.015829
v -0.001776 0.023050 0.014029
v -0.002093 0.023600 0.014034
v -0.002065 0.023600 0.015834
v -0.006910 0.021600 0.015909
v -0.006938 0.021600 0.014109
v -0.008092 0.023600 0.014127
v -0.008065 0.023600 0.015926
v 0.004433 0.027600 -0.002352
v 0.004433 0.028900 -0.002352
v 0.004645 0.028900 -0.002485
v 0.004868 0.028900 -0.002599
v 0.005100 0.028900 -0.002691
v 0.005100 0.027600 -0.002691
v 0.004868 0.027600 -0.002599
v 0.004645 0.027600 -0.002485
v 0.006843 0.027600 0.002645
v 0.006843 0.028900 0.002645
v 0.006042 0.028900 0.002657
v 0.006042 0.027600 0.002657
v -0.004503 0.027600 -0.002215
v -0.004503 0.028900 -0.002215
v -0.004038 0.028900 -0.002057
v -0.003553 0.028900 -0.002140
v -0.003167 0.028900 -0.002443
v -0.003167 0.027600 -0.002443
v -0.003553 0.027600 -0.002140
v -0.004038 0.027600 -0.002057
v 0.002443 0.027600 -0.003167
v 0.002443 0.028900 -0.003167
v 0.002675 0.028900 -0.002974
v 0.002891 0.028900 -0.002765
v 0.003091 0.028900 -0.002539
v 0.003091 0.027600 -0.002539
v 0.002891 0.027600 -0.002765
v 0.002675 0.027600 -0.002974
v -0.005696 0.027600 -0.004068
v -0.005696 0.028900 -0.004068
v -0.005882 0.028900 -0.003478
v -0.005685 0.028900 -0.002891
v -0.005180 0.028900 -0.002533
v -0.005180 0.027600 -0.002533
v -0.005685 0.027600 -0.002891
v -0.005882 0.027600 -0.003478
v -0.005696 0.027600 -0.004068
v -0.005882 0.027600 -0.003478
v -0.005685 0.027600 -0.002891
v -0.005180 0.027600 -0.002533
v -0.004945 0.027600 -0.002447
v -0.004719 0.027600 -0.002341
v -0.004503 0.027600 -0.002215
v -0.004038 0.027600 -0.002057
v -0.003553 0.027600 -0.002140
v -0.003167 0.027600 -0.002443
v -0.002974 0.027600 -0.002674
v -0.002765 0.027600 -0.002890
v -0.002539 0.027600 -0.003090
v -0.002248 0.027600 -0.003486
v -0.002180 0.027600 -0.003972
v -0.002352 0.027600 -0.004433
v -0.002485 0.027600 -0.004644
v -0.002599 0.027600 -0.004867
v -0.002691 0.027600 -0.005100
v -0.003065 0.027600 -0.005593
v -0.003657 0.027600 -0.005772
v -0.004242 0.027600 -0.005568
v -0.004776 0.027600 -0.005117
v -0.005262 0.027600 -0.004616
v -0.002701 0.028900 0.009643
v -0.002701 0.027600 0.009643
v -0.004018 0.027600 0.009663
v -0.004018 0.028900 0.009663
v 0.007897 -0.004400 0.010353
v 0.007897 -0.005700 0.010353
v 0.007917 -0.005700 0.010315
v 0.007951 -0.005700 0.010288
v 0.007993 -0.005700 0.010278
v 0.007993 -0.004400 0.010278
v 0.007951 -0.004400 0.010288
v 0.007917 -0.004400 0.010315
v 0.009032 -0.005700 0.009344
v 0.009032 -0.004400 0.009344
v 0.007839 -0.004400 0.003447
v 0.007839 -0.005700 0.003447
v -0.006758 -0.004400 0.002855
v -0.007202 -0.004400 0.002966
v -0.007550 -0.004400 0.003265
v -0.007729 -0.004400 0.003687
v -0.007729 -0.005700 0.003687
v -0.007550 -0.005700 0.003265
v -0.007202 -0.005700 0.002966
v -0.006758 -0.005700 0.002855
v -0.008739 -0.004400 0.009618
v -0.008732 -0.004400 0.009675
v -0.008694 -0.004400 0.009719
v -0.008639 -0.004400 0.009734
v -0.008639 -0.005700 0.009734
v -0.008694 -0.005700 0.009719
v -0.008732 -0.005700 0.009675
v -0.008739 -0.005700 0.009618
v 0.004636 -0.001617 0.015731
v 0.004608 -0.001617 0.013931
v 0.004735 -0.001557 0.015429
v 0.004740 -0.001557 0.015729
v 0.007398 -0.002400 0.015688
v 0.007370 -0.002400 0.013888
v 0.005061 -0.002400 0.013924
v 0.005088 -0.002400 0.015724
v 0.002235 0.000150 0.015768
v 0.002208 0.000150 0.013968
v 0.002525 -0.000400 0.013963
v 0.002553 -0.000400 0.015763
v -0.002008 0.022600 0.015833
v -0.002035 0.022600 0.014033
v -0.001843 0.022670 0.014030
v -0.001740 0.022848 0.014029
v -0.001776 0.023050 0.014029
v -0.001748 0.023050 0.015829
v -0.001712 0.022848 0.015828
v -0.001815 0.022670 0.015830
v 0.001992 0.024323 0.015471
v 0.002073 0.024383 0.013970
v 0.002101 0.024383 0.015770
v 0.001997 0.024323 0.015771
v -0.007612 0.024383 0.015919
v -0.007640 0.024383 0.014120
v -0.007513 0.024323 0.015618
v -0.007508 0.024323 0.015918
v 0.004433 0.027600 -0.002352
v 0.003973 0.027600 -0.002180
v 0.003486 0.027600 -0.002248
v 0.003091 0.027600 -0.002539
v 0.003091 0.028900 -0.002539
v 0.003486 0.028900 -0.002248
v 0.003973 0.028900 -0.002180
v 0.004433 0.028900 -0.002352
v 0.004503 0.028900 0.002215
v 0.004503 0.027600 0.002215
v 0.004984 0.027600 0.002463
v 0.005503 0.027600 0.002612
v 0.006042 0.027600 0.002657
v 0.006042 0.028900 0.002657
v 0.005503 0.028900 0.002612
v 0.004984 0.028900 0.002463
v 0.002215 0.027600 -0.004503
v 0.002215 0.028900 -0.004503
v 0.002057 0.028900 -0.004038
v 0.002140 0.028900 -0.003553
v 0.002443 0.028900 -0.003167
v 0.002443 0.027600 -0.003167
v 0.002140 0.027600 -0.003553
v 0.002057 0.027600 -0.004038
v 0.007839 0.027600 0.003447
v 0.007839 0.028900 0.003447
v 0.007648 0.028900 0.003030
v 0.007291 0.028900 0.002743
v 0.006843 0.028900 0.002645
v 0.006843 0.027600 0.002645
v 0.007291 0.027600 0.002743
v 0.007648 0.027600 0.003030
v 0.004069 0.027600 -0.005696
v 0.003478 0.027600 -0.005882
v 0.002891 0.027600 -0.005685
v 0.002533 0.027600 -0.005180
v 0.002448 0.027600 -0.004945
v 0.002341 0.027600 -0.004719
v 0.002215 0.027600 -0.004503
v 0.002057 0.027600 -0.004038
v 0.002140 0.027600 -0.003553
v 0.002443 0.027600 -0.003167
v 0.002675 0.027600 -0.002974
v 0.002891 0.027600 -0.002765
v 0.003091 0.027600 -0.002539
v 0.003486 0.027600 -0.002248
v 0.003973 0.027600 -0.002180
v 0.004433 0.027600 -0.002352
v 0.004645 0.027600 -0.002485
v 0.004868 0.027600 -0.002599
v 0.005100 0.027600 -0.002691
v 0.005594 0.027600 -0.003065
v 0.005773 0.027600 -0.003658
v 0.005568 0.027600 -0.004242
v 0.005118 0.027600 -0.004776
v 0.004616 0.027600 -0.005262
v -0.005180 0.027600 -0.002533
v -0.005180 0.028900 -0.002533
v -0.004945 0.028900 -0.002447
v -0.004719 0.028900 -0.002341
v -0.004503 0.028900 -0.002215
v -0.004503 0.027600 -0.002215
v -0.004719 0.027600 -0.002341
v -0.004945 0.027600 -0.002447
v -0.002588 0.028900 0.010541
v -0.002588 0.027600 0.010541
v -0.002507 0.027600 0.015741
v -0.002507 0.028900 0.015741
v -0.004018 0.027600 0.009663
v -0.004061 0.027600 0.009655
v -0.004095 0.027600 0.009629
v -0.004116 0.027600 0.009591
v -0.004116 0.028900 0.009591
v -0.004095 0.028900 0.009629
v -0.004061 0.028900 0.009655
v -0.004018 0.028900 0.009663
v -0.002603 0.027600 0.009541
v -0.002616 0.027600 0.009592
v -0.002652 0.027600 0.009629
v -0.002701 0.027600 0.009643
v -0.002701 0.028900 0.009643
v -0.002652 0.028900 0.009629
v -0.002616 0.028900 0.009592
v -0.002603 0.028900 0.009541
v 0.007839 -0.004400 0.003447
v 0.007648 -0.004400 0.003030
v 0.007291 -0.004400 0.002743
v 0.006843 -0.004400 0.002645
v 0.006843 -0.005700 0.002645
v 0.007291 -0.005700 0.002743
v 0.007648 -0.005700 0.003030
v 0.007839 -0.005700 0.003447
v -0.008739 -0.004400 0.009618
v -0.008739 -0.005700 0.009618
v -0.007729 -0.005700 0.003687
v -0.007729 -0.004400 0.003687
v 0.006843 -0.005700 0.002645
v 0.006843 -0.004400 0.002645
v 0.006042 -0.004400 0.002657
v 0.006042 -0.005700 0.002657
v 0.004735 -0.001557 0.015429
v 0.004486 -0.001124 0.015433
v 0.004490 -0.001124 0.015733
v 0.004740 -0.001557 0.015729
v 0.005088 -0.002400 0.015724
v 0.005061 -0.002400 0.013924
v 0.004608 -0.001617 0.013931
v 0.004636 -0.001617 0.015731
v 0.002495 0.000600 0.015764
v 0.002467 0.000600 0.013964
v 0.002275 0.000530 0.013967
v 0.002172 0.000352 0.013968
v 0.002208 0.000150 0.013968
v 0.002235 0.000150 0.015768
v 0.002200 0.000352 0.015768
v 0.002302 0.000530 0.015767
v -0.001514 -0.001124 0.015525
v -0.001641 -0.001184 0.014027
v -0.001613 -0.001184 0.015827
v -0.001509 -0.001124 0.015825
v -0.003504 0.022600 0.015856
v -0.003532 0.022600 0.014056
v -0.003034 0.022600 0.014049
v -0.003006 0.022600 0.015848
v 0.001851 0.024816 0.015773
v 0.001823 0.024816 0.013974
v 0.001742 0.024756 0.015475
v 0.001747 0.024756 0.015775
v 0.001992 0.024323 0.015471
v 0.001742 0.024756 0.015475
v 0.001823 0.024816 0.013974
v 0.002073 0.024383 0.013970
v -0.007513 0.024323 0.015618
v -0.007263 0.024756 0.015614
v -0.007258 0.024756 0.015914
v -0.007508 0.024323 0.015918
v -0.008065 0.023600 0.015926
v -0.008092 0.023600 0.014127
v -0.007640 0.024383 0.014120
v -0.007612 0.024383 0.015919
v 0.009032 0.027600 0.009344
v 0.009032 0.028900 0.009344
v 0.007839 0.028900 0.003447
v 0.007839 0.027600 0.003447
v -0.002701 0.027600 0.009643
v -0.002652 0.027600 0.009629
v -0.002616 0.027600 0.009592
v -0.002603 0.027600 0.009541
v -0.002657 0.027600 0.006042
v -0.002612 0.027600 0.005503
v -0.002463 0.027600 0.004984
v -0.002215 0.027600 0.004503
v -0.002057 0.027600 0.004038
v -0.002140 0.027600 0.003554
v -0.002443 0.027600 0.003167
v -0.002674 0.027600 0.002975
v -0.002890 0.027600 0.002765
v -0.003090 0.027600 0.002540
v -0.003486 0.027600 0.002248
v -0.003972 0.027600 0.002181
v -0.004432 0.027600 0.002353
v -0.004905 0.027600 0.002616
v -0.005420 0.027600 0.002781
v -0.005957 0.027600 0.002842
v -0.006758 0.027600 0.002855
v -0.007202 0.027600 0.002966
v -0.007550 0.027600 0.003265
v -0.007729 0.027600 0.003687
v -0.008739 0.027600 0.009618
v -0.008732 0.027600 0.009675
v -0.008694 0.027600 0.009719
v -0.008639 0.027600 0.009734
v -0.007684 0.027600 0.009720
v -0.007642 0.027600 0.009710
v -0.007608 0.027600 0.009683
v -0.007589 0.027600 0.009645
v -0.006628 0.027600 0.008471
v -0.005112 0.027600 0.008447
v -0.004116 0.027600 0.009591
v -0.004095 0.027600 0.009629
v -0.004061 0.027600 0.009655
v -0.004018 0.027600 0.009663
v -0.004432 0.027600 0.002353
v -0.004432 0.028900 0.002353
v -0.004905 0.028900 0.002616
v -0.005420 0.028900 0.002781
v -0.005957 0.028900 0.002842
v -0.005957 0.027600 0.002842
v -0.005420 0.027600 0.002781
v -0.004905 0.027600 0.002616
v 0.008935 0.028900 0.009464
v 0.008935 0.027600 0.009464
v 0.007980 0.027600 0.009478
v 0.007980 0.028900 0.009478
v -0.002588 0.027600 0.010541
v -0.002588 0.028900 0.010541
v -0.002602 0.028900 0.010491
v -0.002639 0.028900 0.010455
v -0.002689 0.028900 0.010443
v -0.002689 0.027600 0.010443
v -0.002639 0.027600 0.010455
v -0.002602 0.027600 0.010491
v -0.004116 0.028900 0.009591
v -0.004116 0.027600 0.009591
v -0.005112 0.027600 0.008447
v -0.006628 0.027600 0.008471
v -0.007589 0.027600 0.009645
v -0.007589 0.028900 0.009645
v -0.006628 0.028900 0.008471
v -0.005112 0.028900 0.008447
v -0.002603 0.027600 0.009541
v -0.002603 0.028900 0.009541
v -0.002657 0.028900 0.006042
v -0.002657 0.027600 0.006042
v 0.004486 -0.001124 0.015433
v 0.004735 -0.001557 0.015429
v 0.004608 -0.001617 0.013931
v 0.004358 -0.001184 0.013935
v 0.004386 -0.001184 0.015734
v 0.004358 -0.001184 0.013935
v 0.003906 -0.000400 0.013942
v 0.003934 -0.000400 0.015741
v 0.003992 0.000600 0.015740
v 0.003964 0.000600 0.013941
v 0.003466 0.000600 0.013948
v 0.003493 0.000600 0.015748
v -0.001363 -0.001617 0.015823
v -0.001391 -0.001617 0.014023
v -0.001264 -0.001557 0.015521
v -0.001259 -0.001557 0.015821
v -0.001514 -0.001124 0.015525
v -0.001264 -0.001557 0.015521
v -0.001391 -0.001617 0.014023
v -0.001641 -0.001184 0.014027
v -0.002506 0.022600 0.015841
v -0.002534 0.022600 0.014041
v -0.002035 0.022600 0.014033
v -0.002008 0.022600 0.015833
v 0.001742 0.024756 0.015475
v 0.001992 0.024323 0.015471
v 0.001997 0.024323 0.015771
v 0.001747 0.024756 0.015775
v -0.007263 0.024756 0.015614
v -0.007513 0.024323 0.015618
v -0.007640 0.024383 0.014120
v -0.007390 0.024816 0.014116
v -0.007362 0.024816 0.015916
v -0.007390 0.024816 0.014116
v -0.006938 0.025600 0.014109
v -0.006910 0.025600 0.015909
v 0.009032 0.027600 0.009344
v 0.009026 0.027600 0.009401
v 0.008990 0.027600 0.009446
v 0.008935 0.027600 0.009464
v 0.008935 0.028900 0.009464
v 0.008990 0.028900 0.009446
v 0.009026 0.028900 0.009401
v 0.009032 0.028900 0.009344
v -0.002588 0.027600 0.010541
v -0.002602 0.027600 0.010491
v -0.002639 0.027600 0.010455
v -0.002689 0.027600 0.010443
v -0.004006 0.027600 0.010463
v -0.004048 0.027600 0.010473
v -0.004082 0.027600 0.010500
v -0.004101 0.027600 0.010538
v -0.005062 0.027600 0.011712
v -0.006578 0.027600 0.011735
v -0.007574 0.027600 0.010592
v -0.007595 0.027600 0.010554
v -0.007629 0.027600 0.010528
v -0.007672 0.027600 0.010520
v -0.008738 0.027600 0.010536
v -0.008788 0.027600 0.010550
v -0.008824 0.027600 0.010587
v -0.008837 0.027600 0.010638
v -0.008757 0.027600 0.015837
v -0.002507 0.027600 0.015741
v -0.004432 0.027600 0.002353
v -0.003972 0.027600 0.002181
v -0.003486 0.027600 0.002248
v -0.003090 0.027600 0.002540
v -0.003090 0.028900 0.002540
v -0.003486 0.028900 0.002248
v -0.003972 0.028900 0.002181
v -0.004432 0.028900 0.002353
v 0.009161 0.027600 0.010360
v 0.009147 0.027600 0.010310
v 0.009110 0.027600 0.010274
v 0.009059 0.027600 0.010262
v 0.007993 0.027600 0.010278
v 0.007951 0.027600 0.010288
v 0.007917 0.027600 0.010315
v 0.007897 0.027600 0.010353
v 0.006937 0.027600 0.011527
v 0.005421 0.027600 0.011550
v 0.004425 0.027600 0.010407
v 0.004404 0.027600 0.010369
v 0.004369 0.027600 0.010343
v 0.004327 0.027600 0.010335
v 0.003010 0.027600 0.010355
v 0.002960 0.027600 0.010369
v 0.002924 0.027600 0.010406
v 0.002912 0.027600 0.010456
v 0.002992 0.027600 0.015656
v 0.009241 0.027600 0.015560
v 0.009161 0.028900 0.010360
v 0.009161 0.027600 0.010360
v 0.009241 0.027600 0.015560
v 0.009241 0.028900 0.015560
v 0.007980 0.027600 0.009478
v 0.007938 0.027600 0.009470
v 0.007903 0.027600 0.009444
v 0.007883 0.027600 0.009406
v 0.007883 0.028900 0.009406
v 0.007903 0.028900 0.009444
v 0.007938 0.028900 0.009470
v 0.007980 0.028900 0.009478
v -0.008837 0.027600 0.010638
v -0.008837 0.028900 0.010638
v -0.008757 0.028900 0.015837
v -0.008757 0.027600 0.015837
v -0.002689 0.027600 0.010443
v -0.002689 0.028900 0.010443
v -0.004006 0.028900 0.010463
v -0.004006 0.027600 0.010463
v -0.007589 0.027600 0.009645
v -0.007608 0.027600 0.009683
v -0.007642 0.027600 0.009710
v -0.007684 0.027600 0.009720
v -0.007684 0.028900 0.009720
v -0.007642 0.028900 0.009710
v -0.007608 0.028900 0.009683
v -0.007589 0.028900 0.009645
v -0.002215 0.028900 0.004503
v -0.002215 0.027600 0.004503
v -0.002463 0.027600 0.004984
v -0.002612 0.027600 0.005503
v -0.002657 0.027600 0.006042
v -0.002657 0.028900 0.006042
v -0.002612 0.028900 0.005503
v -0.002463 0.028900 0.004984
v 0.004486 -0.001124 0.015433
v 0.004358 -0.001184 0.013935
v 0.004386 -0.001184 0.015734
v 0.004490 -0.001124 0.015733
v 0.002993 0.000600 0.015756
v 0.002966 0.000600 0.013956
v 0.002467 0.000600 0.013964
v 0.002495 0.000600 0.015764
v -0.001264 -0.001557 0.015521
v -0.001514 -0.001124 0.015525
v -0.001509 -0.001124 0.015825
v -0.001259 -0.001557 0.015821
v -0.003764 0.023050 0.015860
v -0.003792 0.023050 0.014060
v -0.003827 0.022848 0.014061
v -0.003725 0.022670 0.014059
v -0.003532 0.022600 0.014056
v -0.003504 0.022600 0.015856
v -0.003697 0.022670 0.015859
v -0.003800 0.022848 0.015861
v -0.001264 0.024756 0.015521
v -0.001391 0.024816 0.014023
v -0.001363 0.024816 0.015823
v -0.001259 0.024756 0.015821
v -0.007263 0.024756 0.015614
v -0.007390 0.024816 0.014116
v -0.007362 0.024816 0.015916
v -0.007258 0.024756 0.015914
v 0.008935 0.027600 0.009464
v 0.008990 0.027600 0.009446
v 0.009026 0.027600 0.009401
v 0.009032 0.027600 0.009344
v 0.007839 0.027600 0.003447
v 0.007648 0.027600 0.003030
v 0.007291 0.027600 0.002743
v 0.006843 0.027600 0.002645
v 0.006042 0.027600 0.002657
v 0.005503 0.027600 0.002612
v 0.004984 0.027600 0.002463
v 0.004503 0.027600 0.002215
v 0.004038 0.027600 0.002057
v 0.003554 0.027600 0.002140
v 0.003167 0.027600 0.002443
v 0.002975 0.027600 0.002675
v 0.002765 0.027600 0.002891
v 0.002540 0.027600 0.003091
v 0.002249 0.027600 0.003486
v 0.002181 0.027600 0.003973
v 0.002353 0.027600 0.004433
v 0.002616 0.027600 0.004905
v 0.002781 0.027600 0.005420
v 0.002842 0.027600 0.005957
v 0.002896 0.027600 0.009457
v 0.002911 0.027600 0.009506
v 0.002948 0.027600 0.009542
v 0.002998 0.027600 0.009555
v 0.004315 0.027600 0.009535
v 0.004357 0.027600 0.009525
v 0.004391 0.027600 0.009498
v 0.004410 0.027600 0.009460
v 0.005370 0.027600 0.008286
v 0.006887 0.027600 0.008262
v 0.007883 0.027600 0.009406
v 0.007903 0.027600 0.009444
v 0.007938 0.027600 0.009470
v 0.007980 0.027600 0.009478
v 0.003167 0.027600 0.002443
v 0.003167 0.028900 0.002443
v 0.002975 0.028900 0.002675
v 0.002765 0.028900 0.002891
v 0.002540 0.028900 0.003091
v 0.002540 0.027600 0.003091
v 0.002765 0.027600 0.002891
v 0.002975 0.027600 0.002675
v 0.002912 0.027600 0.010456
v 0.002912 0.028900 0.010456
v 0.002992 0.028900 0.015656
v 0.002992 0.027600 0.015656
v 0.009161 0.027600 0.010360
v 0.009161 0.028900 0.010360
v 0.009147 0.028900 0.010310
v 0.009110 0.028900 0.010274
v 0.009059 0.028900 0.010262
v 0.009059 0.027600 0.010262
v 0.009110 0.027600 0.010274
v 0.009147 0.027600 0.010310
v 0.007883 0.028900 0.009406
v 0.007883 0.027600 0.009406
v 0.006887 0.027600 0.008262
v 0.005370 0.027600 0.008286
v 0.004410 0.027600 0.009460
v 0.004410 0.028900 0.009460
v 0.005370 0.028900 0.008286
v 0.006887 0.028900 0.008262
v -0.008837 0.027600 0.010638
v -0.008824 0.027600 0.010587
v -0.008788 0.027600 0.010550
v -0.008738 0.027600 0.010536
v -0.008738 0.028900 0.010536
v -0.008788 0.028900 0.010550
v -0.008824 0.028900 0.010587
v -0.008837 0.028900 0.010638
v 0.002912 0.027600 0.010456
v 0.002924 0.027600 0.010406
v 0.002960 0.027600 0.010369
v 0.003010 0.027600 0.010355
v 0.003010 0.028900 0.010355
v 0.002960 0.028900 0.010369
v 0.002924 0.028900 0.010406
v 0.002912 0.028900 0.010456
v -0.004101 0.027600 0.010538
v -0.004082 0.027600 0.010500
v -0.004048 0.027600 0.010473
v -0.004006 0.027600 0.010463
v -0.004006 0.028900 0.010463
v -0.004048 0.028900 0.010473
v -0.004082 0.028900 0.010500
v -0.004101 0.028900 0.010538
v -0.007684 0.028900 0.009720
v -0.007684 0.027600 0.009720
v -0.008639 0.027600 0.009734
v -0.008639 0.028900 0.009734
v -0.002215 0.027600 0.004503
v -0.002215 0.028900 0.004503
v -0.002057 0.028900 0.004038
v -0.002140 0.028900 0.003554
v -0.002443 0.028900 0.003167
v -0.002443 0.027600 0.003167
v -0.002140 0.027600 0.003554
v -0.002057 0.027600 0.004038
v 0.002353 0.027600 0.004433
v 0.002181 0.027600 0.003973
v 0.002249 0.027600 0.003486
v 0.002540 0.027600 0.003091
v 0.002540 0.028900 0.003091
v 0.002249 0.028900 0.003486
v 0.002181 0.028900 0.003973
v 0.002353 0.028900 0.004433
v 0.003493 0.000600 0.015748
v 0.003466 0.000600 0.013948
v 0.003489 0.000720 0.015448
v 0.003493 0.000720 0.015748
v 0.003934 -0.000400 0.015741
v 0.003906 -0.000400 0.013942
v 0.004224 0.000150 0.013937
v 0.004251 0.000150 0.015736
v 0.004251 0.000150 0.015736
v 0.004224 0.000150 0.013937
v 0.004259 0.000352 0.013936
v 0.004157 0.000530 0.013938
v 0.003964 0.000600 0.013941
v 0.003992 0.000600 0.015740
v 0.004184 0.000530 0.015738
v 0.004287 0.000352 0.015736
v 0.001742 -0.001557 0.015475
v 0.001823 -0.001617 0.013974
v 0.001851 -0.001617 0.015773
v 0.001747 -0.001557 0.015775
v -0.003446 0.023600 0.015855
v -0.003474 0.023600 0.014055
v -0.003792 0.023050 0.014060
v -0.003764 0.023050 0.015860
v -0.001613 0.024383 0.015827
v -0.001641 0.024383 0.014027
v -0.001514 0.024323 0.015525
v -0.001509 0.024323 0.015825
v -0.001264 0.024756 0.015521
v -0.001514 0.024323 0.015525
v -0.001641 0.024383 0.014027
v -0.001391 0.024816 0.014023
v -0.004149 0.024816 0.015866
v -0.004176 0.024816 0.014066
v -0.004257 0.024756 0.015568
v -0.004253 0.024756 0.015868
v -0.006910 0.025600 0.015909
v -0.006938 0.025600 0.014109
v -0.004629 0.025600 0.014073
v -0.004601 0.025600 0.015873
v -0.002443 0.027600 0.003167
v -0.002443 0.028900 0.003167
v -0.002674 0.028900 0.002975
v -0.002890 0.028900 0.002765
v -0.003090 0.028900 0.002540
v -0.003090 0.027600 0.002540
v -0.002890 0.027600 0.002765
v -0.002674 0.027600 0.002975
v 0.002353 0.027600 0.004433
v 0.002353 0.028900 0.004433
v 0.002616 0.028900 0.004905
v 0.002781 0.028900 0.005420
v 0.002842 0.028900 0.005957
v 0.002842 0.027600 0.005957
v 0.002781 0.027600 0.005420
v 0.002616 0.027600 0.004905
v 0.009059 0.027600 0.010262
v 0.009059 0.028900 0.010262
v 0.007993 0.028900 0.010278
v 0.007993 0.027600 0.010278
v 0.004410 0.027600 0.009460
v 0.004391 0.027600 0.009498
v 0.004357 0.027600 0.009525
v 0.004315 0.027600 0.009535
v 0.004315 0.028900 0.009535
v 0.004357 0.028900 0.009525
v 0.004391 0.028900 0.009498
v 0.004410 0.028900 0.009460
v -0.007672 0.027600 0.010520
v -0.007672 0.028900 0.010520
v -0.008738 0.028900 0.010536
v -0.008738 0.027600 0.010536
v 0.003010 0.028900 0.010355
v 0.003010 0.027600 0.010355
v 0.004327 0.027600 0.010335
v 0.004327 0.028900 0.010335
v -0.004101 0.027600 0.010538
v -0.004101 0.028900 0.010538
v -0.005062 0.028900 0.011712
v -0.006578 0.028900 0.011735
v -0.007574 0.028900 0.010592
v -0.007574 0.027600 0.010592
v -0.006578 0.027600 0.011735
v -0.005062 0.027600 0.011712
v -0.008739 0.027600 0.009618
v -0.008739 0.028900 0.009618
v -0.008732 0.028900 0.009675
v -0.008694 0.028900 0.009719
v -0.008639 0.028900 0.009734
v -0.008639 0.027600 0.009734
v -0.008694 0.027600 0.009719
v -0.008732 0.027600 0.009675
v 0.003489 0.000720 0.015448
v 0.002989 0.000720 0.015456
v 0.002993 0.000720 0.015756
v 0.003493 0.000720 0.015748
v 0.002101 -0.001184 0.015770
v 0.002073 -0.001184 0.013970
v 0.001992 -0.001124 0.015471
v 0.001997 -0.001124 0.015771
v 0.001742 -0.001557 0.015475
v 0.001992 -0.001124 0.015471
v 0.002073 -0.001184 0.013970
v 0.001823 -0.001617 0.013974
v -0.004601 0.025600 0.015873
v -0.004629 0.025600 0.014073
v -0.004176 0.024816 0.014066
v -0.004149 0.024816 0.015866
v -0.001514 0.024323 0.015525
v -0.001264 0.024756 0.015521
v -0.001259 0.024756 0.015821
v -0.001509 0.024323 0.015825
v -0.004257 0.024756 0.015568
v -0.004007 0.024323 0.015564
v -0.004003 0.024323 0.015864
v -0.004253 0.024756 0.015868
v 0.004503 0.027600 0.002215
v 0.004503 0.028900 0.002215
v 0.004038 0.028900 0.002057
v 0.003554 0.028900 0.002140
v 0.003167 0.028900 0.002443
v 0.003167 0.027600 0.002443
v 0.003554 0.027600 0.002140
v 0.004038 0.027600 0.002057
v 0.007897 0.027600 0.010353
v 0.007917 0.027600 0.010315
v 0.007951 0.027600 0.010288
v 0.007993 0.027600 0.010278
v 0.007993 0.028900 0.010278
v 0.007951 0.028900 0.010288
v 0.007917 0.028900 0.010315
v 0.007897 0.028900 0.010353
v 0.002998 0.027600 0.009555
v 0.002998 0.028900 0.009555
v 0.004315 0.028900 0.009535
v 0.004315 0.027600 0.009535
v -0.007672 0.027600 0.010520
v -0.007629 0.027600 0.010528
v -0.007595 0.027600 0.010554
v -0.007574 0.027600 0.010592
v -0.007574 0.028900 0.010592
v -0.007595 0.028900 0.010554
v -0.007629 0.028900 0.010528
v -0.007672 0.028900 0.010520
v 0.004327 0.027600 0.010335
v 0.004369 0.027600 0.010343
v 0.004404 0.027600 0.010369
v 0.004425 0.027600 0.010407
v 0.004425 0.028900 0.010407
v 0.004404 0.028900 0.010369
v 0.004369 0.028900 0.010343
v 0.004327 0.028900 0.010335
v -0.008739 0.028900 0.009618
v -0.008739 0.027600 0.009618
v -0.007729 0.027600 0.003687
v -0.007729 0.028900 0.003687
v 0.002989 0.000720 0.015456
v 0.003489 0.000720 0.015448
v 0.003466 0.000600 0.013948
v 0.002966 0.000600 0.013956
v 0.001992 -0.001124 0.015471
v 0.001742 -0.001557 0.015475
v 0.001747 -0.001557 0.015775
v 0.001997 -0.001124 0.015771
v -0.003899 0.024383 0.015862
v -0.003926 0.024383 0.014062
v -0.003474 0.023600 0.014055
v -0.003446 0.023600 0.015855
v -0.004007 0.024323 0.015564
v -0.004257 0.024756 0.015568
v -0.004176 0.024816 0.014066
v -0.003926 0.024383 0.014062
v 0.007897 0.027600 0.010353
v 0.007897 0.028900 0.010353
v 0.006937 0.028900 0.011527
v 0.005421 0.028900 0.011550
v 0.004425 0.028900 0.010407
v 0.004425 0.027600 0.010407
v 0.005421 0.027600 0.011550
v 0.006937 0.027600 0.011527
v 0.002896 0.027600 0.009457
v 0.002896 0.028900 0.009457
v 0.002911 0.028900 0.009506
v 0.002948 0.028900 0.009542
v 0.002998 0.028900 0.009555
v 0.002998 0.027600 0.009555
v 0.002948 0.027600 0.009542
v 0.002911 0.027600 0.009506
v -0.006758 0.027600 0.002855
v -0.006758 0.028900 0.002855
v -0.007202 0.028900 0.002966
v -0.007550 0.028900 0.003265
v -0.007729 0.028900 0.003687
v -0.007729 0.027600 0.003687
v -0.007550 0.027600 0.003265
v -0.007202 0.027600 0.002966
v 0.002989 0.000720 0.015456
v 0.002966 0.000600 0.013956
v 0.002993 0.000600 0.015756
v 0.002993 0.000720 0.015756
v -0.002511 0.022480 0.015541
v -0.002534 0.022600 0.014041
v -0.002506 0.022600 0.015841
v -0.002506 0.022480 0.015841
v -0.004007 0.024323 0.015564
v -0.003926 0.024383 0.014062
v -0.003899 0.024383 0.015862
v -0.004003 0.024323 0.015864
v 0.002896 0.028900 0.009457
v 0.002896 0.027600 0.009457
v 0.002842 0.027600 0.005957
v 0.002842 0.028900 0.005957
v -0.006758 0.028900 0.002855
v -0.006758 0.027600 0.002855
v -0.005957 0.027600 0.002842
v -0.005957 0.028900 0.002842
v -0.003006 0.022600 0.015848
v -0.003034 0.022600 0.014049
v -0.003010 0.022480 0.015548
v -0.003006 0.022480 0.015848
v -0.002511 0.022480 0.015541
v -0.003010 0.022480 0.015548
v -0.003034 0.022600 0.014049
v -0.002534 0.022600 0.014041
v -0.003010 0.022480 0.015548
v -0.002511 0.022480 0.015541
v -0.002506 0.022480 0.015841
v -0.003006 0.022480 0.015848
v -0.009283 -0.000900 0.014145
v -0.009283 0.024100 0.014145
v -0.008783 0.024100 0.014137
v -0.008783 0.024404 0.014137
v -0.007804 0.026100 0.014122
v -0.003763 0.026100 0.014060
v -0.002784 0.024404 0.014045
v -0.001804 0.026100 0.014030
v 0.002237 0.026100 0.013967
v 0.003216 0.024404 0.013952
v 0.004195 0.026100 0.013937
v 0.008236 0.026100 0.013875
v 0.009215 0.024404 0.013860
v 0.009215 0.024100 0.013860
v 0.009715 0.024100 0.013852
v 0.009715 -0.000900 0.013852
v 0.009215 -0.000900 0.013860
v 0.009215 -0.001204 0.013860
v 0.008236 -0.002900 0.013875
v 0.004195 -0.002900 0.013937
v 0.003216 -0.001204 0.013952
v 0.002237 -0.002900 0.013967
v -0.001804 -0.002900 0.014030
v -0.002784 -0.001204 0.014045
v -0.003763 -0.002900 0.014060
v -0.007804 -0.002900 0.014122
v -0.008783 -0.001204 0.014137
v -0.008783 -0.000900 0.014137
v 0.008215 0.004400 0.013875
v 0.007454 0.003847 0.013887
v 0.007745 0.002953 0.013882
v 0.008685 0.002953 0.013868
v 0.008976 0.003847 0.013863
v 0.008215 0.020400 0.013875
v 0.007454 0.019847 0.013887
v 0.007745 0.018953 0.013882
v 0.008685 0.018953 0.013868
v 0.008976 0.019847 0.013863
v -0.007783 0.004400 0.014122
v -0.008544 0.003847 0.014133
v -0.008253 0.002953 0.014129
v -0.007313 0.002953 0.014115
v -0.007022 0.003847 0.014110
v -0.007783 0.020400 0.014122
v -0.008544 0.019847 0.014133
v -0.008253 0.018953 0.014129
v -0.007313 0.018953 0.014115
v -0.007022 0.019847 0.014110
v -0.008783 0.013332 0.014137
v -0.006429 0.014691 0.014101
v -0.007487 0.015420 0.014117
v -0.008097 0.016550 0.014127
v -0.008129 0.017833 0.014127
v -0.008358 0.017894 0.014131
v -0.008577 0.017985 0.014134
v -0.008783 0.018103 0.014137
v -0.008783 0.022796 0.014137
v -0.008783 0.021097 0.014137
v -0.008529 0.021238 0.014133
v -0.008256 0.021336 0.014129
v -0.007971 0.021390 0.014125
v 0.008561 0.017833 0.013870
v 0.008529 0.016550 0.013870
v 0.007919 0.015420 0.013880
v 0.006861 0.014691 0.013896
v 0.009215 0.013332 0.013860
v 0.009215 0.018103 0.013860
v 0.009009 0.017985 0.013863
v 0.008790 0.017894 0.013866
v 0.008403 0.021390 0.013872
v 0.008689 0.021336 0.013868
v 0.008961 0.021238 0.013864
v 0.009215 0.021097 0.013860
v 0.009215 0.022796 0.013860
v -0.008129 0.005366 0.014127
v -0.008097 0.006650 0.014127
v -0.007487 0.007780 0.014117
v -0.006429 0.008509 0.014101
v -0.008783 0.009868 0.014137
v -0.008783 0.005097 0.014137
v -0.008577 0.005215 0.014134
v -0.008358 0.005306 0.014131
v -0.007971 0.001810 0.014125
v -0.008256 0.001863 0.014129
v -0.008529 0.001962 0.014133
v -0.008783 0.002103 0.014137
v -0.008783 0.000404 0.014137
v 0.009215 0.009868 0.013860
v 0.006861 0.008509 0.013896
v 0.007919 0.007780 0.013880
v 0.008529 0.006650 0.013870
v 0.008561 0.005366 0.013870
v 0.008790 0.005306 0.013866
v 0.009009 0.005215 0.013863
v 0.009215 0.005097 0.013860
v 0.009215 0.000404 0.013860
v 0.009215 0.002103 0.013860
v 0.008961 0.001962 0.013864
v 0.008689 0.001863 0.013868
v 0.008403 0.001810 0.013872
v -0.002035 0.018600 0.014033
v -0.001843 0.018530 0.014030
v -0.001740 0.018352 0.014029
v -0.001776 0.018150 0.014029
v -0.002093 0.017600 0.014034
v -0.001641 0.016816 0.014027
v -0.001391 0.016383 0.014023
v -0.001112 0.015900 0.014019
v -0.001429 0.015788 0.014024
v -0.001737 0.015654 0.014029
v -0.002034 0.015497 0.014033
v -0.002742 0.016725 0.014044
v -0.003153 0.015730 0.014050
v -0.003914 0.014969 0.014062
v -0.004908 0.014559 0.014077
v -0.003681 0.013850 0.014059
v -0.003838 0.013553 0.014061
v -0.003972 0.013245 0.014063
v -0.004083 0.012928 0.014065
v -0.004567 0.013207 0.014072
v -0.005000 0.013457 0.014079
v -0.005783 0.013909 0.014091
v -0.007783 0.012755 0.014122
v -0.007783 0.011850 0.014122
v -0.007783 0.011350 0.014122
v -0.007783 0.010445 0.014122
v -0.005783 0.009290 0.014091
v -0.005000 0.009743 0.014079
v -0.004567 0.009993 0.014072
v -0.004083 0.010272 0.014065
v -0.003972 0.009955 0.014063
v -0.003838 0.009647 0.014061
v -0.003681 0.009350 0.014059
v -0.004908 0.008641 0.014077
v -0.003914 0.008230 0.014062
v -0.003153 0.007470 0.014050
v -0.002742 0.006475 0.014044
v -0.002034 0.007703 0.014033
v -0.001737 0.007546 0.014029
v -0.001429 0.007411 0.014024
v -0.001112 0.007300 0.014019
v -0.001391 0.006816 0.014023
v -0.001641 0.006383 0.014027
v -0.002093 0.005600 0.014034
v -0.001776 0.005050 0.014029
v -0.001740 0.004848 0.014029
v -0.001843 0.004670 0.014030
v -0.002035 0.004600 0.014033
v -0.002534 0.004600 0.014041
v -0.003034 0.004600 0.014049
v -0.003938 0.004600 0.014063
v -0.004106 0.004811 0.014065
v -0.003758 0.006424 0.014060
v -0.004906 0.007609 0.014077
v -0.006529 0.007313 0.014102
v -0.007184 0.005798 0.014113
v -0.006289 0.004412 0.014099
v -0.004639 0.004387 0.014073
v -0.004304 0.003966 0.014068
v -0.005093 0.002600 0.014080
v -0.004775 0.002050 0.014075
v -0.004740 0.001848 0.014075
v -0.004842 0.001670 0.014076
v -0.005035 0.001600 0.014079
v -0.005533 0.001600 0.014087
v -0.006033 0.001600 0.014095
v -0.006938 0.001600 0.014109
v -0.008092 -0.000400 0.014127
v -0.007640 -0.001184 0.014120
v -0.007390 -0.001617 0.014116
v -0.006938 -0.002400 0.014109
v -0.004629 -0.002400 0.014073
v -0.004176 -0.001617 0.014066
v -0.003926 -0.001184 0.014062
v -0.003474 -0.000400 0.014055
v -0.003792 0.000150 0.014060
v -0.003827 0.000352 0.014061
v -0.003725 0.000530 0.014059
v -0.003532 0.000600 0.014056
v -0.003034 0.000600 0.014049
v -0.002534 0.000600 0.014041
v -0.002035 0.000600 0.014033
v -0.001843 0.000530 0.014030
v -0.001740 0.000352 0.014029
v -0.001776 0.000150 0.014029
v -0.002093 -0.000400 0.014034
v -0.001641 -0.001184 0.014027
v -0.001391 -0.001617 0.014023
v -0.000939 -0.002400 0.014016
v 0.001371 -0.002400 0.013981
v 0.001823 -0.001617 0.013974
v 0.002073 -0.001184 0.013970
v 0.002525 -0.000400 0.013963
v 0.002208 0.000150 0.013968
v 0.002172 0.000352 0.013968
v 0.002275 0.000530 0.013967
v 0.002467 0.000600 0.013964
v 0.002966 0.000600 0.013956
v 0.003466 0.000600 0.013948
v 0.003964 0.000600 0.013941
v 0.004157 0.000530 0.013938
v 0.004259 0.000352 0.013936
v 0.004224 0.000150 0.013937
v 0.003906 -0.000400 0.013942
v 0.004358 -0.001184 0.013935
v 0.004608 -0.001617 0.013931
v 0.005061 -0.002400 0.013924
v 0.007370 -0.002400 0.013888
v 0.007822 -0.001617 0.013881
v 0.008072 -0.001184 0.013877
v 0.008524 -0.000400 0.013870
v 0.007370 0.001600 0.013888
v 0.006465 0.001600 0.013902
v 0.005965 0.001600 0.013910
v 0.005467 0.001600 0.013918
v 0.005274 0.001670 0.013920
v 0.005172 0.001848 0.013922
v 0.005207 0.002050 0.013922
v 0.005525 0.002600 0.013917
v 0.004736 0.003966 0.013929
v 0.005071 0.004387 0.013924
v 0.006721 0.004412 0.013898
v 0.007616 0.005798 0.013884
v 0.006961 0.007313 0.013894
v 0.005338 0.007609 0.013920
v 0.004190 0.006424 0.013937
v 0.004538 0.004811 0.013932
v 0.004370 0.004600 0.013934
v 0.003466 0.004600 0.013948
v 0.002966 0.004600 0.013956
v 0.002467 0.004600 0.013964
v 0.002275 0.004670 0.013967
v 0.002172 0.004848 0.013968
v 0.002208 0.005050 0.013968
v 0.002525 0.005600 0.013963
v 0.002073 0.006383 0.013970
v 0.001823 0.006816 0.013974
v 0.001544 0.007300 0.013978
v 0.001861 0.007411 0.013973
v 0.002169 0.007546 0.013968
v 0.002466 0.007703 0.013964
v 0.003174 0.006475 0.013953
v 0.003585 0.007470 0.013947
v 0.004346 0.008230 0.013935
v 0.005340 0.008641 0.013919
v 0.004113 0.009350 0.013938
v 0.004270 0.009647 0.013936
v 0.004404 0.009955 0.013934
v 0.004515 0.010272 0.013932
v 0.004999 0.009993 0.013925
v 0.005432 0.009743 0.013918
v 0.006215 0.009290 0.013906
v 0.008215 0.010445 0.013875
v 0.008215 0.011350 0.013875
v 0.008215 0.011850 0.013875
v 0.008215 0.012755 0.013875
v 0.006215 0.013909 0.013906
v 0.005432 0.013457 0.013918
v 0.004999 0.013207 0.013925
v 0.004515 0.012928 0.013932
v 0.004404 0.013245 0.013934
v 0.004270 0.013553 0.013936
v 0.004113 0.013850 0.013938
v 0.005340 0.014559 0.013919
v 0.004346 0.014969 0.013935
v 0.003585 0.015730 0.013947
v 0.003174 0.016725 0.013953
v 0.002466 0.015497 0.013964
v 0.002169 0.015654 0.013968
v 0.001861 0.015788 0.013973
v 0.001544 0.015900 0.013978
v 0.001823 0.016383 0.013974
v 0.002073 0.016816 0.013970
v 0.002525 0.017600 0.013963
v 0.002208 0.018150 0.013968
v 0.002172 0.018352 0.013968
v 0.002275 0.018530 0.013967
v 0.002467 0.018600 0.013964
v 0.002966 0.018600 0.013956
v 0.003466 0.018600 0.013948
v 0.004370 0.018600 0.013934
v 0.004538 0.018389 0.013932
v 0.004190 0.016776 0.013937
v 0.005338 0.015590 0.013920
v 0.006961 0.015887 0.013894
v 0.007616 0.017401 0.013884
v 0.006721 0.018787 0.013898
v 0.005071 0.018812 0.013924
v 0.004736 0.019234 0.013929
v 0.005525 0.020600 0.013917
v 0.005207 0.021150 0.013922
v 0.005172 0.021352 0.013922
v 0.005274 0.021530 0.013920
v 0.005467 0.021600 0.013918
v 0.005965 0.021600 0.013910
v 0.006465 0.021600 0.013902
v 0.007370 0.021600 0.013888
v 0.008524 0.023600 0.013870
v 0.008072 0.024383 0.013877
v 0.007822 0.024816 0.013881
v 0.007370 0.025600 0.013888
v 0.005061 0.025600 0.013924
v 0.004608 0.024816 0.013931
v 0.004358 0.024383 0.013935
v 0.003906 0.023600 0.013942
v 0.004224 0.023050 0.013937
v 0.004259 0.022848 0.013936
v 0.004157 0.022670 0.013938
v 0.003964 0.022600 0.013941
v 0.003466 0.022600 0.013948
v 0.002966 0.022600 0.013956
v 0.002467 0.022600 0.013964
v 0.002275 0.022670 0.013967
v 0.002172 0.022848 0.013968
v 0.002208 0.023050 0.013968
v 0.002525 0.023600 0.013963
v 0.002073 0.024383 0.013970
v 0.001823 0.024816 0.013974
v 0.001371 0.025600 0.013981
v -0.000939 0.025600 0.014016
v -0.001391 0.024816 0.014023
v -0.001641 0.024383 0.014027
v -0.002093 0.023600 0.014034
v -0.001776 0.023050 0.014029
v -0.001740 0.022848 0.014029
v -0.001843 0.022670 0.014030
v -0.002035 0.022600 0.014033
v -0.002534 0.022600 0.014041
v -0.003034 0.022600 0.014049
v -0.003532 0.022600 0.014056
v -0.003725 0.022670 0.014059
v -0.003827 0.022848 0.014061
v -0.003792 0.023050 0.014060
v -0.003474 0.023600 0.014055
v -0.003926 0.024383 0.014062
v -0.004176 0.024816 0.014066
v -0.004629 0.025600 0.014073
v -0.006938 0.025600 0.014109
v -0.007390 0.024816 0.014116
v -0.007640 0.024383 0.014120
v -0.008092 0.023600 0.014127
v -0.006938 0.021600 0.014109
v -0.006033 0.021600 0.014095
v -0.005533 0.021600 0.014087
v -0.005035 0.021600 0.014079
v -0.004842 0.021530 0.014076
v -0.004740 0.021352 0.014075
v -0.004775 0.021150 0.014075
v -0.005093 0.020600 0.014080
v -0.004304 0.019234 0.014068
v -0.004639 0.018812 0.014073
v -0.006289 0.018787 0.014099
v -0.007184 0.017401 0.014113
v -0.006529 0.015887 0.014102
v -0.004906 0.015590 0.014077
v -0.003758 0.016776 0.014060
v -0.004106 0.018389 0.014065
v -0.003938 0.018600 0.014063
v -0.003034 0.018600 0.014049
v -0.002534 0.018600 0.014041
v -0.000792 0.021150 0.014014
v -0.000828 0.021352 0.014015
v -0.000725 0.021530 0.014013
v -0.000532 0.021600 0.014010
v -0.000034 0.021600 0.014002
v 0.000466 0.021600 0.013995
v 0.000964 0.021600 0.013987
v 0.001157 0.021530 0.013984
v 0.001260 0.021352 0.013982
v 0.001224 0.021150 0.013983
v 0.000907 0.020600 0.013988
v 0.001224 0.020050 0.013983
v 0.001260 0.019848 0.013982
v 0.001157 0.019670 0.013984
v 0.000964 0.019600 0.013987
v 0.000466 0.019600 0.013995
v -0.000034 0.019600 0.014002
v -0.000532 0.019600 0.014010
v -0.000725 0.019670 0.014013
v -0.000828 0.019848 0.014015
v -0.000792 0.020050 0.014014
v -0.000474 0.020600 0.014009
v 0.001224 0.002050 0.013983
v 0.001260 0.001848 0.013982
v 0.001157 0.001670 0.013984
v 0.000964 0.001600 0.013987
v 0.000466 0.001600 0.013995
v -0.000034 0.001600 0.014002
v -0.000532 0.001600 0.014010
v -0.000725 0.001670 0.014013
v -0.000828 0.001848 0.014015
v -0.000792 0.002050 0.014014
v -0.000474 0.002600 0.014009
v -0.000792 0.003150 0.014014
v -0.000828 0.003352 0.014015
v -0.000725 0.003530 0.014013
v -0.000532 0.003600 0.014010
v -0.000034 0.003600 0.014002
v 0.000466 0.003600 0.013995
v 0.000964 0.003600 0.013987
v 0.001157 0.003530 0.013984
v 0.001260 0.003352 0.013982
v 0.001224 0.003150 0.013983
v 0.000907 0.002600 0.013988
v -0.009283 0.024100 0.014145
v -0.009283 -0.000900 0.014145
v -0.009775 -0.001107 0.014653
v -0.009775 0.024307 0.014653
v -0.009775 0.024307 0.014653
v -0.009803 0.026100 0.012860
v -0.009314 0.026100 0.012145
v -0.009283 0.024100 0.014145
v -0.009837 -0.005400 0.010615
v -0.009751 -0.005400 0.016228
v -0.009741 -0.004776 0.016852
v -0.009741 0.027976 0.016852
v -0.009751 0.028600 0.016228
v -0.009837 0.028600 0.010615
v -0.009837 0.026100 0.010615
v -0.009803 0.026100 0.012860
v -0.009775 0.024307 0.014653
v -0.009775 -0.001107 0.014653
v -0.009803 -0.002900 0.012860
v -0.009837 -0.002900 0.010615
v -0.009537 -0.005700 0.010610
v -0.009449 -0.005700 0.016348
v -0.009751 -0.005400 0.016228
v -0.009837 -0.005400 0.010615
v -0.000504 0.021600 0.015810
v -0.000532 0.021600 0.014010
v -0.000725 0.021530 0.014013
v -0.000828 0.021352 0.014015
v -0.000792 0.021150 0.014014
v -0.000764 0.021150 0.015814
v -0.000800 0.021352 0.015814
v -0.000697 0.021530 0.015813
v 0.008215 0.004400 0.013875
v 0.008976 0.003847 0.013863
v 0.008685 0.002953 0.013868
v 0.007745 0.002953 0.013882
v 0.007454 0.003847 0.013887
v 0.008261 0.004400 0.016875
v 0.007501 0.003847 0.016887
v 0.007791 0.002953 0.016882
v 0.008731 0.002953 0.016868
v 0.009022 0.003847 0.016863
v 0.008215 0.004400 0.013875
v 0.008261 0.004400 0.016875
v -0.009283 0.024100 0.014145
v -0.009314 0.026100 0.012145
v -0.008814 0.026100 0.012137
v -0.008783 0.024100 0.014137
v -0.009314 -0.002900 0.012145
v -0.009283 -0.000900 0.014145
v -0.008783 -0.000900 0.014137
v -0.008814 -0.002900 0.012137
v 0.006031 -0.005700 0.001957
v 0.007663 -0.005700 0.001932
v 0.007977 -0.005700 0.002001
v 0.008226 -0.005700 0.002202
v 0.008360 -0.005700 0.002493
v 0.009768 -0.005700 0.009452
v 0.009816 -0.005700 0.009736
v 0.009847 -0.005700 0.010023
v 0.009860 -0.005700 0.010311
v 0.009949 -0.005700 0.016049
v -0.009449 -0.005700 0.016348
v -0.009537 -0.005700 0.010610
v -0.009533 -0.005700 0.010322
v -0.009511 -0.005700 0.010034
v -0.009471 -0.005700 0.009748
v -0.008279 -0.005700 0.002750
v -0.008154 -0.005700 0.002455
v -0.007911 -0.005700 0.002246
v -0.007600 -0.005700 0.002168
v -0.005967 -0.005700 0.002142
v -0.004208 -0.005700 0.001090
v -0.004240 -0.005700 -0.000960
v -0.006031 -0.005700 -0.001957
v -0.006468 -0.005700 -0.001950
v -0.006898 -0.005700 -0.002090
v -0.007153 -0.005700 -0.002464
v -0.007126 -0.005700 -0.002915
v -0.006163 -0.005700 -0.004615
v -0.004803 -0.005700 -0.006018
v -0.003134 -0.005700 -0.007033
v -0.002683 -0.005700 -0.007074
v -0.002302 -0.005700 -0.006831
v -0.002149 -0.005700 -0.006405
v -0.002142 -0.005700 -0.005968
v -0.001090 -0.005700 -0.004208
v 0.000960 -0.005700 -0.004240
v 0.001958 -0.005700 -0.006031
v 0.001951 -0.005700 -0.006468
v 0.002090 -0.005700 -0.006898
v 0.002464 -0.005700 -0.007153
v 0.002916 -0.005700 -0.007127
v 0.004616 -0.005700 -0.006163
v 0.006018 -0.005700 -0.004803
v 0.007034 -0.005700 -0.003134
v 0.007074 -0.005700 -0.002683
v 0.006831 -0.005700 -0.002302
v 0.006405 -0.005700 -0.002149
v 0.005968 -0.005700 -0.002142
v 0.004209 -0.005700 -0.001090
v 0.004240 -0.005700 0.000960
v 0.000954 -0.005700 0.009987
v 0.000390 -0.005700 0.009234
v -0.000500 -0.005700 0.009539
v -0.000486 -0.005700 0.010479
v 0.000413 -0.005700 0.010756
v 0.006954 -0.005700 0.009894
v 0.006389 -0.005700 0.009142
v 0.005499 -0.005700 0.009446
v 0.005514 -0.005700 0.010387
v 0.006413 -0.005700 0.010663
v -0.005045 -0.005700 0.010079
v -0.005609 -0.005700 0.009327
v -0.006499 -0.005700 0.009631
v -0.006485 -0.005700 0.010572
v -0.005586 -0.005700 0.010848
v 0.003000 -0.005700 -0.000046
v 0.002089 -0.005700 -0.002154
v -0.000046 -0.005700 -0.003000
v -0.002154 -0.005700 -0.002088
v -0.002999 -0.005700 0.000046
v -0.002088 -0.005700 0.002154
v 0.000046 -0.005700 0.003000
v 0.002154 -0.005700 0.002088
v -0.005180 -0.005700 -0.002533
v -0.004945 -0.005700 -0.002447
v -0.004719 -0.005700 -0.002341
v -0.004503 -0.005700 -0.002215
v -0.004038 -0.005700 -0.002057
v -0.003553 -0.005700 -0.002140
v -0.003167 -0.005700 -0.002443
v -0.002974 -0.005700 -0.002674
v -0.002765 -0.005700 -0.002890
v -0.002539 -0.005700 -0.003090
v -0.002248 -0.005700 -0.003486
v -0.002180 -0.005700 -0.003972
v -0.002352 -0.005700 -0.004433
v -0.002485 -0.005700 -0.004644
v -0.002599 -0.005700 -0.004867
v -0.002691 -0.005700 -0.005100
v -0.003065 -0.005700 -0.005593
v -0.003657 -0.005700 -0.005772
v -0.004242 -0.005700 -0.005568
v -0.004776 -0.005700 -0.005117
v -0.005262 -0.005700 -0.004616
v -0.005696 -0.005700 -0.004068
v -0.005882 -0.005700 -0.003478
v -0.005685 -0.005700 -0.002891
v 0.002443 -0.005700 -0.003167
v 0.002675 -0.005700 -0.002974
v 0.002891 -0.005700 -0.002765
v 0.003091 -0.005700 -0.002539
v 0.003486 -0.005700 -0.002248
v 0.003973 -0.005700 -0.002180
v 0.004433 -0.005700 -0.002352
v 0.004645 -0.005700 -0.002485
v 0.004868 -0.005700 -0.002599
v 0.005100 -0.005700 -0.002691
v 0.005594 -0.005700 -0.003065
v 0.005773 -0.005700 -0.003658
v 0.005568 -0.005700 -0.004242
v 0.005118 -0.005700 -0.004776
v 0.004616 -0.005700 -0.005262
v 0.004069 -0.005700 -0.005696
v 0.003478 -0.005700 -0.005882
v 0.002891 -0.005700 -0.005685
v 0.002533 -0.005700 -0.005180
v 0.002448 -0.005700 -0.004945
v 0.002341 -0.005700 -0.004719
v 0.002215 -0.005700 -0.004503
v 0.002057 -0.005700 -0.004038
v 0.002140 -0.005700 -0.003553
v -0.002689 -0.005700 0.010443
v -0.004006 -0.005700 0.010463
v -0.004048 -0.005700 0.010473
v -0.004082 -0.005700 0.010500
v -0.004101 -0.005700 0.010538
v -0.005062 -0.005700 0.011712
v -0.006578 -0.005700 0.011735
v -0.007574 -0.005700 0.010592
v -0.007595 -0.005700 0.010554
v -0.007629 -0.005700 0.010528
v -0.007672 -0.005700 0.010520
v -0.008738 -0.005700 0.010536
v -0.008788 -0.005700 0.010550
v -0.008824 -0.005700 0.010587
v -0.008837 -0.005700 0.010638
v -0.008757 -0.005700 0.015837
v -0.002507 -0.005700 0.015741
v -0.002588 -0.005700 0.010541
v -0.002602 -0.005700 0.010491
v -0.002639 -0.005700 0.010455
v -0.002603 -0.005700 0.009541
v -0.002657 -0.005700 0.006042
v -0.002612 -0.005700 0.005503
v -0.002463 -0.005700 0.004984
v -0.002215 -0.005700 0.004503
v -0.002057 -0.005700 0.004038
v -0.002140 -0.005700 0.003554
v -0.002443 -0.005700 0.003167
v -0.002674 -0.005700 0.002975
v -0.002890 -0.005700 0.002765
v -0.003090 -0.005700 0.002540
v -0.003486 -0.005700 0.002248
v -0.003972 -0.005700 0.002181
v -0.004432 -0.005700 0.002353
v -0.004905 -0.005700 0.002616
v -0.005420 -0.005700 0.002781
v -0.005957 -0.005700 0.002842
v -0.006758 -0.005700 0.002855
v -0.007202 -0.005700 0.002966
v -0.007550 -0.005700 0.003265
v -0.007729 -0.005700 0.003687
v -0.008739 -0.005700 0.009618
v -0.008732 -0.005700 0.009675
v -0.008694 -0.005700 0.009719
v -0.008639 -0.005700 0.009734
v -0.007684 -0.005700 0.009720
v -0.007642 -0.005700 0.009710
v -0.007608 -0.005700 0.009683
v -0.007589 -0.005700 0.009645
v -0.006628 -0.005700 0.008471
v -0.005112 -0.005700 0.008447
v -0.004116 -0.005700 0.009591
v -0.004095 -0.005700 0.009629
v -0.004061 -0.005700 0.009655
v -0.004018 -0.005700 0.009663
v -0.002701 -0.005700 0.009643
v -0.002652 -0.005700 0.009629
v -0.002616 -0.005700 0.009592
v 0.002998 -0.005700 0.009555
v 0.004315 -0.005700 0.009535
v 0.004357 -0.005700 0.009525
v 0.004391 -0.005700 0.009498
v 0.004410 -0.005700 0.009460
v 0.005370 -0.005700 0.008286
v 0.006887 -0.005700 0.008262
v 0.007883 -0.005700 0.009406
v 0.007903 -0.005700 0.009444
v 0.007938 -0.005700 0.009470
v 0.007980 -0.005700 0.009478
v 0.008935 -0.005700 0.009464
v 0.008990 -0.005700 0.009446
v 0.009026 -0.005700 0.009401
v 0.009032 -0.005700 0.009344
v 0.007839 -0.005700 0.003447
v 0.007648 -0.005700 0.003030
v 0.007291 -0.005700 0.002743
v 0.006843 -0.005700 0.002645
v 0.006042 -0.005700 0.002657
v 0.005503 -0.005700 0.002612
v 0.004984 -0.005700 0.002463
v 0.004503 -0.005700 0.002215
v 0.004038 -0.005700 0.002057
v 0.003554 -0.005700 0.002140
v 0.003167 -0.005700 0.002443
v 0.002975 -0.005700 0.002675
v 0.002765 -0.005700 0.002891
v 0.002540 -0.005700 0.003091
v 0.002249 -0.005700 0.003486
v 0.002181 -0.005700 0.003973
v 0.002353 -0.005700 0.004433
v 0.002616 -0.005700 0.004905
v 0.002781 -0.005700 0.005420
v 0.002842 -0.005700 0.005957
v 0.002896 -0.005700 0.009457
v 0.002911 -0.005700 0.009506
v 0.002948 -0.005700 0.009542
v 0.002912 -0.005700 0.010456
v 0.002992 -0.005700 0.015656
v 0.009241 -0.005700 0.015560
v 0.009161 -0.005700 0.010360
v 0.009147 -0.005700 0.010310
v 0.009110 -0.005700 0.010274
v 0.009059 -0.005700 0.010262
v 0.007993 -0.005700 0.010278
v 0.007951 -0.005700 0.010288
v 0.007917 -0.005700 0.010315
v 0.007897 -0.005700 0.010353
v 0.006937 -0.005700 0.011527
v 0.005421 -0.005700 0.011550
v 0.004425 -0.005700 0.010407
v 0.004404 -0.005700 0.010369
v 0.004369 -0.005700 0.010343
v 0.004327 -0.005700 0.010335
v 0.003010 -0.005700 0.010355
v 0.002960 -0.005700 0.010369
v 0.002924 -0.005700 0.010406
v -0.001581 -0.005700 0.010968
v -0.001508 -0.005700 0.015725
v 0.001992 -0.005700 0.015671
v 0.001919 -0.005700 0.010914
v 0.001882 -0.005700 0.010838
v 0.001799 -0.005700 0.010817
v 0.001731 -0.005700 0.010867
v 0.000799 -0.005700 0.011680
v -0.000438 -0.005700 0.011699
v -0.001395 -0.005700 0.010915
v -0.001465 -0.005700 0.010868
v -0.001546 -0.005700 0.010891
v 0.001890 -0.005700 0.009030
v 0.001843 -0.005700 0.005972
v 0.000944 -0.005700 0.004471
v -0.000806 -0.005700 0.004498
v -0.001657 -0.005700 0.006026
v -0.001610 -0.005700 0.009084
v -0.001573 -0.005700 0.009160
v -0.001491 -0.005700 0.009181
v -0.001422 -0.005700 0.009131
v -0.000490 -0.005700 0.008318
v 0.000747 -0.005700 0.008299
v 0.001704 -0.005700 0.009082
v 0.001773 -0.005700 0.009130
v 0.001855 -0.005700 0.009107
v 0.000992 0.001600 0.015787
v 0.000964 0.001600 0.013987
v 0.001157 0.001670 0.013984
v 0.001260 0.001848 0.013982
v 0.001224 0.002050 0.013983
v 0.001252 0.002050 0.015783
v 0.001287 0.001848 0.015782
v 0.001185 0.001670 0.015784
v -0.000006 0.021600 0.015802
v -0.000034 0.021600 0.014002
v -0.000532 0.021600 0.014010
v -0.000504 0.021600 0.015810
v -0.000764 0.021150 0.015814
v -0.000792 0.021150 0.014014
v -0.000474 0.020600 0.014009
v -0.000447 0.020600 0.015809
v 0.008215 0.020400 0.013875
v 0.008976 0.019847 0.013863
v 0.008685 0.018953 0.013868
v 0.007745 0.018953 0.013882
v 0.007454 0.019847 0.013887
v 0.008261 0.020400 0.016875
v 0.007501 0.019847 0.016887
v 0.007791 0.018953 0.016882
v 0.008731 0.018953 0.016868
v 0.009022 0.019847 0.016863
v 0.008215 0.020400 0.013875
v 0.008261 0.020400 0.016875
v -0.007783 0.004400 0.014122
v -0.007022 0.003847 0.014110
v -0.007313 0.002953 0.014115
v -0.008253 0.002953 0.014129
v -0.008544 0.003847 0.014133
v -0.007737 0.004400 0.017121
v -0.008498 0.003847 0.017133
v -0.008207 0.002953 0.017129
v -0.007267 0.002953 0.017114
v -0.006976 0.003847 0.017110
v -0.007783 0.004400 0.014122
v -0.007737 0.004400 0.017121
v -0.008814 0.026100 0.012137
v -0.008760 0.026100 0.015637
v -0.008760 0.024404 0.015637
v -0.008783 0.024404 0.014137
v -0.008783 0.024100 0.014137
v -0.007804 0.026100 0.014122
v -0.008783 0.024404 0.014137
v -0.008760 0.024404 0.015637
v -0.007781 0.026100 0.015622
v -0.008760 -0.002900 0.015637
v -0.008814 -0.002900 0.012137
v -0.008783 -0.000900 0.014137
v -0.008783 -0.001204 0.014137
v -0.008760 -0.001204 0.015637
v -0.009283 -0.000900 0.014145
v -0.009314 -0.002900 0.012145
v -0.009803 -0.002900 0.012860
v -0.009775 -0.001107 0.014653
v 0.006026 -0.005400 0.001657
v 0.007659 -0.005400 0.001632
v 0.007663 -0.005700 0.001932
v 0.006031 -0.005700 0.001957
v 0.000494 0.001600 0.015794
v 0.000466 0.001600 0.013995
v 0.000964 0.001600 0.013987
v 0.000992 0.001600 0.015787
v 0.001252 0.002050 0.015783
v 0.001224 0.002050 0.013983
v 0.000907 0.002600 0.013988
v 0.000934 0.002600 0.015788
v -0.000011 0.021720 0.015502
v 0.000489 0.021720 0.015494
v 0.000466 0.021600 0.013995
v -0.000034 0.021600 0.014002
v 0.000992 0.021600 0.015787
v 0.000964 0.021600 0.013987
v 0.000466 0.021600 0.013995
v 0.000494 0.021600 0.015794
v -0.000447 0.020600 0.015809
v -0.000474 0.020600 0.014009
v -0.000792 0.020050 0.014014
v -0.000764 0.020050 0.015814
v -0.007783 0.020400 0.014122
v -0.007022 0.019847 0.014110
v -0.007313 0.018953 0.014115
v -0.008253 0.018953 0.014129
v -0.008544 0.019847 0.014133
v -0.007737 0.020400 0.017121
v -0.008498 0.019847 0.017133
v -0.008207 0.018953 0.017129
v -0.007267 0.018953 0.017114
v -0.006976 0.019847 0.017110
v -0.007783 0.020400 0.014122
v -0.007737 0.020400 0.017121
v -0.008783 -0.001204 0.014137
v -0.007804 -0.002900 0.014122
v -0.007781 -0.002900 0.015622
v -0.008760 -0.001204 0.015637
v -0.008783 0.002103 0.014137
v -0.008529 0.001962 0.014133
v -0.008256 0.001863 0.014129
v -0.007971 0.001810 0.014125
v -0.007948 0.001810 0.015624
v -0.008233 0.001863 0.015629
v -0.008506 0.001962 0.015633
v -0.008760 0.002103 0.015637
v 0.007659 -0.005400 0.001632
v 0.006026 -0.005400 0.001657
v 0.006026 -0.004200 0.001657
v 0.007659 -0.004200 0.001632
v 0.000489 0.001480 0.015494
v -0.000011 0.001480 0.015502
v -0.000034 0.001600 0.014002
v 0.000466 0.001600 0.013995
v -0.000504 0.001600 0.015810
v -0.000532 0.001600 0.014010
v -0.000034 0.001600 0.014002
v -0.000006 0.001600 0.015802
v 0.000934 0.002600 0.015788
v 0.000907 0.002600 0.013988
v 0.001224 0.003150 0.013983
v 0.001252 0.003150 0.015783
v 0.000489 0.021720 0.015494
v -0.000011 0.021720 0.015502
v -0.000006 0.021720 0.015802
v 0.000494 0.021720 0.015794
v -0.000011 0.021720 0.015502
v -0.000034 0.021600 0.014002
v -0.000006 0.021600 0.015802
v -0.000006 0.021720 0.015802
v 0.008552 0.023600 0.015670
v 0.008524 0.023600 0.013870
v 0.007370 0.021600 0.013888
v 0.007398 0.021600 0.015688
v -0.000764 0.020050 0.015814
v -0.000792 0.020050 0.014014
v -0.000828 0.019848 0.014015
v -0.000725 0.019670 0.014013
v -0.000532 0.019600 0.014010
v -0.000504 0.019600 0.015810
v -0.000697 0.019670 0.015813
v -0.000800 0.019848 0.015814
v 0.001398 0.015600 0.015780
v 0.001398 0.015430 0.015780
v 0.000634 0.015581 0.015792
v -0.000146 0.015581 0.015804
v -0.000911 0.015430 0.015816
v -0.000911 0.015600 0.015816
v -0.001363 0.016383 0.015823
v -0.001259 0.016443 0.015821
v -0.001509 0.016876 0.015825
v -0.001613 0.016816 0.015827
v -0.002065 0.017600 0.015834
v -0.001748 0.018150 0.015829
v -0.001712 0.018352 0.015828
v -0.001815 0.018530 0.015830
v -0.002008 0.018600 0.015833
v -0.002506 0.018600 0.015841
v -0.002506 0.018720 0.015841
v -0.003006 0.018720 0.015848
v -0.003006 0.018600 0.015848
v -0.003910 0.018600 0.015862
v -0.004078 0.018389 0.015865
v -0.003730 0.016776 0.015860
v -0.004878 0.015590 0.015877
v -0.006501 0.015887 0.015902
v -0.007156 0.017401 0.015912
v -0.006261 0.018787 0.015899
v -0.004611 0.018812 0.015873
v -0.004276 0.019234 0.015868
v -0.005065 0.020600 0.015880
v -0.004747 0.021150 0.015875
v -0.004712 0.021352 0.015875
v -0.004814 0.021530 0.015876
v -0.005007 0.021600 0.015879
v -0.005506 0.021600 0.015887
v -0.005506 0.021720 0.015887
v -0.006005 0.021720 0.015895
v -0.006005 0.021600 0.015895
v -0.006910 0.021600 0.015909
v -0.008065 0.023600 0.015926
v -0.007612 0.024383 0.015919
v -0.007508 0.024323 0.015918
v -0.007258 0.024756 0.015914
v -0.007362 0.024816 0.015916
v -0.006910 0.025600 0.015909
v -0.004601 0.025600 0.015873
v -0.004149 0.024816 0.015866
v -0.004253 0.024756 0.015868
v -0.004003 0.024323 0.015864
v -0.003899 0.024383 0.015862
v -0.003446 0.023600 0.015855
v -0.003764 0.023050 0.015860
v -0.003800 0.022848 0.015861
v -0.003697 0.022670 0.015859
v -0.003504 0.022600 0.015856
v -0.003006 0.022600 0.015848
v -0.003006 0.022480 0.015848
v -0.002506 0.022480 0.015841
v -0.002506 0.022600 0.015841
v -0.002008 0.022600 0.015833
v -0.001815 0.022670 0.015830
v -0.001712 0.022848 0.015828
v -0.001748 0.023050 0.015829
v -0.002065 0.023600 0.015834
v -0.001613 0.024383 0.015827
v -0.001509 0.024323 0.015825
v -0.001259 0.024756 0.015821
v -0.001363 0.024816 0.015823
v -0.000911 0.025600 0.015816
v 0.001398 0.025600 0.015780
v 0.001851 0.024816 0.015773
v 0.001747 0.024756 0.015775
v 0.001997 0.024323 0.015771
v 0.002101 0.024383 0.015770
v 0.002553 0.023600 0.015763
v 0.002235 0.023050 0.015768
v 0.002200 0.022848 0.015768
v 0.002302 0.022670 0.015767
v 0.002495 0.022600 0.015764
v 0.002993 0.022600 0.015756
v 0.002993 0.022480 0.015756
v 0.003493 0.022480 0.015748
v 0.003493 0.022600 0.015748
v 0.003992 0.022600 0.015740
v 0.004184 0.022670 0.015738
v 0.004287 0.022848 0.015736
v 0.004251 0.023050 0.015736
v 0.003934 0.023600 0.015741
v 0.004386 0.024383 0.015734
v 0.004490 0.024323 0.015733
v 0.004740 0.024756 0.015729
v 0.004636 0.024816 0.015731
v 0.005088 0.025600 0.015724
v 0.007398 0.025600 0.015688
v 0.007850 0.024816 0.015681
v 0.007746 0.024756 0.015683
v 0.007996 0.024323 0.015679
v 0.008100 0.024383 0.015677
v 0.008552 0.023600 0.015670
v 0.007398 0.021600 0.015688
v 0.006493 0.021600 0.015702
v 0.006493 0.021720 0.015702
v 0.005993 0.021720 0.015710
v 0.005993 0.021600 0.015710
v 0.005495 0.021600 0.015717
v 0.005302 0.021530 0.015720
v 0.005199 0.021352 0.015722
v 0.005235 0.021150 0.015721
v 0.005553 0.020600 0.015716
v 0.004764 0.019234 0.015729
v 0.005098 0.018812 0.015723
v 0.006748 0.018787 0.015698
v 0.007644 0.017401 0.015684
v 0.006989 0.015887 0.015694
v 0.005365 0.015590 0.015719
v 0.004218 0.016776 0.015737
v 0.004566 0.018389 0.015732
v 0.004398 0.018600 0.015734
v 0.003493 0.018600 0.015748
v 0.003493 0.018720 0.015748
v 0.002993 0.018720 0.015756
v 0.002993 0.018600 0.015756
v 0.002495 0.018600 0.015764
v 0.002302 0.018530 0.015767
v 0.002200 0.018352 0.015768
v 0.002235 0.018150 0.015768
v 0.002553 0.017600 0.015763
v 0.002101 0.016816 0.015770
v 0.001997 0.016876 0.015771
v 0.001747 0.016443 0.015775
v 0.001851 0.016383 0.015773
v 0.000494 0.021720 0.015794
v -0.000006 0.021720 0.015802
v -0.000006 0.021600 0.015802
v -0.000504 0.021600 0.015810
v -0.000697 0.021530 0.015813
v -0.000800 0.021352 0.015814
v -0.000764 0.021150 0.015814
v -0.000447 0.020600 0.015809
v -0.000764 0.020050 0.015814
v -0.000800 0.019848 0.015814
v -0.000697 0.019670 0.015813
v -0.000504 0.019600 0.015810
v -0.000006 0.019600 0.015802
v -0.000006 0.019480 0.015802
v 0.000494 0.019480 0.015794
v 0.000494 0.019600 0.015794
v 0.000992 0.019600 0.015787
v 0.001185 0.019670 0.015784
v 0.001287 0.019848 0.015782
v 0.001252 0.020050 0.015783
v 0.000934 0.020600 0.015788
v 0.001252 0.021150 0.015783
v 0.001287 0.021352 0.015782
v 0.001185 0.021530 0.015784
v 0.000992 0.021600 0.015787
v 0.000494 0.021600 0.015794
v -0.000781 0.017600 0.015814
v -0.000073 0.016625 0.015803
v 0.001073 0.016997 0.015785
v 0.001073 0.018202 0.015785
v -0.000073 0.018575 0.015803
v 0.004875 0.017257 0.015727
v 0.005583 0.016282 0.015716
v 0.006729 0.016654 0.015698
v 0.006729 0.017859 0.015698
v 0.005583 0.018232 0.015716
v -0.006437 0.017257 0.015901
v -0.005729 0.016282 0.015890
v -0.004583 0.016654 0.015873
v -0.004583 0.017859 0.015873
v -0.005729 0.018232 0.015890
v -0.002756 0.019575 0.015844
v -0.001781 0.020283 0.015829
v -0.002153 0.021429 0.015835
v -0.003358 0.021429 0.015854
v -0.003731 0.020283 0.015860
v 0.003243 0.019575 0.015752
v 0.004218 0.020283 0.015737
v 0.003846 0.021429 0.015743
v 0.002641 0.021429 0.015761
v 0.002269 0.020283 0.015767
v -0.005756 0.022575 0.015891
v -0.004781 0.023283 0.015876
v -0.005153 0.024429 0.015881
v -0.006358 0.024429 0.015900
v -0.006730 0.023283 0.015906
v 0.000244 0.022575 0.015798
v 0.001218 0.023283 0.015783
v 0.000846 0.024429 0.015789
v -0.000359 0.024429 0.015808
v -0.000731 0.023283 0.015813
v 0.006243 0.022575 0.015706
v 0.007218 0.023283 0.015691
v 0.006845 0.024429 0.015696
v 0.005641 0.024429 0.015715
v 0.005268 0.023283 0.015721
v -0.000781 0.017600 0.015814
v -0.000073 0.018575 0.015803
v 0.001073 0.018202 0.015785
v 0.001073 0.016997 0.015785
v -0.000073 0.016625 0.015803
v -0.000763 0.017600 0.017014
v -0.000054 0.016625 0.017003
v 0.001091 0.016997 0.016985
v 0.001091 0.018202 0.016985
v -0.000054 0.018575 0.017003
v -0.000763 0.017600 0.017014
v -0.000781 0.017600 0.015814
v 0.009684 0.026100 0.011852
v 0.009184 0.026100 0.011860
v 0.009238 0.026100 0.015360
v 0.008259 0.026100 0.015375
v 0.008236 0.026100 0.013875
v 0.004195 0.026100 0.013937
v 0.004218 0.026100 0.015437
v 0.002260 0.026100 0.015467
v 0.002237 0.026100 0.013967
v -0.001804 0.026100 0.014030
v -0.001781 0.026100 0.015529
v -0.003740 0.026100 0.015560
v -0.003763 0.026100 0.014060
v -0.007804 0.026100 0.014122
v -0.007781 0.026100 0.015622
v -0.008760 0.026100 0.015637
v -0.008814 0.026100 0.012137
v -0.009314 0.026100 0.012145
v -0.009803 0.026100 0.012860
v -0.009837 0.026100 0.010615
v -0.009833 0.026100 0.010308
v -0.009809 0.026100 0.010002
v -0.009767 0.026100 0.009698
v -0.007886 0.026100 -0.001343
v -0.006460 0.026100 -0.004719
v -0.003677 0.026100 -0.007105
v -0.000123 0.026100 -0.007999
v 0.003457 0.026100 -0.007215
v 0.006311 0.026100 -0.004916
v 0.007841 0.026100 -0.001586
v 0.010062 0.026100 0.009392
v 0.010113 0.026100 0.009695
v 0.010146 0.026100 0.010000
v 0.010160 0.026100 0.010306
v 0.010195 0.026100 0.012552
v 0.005984 0.026100 -0.001117
v 0.005020 0.026100 -0.000394
v 0.005410 0.026100 0.000746
v 0.006615 0.026100 0.000728
v 0.006969 0.026100 -0.000424
v 0.001118 0.026100 0.005984
v 0.000394 0.026100 0.005020
v -0.000746 0.026100 0.005410
v -0.000727 0.026100 0.006615
v 0.000424 0.026100 0.006969
v -0.005983 0.026100 0.001117
v -0.005019 0.026100 0.000394
v -0.005409 0.026100 -0.000746
v -0.006614 0.026100 -0.000727
v -0.006969 0.026100 0.000424
v -0.002999 0.026100 0.000046
v -0.002088 0.026100 0.002154
v 0.000046 0.026100 0.003000
v 0.002154 0.026100 0.002088
v 0.003000 0.026100 -0.000046
v 0.002089 0.026100 -0.002154
v -0.000046 0.026100 -0.003000
v -0.002154 0.026100 -0.002088
v -0.001117 0.026100 -0.005983
v -0.000394 0.026100 -0.005020
v 0.000746 0.026100 -0.005410
v 0.000728 0.026100 -0.006614
v -0.000424 0.026100 -0.006969
v -0.000646 0.026100 0.010011
v -0.000081 0.026100 0.010764
v 0.000809 0.026100 0.010459
v 0.000794 0.026100 0.009519
v -0.000105 0.026100 0.009242
v -0.006645 0.026100 0.010104
v -0.006080 0.026100 0.010856
v -0.005191 0.026100 0.010552
v -0.005205 0.026100 0.009611
v -0.006104 0.026100 0.009334
v 0.005354 0.026100 0.009919
v 0.005918 0.026100 0.010671
v 0.006808 0.026100 0.010367
v 0.006794 0.026100 0.009426
v 0.005895 0.026100 0.009150
v -0.008783 0.000404 0.014137
v -0.008783 0.002103 0.014137
v -0.008760 0.002103 0.015637
v -0.008760 0.000404 0.015637
v 0.010195 -0.002900 0.012552
v 0.010160 -0.002900 0.010306
v 0.010146 -0.002900 0.010000
v 0.010113 -0.002900 0.009695
v 0.010062 -0.002900 0.009392
v 0.007841 -0.002900 -0.001586
v 0.006311 -0.002900 -0.004916
v 0.003457 -0.002900 -0.007215
v -0.000123 -0.002900 -0.007999
v -0.003677 -0.002900 -0.007105
v -0.006460 -0.002900 -0.004719
v -0.007886 -0.002900 -0.001343
v -0.009767 -0.002900 0.009698
v -0.009809 -0.002900 0.010002
v -0.009833 -0.002900 0.010308
v -0.009837 -0.002900 0.010615
v -0.009803 -0.002900 0.012860
v -0.009314 -0.002900 0.012145
v -0.008814 -0.002900 0.012137
v -0.008760 -0.002900 0.015637
v -0.007781 -0.002900 0.015622
v -0.007804 -0.002900 0.014122
v -0.003763 -0.002900 0.014060
v -0.003740 -0.002900 0.015560
v -0.001781 -0.002900 0.015529
v -0.001804 -0.002900 0.014030
v 0.002237 -0.002900 0.013967
v 0.002260 -0.002900 0.015467
v 0.004218 -0.002900 0.015437
v 0.004195 -0.002900 0.013937
v 0.008236 -0.002900 0.013875
v 0.008259 -0.002900 0.015375
v 0.009238 -0.002900 0.015360
v 0.009184 -0.002900 0.011860
v 0.009684 -0.002900 0.011852
v 0.006015 -0.002900 0.000933
v 0.005030 -0.002900 0.000239
v 0.005384 -0.002900 -0.000912
v 0.006589 -0.002900 -0.000931
v 0.006979 -0.002900 0.000209
v -0.000932 -0.002900 0.006015
v -0.000239 -0.002900 0.005030
v 0.000913 -0.002900 0.005384
v 0.000931 -0.002900 0.006589
v -0.000209 -0.002900 0.006979
v -0.006015 -0.002900 -0.000932
v -0.005029 -0.002900 -0.000239
v -0.005384 -0.002900 0.000912
v -0.006589 -0.002900 0.000931
v -0.006979 -0.002900 -0.000209
v 0.003000 -0.002900 -0.000046
v 0.002154 -0.002900 0.002088
v 0.000046 -0.002900 0.003000
v -0.002088 -0.002900 0.002154
v -0.002999 -0.002900 0.000046
v -0.002154 -0.002900 -0.002088
v -0.000046 -0.002900 -0.003000
v 0.002089 -0.002900 -0.002154
v 0.000933 -0.002900 -0.006015
v 0.000239 -0.002900 -0.005029
v -0.000912 -0.002900 -0.005384
v -0.000931 -0.002900 -0.006589
v 0.000209 -0.002900 -0.006979
v 0.000954 -0.002900 0.009987
v 0.000413 -0.002900 0.010756
v -0.000486 -0.002900 0.010479
v -0.000500 -0.002900 0.009539
v 0.000390 -0.002900 0.009234
v -0.005045 -0.002900 0.010079
v -0.005586 -0.002900 0.010848
v -0.006485 -0.002900 0.010572
v -0.006499 -0.002900 0.009631
v -0.005609 -0.002900 0.009327
v 0.006954 -0.002900 0.009894
v 0.006413 -0.002900 0.010663
v 0.005514 -0.002900 0.010387
v 0.005499 -0.002900 0.009446
v 0.006389 -0.002900 0.009142
v 0.008654 -0.005400 0.002434
v 0.008463 -0.005400 0.002018
v 0.008106 -0.005400 0.001730
v 0.007659 -0.005400 0.001632
v 0.007659 -0.004200 0.001632
v 0.008106 -0.004200 0.001730
v 0.008463 -0.004200 0.002018
v 0.008654 -0.004200 0.002434
v -0.000011 0.001480 0.015502
v 0.000489 0.001480 0.015494
v 0.000494 0.001480 0.015794
v -0.000006 0.001480 0.015802
v 0.000489 0.001480 0.015494
v 0.000466 0.001600 0.013995
v 0.000494 0.001600 0.015794
v 0.000494 0.001480 0.015794
v -0.008065 -0.000400 0.015926
v -0.008092 -0.000400 0.014127
v -0.006938 0.001600 0.014109
v -0.006910 0.001600 0.015909
v 0.001252 0.003150 0.015783
v 0.001224 0.003150 0.013983
v 0.001260 0.003352 0.013982
v 0.001157 0.003530 0.013984
v 0.000964 0.003600 0.013987
v 0.000992 0.003600 0.015787
v 0.001185 0.003530 0.015784
v 0.001287 0.003352 0.015782
v -0.000911 0.007600 0.015816
v -0.000911 0.007770 0.015816
v -0.000146 0.007619 0.015804
v 0.000634 0.007619 0.015792
v 0.001398 0.007770 0.015780
v 0.001398 0.007600 0.015780
v 0.001851 0.006816 0.015773
v 0.001747 0.006756 0.015775
v 0.001997 0.006323 0.015771
v 0.002101 0.006383 0.015770
v 0.002553 0.005600 0.015763
v 0.002235 0.005050 0.015768
v 0.002200 0.004848 0.015768
v 0.002302 0.004670 0.015767
v 0.002495 0.004600 0.015764
v 0.002993 0.004600 0.015756
v 0.002993 0.004480 0.015756
v 0.003493 0.004480 0.015748
v 0.003493 0.004600 0.015748
v 0.004398 0.004600 0.015734
v 0.004566 0.004811 0.015732
v 0.004218 0.006424 0.015737
v 0.005365 0.007609 0.015719
v 0.006989 0.007313 0.015694
v 0.007644 0.005798 0.015684
v 0.006748 0.004412 0.015698
v 0.005098 0.004387 0.015723
v 0.004764 0.003966 0.015729
v 0.005553 0.002600 0.015716
v 0.005235 0.002050 0.015721
v 0.005199 0.001848 0.015722
v 0.005302 0.001670 0.015720
v 0.005495 0.001600 0.015717
v 0.005993 0.001600 0.015710
v 0.005993 0.001480 0.015710
v 0.006493 0.001480 0.015702
v 0.006493 0.001600 0.015702
v 0.007398 0.001600 0.015688
v 0.008552 -0.000400 0.015670
v 0.008100 -0.001184 0.015677
v 0.007996 -0.001124 0.015679
v 0.007746 -0.001557 0.015683
v 0.007850 -0.001617 0.015681
v 0.007398 -0.002400 0.015688
v 0.005088 -0.002400 0.015724
v 0.004636 -0.001617 0.015731
v 0.004740 -0.001557 0.015729
v 0.004490 -0.001124 0.015733
v 0.004386 -0.001184 0.015734
v 0.003934 -0.000400 0.015741
v 0.004251 0.000150 0.015736
v 0.004287 0.000352 0.015736
v 0.004184 0.000530 0.015738
v 0.003992 0.000600 0.015740
v 0.003493 0.000600 0.015748
v 0.003493 0.000720 0.015748
v 0.002993 0.000720 0.015756
v 0.002993 0.000600 0.015756
v 0.002495 0.000600 0.015764
v 0.002302 0.000530 0.015767
v 0.002200 0.000352 0.015768
v 0.002235 0.000150 0.015768
v 0.002553 -0.000400 0.015763
v 0.002101 -0.001184 0.015770
v 0.001997 -0.001124 0.015771
v 0.001747 -0.001557 0.015775
v 0.001851 -0.001617 0.015773
v 0.001398 -0.002400 0.015780
v -0.000911 -0.002400 0.015816
v -0.001363 -0.001617 0.015823
v -0.001259 -0.001557 0.015821
v -0.001509 -0.001124 0.015825
v -0.001613 -0.001184 0.015827
v -0.002065 -0.000400 0.015834
v -0.001748 0.000150 0.015829
v -0.001712 0.000352 0.015828
v -0.001815 0.000530 0.015830
v -0.002008 0.000600 0.015833
v -0.002506 0.000600 0.015841
v -0.002506 0.000720 0.015841
v -0.003006 0.000720 0.015848
v -0.003006 0.000600 0.015848
v -0.003504 0.000600 0.015856
v -0.003697 0.000530 0.015859
v -0.003800 0.000352 0.015861
v -0.003764 0.000150 0.015860
v -0.003446 -0.000400 0.015855
v -0.003899 -0.001184 0.015862
v -0.004003 -0.001124 0.015864
v -0.004253 -0.001557 0.015868
v -0.004149 -0.001617 0.015866
v -0.004601 -0.002400 0.015873
v -0.006910 -0.002400 0.015909
v -0.007362 -0.001617 0.015916
v -0.007258 -0.001557 0.015914
v -0.007508 -0.001124 0.015918
v -0.007612 -0.001184 0.015919
v -0.008065 -0.000400 0.015926
v -0.006910 0.001600 0.015909
v -0.006005 0.001600 0.015895
v -0.006005 0.001480 0.015895
v -0.005506 0.001480 0.015887
v -0.005506 0.001600 0.015887
v -0.005007 0.001600 0.015879
v -0.004814 0.001670 0.015876
v -0.004712 0.001848 0.015875
v -0.004747 0.002050 0.015875
v -0.005065 0.002600 0.015880
v -0.004276 0.003966 0.015868
v -0.004611 0.004387 0.015873
v -0.006261 0.004412 0.015899
v -0.007156 0.005798 0.015912
v -0.006501 0.007313 0.015902
v -0.004878 0.007609 0.015877
v -0.003730 0.006424 0.015860
v -0.004078 0.004811 0.015865
v -0.003910 0.004600 0.015862
v -0.003006 0.004600 0.015848
v -0.003006 0.004480 0.015848
v -0.002506 0.004480 0.015841
v -0.002506 0.004600 0.015841
v -0.002008 0.004600 0.015833
v -0.001815 0.004670 0.015830
v -0.001712 0.004848 0.015828
v -0.001748 0.005050 0.015829
v -0.002065 0.005600 0.015834
v -0.001613 0.006383 0.015827
v -0.001509 0.006323 0.015825
v -0.001259 0.006756 0.015821
v -0.001363 0.006816 0.015823
v 0.000494 0.001480 0.015794
v 0.000494 0.001600 0.015794
v 0.000992 0.001600 0.015787
v 0.001185 0.001670 0.015784
v 0.001287 0.001848 0.015782
v 0.001252 0.002050 0.015783
v 0.000934 0.002600 0.015788
v 0.001252 0.003150 0.015783
v 0.001287 0.003352 0.015782
v 0.001185 0.003530 0.015784
v 0.000992 0.003600 0.015787
v 0.000494 0.003600 0.015794
v 0.000494 0.003720 0.015794
v -0.000006 0.003720 0.015802
v -0.000006 0.003600 0.015802
v -0.000504 0.003600 0.015810
v -0.000697 0.003530 0.015813
v -0.000800 0.003352 0.015814
v -0.000764 0.003150 0.015814
v -0.000447 0.002600 0.015809
v -0.000764 0.002050 0.015814
v -0.000800 0.001848 0.015814
v -0.000697 0.001670 0.015813
v -0.000504 0.001600 0.015810
v -0.000006 0.001600 0.015802
v -0.000006 0.001480 0.015802
v 0.001269 0.005600 0.015782
v 0.000560 0.006575 0.015793
v -0.000585 0.006202 0.015811
v -0.000585 0.004997 0.015811
v 0.000560 0.004625 0.015793
v 0.004875 0.005943 0.015727
v 0.005583 0.004968 0.015716
v 0.006729 0.005341 0.015698
v 0.006729 0.006545 0.015698
v 0.005583 0.006918 0.015716
v -0.006437 0.005943 0.015901
v -0.005729 0.004968 0.015890
v -0.004583 0.005341 0.015873
v -0.004583 0.006545 0.015873
v -0.005729 0.006918 0.015890
v -0.002756 0.001575 0.015844
v -0.001781 0.002283 0.015829
v -0.002153 0.003429 0.015835
v -0.003358 0.003429 0.015854
v -0.003731 0.002283 0.015860
v 0.003243 0.001575 0.015752
v 0.004218 0.002283 0.015737
v 0.003846 0.003429 0.015743
v 0.002641 0.003429 0.015761
v 0.002269 0.002283 0.015767
v -0.005756 -0.001425 0.015891
v -0.004781 -0.000717 0.015876
v -0.005153 0.000429 0.015881
v -0.006358 0.000429 0.015900
v -0.006730 -0.000717 0.015906
v 0.000244 -0.001425 0.015798
v 0.001218 -0.000717 0.015783
v 0.000846 0.000429 0.015789
v -0.000359 0.000429 0.015808
v -0.000731 -0.000717 0.015813
v 0.006243 -0.001425 0.015706
v 0.007218 -0.000717 0.015691
v 0.006845 0.000429 0.015696
v 0.005641 0.000429 0.015715
v 0.005268 -0.000717 0.015721
v 0.001252 0.021150 0.015783
v 0.001224 0.021150 0.013983
v 0.001260 0.021352 0.013982
v 0.001157 0.021530 0.013984
v 0.000964 0.021600 0.013987
v 0.000992 0.021600 0.015787
v 0.001185 0.021530 0.015784
v 0.001287 0.021352 0.015782
v 0.000494 0.021600 0.015794
v 0.000466 0.021600 0.013995
v 0.000489 0.021720 0.015494
v 0.000494 0.021720 0.015794
v 0.007398 0.025600 0.015688
v 0.007370 0.025600 0.013888
v 0.007822 0.024816 0.013881
v 0.007850 0.024816 0.015681
v -0.000504 0.019600 0.015810
v -0.000532 0.019600 0.014010
v -0.000034 0.019600 0.014002
v -0.000006 0.019600 0.015802
v -0.003756 0.012755 0.015860
v -0.003585 0.012755 0.015857
v -0.003737 0.011990 0.015860
v -0.003737 0.011210 0.015860
v -0.003585 0.010445 0.015857
v -0.003756 0.010445 0.015860
v -0.004539 0.009993 0.015872
v -0.004599 0.010097 0.015873
v -0.005032 0.009847 0.015880
v -0.004972 0.009743 0.015879
v -0.005756 0.009290 0.015891
v -0.007755 0.010445 0.015922
v -0.007755 0.011350 0.015922
v -0.007635 0.011350 0.015920
v -0.007635 0.011850 0.015920
v -0.007755 0.011850 0.015922
v -0.007755 0.012755 0.015922
v -0.005756 0.013909 0.015891
v -0.004972 0.013457 0.015879
v -0.005032 0.013353 0.015880
v -0.004599 0.013103 0.015873
v -0.004539 0.013207 0.015872
v -0.005756 0.010575 0.015891
v -0.004781 0.011283 0.015876
v -0.005153 0.012429 0.015881
v -0.006358 0.012429 0.015900
v -0.006730 0.011283 0.015906
v -0.006429 0.014691 0.014101
v -0.008783 0.013332 0.014137
v -0.008760 0.013332 0.015637
v -0.006406 0.014691 0.015601
v -0.005756 0.010575 0.015891
v -0.006730 0.011283 0.015906
v -0.006358 0.012429 0.015900
v -0.005153 0.012429 0.015881
v -0.004781 0.011283 0.015876
v -0.005737 0.010575 0.017091
v -0.004762 0.011283 0.017076
v -0.005135 0.012429 0.017081
v -0.006339 0.012429 0.017100
v -0.006712 0.011283 0.017106
v -0.005737 0.010575 0.017091
v -0.005756 0.010575 0.015891
v -0.009437 0.028100 0.017148
v -0.009437 -0.004900 0.017148
v 0.009961 -0.004900 0.016849
v 0.009961 0.028100 0.016849
v -0.007737 0.004400 0.017121
v -0.006976 0.003847 0.017110
v -0.007267 0.002953 0.017114
v -0.008207 0.002953 0.017129
v -0.008498 0.003847 0.017133
v 0.008261 0.020400 0.016875
v 0.009022 0.019847 0.016863
v 0.008731 0.018953 0.016868
v 0.007791 0.018953 0.016882
v 0.007501 0.019847 0.016887
v -0.007737 0.020400 0.017121
v -0.006976 0.019847 0.017110
v -0.007267 0.018953 0.017114
v -0.008207 0.018953 0.017129
v -0.008498 0.019847 0.017133
v 0.000262 0.007600 0.016998
v -0.002309 0.008536 0.017038
v -0.003676 0.010905 0.017059
v -0.003201 0.013600 0.017052
v -0.001106 0.015359 0.017019
v 0.001630 0.015359 0.016977
v 0.003726 0.013600 0.016945
v 0.004201 0.010905 0.016937
v 0.002833 0.008536 0.016958
v -0.000763 0.017600 0.017014
v -0.000054 0.018575 0.017003
v 0.001091 0.018202 0.016985
v 0.001091 0.016997 0.016985
v -0.000054 0.016625 0.017003
v -0.005737 0.010575 0.017091
v -0.006712 0.011283 0.017106
v -0.006339 0.012429 0.017100
v -0.005135 0.012429 0.017081
v -0.004762 0.011283 0.017076
v 0.001287 0.005600 0.016982
v 0.000579 0.004625 0.016993
v -0.000567 0.004997 0.017011
v -0.000567 0.006202 0.017011
v 0.000579 0.006575 0.016993
v 0.006262 0.012625 0.016906
v 0.007236 0.011917 0.016891
v 0.006864 0.010771 0.016896
v 0.005659 0.010771 0.016915
v 0.005287 0.011917 0.016921
v 0.004894 0.017257 0.016927
v 0.005602 0.018232 0.016916
v 0.006748 0.017859 0.016898
v 0.006748 0.016654 0.016898
v 0.005602 0.016282 0.016916
v -0.006419 0.017257 0.017101
v -0.005711 0.018232 0.017090
v -0.004565 0.017859 0.017073
v -0.004565 0.016654 0.017073
v -0.005711 0.016282 0.017090
v 0.004894 0.005943 0.016927
v 0.005602 0.006918 0.016916
v 0.006748 0.006545 0.016898
v 0.006748 0.005341 0.016898
v 0.005602 0.004968 0.016916
v -0.006419 0.005943 0.017101
v -0.005711 0.006918 0.017090
v -0.004565 0.006545 0.017073
v -0.004565 0.005341 0.017073
v -0.005711 0.004968 0.017090
v -0.002737 0.001575 0.017044
v -0.003712 0.002283 0.017059
v -0.003340 0.003429 0.017054
v -0.002135 0.003429 0.017035
v -0.001763 0.002283 0.017029
v 0.003262 0.001575 0.016952
v 0.002287 0.002283 0.016967
v 0.002660 0.003429 0.016961
v 0.003864 0.003429 0.016943
v 0.004237 0.002283 0.016937
v -0.002737 0.019575 0.017044
v -0.003712 0.020283 0.017059
v -0.003340 0.021429 0.017054
v -0.002135 0.021429 0.017035
v -0.001763 0.020283 0.017029
v 0.003262 0.019575 0.016952
v 0.002287 0.020283 0.016967
v 0.002660 0.021429 0.016961
v 0.003864 0.021429 0.016943
v 0.004237 0.020283 0.016937
v -0.005737 -0.001425 0.017091
v -0.006712 -0.000717 0.017106
v -0.006339 0.000429 0.017100
v -0.005135 0.000429 0.017081
v -0.004762 -0.000717 0.017076
v 0.000262 -0.001425 0.016998
v -0.000712 -0.000717 0.017013
v -0.000340 0.000429 0.017007
v 0.000865 0.000429 0.016989
v 0.001237 -0.000717 0.016983
v 0.006262 -0.001425 0.016906
v 0.005287 -0.000717 0.016921
v 0.005659 0.000429 0.016915
v 0.006864 0.000429 0.016896
v 0.007236 -0.000717 0.016891
v -0.005737 0.022575 0.017091
v -0.006712 0.023283 0.017106
v -0.006339 0.024429 0.017100
v -0.005135 0.024429 0.017081
v -0.004762 0.023283 0.017076
v 0.000262 0.022575 0.016998
v -0.000712 0.023283 0.017013
v -0.000340 0.024429 0.017007
v 0.000865 0.024429 0.016989
v 0.001237 0.023283 0.016983
v 0.006262 0.022575 0.016906
v 0.005287 0.023283 0.016921
v 0.005659 0.024429 0.016915
v 0.006864 0.024429 0.016896
v 0.007236 0.023283 0.016891
v 0.008261 0.004400 0.016875
v 0.009022 0.003847 0.016863
v 0.008731 0.002953 0.016868
v 0.007791 0.002953 0.016882
v 0.007501 0.003847 0.016887
v -0.002784 0.024404 0.014045
v -0.003763 0.026100 0.014060
v -0.003740 0.026100 0.015560
v -0.002760 0.024404 0.015545
v -0.001117 0.027500 -0.005983
v -0.000394 0.027500 -0.005020
v 0.000746 0.027500 -0.005410
v 0.000728 0.027500 -0.006614
v -0.000424 0.027500 -0.006969
v -0.001117 0.026100 -0.005983
v -0.000424 0.026100 -0.006969
v 0.000728 0.026100 -0.006614
v 0.000746 0.026100 -0.005410
v -0.000394 0.026100 -0.005020
v -0.001117 0.026100 -0.005983
v -0.001117 0.027500 -0.005983
v -0.008760 0.024404 0.015637
v -0.008760 0.026100 0.015637
v -0.007781 0.026100 0.015622
v -0.007971 0.001810 0.014125
v -0.008783 0.000404 0.014137
v -0.008760 0.000404 0.015637
v -0.007948 0.001810 0.015624
v -0.003763 -0.002900 0.014060
v -0.002784 -0.001204 0.014045
v -0.002760 -0.001204 0.015545
v -0.003740 -0.002900 0.015560
v 0.000933 -0.004300 -0.006015
v 0.000239 -0.004300 -0.005029
v -0.000912 -0.004300 -0.005384
v -0.000931 -0.004300 -0.006589
v 0.000209 -0.004300 -0.006979
v 0.000933 -0.002900 -0.006015
v 0.000209 -0.002900 -0.006979
v -0.000931 -0.002900 -0.006589
v -0.000912 -0.002900 -0.005384
v 0.000239 -0.002900 -0.005029
v -0.000931 -0.004300 -0.006589
v -0.000931 -0.002900 -0.006589
v -0.008760 -0.002900 0.015637
v -0.008760 -0.001204 0.015637
v -0.007781 -0.002900 0.015622
v 0.007659 -0.005400 0.001632
v 0.008106 -0.005400 0.001730
v 0.008463 -0.005400 0.002018
v 0.008654 -0.005400 0.002434
v 0.008360 -0.005700 0.002493
v 0.008226 -0.005700 0.002202
v 0.007977 -0.005700 0.002001
v 0.007663 -0.005700 0.001932
v -0.009741 -0.004776 0.016852
v -0.009751 -0.005400 0.016228
v -0.009449 -0.005700 0.016348
v -0.009437 -0.004900 0.017148
v -0.009767 -0.005400 0.009698
v -0.009809 -0.005400 0.010002
v -0.009833 -0.005400 0.010308
v -0.009837 -0.005400 0.010615
v -0.009837 -0.002900 0.010615
v -0.009833 -0.002900 0.010308
v -0.009809 -0.002900 0.010002
v -0.009767 -0.002900 0.009698
v -0.000764 0.002050 0.015814
v -0.000792 0.002050 0.014014
v -0.000828 0.001848 0.014015
v -0.000725 0.001670 0.014013
v -0.000532 0.001600 0.014010
v -0.000504 0.001600 0.015810
v -0.000697 0.001670 0.015813
v -0.000800 0.001848 0.015814
v -0.000006 0.001600 0.015802
v -0.000034 0.001600 0.014002
v -0.000011 0.001480 0.015502
v -0.000006 0.001480 0.015802
v -0.006910 -0.002400 0.015909
v -0.006938 -0.002400 0.014109
v -0.007390 -0.001617 0.014116
v -0.007362 -0.001617 0.015916
v 0.000992 0.003600 0.015787
v 0.000964 0.003600 0.013987
v 0.000466 0.003600 0.013995
v 0.000494 0.003600 0.015794
v 0.004243 0.010445 0.015737
v 0.004073 0.010445 0.015739
v 0.004224 0.011210 0.015737
v 0.004224 0.011990 0.015737
v 0.004073 0.012755 0.015739
v 0.004243 0.012755 0.015737
v 0.005027 0.013207 0.015725
v 0.005087 0.013103 0.015724
v 0.005520 0.013353 0.015717
v 0.005460 0.013457 0.015718
v 0.006243 0.013909 0.015706
v 0.008243 0.012755 0.015675
v 0.008243 0.011850 0.015675
v 0.008123 0.011850 0.015677
v 0.008123 0.011350 0.015677
v 0.008243 0.011350 0.015675
v 0.008243 0.010445 0.015675
v 0.006243 0.009290 0.015706
v 0.005460 0.009743 0.015718
v 0.005520 0.009847 0.015717
v 0.005087 0.010097 0.015724
v 0.005027 0.009993 0.015725
v 0.006243 0.012625 0.015706
v 0.005268 0.011917 0.015721
v 0.005641 0.010771 0.015715
v 0.006845 0.010771 0.015696
v 0.007218 0.011917 0.015691
v 0.000934 0.020600 0.015788
v 0.000907 0.020600 0.013988
v 0.001224 0.021150 0.013983
v 0.001252 0.021150 0.015783
v 0.003493 0.018600 0.015748
v 0.003466 0.018600 0.013948
v 0.003489 0.018720 0.015448
v 0.003493 0.018720 0.015748
v 0.008100 0.024383 0.015677
v 0.008072 0.024383 0.013877
v 0.008524 0.023600 0.013870
v 0.008552 0.023600 0.015670
v 0.000489 0.019480 0.015494
v -0.000011 0.019480 0.015502
v -0.000034 0.019600 0.014002
v 0.000466 0.019600 0.013995
v 0.000494 0.019600 0.015794
v 0.000466 0.019600 0.013995
v 0.000964 0.019600 0.013987
v 0.000992 0.019600 0.015787
v -0.008783 0.021097 0.014137
v -0.008783 0.022796 0.014137
v -0.008760 0.022796 0.015637
v -0.008760 0.021097 0.015637
v -0.008129 0.017833 0.014127
v -0.008097 0.016550 0.014127
v -0.007487 0.015420 0.014117
v -0.006429 0.014691 0.014101
v -0.006406 0.014691 0.015601
v -0.007463 0.015420 0.015617
v -0.008074 0.016550 0.015626
v -0.008106 0.017833 0.015627
v -0.008783 0.013332 0.014137
v -0.008783 0.018103 0.014137
v -0.008760 0.018103 0.015637
v -0.008760 0.013332 0.015637
v 0.001269 0.005600 0.015782
v 0.000560 0.004625 0.015793
v -0.000585 0.004997 0.015811
v -0.000585 0.006202 0.015811
v 0.000560 0.006575 0.015793
v 0.001287 0.005600 0.016982
v 0.000579 0.006575 0.016993
v -0.000567 0.006202 0.017011
v -0.000567 0.004997 0.017011
v 0.000579 0.004625 0.016993
v 0.001287 0.005600 0.016982
v 0.001269 0.005600 0.015782
v -0.001804 0.026100 0.014030
v -0.002784 0.024404 0.014045
v -0.002760 0.024404 0.015545
v -0.001781 0.026100 0.015529
v 0.003029 0.027500 -0.007404
v 0.000951 0.027500 -0.007943
v -0.001195 0.027500 -0.007910
v -0.003256 0.027500 -0.007307
v -0.002612 0.027500 -0.007365
v -0.002067 0.027500 -0.007018
v -0.001849 0.027500 -0.006409
v -0.001842 0.027500 -0.005972
v -0.000944 0.027500 -0.004470
v 0.000806 0.027500 -0.004497
v 0.001658 0.027500 -0.006026
v 0.001651 0.027500 -0.006463
v 0.001850 0.027500 -0.007078
v 0.002384 0.027500 -0.007442
v -0.001117 0.027500 -0.005983
v -0.000424 0.027500 -0.006969
v 0.000728 0.027500 -0.006614
v 0.000746 0.027500 -0.005410
v -0.000394 0.027500 -0.005020
v -0.008760 0.021097 0.015637
v -0.008760 0.022796 0.015637
v -0.007948 0.021390 0.015624
v -0.008233 0.021336 0.015629
v -0.008506 0.021238 0.015633
v -0.006429 0.008509 0.014101
v -0.007487 0.007780 0.014117
v -0.008097 0.006650 0.014127
v -0.008129 0.005366 0.014127
v -0.008106 0.005366 0.015627
v -0.008074 0.006650 0.015626
v -0.007463 0.007780 0.015617
v -0.006406 0.008509 0.015601
v -0.002784 -0.001204 0.014045
v -0.001804 -0.002900 0.014030
v -0.001781 -0.002900 0.015529
v -0.002760 -0.001204 0.015545
v -0.003256 -0.004300 -0.007307
v -0.001195 -0.004300 -0.007910
v 0.000951 -0.004300 -0.007943
v 0.003029 -0.004300 -0.007404
v 0.002384 -0.004300 -0.007442
v 0.001850 -0.004300 -0.007078
v 0.001651 -0.004300 -0.006463
v 0.001658 -0.004300 -0.006026
v 0.000806 -0.004300 -0.004497
v -0.000944 -0.004300 -0.004470
v -0.001842 -0.004300 -0.005972
v -0.001849 -0.004300 -0.006409
v -0.002067 -0.004300 -0.007018
v -0.002612 -0.004300 -0.007365
v 0.000933 -0.004300 -0.006015
v 0.000209 -0.004300 -0.006979
v -0.000931 -0.004300 -0.006589
v -0.000912 -0.004300 -0.005384
v 0.000239 -0.004300 -0.005029
v -0.008760 0.002103 0.015637
v -0.008506 0.001962 0.015633
v -0.008233 0.001863 0.015629
v -0.007948 0.001810 0.015624
v -0.008760 0.000404 0.015637
v 0.008654 -0.005400 0.002434
v 0.010062 -0.005400 0.009392
v 0.009768 -0.005700 0.009452
v 0.008360 -0.005700 0.002493
v -0.009837 -0.005400 0.010615
v -0.009833 -0.005400 0.010308
v -0.009809 -0.005400 0.010002
v -0.009767 -0.005400 0.009698
v -0.009471 -0.005700 0.009748
v -0.009511 -0.005700 0.010034
v -0.009533 -0.005700 0.010322
v -0.009537 -0.005700 0.010610
v -0.009437 -0.004900 0.017148
v -0.009437 0.028100 0.017148
v -0.009741 0.027976 0.016852
v -0.009741 -0.004776 0.016852
v -0.009437 -0.004900 0.017148
v -0.009449 -0.005700 0.016348
v 0.009949 -0.005700 0.016049
v 0.009961 -0.004900 0.016849
v -0.008575 -0.005400 0.002700
v -0.008396 -0.005400 0.002278
v -0.008049 -0.005400 0.001979
v -0.007604 -0.005400 0.001868
v -0.007600 -0.005700 0.002168
v -0.007911 -0.005700 0.002246
v -0.008154 -0.005700 0.002455
v -0.008279 -0.005700 0.002750
v -0.009837 0.028600 0.010615
v -0.009833 0.028600 0.010308
v -0.009809 0.028600 0.010002
v -0.009767 0.028600 0.009698
v -0.009767 0.026100 0.009698
v -0.009809 0.026100 0.010002
v -0.009833 0.026100 0.010308
v -0.009837 0.026100 0.010615
v -0.000447 0.002600 0.015809
v -0.000474 0.002600 0.014009
v -0.000792 0.002050 0.014014
v -0.000764 0.002050 0.015814
v 0.003216 -0.001204 0.013952
v 0.004195 -0.002900 0.013937
v 0.004218 -0.002900 0.015437
v 0.003239 -0.001204 0.015452
v -0.006910 0.001600 0.015909
v -0.006938 0.001600 0.014109
v -0.006033 0.001600 0.014095
v -0.006005 0.001600 0.015895
v -0.007612 -0.001184 0.015919
v -0.007640 -0.001184 0.014120
v -0.008092 -0.000400 0.014127
v -0.008065 -0.000400 0.015926
v -0.000011 0.003720 0.015502
v 0.000489 0.003720 0.015494
v 0.000466 0.003600 0.013995
v -0.000034 0.003600 0.014002
v -0.000006 0.003600 0.015802
v -0.000034 0.003600 0.014002
v -0.000532 0.003600 0.014010
v -0.000504 0.003600 0.015810
v 0.001252 0.020050 0.015783
v 0.001224 0.020050 0.013983
v 0.000907 0.020600 0.013988
v 0.000934 0.020600 0.015788
v 0.003489 0.018720 0.015448
v 0.002989 0.018720 0.015456
v 0.002993 0.018720 0.015756
v 0.003493 0.018720 0.015748
v 0.005088 0.025600 0.015724
v 0.005061 0.025600 0.013924
v 0.007370 0.025600 0.013888
v 0.007398 0.025600 0.015688
v 0.000489 0.019480 0.015494
v 0.000466 0.019600 0.013995
v 0.000494 0.019600 0.015794
v 0.000494 0.019480 0.015794
v -0.000006 0.019600 0.015802
v -0.000034 0.019600 0.014002
v -0.000011 0.019480 0.015502
v -0.000006 0.019480 0.015802
v 0.006861 0.014691 0.013896
v 0.007919 0.015420 0.013880
v 0.008529 0.016550 0.013870
v 0.008561 0.017833 0.013870
v 0.008584 0.017833 0.015370
v 0.008553 0.016550 0.015370
v 0.007942 0.015420 0.015380
v 0.006885 0.014691 0.015396
v -0.007971 0.021390 0.014125
v -0.008256 0.021336 0.014129
v -0.008529 0.021238 0.014133
v -0.008783 0.021097 0.014137
v -0.008760 0.021097 0.015637
v -0.008506 0.021238 0.015633
v -0.008233 0.021336 0.015629
v -0.007948 0.021390 0.015624
v -0.008783 0.022796 0.014137
v -0.007971 0.021390 0.014125
v -0.007948 0.021390 0.015624
v -0.008760 0.022796 0.015637
v -0.008783 0.018103 0.014137
v -0.008577 0.017985 0.014134
v -0.008358 0.017894 0.014131
v -0.008129 0.017833 0.014127
v -0.008106 0.017833 0.015627
v -0.008335 0.017894 0.015630
v -0.008554 0.017985 0.015634
v -0.008760 0.018103 0.015637
v 0.000954 -0.005700 0.009987
v 0.000413 -0.005700 0.010756
v -0.000486 -0.005700 0.010479
v -0.000500 -0.005700 0.009539
v 0.000390 -0.005700 0.009234
v 0.000954 -0.002900 0.009987
v 0.000390 -0.002900 0.009234
v -0.000500 -0.002900 0.009539
v -0.000486 -0.002900 0.010479
v 0.000413 -0.002900 0.010756
v -0.000500 -0.005700 0.009539
v -0.000500 -0.002900 0.009539
v 0.006243 0.012625 0.015706
v 0.007218 0.011917 0.015691
v 0.006845 0.010771 0.015696
v 0.005641 0.010771 0.015715
v 0.005268 0.011917 0.015721
v 0.006262 0.012625 0.016906
v 0.005287 0.011917 0.016921
v 0.005659 0.010771 0.016915
v 0.006864 0.010771 0.016896
v 0.007236 0.011917 0.016891
v 0.006262 0.012625 0.016906
v 0.006243 0.012625 0.015706
v -0.003740 0.026100 0.015560
v -0.001781 0.026100 0.015529
v -0.002760 0.024404 0.015545
v 0.003029 0.027500 -0.007404
v 0.003029 0.028600 -0.007404
v 0.004796 0.028600 -0.006403
v 0.006253 0.028600 -0.004990
v 0.007308 0.028600 -0.003256
v 0.007308 0.027400 -0.003256
v 0.007526 0.027400 -0.002713
v 0.007705 0.027400 -0.002155
v 0.007841 0.027400 -0.001586
v 0.007841 0.026100 -0.001586
v 0.006311 0.026100 -0.004916
v 0.003457 0.026100 -0.007215
v -0.000123 0.026100 -0.007999
v -0.003677 0.026100 -0.007105
v -0.006460 0.026100 -0.004719
v -0.007886 0.026100 -0.001343
v -0.007886 0.027400 -0.001343
v -0.007767 0.027400 -0.001916
v -0.007606 0.027400 -0.002479
v -0.007404 0.027400 -0.003029
v -0.007404 0.028600 -0.003029
v -0.006403 0.028600 -0.004795
v -0.004990 0.028600 -0.006253
v -0.003256 0.028600 -0.007307
v -0.003256 0.027500 -0.007307
v -0.001195 0.027500 -0.007910
v 0.000951 0.027500 -0.007943
v 0.009684 0.026100 0.011852
v 0.009715 0.024100 0.013852
v 0.009215 0.024100 0.013860
v 0.009184 0.026100 0.011860
v -0.006406 0.014691 0.015601
v -0.008760 0.013332 0.015637
v -0.008760 0.018103 0.015637
v -0.008554 0.017985 0.015634
v -0.008335 0.017894 0.015630
v -0.008106 0.017833 0.015627
v -0.008074 0.016550 0.015626
v -0.007463 0.015420 0.015617
v -0.008783 0.009868 0.014137
v -0.006429 0.008509 0.014101
v -0.006406 0.008509 0.015601
v -0.008760 0.009868 0.015637
v -0.003740 -0.002900 0.015560
v -0.002760 -0.001204 0.015545
v -0.001781 -0.002900 0.015529
v -0.003256 -0.004300 -0.007307
v -0.003256 -0.005400 -0.007307
v -0.004990 -0.005400 -0.006253
v -0.006403 -0.005400 -0.004795
v -0.007404 -0.005400 -0.003029
v -0.007404 -0.004200 -0.003029
v -0.007606 -0.004200 -0.002479
v -0.007767 -0.004200 -0.001916
v -0.007886 -0.004200 -0.001343
v -0.007886 -0.002900 -0.001343
v -0.006460 -0.002900 -0.004719
v -0.003677 -0.002900 -0.007105
v -0.000123 -0.002900 -0.007999
v 0.003457 -0.002900 -0.007215
v 0.006311 -0.002900 -0.004916
v 0.007841 -0.002900 -0.001586
v 0.007841 -0.004200 -0.001586
v 0.007705 -0.004200 -0.002155
v 0.007526 -0.004200 -0.002713
v 0.007308 -0.004200 -0.003256
v 0.007308 -0.005400 -0.003256
v 0.006253 -0.005400 -0.004990
v 0.004796 -0.005400 -0.006403
v 0.003029 -0.005400 -0.007404
v 0.003029 -0.004300 -0.007404
v 0.000951 -0.004300 -0.007943
v -0.001195 -0.004300 -0.007910
v 0.010160 0.028600 0.010306
v 0.010247 0.028600 0.015920
v 0.010256 0.027976 0.016544
v 0.010256 -0.004776 0.016544
v 0.010247 -0.005400 0.015920
v 0.010160 -0.005400 0.010306
v 0.010160 -0.002900 0.010306
v 0.010195 -0.002900 0.012552
v 0.010223 -0.001107 0.014344
v 0.010223 0.024307 0.014344
v 0.010195 0.026100 0.012552
v 0.010160 0.026100 0.010306
v -0.006406 0.008509 0.015601
v -0.007463 0.007780 0.015617
v -0.008074 0.006650 0.015626
v -0.008106 0.005366 0.015627
v -0.008335 0.005306 0.015630
v -0.008554 0.005215 0.015634
v -0.008760 0.005097 0.015637
v -0.008760 0.009868 0.015637
v 0.010062 -0.002900 0.009392
v 0.010062 -0.005400 0.009392
v 0.008654 -0.005400 0.002434
v 0.008654 -0.004200 0.002434
v 0.007841 -0.004200 -0.001586
v 0.007841 -0.002900 -0.001586
v 0.005973 -0.005400 -0.001842
v 0.004471 -0.005400 -0.000944
v 0.004498 -0.005400 0.000806
v 0.006026 -0.005400 0.001657
v 0.006031 -0.005700 0.001957
v 0.004240 -0.005700 0.000960
v 0.004209 -0.005700 -0.001090
v 0.005968 -0.005700 -0.002142
v -0.009437 0.028100 0.017148
v -0.009449 0.028900 0.016348
v -0.009751 0.028600 0.016228
v -0.009741 0.027976 0.016852
v 0.009961 -0.004900 0.016849
v 0.009949 -0.005700 0.016049
v 0.010247 -0.005400 0.015920
v 0.010256 -0.004776 0.016544
v -0.007604 -0.005400 0.001868
v -0.008049 -0.005400 0.001979
v -0.008396 -0.005400 0.002278
v -0.008575 -0.005400 0.002700
v -0.008575 -0.004200 0.002700
v -0.008396 -0.004200 0.002278
v -0.008049 -0.004200 0.001979
v -0.007604 -0.004200 0.001868
v -0.009837 0.028600 0.010615
v -0.009751 0.028600 0.016228
v -0.009449 0.028900 0.016348
v -0.009537 0.028900 0.010610
v -0.000764 0.003150 0.015814
v -0.000792 0.003150 0.014014
v -0.000474 0.002600 0.014009
v -0.000447 0.002600 0.015809
v 0.002237 -0.002900 0.013967
v 0.003216 -0.001204 0.013952
v 0.003239 -0.001204 0.015452
v 0.002260 -0.002900 0.015467
v -0.005506 0.001600 0.015887
v -0.005533 0.001600 0.014087
v -0.005035 0.001600 0.014079
v -0.005007 0.001600 0.015879
v -0.004601 -0.002400 0.015873
v -0.004629 -0.002400 0.014073
v -0.006938 -0.002400 0.014109
v -0.006910 -0.002400 0.015909
v -0.000011 0.003720 0.015502
v -0.000034 0.003600 0.014002
v -0.000006 0.003600 0.015802
v -0.000006 0.003720 0.015802
v 0.000494 0.003600 0.015794
v 0.000466 0.003600 0.013995
v 0.000489 0.003720 0.015494
v 0.000494 0.003720 0.015794
v 0.000992 0.019600 0.015787
v 0.000964 0.019600 0.013987
v 0.001157 0.019670 0.013984
v 0.001260 0.019848 0.013982
v 0.001224 0.020050 0.013983
v 0.001252 0.020050 0.015783
v 0.001287 0.019848 0.015782
v 0.001185 0.019670 0.015784
v 0.002989 0.018720 0.015456
v 0.003489 0.018720 0.015448
v 0.003466 0.018600 0.013948
v 0.002966 0.018600 0.013956
v 0.003934 0.023600 0.015741
v 0.003906 0.023600 0.013942
v 0.004358 0.024383 0.013935
v 0.004386 0.024383 0.015734
v -0.000011 0.019480 0.015502
v 0.000489 0.019480 0.015494
v 0.000494 0.019480 0.015794
v -0.000006 0.019480 0.015802
v 0.009215 0.021097 0.013860
v 0.008961 0.021238 0.013864
v 0.008689 0.021336 0.013868
v 0.008403 0.021390 0.013872
v 0.008426 0.021390 0.015372
v 0.008712 0.021336 0.015368
v 0.008985 0.021238 0.015363
v 0.009238 0.021097 0.015360
v 0.009215 0.013332 0.013860
v 0.006861 0.014691 0.013896
v 0.006885 0.014691 0.015396
v 0.009238 0.013332 0.015360
v 0.008561 0.017833 0.013870
v 0.008790 0.017894 0.013866
v 0.009009 0.017985 0.013863
v 0.009215 0.018103 0.013860
v 0.009238 0.018103 0.015360
v 0.009033 0.017985 0.015363
v 0.008813 0.017894 0.015366
v 0.008584 0.017833 0.015370
v -0.000646 0.028900 0.010011
v -0.000081 0.028900 0.010764
v 0.000809 0.028900 0.010459
v 0.000794 0.028900 0.009519
v -0.000105 0.028900 0.009242
v -0.000646 0.026100 0.010011
v -0.000105 0.026100 0.009242
v 0.000794 0.026100 0.009519
v 0.000809 0.026100 0.010459
v -0.000081 0.026100 0.010764
v -0.000646 0.026100 0.010011
v -0.000646 0.028900 0.010011
v 0.004875 0.017257 0.015727
v 0.005583 0.018232 0.015716
v 0.006729 0.017859 0.015698
v 0.006729 0.016654 0.015698
v 0.005583 0.016282 0.015716
v 0.004894 0.017257 0.016927
v 0.005602 0.016282 0.016916
v 0.006748 0.016654 0.016898
v 0.006748 0.017859 0.016898
v 0.005602 0.018232 0.016916
v 0.006729 0.016654 0.015698
v 0.006748 0.016654 0.016898
v 0.003216 0.024404 0.013952
v 0.002237 0.026100 0.013967
v 0.002260 0.026100 0.015467
v 0.003239 0.024404 0.015452
v 0.005984 0.027400 -0.001117
v 0.005020 0.027400 -0.000394
v 0.005410 0.027400 0.000746
v 0.006615 0.027400 0.000728
v 0.006969 0.027400 -0.000424
v 0.005984 0.026100 -0.001117
v 0.006969 0.026100 -0.000424
v 0.006615 0.026100 0.000728
v 0.005410 0.026100 0.000746
v 0.005020 0.026100 -0.000394
v 0.005984 0.026100 -0.001117
v 0.005984 0.027400 -0.001117
v 0.003029 0.027500 -0.007404
v 0.002384 0.027500 -0.007442
v 0.001850 0.027500 -0.007078
v 0.001651 0.027500 -0.006463
v 0.001651 0.028600 -0.006463
v 0.001850 0.028600 -0.007078
v 0.002384 0.028600 -0.007442
v 0.003029 0.028600 -0.007404
v 0.009215 0.024404 0.013860
v 0.009238 0.024404 0.015360
v 0.009238 0.026100 0.015360
v 0.009184 0.026100 0.011860
v 0.009215 0.024100 0.013860
v 0.009715 0.024100 0.013852
v 0.009684 0.026100 0.011852
v 0.010195 0.026100 0.012552
v 0.010223 0.024307 0.014344
v 0.001398 0.007770 0.015780
v 0.000634 0.007619 0.015792
v -0.000146 0.007619 0.015804
v -0.000911 0.007770 0.015816
v -0.000931 0.007770 0.014516
v -0.001222 0.007870 0.014521
v -0.001504 0.007992 0.014525
v -0.001776 0.008136 0.014529
v -0.001761 0.008136 0.015529
v -0.002332 0.008536 0.015538
v -0.002825 0.009029 0.015546
v -0.003225 0.009600 0.015552
v -0.003240 0.009600 0.014552
v -0.003383 0.009872 0.014554
v -0.003505 0.010154 0.014556
v -0.003606 0.010445 0.014557
v -0.003585 0.010445 0.015857
v -0.003737 0.011210 0.015860
v -0.003737 0.011990 0.015860
v -0.003585 0.012755 0.015857
v -0.003606 0.012755 0.014557
v -0.003505 0.013045 0.014556
v -0.003383 0.013328 0.014554
v -0.003240 0.013600 0.014552
v -0.003225 0.013600 0.015552
v -0.002825 0.014171 0.015546
v -0.002332 0.014664 0.015538
v -0.001761 0.015064 0.015529
v -0.001776 0.015064 0.014529
v -0.001504 0.015207 0.014525
v -0.001222 0.015330 0.014521
v -0.000931 0.015430 0.014516
v -0.000911 0.015430 0.015816
v -0.000146 0.015581 0.015804
v 0.000634 0.015581 0.015792
v 0.001398 0.015430 0.015780
v 0.001378 0.015430 0.014481
v 0.001669 0.015330 0.014476
v 0.001951 0.015207 0.014472
v 0.002223 0.015064 0.014468
v 0.002239 0.015064 0.015467
v 0.002810 0.014664 0.015459
v 0.003303 0.014171 0.015451
v 0.003703 0.013600 0.015445
v 0.003687 0.013600 0.014445
v 0.003831 0.013328 0.014443
v 0.003953 0.013045 0.014441
v 0.004053 0.012755 0.014439
v 0.004073 0.012755 0.015739
v 0.004224 0.011990 0.015737
v 0.004224 0.011210 0.015737
v 0.004073 0.010445 0.015739
v 0.004053 0.010445 0.014439
v 0.003953 0.010154 0.014441
v 0.003831 0.009872 0.014443
v 0.003687 0.009600 0.014445
v 0.003703 0.009600 0.015445
v 0.003303 0.009029 0.015451
v 0.002810 0.008536 0.015459
v 0.002239 0.008136 0.015467
v 0.002223 0.008136 0.014468
v 0.001951 0.007992 0.014472
v 0.001669 0.007870 0.014476
v 0.001378 0.007770 0.014481
v 0.000262 0.007600 0.016998
v 0.002833 0.008536 0.016958
v 0.004201 0.010905 0.016937
v 0.003726 0.013600 0.016945
v 0.001630 0.015359 0.016977
v -0.001106 0.015359 0.017019
v -0.003201 0.013600 0.017052
v -0.003676 0.010905 0.017059
v -0.002309 0.008536 0.017038
v 0.000634 0.015581 0.015792
v 0.001630 0.015359 0.016977
v -0.008783 0.005097 0.014137
v -0.008783 0.009868 0.014137
v -0.008760 0.009868 0.015637
v -0.008760 0.005097 0.015637
v 0.006015 -0.004200 0.000933
v 0.005030 -0.004200 0.000239
v 0.005384 -0.004200 -0.000912
v 0.006589 -0.004200 -0.000931
v 0.006979 -0.004200 0.000209
v 0.006015 -0.002900 0.000933
v 0.006979 -0.002900 0.000209
v 0.006589 -0.002900 -0.000931
v 0.005384 -0.002900 -0.000912
v 0.005030 -0.002900 0.000239
v 0.006589 -0.004200 -0.000931
v 0.006589 -0.002900 -0.000931
v -0.003256 -0.004300 -0.007307
v -0.002612 -0.004300 -0.007365
v -0.002067 -0.004300 -0.007018
v -0.001849 -0.004300 -0.006409
v -0.001849 -0.005400 -0.006409
v -0.002067 -0.005400 -0.007018
v -0.002612 -0.005400 -0.007365
v -0.003256 -0.005400 -0.007307
v 0.010062 -0.005400 0.009392
v 0.010062 -0.002900 0.009392
v 0.010113 -0.002900 0.009695
v 0.010146 -0.002900 0.010000
v 0.010160 -0.002900 0.010306
v 0.010160 -0.005400 0.010306
v 0.010146 -0.005400 0.010000
v 0.010113 -0.005400 0.009695
v 0.010223 -0.001107 0.014344
v 0.010195 -0.002900 0.012552
v 0.009684 -0.002900 0.011852
v 0.009715 -0.000900 0.013852
v 0.009860 0.028900 0.010311
v 0.009949 0.028900 0.016049
v 0.010247 0.028600 0.015920
v 0.010160 0.028600 0.010306
v 0.004218 0.026100 0.015437
v 0.003239 0.024404 0.015452
v 0.002260 0.026100 0.015467
v 0.006954 -0.005700 0.009894
v 0.006413 -0.005700 0.010663
v 0.005514 -0.005700 0.010387
v 0.005499 -0.005700 0.009446
v 0.006389 -0.005700 0.009142
v 0.006954 -0.002900 0.009894
v 0.006389 -0.002900 0.009142
v 0.005499 -0.002900 0.009446
v 0.005514 -0.002900 0.010387
v 0.006413 -0.002900 0.010663
v 0.005499 -0.005700 0.009446
v 0.005499 -0.002900 0.009446
v 0.005968 -0.005700 -0.002142
v 0.006405 -0.005700 -0.002149
v 0.006410 -0.005400 -0.001849
v 0.005973 -0.005400 -0.001842
v 0.006026 -0.005400 0.001657
v 0.004498 -0.005400 0.000806
v 0.004471 -0.005400 -0.000944
v 0.005973 -0.005400 -0.001842
v 0.005973 -0.004200 -0.001842
v 0.004471 -0.004200 -0.000944
v 0.004498 -0.004200 0.000806
v 0.006026 -0.004200 0.001657
v -0.009767 -0.005400 0.009698
v -0.008575 -0.005400 0.002700
v -0.008279 -0.005700 0.002750
v -0.009471 -0.005700 0.009748
v 0.010160 -0.005400 0.010306
v 0.010247 -0.005400 0.015920
v 0.009949 -0.005700 0.016049
v 0.009860 -0.005700 0.010311
v 0.009961 0.028100 0.016849
v 0.009961 -0.004900 0.016849
v 0.010256 -0.004776 0.016544
v 0.010256 0.027976 0.016544
v -0.008575 -0.005400 0.002700
v -0.009767 -0.005400 0.009698
v -0.009767 -0.002900 0.009698
v -0.007886 -0.002900 -0.001343
v -0.007886 -0.004200 -0.001343
v -0.008575 -0.004200 0.002700
v -0.005972 -0.005400 0.001842
v -0.007604 -0.005400 0.001868
v -0.007604 -0.004200 0.001868
v -0.005972 -0.004200 0.001842
v -0.009767 0.028600 0.009698
v -0.008575 0.028600 0.002700
v -0.008575 0.027400 0.002700
v -0.007886 0.027400 -0.001343
v -0.007886 0.026100 -0.001343
v -0.009767 0.026100 0.009698
v -0.002506 0.018600 0.015841
v -0.002534 0.018600 0.014041
v -0.002511 0.018720 0.015541
v -0.002506 0.018720 0.015841
v -0.009767 0.028600 0.009698
v -0.009809 0.028600 0.010002
v -0.009833 0.028600 0.010308
v -0.009837 0.028600 0.010615
v -0.009537 0.028900 0.010610
v -0.009533 0.028900 0.010322
v -0.009511 0.028900 0.010034
v -0.009471 0.028900 0.009748
v -0.000504 0.003600 0.015810
v -0.000532 0.003600 0.014010
v -0.000725 0.003530 0.014013
v -0.000828 0.003352 0.014015
v -0.000792 0.003150 0.014014
v -0.000764 0.003150 0.015814
v -0.000800 0.003352 0.015814
v -0.000697 0.003530 0.015813
v 0.009215 0.002103 0.013860
v 0.009215 0.000404 0.013860
v 0.009238 0.000404 0.015360
v 0.009238 0.002103 0.015360
v 0.005495 0.001600 0.015717
v 0.005467 0.001600 0.013918
v 0.005965 0.001600 0.013910
v 0.005993 0.001600 0.015710
v -0.003446 -0.000400 0.015855
v -0.003474 -0.000400 0.014055
v -0.003926 -0.001184 0.014062
v -0.003899 -0.001184 0.015862
v 0.000489 0.003720 0.015494
v -0.000011 0.003720 0.015502
v -0.000006 0.003720 0.015802
v 0.000494 0.003720 0.015794
v 0.002989 0.018720 0.015456
v 0.002966 0.018600 0.013956
v 0.002993 0.018600 0.015756
v 0.002993 0.018720 0.015756
v 0.004636 0.024816 0.015731
v 0.004608 0.024816 0.013931
v 0.005061 0.025600 0.013924
v 0.005088 0.025600 0.015724
v 0.001398 0.015600 0.015780
v 0.001373 0.015600 0.014111
v 0.001378 0.015430 0.014481
v 0.001398 0.015430 0.015780
v 0.009215 0.022796 0.013860
v 0.009215 0.021097 0.013860
v 0.009238 0.021097 0.015360
v 0.009238 0.022796 0.015360
v 0.008403 0.021390 0.013872
v 0.009215 0.022796 0.013860
v 0.009238 0.022796 0.015360
v 0.008426 0.021390 0.015372
v 0.009215 0.018103 0.013860
v 0.009215 0.013332 0.013860
v 0.009238 0.013332 0.015360
v 0.009238 0.018103 0.015360
v -0.005045 -0.005700 0.010079
v -0.005586 -0.005700 0.010848
v -0.006485 -0.005700 0.010572
v -0.006499 -0.005700 0.009631
v -0.005609 -0.005700 0.009327
v -0.005045 -0.002900 0.010079
v -0.005609 -0.002900 0.009327
v -0.006499 -0.002900 0.009631
v -0.006485 -0.002900 0.010572
v -0.005586 -0.002900 0.010848
v -0.006499 -0.005700 0.009631
v -0.006499 -0.002900 0.009631
v -0.006437 0.017257 0.015901
v -0.005729 0.018232 0.015890
v -0.004583 0.017859 0.015873
v -0.004583 0.016654 0.015873
v -0.005729 0.016282 0.015890
v -0.006419 0.017257 0.017101
v -0.005711 0.016282 0.017090
v -0.004565 0.016654 0.017073
v -0.004565 0.017859 0.017073
v -0.005711 0.018232 0.017090
v -0.004583 0.016654 0.015873
v -0.004565 0.016654 0.017073
v 0.004195 0.026100 0.013937
v 0.003216 0.024404 0.013952
v 0.003239 0.024404 0.015452
v 0.004218 0.026100 0.015437
v 0.009215 0.024404 0.013860
v 0.008236 0.026100 0.013875
v 0.008259 0.026100 0.015375
v 0.009238 0.024404 0.015360
v 0.001118 0.027400 0.005984
v 0.000394 0.027400 0.005020
v -0.000746 0.027400 0.005410
v -0.000727 0.027400 0.006615
v 0.000424 0.027400 0.006969
v 0.001118 0.026100 0.005984
v 0.000424 0.026100 0.006969
v -0.000727 0.026100 0.006615
v -0.000746 0.026100 0.005410
v 0.000394 0.026100 0.005020
v 0.001118 0.026100 0.005984
v 0.001118 0.027400 0.005984
v 0.003029 0.028600 -0.007404
v 0.002384 0.028600 -0.007442
v 0.001850 0.028600 -0.007078
v 0.001651 0.028600 -0.006463
v 0.001951 0.028900 -0.006468
v 0.002090 0.028900 -0.006898
v 0.002464 0.028900 -0.007153
v 0.002916 0.028900 -0.007127
v 0.009238 0.026100 0.015360
v 0.009238 0.024404 0.015360
v 0.008259 0.026100 0.015375
v 0.008236 -0.002900 0.013875
v 0.009215 -0.001204 0.013860
v 0.009238 -0.001204 0.015360
v 0.008259 -0.002900 0.015375
v 0.009715 -0.000900 0.013852
v 0.009715 0.024100 0.013852
v 0.010223 0.024307 0.014344
v 0.010223 -0.001107 0.014344
v -0.008129 0.005366 0.014127
v -0.008358 0.005306 0.014131
v -0.008577 0.005215 0.014134
v -0.008783 0.005097 0.014137
v -0.008760 0.005097 0.015637
v -0.008554 0.005215 0.015634
v -0.008335 0.005306 0.015630
v -0.008106 0.005366 0.015627
v -0.000932 -0.004200 0.006015
v -0.000239 -0.004200 0.005030
v 0.000913 -0.004200 0.005384
v 0.000931 -0.004200 0.006589
v -0.000209 -0.004200 0.006979
v -0.000932 -0.002900 0.006015
v -0.000209 -0.002900 0.006979
v 0.000931 -0.002900 0.006589
v 0.000913 -0.002900 0.005384
v -0.000239 -0.002900 0.005030
v 0.000931 -0.004200 0.006589
v 0.000931 -0.002900 0.006589
v -0.003256 -0.005400 -0.007307
v -0.002612 -0.005400 -0.007365
v -0.002067 -0.005400 -0.007018
v -0.001849 -0.005400 -0.006409
v -0.002149 -0.005700 -0.006405
v -0.002302 -0.005700 -0.006831
v -0.002683 -0.005700 -0.007074
v -0.003134 -0.005700 -0.007033
v 0.010062 -0.005400 0.009392
v 0.010113 -0.005400 0.009695
v 0.010146 -0.005400 0.010000
v 0.010160 -0.005400 0.010306
v 0.009860 -0.005700 0.010311
v 0.009847 -0.005700 0.010023
v 0.009816 -0.005700 0.009736
v 0.009768 -0.005700 0.009452
v 0.009715 -0.000900 0.013852
v 0.009684 -0.002900 0.011852
v 0.009184 -0.002900 0.011860
v 0.009215 -0.000900 0.013860
v -0.008279 0.028900 0.002750
v -0.009471 0.028900 0.009748
v -0.009511 0.028900 0.010034
v -0.009533 0.028900 0.010322
v -0.009537 0.028900 0.010610
v -0.009449 0.028900 0.016348
v 0.009949 0.028900 0.016049
v 0.009860 0.028900 0.010311
v 0.009847 0.028900 0.010023
v 0.009816 0.028900 0.009736
v 0.009768 0.028900 0.009452
v 0.008360 0.028900 0.002493
v 0.008226 0.028900 0.002202
v 0.007977 0.028900 0.002001
v 0.007663 0.028900 0.001932
v 0.006031 0.028900 0.001957
v 0.004240 0.028900 0.000960
v 0.004209 0.028900 -0.001090
v 0.005968 0.028900 -0.002142
v 0.006405 0.028900 -0.002149
v 0.006831 0.028900 -0.002302
v 0.007074 0.028900 -0.002683
v 0.007034 0.028900 -0.003134
v 0.006018 0.028900 -0.004803
v 0.004616 0.028900 -0.006163
v 0.002916 0.028900 -0.007127
v 0.002464 0.028900 -0.007153
v 0.002090 0.028900 -0.006898
v 0.001951 0.028900 -0.006468
v 0.001958 0.028900 -0.006031
v 0.000960 0.028900 -0.004240
v -0.001090 0.028900 -0.004208
v -0.002142 0.028900 -0.005968
v -0.002149 0.028900 -0.006405
v -0.002302 0.028900 -0.006831
v -0.002683 0.028900 -0.007074
v -0.003134 0.028900 -0.007033
v -0.004803 0.028900 -0.006018
v -0.006163 0.028900 -0.004615
v -0.007126 0.028900 -0.002915
v -0.007153 0.028900 -0.002464
v -0.006898 0.028900 -0.002090
v -0.006468 0.028900 -0.001950
v -0.006031 0.028900 -0.001957
v -0.004240 0.028900 -0.000960
v -0.004208 0.028900 0.001090
v -0.005967 0.028900 0.002142
v -0.007600 0.028900 0.002168
v -0.007911 0.028900 0.002246
v -0.008154 0.028900 0.002455
v 0.005354 0.028900 0.009919
v 0.005895 0.028900 0.009150
v 0.006794 0.028900 0.009426
v 0.006808 0.028900 0.010367
v 0.005918 0.028900 0.010671
v -0.006645 0.028900 0.010104
v -0.006104 0.028900 0.009334
v -0.005205 0.028900 0.009611
v -0.005191 0.028900 0.010552
v -0.006080 0.028900 0.010856
v -0.000646 0.028900 0.010011
v -0.000105 0.028900 0.009242
v 0.000794 0.028900 0.009519
v 0.000809 0.028900 0.010459
v -0.000081 0.028900 0.010764
v -0.002999 0.028900 0.000046
v -0.002154 0.028900 -0.002088
v -0.000046 0.028900 -0.003000
v 0.002089 0.028900 -0.002154
v 0.003000 0.028900 -0.000046
v 0.002154 0.028900 0.002088
v 0.000046 0.028900 0.003000
v -0.002088 0.028900 0.002154
v -0.002691 0.028900 -0.005100
v -0.002599 0.028900 -0.004867
v -0.002485 0.028900 -0.004644
v -0.002352 0.028900 -0.004433
v -0.002180 0.028900 -0.003972
v -0.002248 0.028900 -0.003486
v -0.002539 0.028900 -0.003090
v -0.002765 0.028900 -0.002890
v -0.002974 0.028900 -0.002674
v -0.003167 0.028900 -0.002443
v -0.003553 0.028900 -0.002140
v -0.004038 0.028900 -0.002057
v -0.004503 0.028900 -0.002215
v -0.004719 0.028900 -0.002341
v -0.004945 0.028900 -0.002447
v -0.005180 0.028900 -0.002533
v -0.005685 0.028900 -0.002891
v -0.005882 0.028900 -0.003478
v -0.005696 0.028900 -0.004068
v -0.005262 0.028900 -0.004616
v -0.004776 0.028900 -0.005117
v -0.004242 0.028900 -0.005568
v -0.003657 0.028900 -0.005772
v -0.003065 0.028900 -0.005593
v 0.004069 0.028900 -0.005696
v 0.004616 0.028900 -0.005262
v 0.005118 0.028900 -0.004776
v 0.005568 0.028900 -0.004242
v 0.005773 0.028900 -0.003658
v 0.005594 0.028900 -0.003065
v 0.005100 0.028900 -0.002691
v 0.004868 0.028900 -0.002599
v 0.004645 0.028900 -0.002485
v 0.004433 0.028900 -0.002352
v 0.003973 0.028900 -0.002180
v 0.003486 0.028900 -0.002248
v 0.003091 0.028900 -0.002539
v 0.002891 0.028900 -0.002765
v 0.002675 0.028900 -0.002974
v 0.002443 0.028900 -0.003167
v 0.002140 0.028900 -0.003553
v 0.002057 0.028900 -0.004038
v 0.002215 0.028900 -0.004503
v 0.002341 0.028900 -0.004719
v 0.002448 0.028900 -0.004945
v 0.002533 0.028900 -0.005180
v 0.002891 0.028900 -0.005685
v 0.003478 0.028900 -0.005882
v 0.001704 0.028900 0.009082
v 0.000747 0.028900 0.008299
v -0.000490 0.028900 0.008318
v -0.001422 0.028900 0.009131
v -0.001491 0.028900 0.009181
v -0.001573 0.028900 0.009160
v -0.001610 0.028900 0.009084
v -0.001657 0.028900 0.006026
v -0.000806 0.028900 0.004498
v 0.000944 0.028900 0.004471
v 0.001843 0.028900 0.005972
v 0.001890 0.028900 0.009030
v 0.001855 0.028900 0.009107
v 0.001773 0.028900 0.009130
v -0.001395 0.028900 0.010915
v -0.000438 0.028900 0.011699
v 0.000799 0.028900 0.011680
v 0.001731 0.028900 0.010867
v 0.001799 0.028900 0.010817
v 0.001882 0.028900 0.010838
v 0.001919 0.028900 0.010914
v 0.001992 0.028900 0.015671
v -0.001508 0.028900 0.015725
v -0.001581 0.028900 0.010968
v -0.001546 0.028900 0.010891
v -0.001465 0.028900 0.010868
v -0.002701 0.028900 0.009643
v -0.004018 0.028900 0.009663
v -0.004061 0.028900 0.009655
v -0.004095 0.028900 0.009629
v -0.004116 0.028900 0.009591
v -0.005112 0.028900 0.008447
v -0.006628 0.028900 0.008471
v -0.007589 0.028900 0.009645
v -0.007608 0.028900 0.009683
v -0.007642 0.028900 0.009710
v -0.007684 0.028900 0.009720
v -0.008639 0.028900 0.009734
v -0.008694 0.028900 0.009719
v -0.008732 0.028900 0.009675
v -0.008739 0.028900 0.009618
v -0.007729 0.028900 0.003687
v -0.007550 0.028900 0.003265
v -0.007202 0.028900 0.002966
v -0.006758 0.028900 0.002855
v -0.005957 0.028900 0.002842
v -0.005420 0.028900 0.002781
v -0.004905 0.028900 0.002616
v -0.004432 0.028900 0.002353
v -0.003972 0.028900 0.002181
v -0.003486 0.028900 0.002248
v -0.003090 0.028900 0.002540
v -0.002890 0.028900 0.002765
v -0.002674 0.028900 0.002975
v -0.002443 0.028900 0.003167
v -0.002140 0.028900 0.003554
v -0.002057 0.028900 0.004038
v -0.002215 0.028900 0.004503
v -0.002463 0.028900 0.004984
v -0.002612 0.028900 0.005503
v -0.002657 0.028900 0.006042
v -0.002603 0.028900 0.009541
v -0.002616 0.028900 0.009592
v -0.002652 0.028900 0.009629
v -0.002588 0.028900 0.010541
v -0.002507 0.028900 0.015741
v -0.008757 0.028900 0.015837
v -0.008837 0.028900 0.010638
v -0.008824 0.028900 0.010587
v -0.008788 0.028900 0.010550
v -0.008738 0.028900 0.010536
v -0.007672 0.028900 0.010520
v -0.007629 0.028900 0.010528
v -0.007595 0.028900 0.010554
v -0.007574 0.028900 0.010592
v -0.006578 0.028900 0.011735
v -0.005062 0.028900 0.011712
v -0.004101 0.028900 0.010538
v -0.004082 0.028900 0.010500
v -0.004048 0.028900 0.010473
v -0.004006 0.028900 0.010463
v -0.002689 0.028900 0.010443
v -0.002639 0.028900 0.010455
v -0.002602 0.028900 0.010491
v 0.008935 0.028900 0.009464
v 0.007980 0.028900 0.009478
v 0.007938 0.028900 0.009470
v 0.007903 0.028900 0.009444
v 0.007883 0.028900 0.009406
v 0.006887 0.028900 0.008262
v 0.005370 0.028900 0.008286
v 0.004410 0.028900 0.009460
v 0.004391 0.028900 0.009498
v 0.004357 0.028900 0.009525
v 0.004315 0.028900 0.009535
v 0.002998 0.028900 0.009555
v 0.002948 0.028900 0.009542
v 0.002911 0.028900 0.009506
v 0.002896 0.028900 0.009457
v 0.002842 0.028900 0.005957
v 0.002781 0.028900 0.005420
v 0.002616 0.028900 0.004905
v 0.002353 0.028900 0.004433
v 0.002181 0.028900 0.003973
v 0.002249 0.028900 0.003486
v 0.002540 0.028900 0.003091
v 0.002765 0.028900 0.002891
v 0.002975 0.028900 0.002675
v 0.003167 0.028900 0.002443
v 0.003554 0.028900 0.002140
v 0.004038 0.028900 0.002057
v 0.004503 0.028900 0.002215
v 0.004984 0.028900 0.002463
v 0.005503 0.028900 0.002612
v 0.006042 0.028900 0.002657
v 0.006843 0.028900 0.002645
v 0.007291 0.028900 0.002743
v 0.007648 0.028900 0.003030
v 0.007839 0.028900 0.003447
v 0.009032 0.028900 0.009344
v 0.009026 0.028900 0.009401
v 0.008990 0.028900 0.009446
v 0.009161 0.028900 0.010360
v 0.009241 0.028900 0.015560
v 0.002992 0.028900 0.015656
v 0.002912 0.028900 0.010456
v 0.002924 0.028900 0.010406
v 0.002960 0.028900 0.010369
v 0.003010 0.028900 0.010355
v 0.004327 0.028900 0.010335
v 0.004369 0.028900 0.010343
v 0.004404 0.028900 0.010369
v 0.004425 0.028900 0.010407
v 0.005421 0.028900 0.011550
v 0.006937 0.028900 0.011527
v 0.007897 0.028900 0.010353
v 0.007917 0.028900 0.010315
v 0.007951 0.028900 0.010288
v 0.007993 0.028900 0.010278
v 0.009059 0.028900 0.010262
v 0.009110 0.028900 0.010274
v 0.009147 0.028900 0.010310
v 0.005354 0.028900 0.009919
v 0.005918 0.028900 0.010671
v 0.006808 0.028900 0.010367
v 0.006794 0.028900 0.009426
v 0.005895 0.028900 0.009150
v 0.005354 0.026100 0.009919
v 0.005895 0.026100 0.009150
v 0.006794 0.026100 0.009426
v 0.006808 0.026100 0.010367
v 0.005918 0.026100 0.010671
v 0.005354 0.026100 0.009919
v 0.005354 0.028900 0.009919
v 0.007308 -0.005400 -0.003256
v 0.007366 -0.005400 -0.002612
v 0.007018 -0.005400 -0.002067
v 0.006410 -0.005400 -0.001849
v 0.006405 -0.005700 -0.002149
v 0.006831 -0.005700 -0.002302
v 0.007074 -0.005700 -0.002683
v 0.007034 -0.005700 -0.003134
v 0.005973 -0.005400 -0.001842
v 0.006410 -0.005400 -0.001849
v 0.006410 -0.004200 -0.001849
v 0.005973 -0.004200 -0.001842
v 0.010256 0.027976 0.016544
v 0.010247 0.028600 0.015920
v 0.009949 0.028900 0.016049
v 0.009961 0.028100 0.016849
v -0.005967 -0.005700 0.002142
v -0.007600 -0.005700 0.002168
v -0.007604 -0.005400 0.001868
v -0.005972 -0.005400 0.001842
v -0.006026 0.028600 -0.001657
v -0.006463 0.028600 -0.001650
v -0.006463 0.027400 -0.001650
v -0.006026 0.027400 -0.001657
v -0.002511 0.018720 0.015541
v -0.003010 0.018720 0.015548
v -0.003006 0.018720 0.015848
v -0.002506 0.018720 0.015841
v 0.008403 0.001810 0.013872
v 0.008689 0.001863 0.013868
v 0.008961 0.001962 0.013864
v 0.009215 0.002103 0.013860
v 0.009238 0.002103 0.015360
v 0.008985 0.001962 0.015363
v 0.008712 0.001863 0.015368
v 0.008426 0.001810 0.015372
v 0.006493 0.001600 0.015702
v 0.006465 0.001600 0.013902
v 0.007370 0.001600 0.013888
v 0.007398 0.001600 0.015688
v -0.004149 -0.001617 0.015866
v -0.004176 -0.001617 0.014066
v -0.004629 -0.002400 0.014073
v -0.004601 -0.002400 0.015873
v 0.004875 0.005943 0.015727
v 0.005583 0.006918 0.015716
v 0.006729 0.006545 0.015698
v 0.006729 0.005341 0.015698
v 0.005583 0.004968 0.015716
v 0.004894 0.005943 0.016927
v 0.005602 0.004968 0.016916
v 0.006748 0.005341 0.016898
v 0.006748 0.006545 0.016898
v 0.005602 0.006918 0.016916
v 0.006729 0.005341 0.015698
v 0.006748 0.005341 0.016898
v -0.000911 0.007600 0.015816
v -0.000937 0.007600 0.014147
v -0.000931 0.007770 0.014516
v -0.000911 0.007770 0.015816
v 0.002495 0.018600 0.015764
v 0.002467 0.018600 0.013964
v 0.002275 0.018530 0.013967
v 0.002172 0.018352 0.013968
v 0.002208 0.018150 0.013968
v 0.002235 0.018150 0.015768
v 0.002200 0.018352 0.015768
v 0.002302 0.018530 0.015767
v 0.004251 0.023050 0.015736
v 0.004224 0.023050 0.013937
v 0.003906 0.023600 0.013942
v 0.003934 0.023600 0.015741
v -0.003756 0.012755 0.015860
v -0.003781 0.012755 0.014190
v -0.003606 0.012755 0.014557
v -0.003585 0.012755 0.015857
v 0.001851 0.016383 0.015773
v 0.001823 0.016383 0.013974
v 0.001544 0.015900 0.013978
v 0.001373 0.015600 0.014111
v 0.001398 0.015600 0.015780
v 0.001398 0.007770 0.015780
v 0.001378 0.007770 0.014481
v 0.001373 0.007600 0.014111
v 0.001398 0.007600 0.015780
v 0.006885 0.014691 0.015396
v 0.007942 0.015420 0.015380
v 0.008553 0.016550 0.015370
v 0.008584 0.017833 0.015370
v 0.008813 0.017894 0.015366
v 0.009033 0.017985 0.015363
v 0.009238 0.018103 0.015360
v 0.009238 0.013332 0.015360
v -0.006645 0.028900 0.010104
v -0.006080 0.028900 0.010856
v -0.005191 0.028900 0.010552
v -0.005205 0.028900 0.009611
v -0.006104 0.028900 0.009334
v -0.006645 0.026100 0.010104
v -0.006104 0.026100 0.009334
v -0.005205 0.026100 0.009611
v -0.005191 0.026100 0.010552
v -0.006080 0.026100 0.010856
v -0.006645 0.026100 0.010104
v -0.006645 0.028900 0.010104
v -0.005983 0.027400 0.001117
v -0.005019 0.027400 0.000394
v -0.005409 0.027400 -0.000746
v -0.006614 0.027400 -0.000727
v -0.006969 0.027400 0.000424
v -0.005983 0.026100 0.001117
v -0.006969 0.026100 0.000424
v -0.006614 0.026100 -0.000727
v -0.005409 0.026100 -0.000746
v -0.005019 0.026100 0.000394
v -0.005983 0.026100 0.001117
v -0.005983 0.027400 0.001117
v -0.001610 0.027400 0.009084
v -0.001610 0.028900 0.009084
v -0.001573 0.028900 0.009160
v -0.001491 0.028900 0.009181
v -0.001422 0.028900 0.009131
v -0.001422 0.027400 0.009131
v -0.001491 0.027400 0.009181
v -0.001573 0.027400 0.009160
v 0.002916 0.028900 -0.007127
v 0.004616 0.028900 -0.006163
v 0.006018 0.028900 -0.004803
v 0.007034 0.028900 -0.003134
v 0.007308 0.028600 -0.003256
v 0.006253 0.028600 -0.004990
v 0.004796 0.028600 -0.006403
v 0.003029 0.028600 -0.007404
v 0.009238 0.021097 0.015360
v 0.008985 0.021238 0.015363
v 0.008712 0.021336 0.015368
v 0.008426 0.021390 0.015372
v 0.009238 0.022796 0.015360
v 0.010062 0.028600 0.009392
v 0.010113 0.028600 0.009695
v 0.010146 0.028600 0.010000
v 0.010160 0.028600 0.010306
v 0.010160 0.026100 0.010306
v 0.010146 0.026100 0.010000
v 0.010113 0.026100 0.009695
v 0.010062 0.026100 0.009392
v 0.004218 -0.002900 0.015437
v 0.002260 -0.002900 0.015467
v 0.003239 -0.001204 0.015452
v -0.006015 -0.004200 -0.000932
v -0.005029 -0.004200 -0.000239
v -0.005384 -0.004200 0.000912
v -0.006589 -0.004200 0.000931
v -0.006979 -0.004200 -0.000209
v -0.006015 -0.002900 -0.000932
v -0.006979 -0.002900 -0.000209
v -0.006589 -0.002900 0.000931
v -0.005384 -0.002900 0.000912
v -0.005029 -0.002900 -0.000239
v -0.006589 -0.004200 0.000931
v -0.006589 -0.002900 0.000931
v 0.001919 -0.004200 0.010914
v 0.001882 -0.004200 0.010838
v 0.001799 -0.004200 0.010817
v 0.001731 -0.004200 0.010867
v 0.001731 -0.005700 0.010867
v 0.001799 -0.005700 0.010817
v 0.001882 -0.005700 0.010838
v 0.001919 -0.005700 0.010914
v -0.003134 -0.005700 -0.007033
v -0.004803 -0.005700 -0.006018
v -0.006163 -0.005700 -0.004615
v -0.007126 -0.005700 -0.002915
v -0.007404 -0.005400 -0.003029
v -0.006403 -0.005400 -0.004795
v -0.004990 -0.005400 -0.006253
v -0.003256 -0.005400 -0.007307
v 0.009215 -0.001204 0.013860
v 0.009215 -0.000900 0.013860
v 0.009184 -0.002900 0.011860
v 0.009238 -0.002900 0.015360
v 0.009238 -0.001204 0.015360
v -0.009471 0.028900 0.009748
v -0.008279 0.028900 0.002750
v -0.008575 0.028600 0.002700
v -0.009767 0.028600 0.009698
v 0.007308 -0.004200 -0.003256
v 0.007526 -0.004200 -0.002713
v 0.007705 -0.004200 -0.002155
v 0.007841 -0.004200 -0.001586
v 0.008654 -0.004200 0.002434
v 0.008463 -0.004200 0.002018
v 0.008106 -0.004200 0.001730
v 0.007659 -0.004200 0.001632
v 0.006026 -0.004200 0.001657
v 0.004498 -0.004200 0.000806
v 0.004471 -0.004200 -0.000944
v 0.005973 -0.004200 -0.001842
v 0.006410 -0.004200 -0.001849
v 0.007018 -0.004200 -0.002067
v 0.007366 -0.004200 -0.002612
v 0.006015 -0.004200 0.000933
v 0.006979 -0.004200 0.000209
v 0.006589 -0.004200 -0.000931
v 0.005384 -0.004200 -0.000912
v 0.005030 -0.004200 0.000239
v 0.003000 -0.005700 -0.000046
v 0.002154 -0.005700 0.002088
v 0.000046 -0.005700 0.003000
v -0.002088 -0.005700 0.002154
v -0.002999 -0.005700 0.000046
v -0.002154 -0.005700 -0.002088
v -0.000046 -0.005700 -0.003000
v 0.002089 -0.005700 -0.002154
v 0.003000 -0.002900 -0.000046
v 0.002089 -0.002900 -0.002154
v -0.000046 -0.002900 -0.003000
v -0.002154 -0.002900 -0.002088
v -0.002999 -0.002900 0.000046
v -0.002088 -0.002900 0.002154
v 0.000046 -0.002900 0.003000
v 0.002154 -0.002900 0.002088
v -0.002999 -0.005700 0.000046
v -0.002999 -0.002900 0.000046
v 0.007034 -0.005700 -0.003134
v 0.006018 -0.005700 -0.004803
v 0.004616 -0.005700 -0.006163
v 0.002916 -0.005700 -0.007127
v 0.003029 -0.005400 -0.007404
v 0.004796 -0.005400 -0.006403
v 0.006253 -0.005400 -0.004990
v 0.007308 -0.005400 -0.003256
v -0.009449 0.028900 0.016348
v -0.009437 0.028100 0.017148
v 0.009961 0.028100 0.016849
v 0.009949 0.028900 0.016049
v -0.005972 -0.005400 0.001842
v -0.004470 -0.005400 0.000944
v -0.004497 -0.005400 -0.000806
v -0.006026 -0.005400 -0.001657
v -0.006031 -0.005700 -0.001957
v -0.004240 -0.005700 -0.000960
v -0.004208 -0.005700 0.001090
v -0.005967 -0.005700 0.002142
v 0.008654 0.028600 0.002434
v 0.010062 0.028600 0.009392
v 0.010062 0.026100 0.009392
v 0.007841 0.026100 -0.001586
v 0.007841 0.027400 -0.001586
v 0.008654 0.027400 0.002434
v -0.003010 0.018720 0.015548
v -0.002511 0.018720 0.015541
v -0.002534 0.018600 0.014041
v -0.003034 0.018600 0.014049
v 0.009215 0.000404 0.013860
v 0.008403 0.001810 0.013872
v 0.008426 0.001810 0.015372
v 0.009238 0.000404 0.015360
v -0.003764 0.000150 0.015860
v -0.003792 0.000150 0.014060
v -0.003474 -0.000400 0.014055
v -0.003446 -0.000400 0.015855
v -0.006437 0.005943 0.015901
v -0.005729 0.006918 0.015890
v -0.004583 0.006545 0.015873
v -0.004583 0.005341 0.015873
v -0.005729 0.004968 0.015890
v -0.006419 0.005943 0.017101
v -0.005711 0.004968 0.017090
v -0.004565 0.005341 0.017073
v -0.004565 0.006545 0.017073
v -0.005711 0.006918 0.017090
v -0.004583 0.005341 0.015873
v -0.004565 0.005341 0.017073
v 0.004243 0.010445 0.015737
v 0.004218 0.010445 0.014067
v 0.004053 0.010445 0.014439
v 0.004073 0.010445 0.015739
v -0.001363 0.006816 0.015823
v -0.001391 0.006816 0.014023
v -0.001112 0.007300 0.014019
v -0.000937 0.007600 0.014147
v -0.000911 0.007600 0.015816
v -0.000937 0.007600 0.014147
v -0.001112 0.007300 0.014019
v -0.001429 0.007411 0.014024
v -0.001737 0.007546 0.014029
v -0.002034 0.007703 0.014033
v -0.001908 0.007919 0.014098
v -0.001813 0.008078 0.014280
v -0.001776 0.008136 0.014529
v -0.001504 0.007992 0.014525
v -0.001222 0.007870 0.014521
v -0.000931 0.007770 0.014516
v 0.002235 0.018150 0.015768
v 0.002208 0.018150 0.013968
v 0.002525 0.017600 0.013963
v 0.002553 0.017600 0.015763
v 0.004398 0.018600 0.015734
v 0.004370 0.018600 0.013934
v 0.003466 0.018600 0.013948
v 0.003493 0.018600 0.015748
v 0.003992 0.022600 0.015740
v 0.003964 0.022600 0.013941
v 0.004157 0.022670 0.013938
v 0.004259 0.022848 0.013936
v 0.004224 0.023050 0.013937
v 0.004251 0.023050 0.015736
v 0.004287 0.022848 0.015736
v 0.004184 0.022670 0.015738
v 0.007991 0.024323 0.015379
v 0.008072 0.024383 0.013877
v 0.008100 0.024383 0.015677
v 0.007996 0.024323 0.015679
v 0.007398 0.021600 0.015688
v 0.007370 0.021600 0.013888
v 0.006465 0.021600 0.013902
v 0.006493 0.021600 0.015702
v -0.002756 0.019575 0.015844
v -0.003731 0.020283 0.015860
v -0.003358 0.021429 0.015854
v -0.002153 0.021429 0.015835
v -0.001781 0.020283 0.015829
v -0.002737 0.019575 0.017044
v -0.001763 0.020283 0.017029
v -0.002135 0.021429 0.017035
v -0.003340 0.021429 0.017054
v -0.003712 0.020283 0.017059
v -0.002737 0.019575 0.017044
v -0.002756 0.019575 0.015844
v -0.004539 0.013207 0.015872
v -0.004567 0.013207 0.014072
v -0.004083 0.012928 0.014065
v -0.003781 0.012755 0.014190
v -0.003756 0.012755 0.015860
v -0.003781 0.012755 0.014190
v -0.004083 0.012928 0.014065
v -0.003972 0.013245 0.014063
v -0.003838 0.013553 0.014061
v -0.003681 0.013850 0.014059
v -0.003463 0.013725 0.014122
v -0.003302 0.013633 0.014303
v -0.003240 0.013600 0.014552
v -0.003383 0.013328 0.014554
v -0.003505 0.013045 0.014556
v -0.003606 0.012755 0.014557
v -0.000911 0.015430 0.015816
v -0.000931 0.015430 0.014516
v -0.000937 0.015600 0.014147
v -0.000911 0.015600 0.015816
v 0.001742 0.016443 0.015475
v 0.001823 0.016383 0.013974
v 0.001851 0.016383 0.015773
v 0.001747 0.016443 0.015775
v 0.002101 0.016816 0.015770
v 0.002073 0.016816 0.013970
v 0.001992 0.016876 0.015471
v 0.001997 0.016876 0.015771
v 0.001398 0.007600 0.015780
v 0.001373 0.007600 0.014111
v 0.001544 0.007300 0.013978
v 0.001823 0.006816 0.013974
v 0.001851 0.006816 0.015773
v 0.006861 0.008509 0.013896
v 0.009215 0.009868 0.013860
v 0.009238 0.009868 0.015360
v 0.006885 0.008509 0.015396
v -0.002999 0.028900 0.000046
v -0.002088 0.028900 0.002154
v 0.000046 0.028900 0.003000
v 0.002154 0.028900 0.002088
v 0.003000 0.028900 -0.000046
v 0.002089 0.028900 -0.002154
v -0.000046 0.028900 -0.003000
v -0.002154 0.028900 -0.002088
v -0.002999 0.026100 0.000046
v -0.002154 0.026100 -0.002088
v -0.000046 0.026100 -0.003000
v 0.002089 0.026100 -0.002154
v 0.003000 0.026100 -0.000046
v 0.002154 0.026100 0.002088
v 0.000046 0.026100 0.003000
v -0.002088 0.026100 0.002154
v -0.002999 0.026100 0.000046
v -0.002999 0.028900 0.000046
v 0.006410 0.028600 -0.001849
v 0.005973 0.028600 -0.001842
v 0.005973 0.027400 -0.001842
v 0.006410 0.027400 -0.001849
v -0.001610 0.028900 0.009084
v -0.001610 0.027400 0.009084
v -0.001657 0.027400 0.006026
v -0.001657 0.028900 0.006026
v 0.006410 0.028600 -0.001849
v 0.007018 0.028600 -0.002067
v 0.007366 0.028600 -0.002612
v 0.007308 0.028600 -0.003256
v 0.007034 0.028900 -0.003134
v 0.007074 0.028900 -0.002683
v 0.006831 0.028900 -0.002302
v 0.006405 0.028900 -0.002149
v 0.009238 -0.002900 0.015360
v 0.008259 -0.002900 0.015375
v 0.009238 -0.001204 0.015360
v 0.001919 -0.004200 0.010914
v 0.001919 -0.005700 0.010914
v 0.001992 -0.005700 0.015671
v 0.001992 -0.004200 0.015671
v -0.006463 -0.005400 -0.001650
v -0.007078 -0.005400 -0.001850
v -0.007442 -0.005400 -0.002384
v -0.007404 -0.005400 -0.003029
v -0.007126 -0.005700 -0.002915
v -0.007153 -0.005700 -0.002464
v -0.006898 -0.005700 -0.002090
v -0.006468 -0.005700 -0.001950
v -0.008575 -0.004200 0.002700
v -0.007886 -0.004200 -0.001343
v -0.007767 -0.004200 -0.001916
v -0.007606 -0.004200 -0.002479
v -0.007404 -0.004200 -0.003029
v -0.007442 -0.004200 -0.002384
v -0.007078 -0.004200 -0.001850
v -0.006463 -0.004200 -0.001650
v -0.006026 -0.004200 -0.001657
v -0.004497 -0.004200 -0.000806
v -0.004470 -0.004200 0.000944
v -0.005972 -0.004200 0.001842
v -0.007604 -0.004200 0.001868
v -0.008049 -0.004200 0.001979
v -0.008396 -0.004200 0.002278
v -0.006015 -0.004200 -0.000932
v -0.006979 -0.004200 -0.000209
v -0.006589 -0.004200 0.000931
v -0.005384 -0.004200 0.000912
v -0.005029 -0.004200 -0.000239
v -0.005180 -0.005700 -0.002533
v -0.005180 -0.004400 -0.002533
v -0.004945 -0.004400 -0.002447
v -0.004719 -0.004400 -0.002341
v -0.004503 -0.004400 -0.002215
v -0.004503 -0.005700 -0.002215
v -0.004719 -0.005700 -0.002341
v -0.004945 -0.005700 -0.002447
v -0.003225 0.009600 0.015552
v -0.002825 0.009029 0.015546
v -0.002332 0.008536 0.015538
v -0.001761 0.008136 0.015529
v -0.002719 0.006475 0.015544
v -0.003130 0.007470 0.015550
v -0.003891 0.008230 0.015562
v -0.004885 0.008641 0.015577
v 0.001651 -0.005400 -0.006463
v 0.001850 -0.005400 -0.007078
v 0.002384 -0.005400 -0.007442
v 0.003029 -0.005400 -0.007404
v 0.002916 -0.005700 -0.007127
v 0.002464 -0.005700 -0.007153
v 0.002090 -0.005700 -0.006898
v 0.001951 -0.005700 -0.006468
v -0.006026 -0.005400 -0.001657
v -0.004497 -0.005400 -0.000806
v -0.004470 -0.005400 0.000944
v -0.005972 -0.005400 0.001842
v -0.005972 -0.004200 0.001842
v -0.004470 -0.004200 0.000944
v -0.004497 -0.004200 -0.000806
v -0.006026 -0.004200 -0.001657
v 0.010062 0.028600 0.009392
v 0.008654 0.028600 0.002434
v 0.008360 0.028900 0.002493
v 0.009768 0.028900 0.009452
v -0.007404 0.027400 -0.003029
v -0.007606 0.027400 -0.002479
v -0.007767 0.027400 -0.001916
v -0.007886 0.027400 -0.001343
v -0.008575 0.027400 0.002700
v -0.008396 0.027400 0.002278
v -0.008049 0.027400 0.001979
v -0.007604 0.027400 0.001868
v -0.005972 0.027400 0.001842
v -0.004470 0.027400 0.000944
v -0.004497 0.027400 -0.000806
v -0.006026 0.027400 -0.001657
v -0.006463 0.027400 -0.001650
v -0.007078 0.027400 -0.001850
v -0.007442 0.027400 -0.002384
v -0.005983 0.027400 0.001117
v -0.006969 0.027400 0.000424
v -0.006614 0.027400 -0.000727
v -0.005409 0.027400 -0.000746
v -0.005019 0.027400 0.000394
v -0.003010 0.018720 0.015548
v -0.003034 0.018600 0.014049
v -0.003006 0.018600 0.015848
v -0.003006 0.018720 0.015848
v -0.003504 0.000600 0.015856
v -0.003532 0.000600 0.014056
v -0.003725 0.000530 0.014059
v -0.003827 0.000352 0.014061
v -0.003792 0.000150 0.014060
v -0.003764 0.000150 0.015860
v -0.003800 0.000352 0.015861
v -0.003697 0.000530 0.015859
v -0.007513 -0.001124 0.015618
v -0.007640 -0.001184 0.014120
v -0.007612 -0.001184 0.015919
v -0.007508 -0.001124 0.015918
v -0.002756 0.001575 0.015844
v -0.003731 0.002283 0.015860
v -0.003358 0.003429 0.015854
v -0.002153 0.003429 0.015835
v -0.001781 0.002283 0.015829
v -0.002737 0.001575 0.017044
v -0.001763 0.002283 0.017029
v -0.002135 0.003429 0.017035
v -0.003340 0.003429 0.017054
v -0.003712 0.002283 0.017059
v -0.002737 0.001575 0.017044
v -0.002756 0.001575 0.015844
v 0.005027 0.009993 0.015725
v 0.004999 0.009993 0.013925
v 0.004515 0.010272 0.013932
v 0.004218 0.010445 0.014067
v 0.004243 0.010445 0.015737
v 0.002553 0.005600 0.015763
v 0.002525 0.005600 0.013963
v 0.002208 0.005050 0.013968
v 0.002235 0.005050 0.015768
v -0.001264 0.006756 0.015521
v -0.001391 0.006816 0.014023
v -0.001363 0.006816 0.015823
v -0.001259 0.006756 0.015821
v -0.001613 0.006383 0.015827
v -0.001641 0.006383 0.014027
v -0.001514 0.006323 0.015525
v -0.001509 0.006323 0.015825
v -0.001776 0.008136 0.014529
v -0.001813 0.008078 0.014280
v -0.001908 0.007919 0.014098
v -0.002034 0.007703 0.014033
v -0.002742 0.006475 0.014044
v -0.002719 0.006475 0.015544
v -0.001761 0.008136 0.015529
v 0.002553 0.017600 0.015763
v 0.002525 0.017600 0.013963
v 0.002073 0.016816 0.013970
v 0.002101 0.016816 0.015770
v 0.002993 0.018600 0.015756
v 0.002966 0.018600 0.013956
v 0.002467 0.018600 0.013964
v 0.002495 0.018600 0.015764
v 0.002495 0.022600 0.015764
v 0.002467 0.022600 0.013964
v 0.002966 0.022600 0.013956
v 0.002993 0.022600 0.015756
v 0.006493 0.021600 0.015702
v 0.006465 0.021600 0.013902
v 0.006488 0.021720 0.015402
v 0.006493 0.021720 0.015702
v 0.007850 0.024816 0.015681
v 0.007822 0.024816 0.013881
v 0.007741 0.024756 0.015383
v 0.007746 0.024756 0.015683
v 0.005993 0.021600 0.015710
v 0.005965 0.021600 0.013910
v 0.005467 0.021600 0.013918
v 0.005495 0.021600 0.015717
v 0.003243 0.019575 0.015752
v 0.002269 0.020283 0.015767
v 0.002641 0.021429 0.015761
v 0.003846 0.021429 0.015743
v 0.004218 0.020283 0.015737
v 0.003262 0.019575 0.016952
v 0.004237 0.020283 0.016937
v 0.003864 0.021429 0.016943
v 0.002660 0.021429 0.016961
v 0.002287 0.020283 0.016967
v 0.003262 0.019575 0.016952
v 0.003243 0.019575 0.015752
v -0.003585 0.010445 0.015857
v -0.003606 0.010445 0.014557
v -0.003781 0.010445 0.014190
v -0.003756 0.010445 0.015860
v -0.004604 0.013103 0.015573
v -0.004567 0.013207 0.014072
v -0.004539 0.013207 0.015872
v -0.004599 0.013103 0.015873
v -0.004972 0.013457 0.015879
v -0.005000 0.013457 0.014079
v -0.005037 0.013353 0.015580
v -0.005032 0.013353 0.015880
v -0.003240 0.013600 0.014552
v -0.003302 0.013633 0.014303
v -0.003463 0.013725 0.014122
v -0.003681 0.013850 0.014059
v -0.004908 0.014559 0.014077
v -0.004885 0.014559 0.015577
v -0.003225 0.013600 0.015552
v -0.000911 0.015600 0.015816
v -0.000937 0.015600 0.014147
v -0.001112 0.015900 0.014019
v -0.001391 0.016383 0.014023
v -0.001363 0.016383 0.015823
v 0.001992 0.016876 0.015471
v 0.001742 0.016443 0.015475
v 0.001747 0.016443 0.015775
v 0.001997 0.016876 0.015771
v 0.001373 0.015600 0.014111
v 0.001544 0.015900 0.013978
v 0.001861 0.015788 0.013973
v 0.002169 0.015654 0.013968
v 0.002466 0.015497 0.013964
v 0.002342 0.015280 0.014033
v 0.002253 0.015122 0.014217
v 0.002223 0.015064 0.014468
v 0.001951 0.015207 0.014472
v 0.001669 0.015330 0.014476
v 0.001378 0.015430 0.014481
v 0.002101 0.006383 0.015770
v 0.002073 0.006383 0.013970
v 0.002525 0.005600 0.013963
v 0.002553 0.005600 0.015763
v 0.008561 0.005366 0.013870
v 0.008529 0.006650 0.013870
v 0.007919 0.007780 0.013880
v 0.006861 0.008509 0.013896
v 0.006885 0.008509 0.015396
v 0.007942 0.007780 0.015380
v 0.008553 0.006650 0.015370
v 0.008584 0.005366 0.015370
v 0.009215 0.009868 0.013860
v 0.009215 0.005097 0.013860
v 0.009238 0.005097 0.015360
v 0.009238 0.009868 0.015360
v 0.005973 0.028600 -0.001842
v 0.006410 0.028600 -0.001849
v 0.006405 0.028900 -0.002149
v 0.005968 0.028900 -0.002142
v -0.001581 0.027400 0.010968
v -0.001581 0.028900 0.010968
v -0.001508 0.028900 0.015725
v -0.001508 0.027400 0.015725
v 0.007308 0.028600 -0.003256
v 0.007366 0.028600 -0.002612
v 0.007018 0.028600 -0.002067
v 0.006410 0.028600 -0.001849
v 0.006410 0.027400 -0.001849
v 0.007018 0.027400 -0.002067
v 0.007366 0.027400 -0.002612
v 0.007308 0.027400 -0.003256
v -0.001849 0.027500 -0.006409
v -0.002067 0.027500 -0.007018
v -0.002612 0.027500 -0.007365
v -0.003256 0.027500 -0.007307
v -0.003256 0.028600 -0.007307
v -0.002612 0.028600 -0.007365
v -0.002067 0.028600 -0.007018
v -0.001849 0.028600 -0.006409
v 0.009238 0.002103 0.015360
v 0.009238 0.000404 0.015360
v 0.008426 0.001810 0.015372
v 0.008712 0.001863 0.015368
v 0.008985 0.001962 0.015363
v 0.001890 -0.005700 0.009030
v 0.001890 -0.004200 0.009030
v 0.001843 -0.004200 0.005972
v 0.001843 -0.005700 0.005972
v -0.007404 -0.005400 -0.003029
v -0.007442 -0.005400 -0.002384
v -0.007078 -0.005400 -0.001850
v -0.006463 -0.005400 -0.001650
v -0.006463 -0.004200 -0.001650
v -0.007078 -0.004200 -0.001850
v -0.007442 -0.004200 -0.002384
v -0.007404 -0.004200 -0.003029
v 0.001651 -0.004300 -0.006463
v 0.001850 -0.004300 -0.007078
v 0.002384 -0.004300 -0.007442
v 0.003029 -0.004300 -0.007404
v 0.003029 -0.005400 -0.007404
v 0.002384 -0.005400 -0.007442
v 0.001850 -0.005400 -0.007078
v 0.001651 -0.005400 -0.006463
v 0.010160 0.028600 0.010306
v 0.010146 0.028600 0.010000
v 0.010113 0.028600 0.009695
v 0.010062 0.028600 0.009392
v 0.009768 0.028900 0.009452
v 0.009816 0.028900 0.009736
v 0.009847 0.028900 0.010023
v 0.009860 0.028900 0.010311
v 0.001731 -0.004200 0.010867
v 0.001799 -0.004200 0.010817
v 0.001882 -0.004200 0.010838
v 0.001919 -0.004200 0.010914
v 0.001992 -0.004200 0.015671
v -0.001508 -0.004200 0.015725
v -0.001581 -0.004200 0.010968
v -0.001546 -0.004200 0.010891
v -0.001465 -0.004200 0.010868
v -0.001395 -0.004200 0.010915
v -0.000438 -0.004200 0.011699
v 0.000799 -0.004200 0.011680
v 0.002443 -0.005700 -0.003167
v 0.002443 -0.004400 -0.003167
v 0.002675 -0.004400 -0.002974
v 0.002891 -0.004400 -0.002765
v 0.003091 -0.004400 -0.002539
v 0.003091 -0.005700 -0.002539
v 0.002891 -0.005700 -0.002765
v 0.002675 -0.005700 -0.002974
v -0.004503 -0.004400 -0.002215
v -0.004038 -0.004400 -0.002057
v -0.003553 -0.004400 -0.002140
v -0.003167 -0.004400 -0.002443
v -0.003167 -0.005700 -0.002443
v -0.003553 -0.005700 -0.002140
v -0.004038 -0.005700 -0.002057
v -0.004503 -0.005700 -0.002215
v -0.005696 -0.004400 -0.004068
v -0.005882 -0.004400 -0.003478
v -0.005685 -0.004400 -0.002891
v -0.005180 -0.004400 -0.002533
v -0.005180 -0.005700 -0.002533
v -0.005685 -0.005700 -0.002891
v -0.005882 -0.005700 -0.003478
v -0.005696 -0.005700 -0.004068
v -0.004432 -0.004400 0.002353
v -0.004432 -0.005700 0.002353
v -0.003972 -0.005700 0.002181
v -0.003486 -0.005700 0.002248
v -0.003090 -0.005700 0.002540
v -0.003090 -0.004400 0.002540
v -0.003486 -0.004400 0.002248
v -0.003972 -0.004400 0.002181
v -0.001761 0.015064 0.015529
v -0.002332 0.014664 0.015538
v -0.002825 0.014171 0.015546
v -0.003225 0.013600 0.015552
v -0.004885 0.014559 0.015577
v -0.003891 0.014969 0.015562
v -0.003130 0.015730 0.015550
v -0.002719 0.016725 0.015544
v 0.001658 -0.005400 -0.006026
v 0.001651 -0.005400 -0.006463
v 0.001951 -0.005700 -0.006468
v 0.001958 -0.005700 -0.006031
v 0.006410 -0.005400 -0.001849
v 0.007018 -0.005400 -0.002067
v 0.007366 -0.005400 -0.002612
v 0.007308 -0.005400 -0.003256
v 0.007308 -0.004200 -0.003256
v 0.007366 -0.004200 -0.002612
v 0.007018 -0.004200 -0.002067
v 0.006410 -0.004200 -0.001849
v -0.006026 -0.005400 -0.001657
v -0.006463 -0.005400 -0.001650
v -0.006468 -0.005700 -0.001950
v -0.006031 -0.005700 -0.001957
v -0.006463 -0.005400 -0.001650
v -0.006026 -0.005400 -0.001657
v -0.006026 -0.004200 -0.001657
v -0.006463 -0.004200 -0.001650
v 0.006410 0.027400 -0.001849
v 0.005973 0.027400 -0.001842
v 0.004471 0.027400 -0.000944
v 0.004498 0.027400 0.000806
v 0.006026 0.027400 0.001657
v 0.007659 0.027400 0.001632
v 0.008106 0.027400 0.001730
v 0.008463 0.027400 0.002018
v 0.008654 0.027400 0.002434
v 0.007841 0.027400 -0.001586
v 0.007705 0.027400 -0.002155
v 0.007526 0.027400 -0.002713
v 0.007308 0.027400 -0.003256
v 0.007366 0.027400 -0.002612
v 0.007018 0.027400 -0.002067
v 0.005984 0.027400 -0.001117
v 0.006969 0.027400 -0.000424
v 0.006615 0.027400 0.000728
v 0.005410 0.027400 0.000746
v 0.005020 0.027400 -0.000394
v -0.008575 0.028600 0.002700
v -0.008396 0.028600 0.002278
v -0.008049 0.028600 0.001979
v -0.007604 0.028600 0.001868
v -0.007604 0.027400 0.001868
v -0.008049 0.027400 0.001979
v -0.008396 0.027400 0.002278
v -0.008575 0.027400 0.002700
v 0.002993 0.004600 0.015756
v 0.002966 0.004600 0.013956
v 0.002989 0.004480 0.015456
v 0.002993 0.004480 0.015756
v -0.005510 0.001480 0.015587
v -0.005533 0.001600 0.014087
v -0.005506 0.001600 0.015887
v -0.005506 0.001480 0.015887
v -0.002008 0.000600 0.015833
v -0.002035 0.000600 0.014033
v -0.002534 0.000600 0.014041
v -0.002506 0.000600 0.015841
v -0.006005 0.001600 0.015895
v -0.006033 0.001600 0.014095
v -0.006010 0.001480 0.015595
v -0.006005 0.001480 0.015895
v -0.007362 -0.001617 0.015916
v -0.007390 -0.001617 0.014116
v -0.007263 -0.001557 0.015614
v -0.007258 -0.001557 0.015914
v 0.003243 0.001575 0.015752
v 0.002269 0.002283 0.015767
v 0.002641 0.003429 0.015761
v 0.003846 0.003429 0.015743
v 0.004218 0.002283 0.015737
v 0.003262 0.001575 0.016952
v 0.004237 0.002283 0.016937
v 0.003864 0.003429 0.016943
v 0.002660 0.003429 0.016961
v 0.002287 0.002283 0.016967
v 0.003262 0.001575 0.016952
v 0.003243 0.001575 0.015752
v 0.004073 0.012755 0.015739
v 0.004053 0.012755 0.014439
v 0.004218 0.012755 0.014067
v 0.004243 0.012755 0.015737
v 0.005082 0.010097 0.015424
v 0.004999 0.009993 0.013925
v 0.005027 0.009993 0.015725
v 0.005087 0.010097 0.015724
v 0.008243 0.010445 0.015675
v 0.008215 0.010445 0.013875
v 0.006215 0.009290 0.013906
v 0.006243 0.009290 0.015706
v 0.002235 0.005050 0.015768
v 0.002208 0.005050 0.013968
v 0.002172 0.004848 0.013968
v 0.002275 0.004670 0.013967
v 0.002467 0.004600 0.013964
v 0.002495 0.004600 0.015764
v 0.002302 0.004670 0.015767
v 0.002200 0.004848 0.015768
v -0.001514 0.006323 0.015525
v -0.001264 0.006756 0.015521
v -0.001259 0.006756 0.015821
v -0.001509 0.006323 0.015825
v -0.002742 0.006475 0.014044
v -0.003153 0.007470 0.014050
v -0.003914 0.008230 0.014062
v -0.004908 0.008641 0.014077
v -0.004885 0.008641 0.015577
v -0.003891 0.008230 0.015562
v -0.003130 0.007470 0.015550
v -0.002719 0.006475 0.015544
v -0.002008 0.018600 0.015833
v -0.002035 0.018600 0.014033
v -0.002534 0.018600 0.014041
v -0.002506 0.018600 0.015841
v 0.003493 0.022600 0.015748
v 0.003466 0.022600 0.013948
v 0.003964 0.022600 0.013941
v 0.003992 0.022600 0.015740
v 0.007991 0.024323 0.015379
v 0.007741 0.024756 0.015383
v 0.007822 0.024816 0.013881
v 0.008072 0.024383 0.013877
v 0.006488 0.021720 0.015402
v 0.005988 0.021720 0.015410
v 0.005993 0.021720 0.015710
v 0.006493 0.021720 0.015702
v 0.007741 0.024756 0.015383
v 0.007991 0.024323 0.015379
v 0.007996 0.024323 0.015679
v 0.007746 0.024756 0.015683
v -0.005007 0.021600 0.015879
v -0.005035 0.021600 0.014079
v -0.005533 0.021600 0.014087
v -0.005506 0.021600 0.015887
v 0.005988 0.021720 0.015410
v 0.006488 0.021720 0.015402
v 0.006465 0.021600 0.013902
v 0.005965 0.021600 0.013910
v -0.001748 0.018150 0.015829
v -0.001776 0.018150 0.014029
v -0.001740 0.018352 0.014029
v -0.001843 0.018530 0.014030
v -0.002035 0.018600 0.014033
v -0.002008 0.018600 0.015833
v -0.001815 0.018530 0.015830
v -0.001712 0.018352 0.015828
v -0.005756 0.022575 0.015891
v -0.006730 0.023283 0.015906
v -0.006358 0.024429 0.015900
v -0.005153 0.024429 0.015881
v -0.004781 0.023283 0.015876
v -0.005737 0.022575 0.017091
v -0.004762 0.023283 0.017076
v -0.005135 0.024429 0.017081
v -0.006339 0.024429 0.017100
v -0.006712 0.023283 0.017106
v -0.005737 0.022575 0.017091
v -0.005756 0.022575 0.015891
v -0.005756 -0.001425 0.015891
v -0.006730 -0.000717 0.015906
v -0.006358 0.000429 0.015900
v -0.005153 0.000429 0.015881
v -0.004781 -0.000717 0.015876
v -0.005737 -0.001425 0.017091
v -0.004762 -0.000717 0.017076
v -0.005135 0.000429 0.017081
v -0.006339 0.000429 0.017100
v -0.006712 -0.000717 0.017106
v -0.005737 -0.001425 0.017091
v -0.005756 -0.001425 0.015891
v 0.008977 0.043100 0.017864
v 0.009477 0.042966 0.017856
v 0.009843 0.042600 0.017851
v 0.009977 0.042100 0.017848
v 0.009835 0.042100 0.017351
v 0.009463 0.042100 0.016990
v 0.008961 0.042100 0.016864
v 0.008963 0.042600 0.016998
v 0.008969 0.042966 0.017364
v 0.009463 0.042815 0.017362
v 0.008977 -0.019900 0.017864
v 0.008969 -0.019766 0.017364
v 0.008963 -0.019400 0.016998
v 0.008961 -0.018900 0.016864
v 0.009463 -0.018900 0.016990
v 0.009835 -0.018900 0.017351
v 0.009977 -0.018900 0.017848
v 0.009843 -0.019400 0.017851
v 0.009477 -0.019766 0.017856
v 0.009684 -0.019394 0.017359
v 0.009977 -0.018900 0.017848
v 0.009835 -0.018900 0.017351
v 0.009463 -0.018900 0.016990
v 0.008961 -0.018900 0.016864
v 0.008961 0.042100 0.016864
v 0.009463 0.042100 0.016990
v 0.009835 0.042100 0.017351
v 0.009977 0.042100 0.017848
v -0.014021 0.043100 0.018218
v -0.014028 0.042966 0.017718
v -0.014034 0.042600 0.017352
v -0.014036 0.042100 0.017219
v -0.014534 0.042100 0.017360
v -0.014894 0.042100 0.017732
v -0.015021 0.042100 0.018234
v -0.014887 0.042600 0.018232
v -0.014521 0.042966 0.018226
v -0.014522 0.042815 0.017732
v 0.009054 0.043100 0.022863
v 0.009061 0.042966 0.023363
v 0.009067 0.042600 0.023729
v 0.009069 0.042100 0.023863
v 0.009567 0.042100 0.023722
v 0.009927 0.042100 0.023350
v 0.010054 0.042100 0.022848
v 0.009920 0.042600 0.022850
v 0.009554 0.042966 0.022856
v 0.009555 0.042815 0.023350
v -0.014021 -0.019900 0.018218
v -0.014521 -0.019766 0.018226
v -0.014887 -0.019400 0.018232
v -0.015021 -0.018900 0.018234
v -0.014894 -0.018900 0.017732
v -0.014534 -0.018900 0.017360
v -0.014036 -0.018900 0.017219
v -0.014034 -0.019400 0.017352
v -0.014028 -0.019766 0.017718
v -0.014522 -0.019616 0.017732
v 0.009977 0.042100 0.017848
v 0.009843 0.042600 0.017851
v 0.009477 0.042966 0.017856
v 0.008977 0.043100 0.017864
v 0.009054 0.043100 0.022863
v 0.009554 0.042966 0.022856
v 0.009920 0.042600 0.022850
v 0.010054 0.042100 0.022848
v -0.015021 0.042100 0.018234
v -0.014894 0.042100 0.017732
v -0.014534 0.042100 0.017360
v -0.014036 0.042100 0.017219
v -0.014036 -0.018900 0.017219
v -0.014534 -0.018900 0.017360
v -0.014894 -0.018900 0.017732
v -0.015021 -0.018900 0.018234
v -0.014021 -0.019900 0.018218
v -0.014028 -0.019766 0.017718
v -0.014034 -0.019400 0.017352
v -0.014036 -0.018900 0.017219
v 0.008961 -0.018900 0.016864
v 0.008963 -0.019400 0.016998
v 0.008969 -0.019766 0.017364
v 0.008977 -0.019900 0.017864
v -0.014036 0.042100 0.017219
v -0.014034 0.042600 0.017352
v -0.014028 0.042966 0.017718
v -0.014021 0.043100 0.018218
v 0.008977 0.043100 0.017864
v 0.008969 0.042966 0.017364
v 0.008963 0.042600 0.016998
v 0.008961 0.042100 0.016864
v 0.008977 -0.019900 0.017864
v 0.009477 -0.019766 0.017856
v 0.009843 -0.019400 0.017851
v 0.009977 -0.018900 0.017848
v 0.010054 -0.018900 0.022848
v 0.009920 -0.019400 0.022850
v 0.009554 -0.019766 0.022856
v 0.009054 -0.019900 0.022863
v 0.009054 -0.019900 0.022863
v 0.009554 -0.019766 0.022856
v 0.009920 -0.019400 0.022850
v 0.010054 -0.018900 0.022848
v 0.009927 -0.018900 0.023350
v 0.009567 -0.018900 0.023722
v 0.009069 -0.018900 0.023863
v 0.009067 -0.019400 0.023729
v 0.009061 -0.019766 0.023363
v 0.009777 -0.019394 0.023346
v 0.004512 0.011600 0.016933
v 0.005387 0.010084 0.016919
v 0.007136 0.010084 0.016892
v 0.008011 0.011600 0.016879
v 0.007136 0.013115 0.016892
v 0.005387 0.013115 0.016919
v -0.001488 0.005600 0.017025
v -0.000613 0.004084 0.017012
v 0.001137 0.004084 0.016985
v 0.002012 0.005600 0.016971
v 0.001137 0.007115 0.016985
v -0.000613 0.007115 0.017012
v -0.001488 0.017600 0.017025
v -0.000613 0.016084 0.017012
v 0.001137 0.016084 0.016985
v 0.002012 0.017600 0.016971
v 0.001137 0.019115 0.016985
v -0.000613 0.019115 0.017012
v -0.007487 0.011600 0.017118
v -0.006612 0.010084 0.017104
v -0.004862 0.010084 0.017077
v -0.003987 0.011600 0.017064
v -0.004862 0.013115 0.017077
v -0.006612 0.013115 0.017104
v -0.014036 -0.018900 0.017219
v -0.014036 0.042100 0.017219
v 0.008961 0.042100 0.016864
v 0.008961 -0.018900 0.016864
v -0.010913 0.043100 0.025171
v -0.010661 0.043100 0.024167
v -0.009940 0.043100 0.023424
v -0.008944 0.043100 0.023141
v 0.009054 0.043100 0.022863
v 0.008977 0.043100 0.017864
v -0.014021 0.043100 0.018218
v -0.013589 0.043100 0.046215
v -0.010589 0.043100 0.046169
v 0.010054 0.042100 0.022848
v 0.010054 -0.018900 0.022848
v 0.009977 -0.018900 0.017848
v 0.009977 0.042100 0.017848
v -0.008944 -0.019900 0.023141
v -0.009940 -0.019900 0.023424
v -0.010661 -0.019900 0.024167
v -0.010913 -0.019900 0.025171
v -0.010589 -0.019900 0.046169
v -0.013589 -0.019900 0.046215
v -0.014021 -0.019900 0.018218
v 0.008977 -0.019900 0.017864
v 0.009054 -0.019900 0.022863
v 0.009069 -0.018900 0.023863
v 0.009567 -0.018900 0.023722
v 0.009927 -0.018900 0.023350
v 0.010054 -0.018900 0.022848
v 0.010054 0.042100 0.022848
v 0.009927 0.042100 0.023350
v 0.009567 0.042100 0.023722
v 0.009069 0.042100 0.023863
v -0.014685 -0.010900 0.039981
v -0.014700 -0.013198 0.039029
v -0.014735 -0.014150 0.036732
v -0.014771 -0.013198 0.034434
v -0.014785 -0.010900 0.033482
v -0.014771 -0.008602 0.034434
v -0.014735 -0.007650 0.036732
v -0.014700 -0.008602 0.039029
v -0.014685 0.034100 0.039981
v -0.014700 0.031802 0.039029
v -0.014735 0.030850 0.036732
v -0.014771 0.031802 0.034434
v -0.014785 0.034100 0.033482
v -0.014771 0.036398 0.034434
v -0.014735 0.037350 0.036732
v -0.014700 0.036398 0.039029
v -0.014589 -0.018900 0.046230
v -0.014589 0.042100 0.046230
v -0.015021 0.042100 0.018234
v -0.015021 -0.018900 0.018234
v 0.009069 0.042100 0.023863
v 0.009067 0.042600 0.023729
v 0.009061 0.042966 0.023363
v 0.009054 0.043100 0.022863
v -0.008944 0.043100 0.023141
v -0.008936 0.042966 0.023641
v -0.008931 0.042600 0.024007
v -0.008929 0.042100 0.024141
v -0.014589 0.042100 0.046230
v -0.014455 0.042600 0.046228
v -0.014089 0.042966 0.046223
v -0.013589 0.043100 0.046215
v -0.014021 0.043100 0.018218
v -0.014521 0.042966 0.018226
v -0.014887 0.042600 0.018232
v -0.015021 0.042100 0.018234
v -0.008929 0.042100 0.024141
v -0.008929 -0.018900 0.024141
v 0.009069 -0.018900 0.023863
v 0.009069 0.042100 0.023863
v -0.013589 0.043100 0.046215
v -0.014089 0.042966 0.046223
v -0.014455 0.042600 0.046228
v -0.014589 0.042100 0.046230
v -0.014447 0.042100 0.046728
v -0.014076 0.042100 0.047089
v -0.013574 0.042100 0.047215
v -0.013576 0.042600 0.047081
v -0.013581 0.042966 0.046715
v -0.014297 0.042594 0.046720
v -0.013589 -0.019900 0.046215
v -0.014089 -0.019766 0.046223
v -0.014455 -0.019400 0.046228
v -0.014589 -0.018900 0.046230
v -0.015021 -0.018900 0.018234
v -0.014887 -0.019400 0.018232
v -0.014521 -0.019766 0.018226
v -0.014021 -0.019900 0.018218
v -0.010574 -0.018900 0.047169
v -0.010574 0.042100 0.047169
v -0.013574 0.042100 0.047215
v -0.013574 -0.018900 0.047215
v -0.010913 0.043100 0.025171
v -0.010413 0.042966 0.025164
v -0.010047 0.042600 0.025158
v -0.009913 0.042100 0.025156
v -0.009787 0.042100 0.024654
v -0.009427 0.042100 0.024282
v -0.008929 0.042100 0.024141
v -0.008931 0.042600 0.024007
v -0.008936 0.042966 0.023641
v -0.008944 0.043100 0.023141
v -0.009940 0.043100 0.023424
v -0.010661 0.043100 0.024167
v -0.008944 -0.019900 0.023141
v -0.008936 -0.019766 0.023641
v -0.008931 -0.019400 0.024007
v -0.008929 -0.018900 0.024141
v -0.009427 -0.018900 0.024282
v -0.009787 -0.018900 0.024654
v -0.009913 -0.018900 0.025156
v -0.010047 -0.019400 0.025158
v -0.010413 -0.019766 0.025164
v -0.010913 -0.019900 0.025171
v -0.010661 -0.019900 0.024167
v -0.009940 -0.019900 0.023424
v 0.009054 -0.019900 0.022863
v 0.009061 -0.019766 0.023363
v 0.009067 -0.019400 0.023729
v 0.009069 -0.018900 0.023863
v -0.008929 -0.018900 0.024141
v -0.008931 -0.019400 0.024007
v -0.008936 -0.019766 0.023641
v -0.008944 -0.019900 0.023141
v -0.010589 -0.019900 0.046169
v -0.010582 -0.019766 0.046669
v -0.010576 -0.019400 0.047035
v -0.010574 -0.018900 0.047169
v -0.013574 -0.018900 0.047215
v -0.013576 -0.019400 0.047081
v -0.013581 -0.019766 0.046715
v -0.013589 -0.019900 0.046215
v -0.009762 -0.010900 0.034955
v -0.009749 -0.012372 0.035805
v -0.009723 -0.012372 0.037504
v -0.009710 -0.010900 0.038354
v -0.009723 -0.009428 0.037504
v -0.009749 -0.009428 0.035805
v -0.009762 0.034100 0.034955
v -0.009749 0.032628 0.035805
v -0.009723 0.032628 0.037504
v -0.009710 0.034100 0.038354
v -0.009723 0.035572 0.037504
v -0.009749 0.035572 0.035805
v -0.009590 0.042100 0.046153
v -0.009590 -0.018900 0.046153
v -0.009913 -0.018900 0.025156
v -0.009913 0.042100 0.025156
v -0.013589 -0.019900 0.046215
v -0.013581 -0.019766 0.046715
v -0.013576 -0.019400 0.047081
v -0.013574 -0.018900 0.047215
v -0.014076 -0.018900 0.047089
v -0.014447 -0.018900 0.046728
v -0.014589 -0.018900 0.046230
v -0.014455 -0.019400 0.046228
v -0.014089 -0.019766 0.046223
v -0.014297 -0.019394 0.046720
v -0.010574 0.042100 0.047169
v -0.010576 0.042600 0.047035
v -0.010582 0.042966 0.046669
v -0.010589 0.043100 0.046169
v -0.013589 0.043100 0.046215
v -0.013581 0.042966 0.046715
v -0.013576 0.042600 0.047081
v -0.013574 0.042100 0.047215
v -0.009913 0.042100 0.025156
v -0.010047 0.042600 0.025158
v -0.010413 0.042966 0.025164
v -0.010913 0.043100 0.025171
v -0.010589 0.043100 0.046169
v -0.010089 0.042966 0.046161
v -0.009723 0.042600 0.046155
v -0.009590 0.042100 0.046153
v -0.009913 -0.018900 0.025156
v -0.009787 -0.018900 0.024654
v -0.009427 -0.018900 0.024282
v -0.008929 -0.018900 0.024141
v -0.008929 0.042100 0.024141
v -0.009427 0.042100 0.024282
v -0.009787 0.042100 0.024654
v -0.009913 0.042100 0.025156
v -0.010913 -0.019900 0.025171
v -0.010413 -0.019766 0.025164
v -0.010047 -0.019400 0.025158
v -0.009913 -0.018900 0.025156
v -0.009590 -0.018900 0.046153
v -0.009723 -0.019400 0.046155
v -0.010089 -0.019766 0.046161
v -0.010589 -0.019900 0.046169
v -0.007422 0.011600 0.021317
v -0.006547 0.010084 0.021304
v -0.004797 0.010084 0.021277
v -0.003922 0.011600 0.021263
v -0.004797 0.013115 0.021277
v -0.006547 0.013115 0.021304
v -0.007487 0.011600 0.017118
v -0.006612 0.013115 0.017104
v -0.004862 0.013115 0.017077
v -0.003987 0.011600 0.017064
v -0.004862 0.010084 0.017077
v -0.006612 0.010084 0.017104
v -0.003922 0.011600 0.021263
v -0.003987 0.011600 0.017064
v -0.014589 -0.018900 0.046230
v -0.014447 -0.018900 0.046728
v -0.014076 -0.018900 0.047089
v -0.013574 -0.018900 0.047215
v -0.013574 0.042100 0.047215
v -0.014076 0.042100 0.047089
v -0.014447 0.042100 0.046728
v -0.014589 0.042100 0.046230
v 0.004576 0.011600 0.021132
v 0.005451 0.010084 0.021119
v 0.007201 0.010084 0.021092
v 0.008076 0.011600 0.021078
v 0.007201 0.013115 0.021092
v 0.005451 0.013115 0.021119
v 0.004512 0.011600 0.016933
v 0.005387 0.013115 0.016919
v 0.007136 0.013115 0.016892
v 0.008011 0.011600 0.016879
v 0.007136 0.010084 0.016892
v 0.005387 0.010084 0.016919
v 0.008076 0.011600 0.021078
v 0.008011 0.011600 0.016879
v -0.010589 0.043100 0.046169
v -0.010582 0.042966 0.046669
v -0.010576 0.042600 0.047035
v -0.010574 0.042100 0.047169
v -0.010076 0.042100 0.047027
v -0.009716 0.042100 0.046655
v -0.009590 0.042100 0.046153
v -0.009723 0.042600 0.046155
v -0.010089 0.042966 0.046161
v -0.010084 0.042594 0.046877
v -0.010589 -0.019900 0.046169
v -0.010089 -0.019766 0.046161
v -0.009723 -0.019400 0.046155
v -0.009590 -0.018900 0.046153
v -0.009716 -0.018900 0.046655
v -0.010076 -0.018900 0.047027
v -0.010574 -0.018900 0.047169
v -0.010576 -0.019400 0.047035
v -0.010582 -0.019766 0.046669
v -0.009866 -0.019394 0.046652
v -0.007422 0.011600 0.021317
v -0.006547 0.013115 0.021304
v -0.004797 0.013115 0.021277
v -0.003922 0.011600 0.021263
v -0.004797 0.010084 0.021277
v -0.006547 0.010084 0.021304
v -0.001423 0.005600 0.021225
v -0.000548 0.004084 0.021211
v 0.001202 0.004084 0.021184
v 0.002077 0.005600 0.021171
v 0.001202 0.007115 0.021184
v -0.000548 0.007115 0.021211
v -0.001488 0.005600 0.017025
v -0.000613 0.007115 0.017012
v 0.001137 0.007115 0.016985
v 0.002012 0.005600 0.016971
v 0.001137 0.004084 0.016985
v -0.000613 0.004084 0.017012
v 0.002077 0.005600 0.021171
v 0.002012 0.005600 0.016971
v 0.004576 0.011600 0.021132
v 0.005451 0.013115 0.021119
v 0.007201 0.013115 0.021092
v 0.008076 0.011600 0.021078
v 0.007201 0.010084 0.021092
v 0.005451 0.010084 0.021119
v -0.012786 -0.010900 0.033451
v -0.012771 -0.008602 0.034403
v -0.012736 -0.007650 0.036701
v -0.012700 -0.008602 0.038999
v -0.012685 -0.010900 0.039950
v -0.012700 -0.013198 0.038999
v -0.012736 -0.014150 0.036701
v -0.012771 -0.013198 0.034403
v -0.014685 -0.010900 0.039981
v -0.014700 -0.008602 0.039029
v -0.014735 -0.007650 0.036732
v -0.014771 -0.008602 0.034434
v -0.014785 -0.010900 0.033482
v -0.014771 -0.013198 0.034434
v -0.014735 -0.014150 0.036732
v -0.014700 -0.013198 0.039029
v -0.014685 -0.010900 0.039981
v -0.012685 -0.010900 0.039950
v -0.009590 0.042100 0.046153
v -0.009716 0.042100 0.046655
v -0.010076 0.042100 0.047027
v -0.010574 0.042100 0.047169
v -0.010574 -0.018900 0.047169
v -0.010076 -0.018900 0.047027
v -0.009716 -0.018900 0.046655
v -0.009590 -0.018900 0.046153
v -0.001423 0.017600 0.021225
v -0.000548 0.016084 0.021211
v 0.001202 0.016084 0.021184
v 0.002077 0.017600 0.021171
v 0.001202 0.019115 0.021184
v -0.000548 0.019115 0.021211
v -0.001488 0.017600 0.017025
v -0.000613 0.019115 0.017012
v 0.001137 0.019115 0.016985
v 0.002012 0.017600 0.016971
v 0.001137 0.016084 0.016985
v -0.000613 0.016084 0.017012
v 0.002077 0.017600 0.021171
v 0.002012 0.017600 0.016971
v -0.001423 0.005600 0.021225
v -0.000548 0.007115 0.021211
v 0.001202 0.007115 0.021184
v 0.002077 0.005600 0.021171
v 0.001202 0.004084 0.021184
v -0.000548 0.004084 0.021211
v -0.012762 0.034100 0.035001
v -0.012749 0.032628 0.035851
v -0.012722 0.032628 0.037551
v -0.012709 0.034100 0.038401
v -0.012722 0.035572 0.037551
v -0.012749 0.035572 0.035851
v -0.009762 0.034100 0.034955
v -0.009749 0.035572 0.035805
v -0.009723 0.035572 0.037504
v -0.009710 0.034100 0.038354
v -0.009723 0.032628 0.037504
v -0.009749 0.032628 0.035805
v -0.012762 0.034100 0.035001
v -0.009762 0.034100 0.034955
v -0.012786 0.034100 0.033451
v -0.012771 0.036398 0.034403
v -0.012736 0.037350 0.036701
v -0.012700 0.036398 0.038999
v -0.012685 0.034100 0.039950
v -0.012700 0.031802 0.038999
v -0.012736 0.030850 0.036701
v -0.012771 0.031802 0.034403
v -0.014685 0.034100 0.039981
v -0.014700 0.036398 0.039029
v -0.014735 0.037350 0.036732
v -0.014771 0.036398 0.034434
v -0.014785 0.034100 0.033482
v -0.014771 0.031802 0.034434
v -0.014735 0.030850 0.036732
v -0.014700 0.031802 0.039029
v -0.014685 0.034100 0.039981
v -0.012685 0.034100 0.039950
v -0.001423 0.017600 0.021225
v -0.000548 0.019115 0.021211
v 0.001202 0.019115 0.021184
v 0.002077 0.017600 0.021171
v 0.001202 0.016084 0.021184
v -0.000548 0.016084 0.021211
v -0.012786 0.034100 0.033451
v -0.012771 0.031802 0.034403
v -0.012736 0.030850 0.036701
v -0.012700 0.031802 0.038999
v -0.012685 0.034100 0.039950
v -0.012700 0.036398 0.038999
v -0.012736 0.037350 0.036701
v -0.012771 0.036398 0.034403
v -0.012762 0.034100 0.035001
v -0.012749 0.035572 0.035851
v -0.012722 0.035572 0.037551
v -0.012709 0.034100 0.038401
v -0.012722 0.032628 0.037551
v -0.012749 0.032628 0.035851
v -0.012762 -0.010900 0.035001
v -0.012749 -0.012372 0.035851
v -0.012722 -0.012372 0.037551
v -0.012709 -0.010900 0.038401
v -0.012722 -0.009428 0.037551
v -0.012749 -0.009428 0.035851
v -0.009762 -0.010900 0.034955
v -0.009749 -0.009428 0.035805
v -0.009723 -0.009428 0.037504
v -0.009710 -0.010900 0.038354
v -0.009723 -0.012372 0.037504
v -0.009749 -0.012372 0.035805
v -0.012762 -0.010900 0.035001
v -0.009762 -0.010900 0.034955
v -0.012786 -0.010900 0.033451
v -0.012771 -0.013198 0.034403
v -0.012736 -0.014150 0.036701
v -0.012700 -0.013198 0.038999
v -0.012685 -0.010900 0.039950
v -0.012700 -0.008602 0.038999
v -0.012736 -0.007650 0.036701
v -0.012771 -0.008602 0.034403
v -0.012762 -0.010900 0.035001
v -0.012749 -0.009428 0.035851
v -0.012722 -0.009428 0.037551
v -0.012709 -0.010900 0.038401
v -0.012722 -0.012372 0.037551
v -0.012749 -0.012372 0.035851
v 0.000890 0.039347 0.047992
v 0.000790 0.039347 0.041493
v 0.001439 0.038972 0.041483
v 0.001439 0.038222 0.041483
v 0.000790 0.037847 0.041493
v 0.000890 0.037847 0.047992
v 0.001540 0.038222 0.047982
v 0.001540 0.038972 0.047982
v -0.002210 0.037847 0.041539
v 0.000790 0.037847 0.041493
v 0.001439 0.038222 0.041483
v 0.001439 0.038972 0.041483
v 0.000790 0.039347 0.041493
v -0.002210 0.039347 0.041539
v -0.002859 0.038972 0.041549
v -0.002859 0.038222 0.041549
v 0.000890 0.036347 0.047992
v 0.000790 0.036347 0.041493
v 0.001439 0.035972 0.041483
v 0.001439 0.035222 0.041483
v 0.000790 0.034847 0.041493
v 0.000890 0.034847 0.047992
v 0.001540 0.035222 0.047982
v 0.001540 0.035972 0.047982
v -0.002210 0.034847 0.041539
v 0.000790 0.034847 0.041493
v 0.001439 0.035222 0.041483
v 0.001439 0.035972 0.041483
v 0.000790 0.036347 0.041493
v -0.002210 0.036347 0.041539
v -0.002859 0.035972 0.041549
v -0.002859 0.035222 0.041549
v 0.003890 0.039347 0.047946
v 0.000890 0.039347 0.047992
v 0.001540 0.038972 0.047982
v 0.001540 0.038222 0.047982
v 0.000890 0.037847 0.047992
v 0.003890 0.037847 0.047946
v 0.004539 0.038222 0.047936
v 0.004539 0.038972 0.047936
v 0.000890 0.042347 0.047992
v 0.000790 0.042347 0.041493
v 0.001439 0.041972 0.041483
v 0.001439 0.041222 0.041483
v 0.000790 0.040847 0.041493
v 0.000890 0.040847 0.047992
v 0.001540 0.041222 0.047982
v 0.001540 0.041972 0.047982
v -0.002210 0.037847 0.041539
v -0.002096 0.037847 0.048933
v 0.003896 0.037847 0.048341
v 0.003890 0.037847 0.047946
v 0.000890 0.037847 0.047992
v 0.000790 0.037847 0.041493
v 0.000890 0.033347 0.047992
v 0.000790 0.033347 0.041493
v 0.001439 0.032972 0.041483
v 0.001439 0.032222 0.041483
v 0.000790 0.031847 0.041493
v 0.000890 0.031847 0.047992
v 0.001540 0.032222 0.047982
v 0.001540 0.032972 0.047982
v -0.002210 0.031847 0.041539
v 0.000790 0.031847 0.041493
v 0.001439 0.032222 0.041483
v 0.001439 0.032972 0.041483
v 0.000790 0.033347 0.041493
v -0.002210 0.033347 0.041539
v -0.002859 0.032972 0.041549
v -0.002859 0.032222 0.041549
v 0.003890 0.036347 0.047946
v 0.000890 0.036347 0.047992
v 0.001540 0.035972 0.047982
v 0.001540 0.035222 0.047982
v 0.000890 0.034847 0.047992
v 0.003890 0.034847 0.047946
v 0.004539 0.035222 0.047936
v 0.004539 0.035972 0.047936
v -0.002210 0.034847 0.041539
v -0.002096 0.034847 0.048933
v 0.003896 0.034847 0.048345
v 0.003890 0.034847 0.047946
v 0.000890 0.034847 0.047992
v 0.000790 0.034847 0.041493
v 0.003896 0.039347 0.048340
v 0.003890 0.039347 0.047946
v 0.004539 0.038972 0.047936
v 0.004539 0.038222 0.047936
v 0.003890 0.037847 0.047946
v 0.003896 0.037847 0.048341
v 0.004644 0.038597 0.048240
v 0.004424 0.039128 0.048270
v 0.000536 0.037847 0.024995
v 0.000636 0.037847 0.031494
v 0.001285 0.038222 0.031484
v 0.001285 0.038972 0.031484
v 0.000636 0.039347 0.031494
v 0.000536 0.039347 0.024995
v 0.001185 0.038972 0.024985
v 0.001185 0.038222 0.024985
v 0.000636 0.037847 0.031494
v -0.002364 0.037847 0.031540
v -0.003013 0.038222 0.031550
v -0.003013 0.038972 0.031550
v -0.002364 0.039347 0.031540
v 0.000636 0.039347 0.031494
v 0.001285 0.038972 0.031484
v 0.001285 0.038222 0.031484
v -0.002210 0.040847 0.041539
v 0.000790 0.040847 0.041493
v 0.001439 0.041222 0.041483
v 0.001439 0.041972 0.041483
v 0.000790 0.042347 0.041493
v -0.002210 0.042347 0.041539
v -0.002859 0.041972 0.041549
v -0.002859 0.041222 0.041549
v -0.002210 0.028847 0.041539
v 0.000790 0.028847 0.041493
v 0.001439 0.029222 0.041483
v 0.001439 0.029972 0.041483
v 0.000790 0.030347 0.041493
v -0.002210 0.030347 0.041539
v -0.002859 0.029972 0.041549
v -0.002859 0.029222 0.041549
v -0.002096 0.034847 0.048933
v -0.002210 0.034847 0.041539
v -0.002859 0.035222 0.041549
v -0.002859 0.035972 0.041549
v -0.002210 0.036347 0.041539
v -0.002096 0.036347 0.048933
v -0.002626 0.036127 0.048967
v -0.002845 0.035597 0.048979
v 0.000890 0.030347 0.047992
v 0.000790 0.030347 0.041493
v 0.001439 0.029972 0.041483
v 0.001439 0.029222 0.041483
v 0.000790 0.028847 0.041493
v 0.000890 0.028847 0.047992
v 0.001540 0.029222 0.047982
v 0.001540 0.029972 0.047982
v -0.002210 0.031847 0.041539
v -0.002096 0.031847 0.048929
v 0.003896 0.031847 0.048345
v 0.003890 0.031847 0.047946
v 0.000890 0.031847 0.047992
v 0.000790 0.031847 0.041493
v -0.002096 0.037847 0.048933
v -0.002210 0.037847 0.041539
v -0.002859 0.038222 0.041549
v -0.002859 0.038972 0.041549
v -0.002210 0.039347 0.041539
v -0.002096 0.039347 0.048935
v -0.002626 0.039127 0.048968
v -0.002845 0.038597 0.048980
v 0.003890 0.033347 0.047946
v 0.000890 0.033347 0.047992
v 0.001540 0.032972 0.047982
v 0.001540 0.032222 0.047982
v 0.000890 0.031847 0.047992
v 0.003890 0.031847 0.047946
v 0.004539 0.032222 0.047936
v 0.004539 0.032972 0.047936
v 0.003896 0.036347 0.048343
v 0.003890 0.036347 0.047946
v 0.004539 0.035972 0.047936
v 0.004539 0.035222 0.047936
v 0.003890 0.034847 0.047946
v 0.003896 0.034847 0.048345
v 0.004644 0.035597 0.048245
v 0.004424 0.036128 0.048274
v 0.000536 0.034847 0.024995
v 0.000636 0.034847 0.031494
v 0.001285 0.035222 0.031484
v 0.001285 0.035972 0.031484
v 0.000636 0.036347 0.031494
v 0.000536 0.036347 0.024995
v 0.001185 0.035972 0.024985
v 0.001185 0.035222 0.024985
v -0.002096 0.042347 0.048945
v -0.002210 0.042347 0.041539
v 0.000790 0.042347 0.041493
v 0.000890 0.042347 0.047992
v 0.003890 0.042347 0.047946
v 0.003896 0.042347 0.048350
v 0.012261 0.044600 0.036315
v 0.012269 0.044254 0.036791
v 0.012266 0.043695 0.036609
v 0.012257 0.043695 0.036022
v 0.012254 0.044254 0.035840
v 0.012461 0.044100 0.036312
v 0.012461 0.044100 0.036312
v 0.012461 0.044100 0.036312
v 0.012461 0.044100 0.036312
v 0.012266 0.043695 0.036609
v 0.012461 0.044100 0.036312
v 0.010762 0.031000 0.036339
v 0.010736 0.030050 0.034693
v 0.010736 0.028150 0.034693
v 0.010762 0.027200 0.036339
v 0.010787 0.028150 0.037984
v 0.010787 0.030050 0.037984
v 0.011262 0.031000 0.036331
v 0.011287 0.030050 0.037976
v 0.011287 0.028150 0.037976
v 0.011262 0.027200 0.036331
v 0.011236 0.028150 0.034686
v 0.011236 0.030050 0.034686
v 0.011262 0.027200 0.036331
v 0.010762 0.027200 0.036339
v -0.005786 0.015309 0.036594
v -0.005737 0.015299 0.036593
v -0.005687 0.015296 0.036592
v -0.005636 0.015299 0.036591
v -0.005636 0.007650 0.036591
v -0.003787 0.007650 0.036563
v -0.003787 0.007550 0.036563
v -0.005686 0.007550 0.036592
v -0.005686 0.002797 0.036592
v -0.005720 0.002797 0.036593
v -0.005753 0.002797 0.036593
v -0.005786 0.002797 0.036594
v 0.003175 0.040582 0.024270
v 0.003171 0.040617 0.024393
v 0.003184 0.040706 0.024484
v 0.003209 0.040826 0.024518
v 0.004537 0.040154 0.024656
v 0.004465 0.040063 0.024618
v 0.004416 0.039993 0.024529
v 0.004404 0.039963 0.024410
v 0.004126 0.040170 0.024377
v 0.003827 0.040343 0.024343
v 0.003509 0.040481 0.024307
v 0.003647 0.040503 0.024493
v 0.003844 0.040412 0.024513
v 0.004264 0.040158 0.024559
v 0.003520 -0.016153 0.023949
v -0.002479 -0.016153 0.024041
v -0.002364 -0.016153 0.031540
v 0.000636 -0.016153 0.031494
v 0.000536 -0.016153 0.024995
v 0.003535 -0.016153 0.024949
v 0.015107 0.044100 0.026270
v 0.015111 0.046448 0.026551
v 0.015126 0.048861 0.027476
v 0.015152 0.051173 0.029202
v 0.015193 0.053070 0.031852
v 0.015249 0.054070 0.035509
v 0.015317 0.053410 0.039919
v 0.015353 0.052142 0.042211
v 0.015385 0.050080 0.044283
v 0.015408 0.047077 0.045815
v 0.015415 0.044100 0.046267
v 0.015415 0.029638 0.046268
v 0.015415 0.015926 0.046268
v 0.015415 -0.010833 0.046268
v 0.015409 -0.023640 0.045885
v 0.015390 -0.026351 0.044652
v 0.015362 -0.028467 0.042806
v 0.015327 -0.029937 0.040551
v 0.015289 -0.030731 0.038098
v 0.015215 -0.030444 0.033282
v 0.015155 -0.028182 0.029416
v 0.015119 -0.024740 0.027037
v 0.015107 -0.020900 0.026272
v 0.015107 -0.019729 0.026268
v 0.015107 -0.017923 0.026270
v 0.015107 -0.013385 0.026270
v 0.015107 -0.004595 0.026270
v 0.015107 0.012497 0.026270
v 0.015107 0.029233 0.026270
v 0.015107 0.037471 0.026270
v 0.015107 0.041555 0.026270
v 0.015107 0.043137 0.026270
v 0.015130 -0.020900 0.027770
v 0.015148 -0.025150 0.028909
v 0.015196 -0.028261 0.032020
v 0.015261 -0.029400 0.036269
v 0.015327 -0.028261 0.040519
v 0.015375 -0.025150 0.043630
v 0.015392 -0.020900 0.044768
v 0.015392 0.044100 0.044768
v 0.015375 0.048350 0.043630
v 0.015327 0.051461 0.040519
v 0.015261 0.052600 0.036269
v 0.015196 0.051461 0.032020
v 0.015148 0.048350 0.028909
v 0.015130 0.044100 0.027770
v 0.003535 -0.002653 0.024949
v 0.000536 -0.002653 0.024995
v 0.000636 -0.002653 0.031494
v -0.002364 -0.002653 0.031540
v -0.002479 -0.002653 0.024041
v 0.003520 -0.002653 0.023949
v -0.002210 -0.013153 0.041539
v -0.002096 -0.013153 0.048933
v 0.003896 -0.013153 0.048343
v 0.003890 -0.013153 0.047946
v 0.000890 -0.013153 0.047992
v 0.000790 -0.013153 0.041493
v 0.011269 0.042163 0.036831
v 0.011269 0.041650 0.036831
v 0.012269 0.041650 0.036815
v 0.012269 0.042163 0.036815
v -0.002096 -0.005653 0.048924
v -0.002210 -0.005653 0.041539
v 0.000790 -0.005653 0.041493
v 0.000890 -0.005653 0.047992
v 0.003890 -0.005653 0.047946
v 0.003896 -0.005653 0.048342
v 0.000536 -0.007153 0.024995
v 0.000636 -0.007153 0.031494
v 0.001285 -0.006778 0.031484
v 0.001285 -0.006028 0.031484
v 0.000636 -0.005653 0.031494
v 0.000536 -0.005653 0.024995
v 0.001185 -0.006028 0.024985
v 0.001185 -0.006778 0.024985
v 0.000636 -0.001153 0.031494
v -0.002364 -0.001153 0.031540
v -0.003013 -0.000778 0.031550
v -0.003013 -0.000028 0.031550
v -0.002364 0.000347 0.031540
v 0.000636 0.000347 0.031494
v 0.001285 -0.000028 0.031484
v 0.001285 -0.000778 0.031484
v 0.000536 0.001847 0.024995
v 0.000636 0.001847 0.031494
v 0.001285 0.002222 0.031484
v 0.001285 0.002972 0.031484
v 0.000636 0.003347 0.031494
v 0.000536 0.003347 0.024995
v 0.001185 0.002972 0.024985
v 0.001185 0.002222 0.024985
v 0.003520 0.022847 0.023949
v -0.002479 0.022847 0.024041
v -0.002364 0.022847 0.031540
v 0.000636 0.022847 0.031494
v 0.000536 0.022847 0.024995
v 0.003535 0.022847 0.024949
v 0.011299 0.043600 0.038780
v 0.011291 0.043600 0.038267
v 0.012291 0.043600 0.038252
v 0.012299 0.043600 0.038765
v 0.003890 -0.005653 0.047946
v 0.000890 -0.005653 0.047992
v 0.001540 -0.006028 0.047982
v 0.001540 -0.006778 0.047982
v 0.000890 -0.007153 0.047992
v 0.003890 -0.007153 0.047946
v 0.004539 -0.006778 0.047936
v 0.004539 -0.006028 0.047936
v 0.005763 -0.015616 0.023914
v 0.005773 -0.015616 0.024567
v 0.005316 -0.015998 0.024513
v 0.004860 -0.016381 0.024461
v 0.004404 -0.016763 0.024410
v 0.004396 -0.016763 0.023935
v -0.002096 -0.017653 0.048938
v -0.002210 -0.017653 0.041539
v 0.000790 -0.017653 0.041493
v 0.000890 -0.017653 0.047992
v 0.003890 -0.017653 0.047946
v 0.003896 -0.017653 0.048343
v -0.003687 0.015650 0.036561
v 0.000313 0.015650 0.036500
v 0.002693 0.014876 0.036463
v 0.004164 0.012851 0.036440
v 0.004164 0.010348 0.036440
v 0.002693 0.008323 0.036463
v 0.000313 0.007550 0.036500
v -0.003687 0.007550 0.036561
v -0.003687 0.007650 0.036561
v 0.000313 0.007650 0.036500
v 0.002634 0.008404 0.036464
v 0.004069 0.010379 0.036442
v 0.004069 0.012820 0.036442
v 0.002634 0.014795 0.036464
v 0.000313 0.015550 0.036500
v -0.003687 0.015550 0.036561
v -0.002479 -0.013153 0.024041
v -0.003129 -0.012778 0.024051
v -0.003129 -0.012028 0.024051
v -0.002479 -0.011653 0.024041
v -0.002364 -0.011653 0.031540
v -0.003013 -0.012028 0.031550
v -0.003013 -0.012778 0.031550
v -0.002364 -0.013153 0.031540
v -0.007501 0.004747 0.048641
v -0.006927 0.003369 0.048891
v -0.005544 0.002797 0.049091
v -0.004246 0.003292 0.049041
v -0.003595 0.004747 0.049009
v -0.003595 0.018747 0.049009
v -0.004245 0.020201 0.049041
v -0.005544 0.020697 0.049091
v -0.006927 0.020124 0.048891
v -0.007501 0.018747 0.048642
v -0.005894 0.015696 0.049088
v -0.005544 0.016093 0.049091
v -0.005229 0.015996 0.049080
v -0.005094 0.015696 0.049075
v -0.005229 0.015396 0.049080
v -0.005544 0.015299 0.049091
v -0.005794 0.015431 0.049092
v -0.006247 0.011600 0.049051
v -0.005544 0.011600 0.049091
v -0.004337 0.011600 0.049044
v 0.003890 0.000347 0.047946
v 0.000890 0.000347 0.047992
v 0.001540 -0.000028 0.047982
v 0.001540 -0.000778 0.047982
v 0.000890 -0.001153 0.047992
v 0.003890 -0.001153 0.047946
v 0.004539 -0.000778 0.047936
v 0.004539 -0.000028 0.047936
v 0.000890 -0.005653 0.047992
v 0.000790 -0.005653 0.041493
v 0.001439 -0.006028 0.041483
v 0.001439 -0.006778 0.041483
v 0.000790 -0.007153 0.041493
v 0.000890 -0.007153 0.047992
v 0.001540 -0.006778 0.047982
v 0.001540 -0.006028 0.047982
v 0.003896 0.003347 0.048346
v 0.003890 0.003347 0.047946
v 0.004539 0.002972 0.047936
v 0.004539 0.002222 0.047936
v 0.003890 0.001847 0.047946
v 0.003896 0.001847 0.048345
v 0.004644 0.002597 0.048249
v 0.004424 0.003128 0.048278
v 0.003896 0.000347 0.048343
v 0.003890 0.000347 0.047946
v 0.004539 -0.000028 0.047936
v 0.004539 -0.000778 0.047936
v 0.003890 -0.001153 0.047946
v 0.003896 -0.001153 0.048342
v 0.004644 -0.000403 0.048246
v 0.004424 0.000128 0.048275
v -0.004928 -0.022203 0.024152
v -0.004545 -0.022203 0.049003
v -0.005494 -0.021253 0.049086
v -0.005879 -0.021253 0.024099
v -0.002096 0.013847 0.048918
v -0.002210 0.013847 0.041539
v -0.002859 0.014222 0.041549
v -0.002859 0.014972 0.041549
v -0.002210 0.015347 0.041539
v -0.002096 0.015347 0.048919
v -0.002626 0.015127 0.048953
v -0.002845 0.014597 0.048966
v 0.003535 0.037847 0.024949
v 0.000536 0.037847 0.024995
v 0.001185 0.038222 0.024985
v 0.001185 0.038972 0.024985
v 0.000536 0.039347 0.024995
v 0.003535 0.039347 0.024949
v 0.004185 0.038972 0.024939
v 0.004185 0.038222 0.024939
v 0.003520 -0.001153 0.023949
v -0.002479 -0.001153 0.024041
v -0.002364 -0.001153 0.031540
v 0.000636 -0.001153 0.031494
v 0.000536 -0.001153 0.024995
v 0.003535 -0.001153 0.024949
v -0.007501 0.018747 0.048642
v -0.006927 0.020124 0.048891
v -0.005544 0.020697 0.049091
v -0.004245 0.020201 0.049041
v -0.003595 0.018747 0.049009
v -0.003787 0.018747 0.036563
v -0.004040 0.019707 0.036567
v -0.004733 0.020418 0.036577
v -0.005686 0.020696 0.036592
v -0.005720 0.020697 0.036593
v -0.005753 0.020697 0.036593
v -0.005786 0.020696 0.036594
v -0.006740 0.020418 0.036608
v -0.007433 0.019707 0.036619
v -0.007686 0.018747 0.036623
v 0.011262 -0.015900 0.036331
v 0.011216 -0.016855 0.033392
v 0.011188 -0.019355 0.031576
v 0.011188 -0.022445 0.031576
v 0.011216 -0.024945 0.033392
v 0.011262 -0.025900 0.036331
v 0.011307 -0.024945 0.039269
v 0.011335 -0.022445 0.041086
v 0.011335 -0.019355 0.041086
v 0.011307 -0.016855 0.039269
v 0.014761 -0.015900 0.036277
v 0.014806 -0.016855 0.039215
v 0.014834 -0.019355 0.041032
v 0.014834 -0.022445 0.041032
v 0.014806 -0.024945 0.039215
v 0.014761 -0.025900 0.036277
v 0.014716 -0.024945 0.033338
v 0.014688 -0.022445 0.031522
v 0.014688 -0.019355 0.031522
v 0.014716 -0.016855 0.033338
v 0.014761 -0.025900 0.036277
v 0.011262 -0.025900 0.036331
v -0.005636 0.015299 0.036591
v -0.005501 0.015342 0.036589
v -0.005389 0.015429 0.036588
v -0.005314 0.015550 0.036586
v -0.005636 0.015550 0.036591
v 0.003890 -0.017653 0.047946
v 0.000890 -0.017653 0.047992
v 0.001540 -0.018028 0.047982
v 0.001540 -0.018778 0.047982
v 0.000890 -0.019153 0.047992
v 0.003890 -0.019153 0.047946
v 0.004539 -0.018778 0.047936
v 0.004539 -0.018028 0.047936
v 0.004396 -0.016763 0.023935
v 0.004404 -0.016763 0.024410
v 0.004123 -0.016971 0.024377
v 0.003823 -0.017145 0.024342
v 0.003507 -0.017282 0.024307
v 0.003175 -0.017382 0.024270
v 0.003170 -0.017382 0.023954
v 0.003609 -0.017240 0.023947
v 0.004021 -0.017032 0.023941
v 0.010762 -0.018800 0.036339
v 0.010790 -0.019850 0.038157
v 0.010790 -0.021950 0.038157
v 0.010762 -0.023000 0.036339
v 0.010734 -0.021950 0.034520
v 0.010734 -0.019850 0.034520
v 0.011262 -0.018800 0.036331
v 0.011234 -0.019850 0.034512
v 0.011234 -0.021950 0.034512
v 0.011262 -0.023000 0.036331
v 0.011290 -0.021950 0.038149
v 0.011290 -0.019850 0.038149
v 0.010762 -0.023000 0.036339
v 0.011262 -0.023000 0.036331
v 0.006119 0.038050 0.023909
v 0.006130 0.038050 0.024622
v 0.006130 0.024825 0.024608
v 0.006130 0.011600 0.024598
v 0.006130 -0.001625 0.024608
v 0.006130 -0.014850 0.024622
v 0.006119 -0.014850 0.023909
v -0.002210 -0.019153 0.041539
v -0.002096 -0.019153 0.048945
v 0.003896 -0.019153 0.048350
v 0.003890 -0.019153 0.047946
v 0.000890 -0.019153 0.047992
v 0.000790 -0.019153 0.041493
v -0.002096 0.024347 0.048920
v -0.002210 0.024347 0.041539
v 0.000790 0.024347 0.041493
v 0.000890 0.024347 0.047992
v 0.003890 0.024347 0.047946
v 0.003896 0.024347 0.048342
v -0.002096 -0.010153 0.048931
v -0.002210 -0.010153 0.041539
v -0.002859 -0.009778 0.041549
v -0.002859 -0.009028 0.041549
v -0.002210 -0.008653 0.041539
v -0.002096 -0.008653 0.048929
v -0.002845 -0.009403 0.048977
v -0.002625 -0.009934 0.048964
v -0.005686 0.032850 0.036592
v -0.005668 0.033714 0.037781
v -0.005675 0.035111 0.037327
v -0.005698 0.035111 0.035857
v -0.005705 0.033714 0.035403
v -0.004737 0.032850 0.036577
v -0.004755 0.033714 0.035389
v -0.004748 0.035111 0.035843
v -0.004725 0.035111 0.037312
v -0.004718 0.033714 0.037766
v -0.004748 0.035111 0.035843
v -0.005698 0.035111 0.035857
v 0.003520 -0.002653 0.023949
v 0.004169 -0.003028 0.023939
v 0.004169 -0.003778 0.023939
v 0.003520 -0.004153 0.023949
v 0.003535 -0.004153 0.024949
v 0.004185 -0.003778 0.024939
v 0.004185 -0.003028 0.024939
v 0.003535 -0.002653 0.024949
v -0.003595 0.004747 0.049009
v -0.004246 0.003292 0.049041
v -0.005544 0.002797 0.049091
v -0.006927 0.003369 0.048891
v -0.007501 0.004747 0.048641
v -0.007686 0.004747 0.036623
v -0.007433 0.003786 0.036619
v -0.006740 0.003075 0.036608
v -0.005786 0.002797 0.036594
v -0.005753 0.002797 0.036593
v -0.005720 0.002797 0.036593
v -0.005686 0.002797 0.036592
v -0.004733 0.003075 0.036577
v -0.004040 0.003786 0.036567
v -0.003787 0.004747 0.036563
v -0.002210 0.010847 0.041539
v 0.000790 0.010847 0.041493
v 0.001439 0.011222 0.041483
v 0.001439 0.011972 0.041483
v 0.000790 0.012347 0.041493
v -0.002210 0.012347 0.041539
v -0.002859 0.011972 0.041549
v -0.002859 0.011222 0.041549
v -0.002479 0.022847 0.024041
v -0.003129 0.023222 0.024051
v -0.003129 0.023972 0.024051
v -0.002479 0.024347 0.024041
v -0.002364 0.024347 0.031540
v -0.003013 0.023972 0.031550
v -0.003013 0.023222 0.031550
v -0.002364 0.022847 0.031540
v 0.000890 0.003347 0.047992
v 0.000790 0.003347 0.041493
v 0.001439 0.002972 0.041483
v 0.001439 0.002222 0.041483
v 0.000790 0.001847 0.041493
v 0.000890 0.001847 0.047992
v 0.001540 0.002222 0.047982
v 0.001540 0.002972 0.047982
v 0.003535 -0.008653 0.024949
v 0.000536 -0.008653 0.024995
v 0.000636 -0.008653 0.031494
v -0.002364 -0.008653 0.031540
v -0.002479 -0.008653 0.024041
v 0.003520 -0.008653 0.023949
v 0.010762 0.031000 0.036339
v 0.010787 0.030050 0.037984
v 0.010787 0.028150 0.037984
v 0.010762 0.027200 0.036339
v 0.010736 0.028150 0.034693
v 0.010736 0.030050 0.034693
v 0.010762 0.030200 0.036339
v 0.010745 0.029440 0.035293
v 0.010752 0.028210 0.035692
v 0.010772 0.028210 0.036985
v 0.010778 0.029440 0.037385
v -0.002210 0.004847 0.041539
v -0.002096 0.004847 0.048920
v 0.003896 0.004847 0.048347
v 0.003890 0.004847 0.047946
v 0.000890 0.004847 0.047992
v 0.000790 0.004847 0.041493
v -0.002210 -0.010153 0.041539
v -0.002096 -0.010153 0.048931
v 0.003896 -0.010153 0.048346
v 0.003890 -0.010153 0.047946
v 0.000890 -0.010153 0.047992
v 0.000790 -0.010153 0.041493
v -0.002546 -0.022203 0.048920
v -0.002928 -0.022203 0.024172
v -0.002181 -0.022514 0.024231
v -0.001874 -0.023253 0.024365
v -0.001499 -0.023253 0.048695
v -0.001802 -0.022514 0.048839
v 0.003896 0.006347 0.048347
v 0.003890 0.006347 0.047946
v 0.004539 0.005972 0.047936
v 0.004539 0.005222 0.047936
v 0.003890 0.004847 0.047946
v 0.003896 0.004847 0.048347
v 0.004645 0.005596 0.048251
v 0.004424 0.006128 0.048280
v 0.005773 -0.015616 0.024567
v 0.005784 -0.015647 0.024685
v 0.005832 -0.015716 0.024774
v 0.005903 -0.015807 0.024813
v 0.005448 -0.016190 0.024759
v 0.004993 -0.016572 0.024707
v 0.004537 -0.016955 0.024656
v 0.004465 -0.016863 0.024618
v 0.004416 -0.016794 0.024529
v 0.004404 -0.016763 0.024410
v 0.004860 -0.016381 0.024461
v 0.005316 -0.015998 0.024513
v 0.005126 -0.016246 0.024656
v -0.002210 0.010847 0.041539
v -0.002096 0.010847 0.048918
v -0.000097 0.010847 0.048765
v 0.001901 0.010847 0.048575
v 0.003896 0.010847 0.048346
v 0.003890 0.010847 0.047946
v 0.000890 0.010847 0.047992
v 0.000790 0.010847 0.041493
v 0.011299 0.044600 0.038780
v 0.011300 0.044268 0.038825
v 0.011300 0.043932 0.038825
v 0.011299 0.043600 0.038780
v 0.012299 0.043600 0.038765
v 0.012300 0.043932 0.038810
v 0.012300 0.044268 0.038810
v 0.012299 0.044600 0.038765
v -0.002096 -0.007153 0.048927
v -0.002210 -0.007153 0.041539
v -0.002859 -0.006778 0.041549
v -0.002859 -0.006028 0.041549
v -0.002210 -0.005653 0.041539
v -0.002096 -0.005653 0.048924
v -0.002845 -0.006403 0.048972
v -0.002626 -0.006934 0.048960
v -0.002210 -0.007153 0.041539
v -0.002096 -0.007153 0.048927
v 0.003896 -0.007153 0.048343
v 0.003890 -0.007153 0.047946
v 0.000890 -0.007153 0.047992
v 0.000790 -0.007153 0.041493
v 0.011283 0.046185 0.037709
v 0.011287 0.045982 0.037976
v 0.011291 0.045745 0.038213
v 0.011294 0.045478 0.038416
v 0.012294 0.045478 0.038401
v 0.012290 0.045745 0.038198
v 0.012287 0.045982 0.037960
v 0.012283 0.046185 0.037694
v 0.003890 0.006347 0.047946
v 0.000890 0.006347 0.047992
v 0.001540 0.005972 0.047982
v 0.001540 0.005222 0.047982
v 0.000890 0.004847 0.047992
v 0.003890 0.004847 0.047946
v 0.004539 0.005222 0.047936
v 0.004539 0.005972 0.047936
v -0.002096 0.030347 0.048927
v -0.002210 0.030347 0.041539
v 0.000790 0.030347 0.041493
v 0.000890 0.030347 0.047992
v 0.003890 0.030347 0.047946
v 0.003896 0.030347 0.048343
v 0.000636 0.034847 0.031494
v -0.002364 0.034847 0.031540
v -0.003013 0.035222 0.031550
v -0.003013 0.035972 0.031550
v -0.002364 0.036347 0.031540
v 0.000636 0.036347 0.031494
v 0.001285 0.035972 0.031484
v 0.001285 0.035222 0.031484
v 0.014861 0.003100 0.042776
v 0.014861 -0.002900 0.042776
v 0.011362 -0.002900 0.042830
v 0.011362 0.003100 0.042830
v -0.002096 -0.016153 0.048935
v -0.002210 -0.016153 0.041539
v -0.002859 -0.015778 0.041549
v -0.002859 -0.015028 0.041549
v -0.002210 -0.014653 0.041539
v -0.002096 -0.014653 0.048933
v -0.002845 -0.015403 0.048980
v -0.002626 -0.015934 0.048968
v 0.003535 -0.007153 0.024949
v 0.000536 -0.007153 0.024995
v 0.001185 -0.006778 0.024985
v 0.001185 -0.006028 0.024985
v 0.000536 -0.005653 0.024995
v 0.003535 -0.005653 0.024949
v 0.004185 -0.006028 0.024939
v 0.004185 -0.006778 0.024939
v -0.002096 0.015347 0.048919
v -0.002210 0.015347 0.041539
v 0.000790 0.015347 0.041493
v 0.000890 0.015347 0.047992
v 0.003890 0.015347 0.047946
v 0.003896 0.015347 0.048347
v 0.000890 -0.008653 0.047992
v 0.000790 -0.008653 0.041493
v 0.001439 -0.009028 0.041483
v 0.001439 -0.009778 0.041483
v 0.000790 -0.010153 0.041493
v 0.000890 -0.010153 0.047992
v 0.001540 -0.009778 0.047982
v 0.001540 -0.009028 0.047982
v 0.000536 -0.016153 0.024995
v 0.000636 -0.016153 0.031494
v 0.001285 -0.015778 0.031484
v 0.001285 -0.015028 0.031484
v 0.000636 -0.014653 0.031494
v 0.000536 -0.014653 0.024995
v 0.001185 -0.015028 0.024985
v 0.001185 -0.015778 0.024985
v -0.002928 -0.022203 0.024172
v -0.002546 -0.022203 0.048920
v -0.004545 -0.022203 0.049003
v -0.004928 -0.022203 0.024152
v -0.005879 0.015650 0.024094
v -0.005686 0.015650 0.036592
v -0.005686 0.016096 0.036592
v -0.005686 0.020696 0.036592
v -0.005686 0.020796 0.036592
v -0.005494 0.020796 0.049090
v -0.005494 0.044098 0.049091
v -0.005502 0.047728 0.048552
v -0.005538 0.052032 0.046251
v -0.005579 0.054495 0.043532
v -0.005631 0.056061 0.040219
v -0.005686 0.056599 0.036592
v -0.005742 0.056061 0.032965
v -0.005793 0.054493 0.029649
v -0.005835 0.052029 0.026931
v -0.005864 0.048883 0.025045
v -0.005879 0.044098 0.024094
v -0.005879 0.041850 0.024094
v -0.005879 0.041846 0.024094
v -0.005879 0.041842 0.024094
v -0.005879 0.041838 0.024094
v -0.005686 0.032850 0.036592
v -0.005705 0.033714 0.035403
v -0.005698 0.035111 0.035857
v -0.005675 0.035111 0.037327
v -0.005668 0.033714 0.037781
v 0.003535 0.004847 0.024949
v 0.000536 0.004847 0.024995
v 0.001185 0.005222 0.024985
v 0.001185 0.005972 0.024985
v 0.000536 0.006347 0.024995
v 0.003535 0.006347 0.024949
v 0.004185 0.005972 0.024939
v 0.004185 0.005222 0.024939
v 0.000636 -0.010153 0.031494
v -0.002364 -0.010153 0.031540
v -0.003013 -0.009778 0.031550
v -0.003013 -0.009028 0.031550
v -0.002364 -0.008653 0.031540
v 0.000636 -0.008653 0.031494
v 0.001285 -0.009028 0.031484
v 0.001285 -0.009778 0.031484
v 0.000536 -0.013153 0.024995
v 0.000636 -0.013153 0.031494
v 0.001285 -0.012778 0.031484
v 0.001285 -0.012028 0.031484
v 0.000636 -0.011653 0.031494
v 0.000536 -0.011653 0.024995
v 0.001185 -0.012028 0.024985
v 0.001185 -0.012778 0.024985
v 0.000636 0.022847 0.031494
v -0.002364 0.022847 0.031540
v -0.003013 0.023222 0.031550
v -0.003013 0.023972 0.031550
v -0.002364 0.024347 0.031540
v 0.000636 0.024347 0.031494
v 0.001285 0.023972 0.031484
v 0.001285 0.023222 0.031484
v -0.002096 -0.013153 0.048933
v -0.002210 -0.013153 0.041539
v -0.002859 -0.012778 0.041549
v -0.002859 -0.012028 0.041549
v -0.002210 -0.011653 0.041539
v -0.002096 -0.011653 0.048933
v -0.002845 -0.012403 0.048979
v -0.002626 -0.012934 0.048967
v 0.003520 -0.010153 0.023949
v -0.002479 -0.010153 0.024041
v -0.002364 -0.010153 0.031540
v 0.000636 -0.010153 0.031494
v 0.000536 -0.010153 0.024995
v 0.003535 -0.010153 0.024949
v -0.002210 0.001847 0.041539
v -0.002096 0.001847 0.048920
v 0.003896 0.001847 0.048345
v 0.003890 0.001847 0.047946
v 0.000890 0.001847 0.047992
v 0.000790 0.001847 0.041493
v -0.005829 0.007650 0.024093
v 0.000120 0.007650 0.024001
v 0.000313 0.007650 0.036500
v -0.003687 0.007650 0.036561
v -0.003787 0.007650 0.036563
v -0.005636 0.007650 0.036591
v -0.005879 -0.018638 0.024094
v -0.004431 -0.018531 0.024071
v -0.002985 -0.018392 0.024049
v -0.001543 -0.018217 0.024027
v -0.000105 -0.018015 0.024005
v 0.003175 -0.017382 0.024270
v 0.003171 -0.017417 0.024393
v 0.003184 -0.017506 0.024484
v 0.003209 -0.017626 0.024518
v -0.001297 -0.018420 0.024186
v -0.005879 -0.018650 0.024094
v -0.005879 -0.018646 0.024094
v -0.005879 -0.018642 0.024094
v -0.000962 -0.018204 0.024131
v 0.003520 0.025847 0.023949
v -0.002479 0.025847 0.024041
v -0.002364 0.025847 0.031540
v 0.000636 0.025847 0.031494
v 0.000536 0.025847 0.024995
v 0.003535 0.025847 0.024949
v -0.002210 0.013847 0.041539
v 0.000790 0.013847 0.041493
v 0.001439 0.014222 0.041483
v 0.001439 0.014972 0.041483
v 0.000790 0.015347 0.041493
v -0.002210 0.015347 0.041539
v -0.002859 0.014972 0.041549
v -0.002859 0.014222 0.041549
v 0.011291 0.044600 0.038267
v 0.011299 0.044600 0.038780
v 0.012299 0.044600 0.038765
v 0.012291 0.044600 0.038252
v 0.000636 0.019847 0.031494
v -0.002364 0.019847 0.031540
v -0.003013 0.020222 0.031550
v -0.003013 0.020972 0.031550
v -0.002364 0.021347 0.031540
v 0.000636 0.021347 0.031494
v 0.001285 0.020972 0.031484
v 0.001285 0.020222 0.031484
v 0.003520 -0.004153 0.023949
v -0.002479 -0.004153 0.024041
v -0.002364 -0.004153 0.031540
v 0.000636 -0.004153 0.031494
v 0.000536 -0.004153 0.024995
v 0.003535 -0.004153 0.024949
v 0.000536 -0.004153 0.024995
v 0.000636 -0.004153 0.031494
v 0.001285 -0.003778 0.031484
v 0.001285 -0.003028 0.031484
v 0.000636 -0.002653 0.031494
v 0.000536 -0.002653 0.024995
v 0.001185 -0.003028 0.024985
v 0.001185 -0.003778 0.024985
v 0.011262 -0.019800 0.036331
v 0.011278 -0.020560 0.037377
v 0.011272 -0.021790 0.036977
v 0.011252 -0.021790 0.035684
v 0.011245 -0.020560 0.035285
v 0.011762 -0.020900 0.036323
v 0.011762 -0.020900 0.036323
v 0.011762 -0.020900 0.036323
v 0.011762 -0.020900 0.036323
v 0.011272 -0.021790 0.036977
v 0.011762 -0.020900 0.036323
v 0.003535 -0.014653 0.024949
v 0.000536 -0.014653 0.024995
v 0.000636 -0.014653 0.031494
v -0.002364 -0.014653 0.031540
v -0.002479 -0.014653 0.024041
v 0.003520 -0.014653 0.023949
v 0.011262 0.047600 0.036331
v 0.011300 0.046575 0.038805
v 0.011316 0.044100 0.039830
v 0.011300 0.041625 0.038805
v 0.011262 0.040600 0.036331
v 0.011223 0.041625 0.033856
v 0.011208 0.044100 0.032831
v 0.011223 0.046575 0.033856
v 0.011288 0.043084 0.038054
v 0.011289 0.043249 0.038141
v 0.011291 0.043422 0.038212
v 0.011291 0.043600 0.038267
v 0.011299 0.043600 0.038780
v 0.011300 0.043932 0.038825
v 0.011300 0.044268 0.038825
v 0.011299 0.044600 0.038780
v 0.011291 0.044600 0.038267
v 0.011291 0.044778 0.038212
v 0.011289 0.044951 0.038141
v 0.011288 0.045116 0.038054
v 0.011294 0.045478 0.038416
v 0.011291 0.045745 0.038213
v 0.011287 0.045982 0.037976
v 0.011283 0.046185 0.037709
v 0.011277 0.045823 0.037346
v 0.011275 0.045910 0.037182
v 0.011272 0.045981 0.037009
v 0.011269 0.046036 0.036831
v 0.011269 0.046549 0.036831
v 0.011264 0.046594 0.036499
v 0.011259 0.046594 0.036163
v 0.011254 0.046549 0.035831
v 0.011254 0.046036 0.035831
v 0.011251 0.045981 0.035653
v 0.011248 0.045910 0.035480
v 0.011246 0.045823 0.035315
v 0.011240 0.046185 0.034953
v 0.011236 0.045982 0.034686
v 0.011233 0.045745 0.034449
v 0.011229 0.045478 0.034246
v 0.011235 0.045116 0.034608
v 0.011234 0.044951 0.034521
v 0.011233 0.044778 0.034450
v 0.011232 0.044600 0.034395
v 0.011224 0.044600 0.033882
v 0.011223 0.044268 0.033837
v 0.011223 0.043932 0.033837
v 0.011224 0.043600 0.033882
v 0.011232 0.043600 0.034395
v 0.011233 0.043422 0.034450
v 0.011234 0.043249 0.034521
v 0.011235 0.043084 0.034608
v 0.011229 0.042721 0.034246
v 0.011233 0.042455 0.034449
v 0.011236 0.042218 0.034686
v 0.011240 0.042014 0.034953
v 0.011246 0.042377 0.035315
v 0.011248 0.042290 0.035480
v 0.011251 0.042218 0.035653
v 0.011254 0.042163 0.035831
v 0.011254 0.041650 0.035831
v 0.011259 0.041605 0.036163
v 0.011264 0.041605 0.036499
v 0.011269 0.041650 0.036831
v 0.011269 0.042163 0.036831
v 0.011272 0.042218 0.037009
v 0.011275 0.042290 0.037182
v 0.011277 0.042377 0.037346
v 0.011283 0.042014 0.037709
v 0.011287 0.042218 0.037976
v 0.011291 0.042455 0.038213
v 0.011294 0.042721 0.038416
v 0.000536 0.016847 0.024995
v 0.000636 0.016847 0.031494
v 0.001285 0.017222 0.031484
v 0.001285 0.017972 0.031484
v 0.000636 0.018347 0.031494
v 0.000536 0.018347 0.024995
v 0.001185 0.017972 0.024985
v 0.001185 0.017222 0.024985
v 0.000890 0.015347 0.047992
v 0.000790 0.015347 0.041493
v 0.001439 0.014972 0.041483
v 0.001439 0.014222 0.041483
v 0.000790 0.013847 0.041493
v 0.000890 0.013847 0.047992
v 0.001540 0.014222 0.047982
v 0.001540 0.014972 0.047982
v -0.002210 0.025847 0.041539
v 0.000790 0.025847 0.041493
v 0.001439 0.026222 0.041483
v 0.001439 0.026972 0.041483
v 0.000790 0.027347 0.041493
v -0.002210 0.027347 0.041539
v -0.002859 0.026972 0.041549
v -0.002859 0.026222 0.041549
v 0.004404 0.039963 0.024410
v 0.004416 0.039993 0.024529
v 0.004465 0.040063 0.024618
v 0.004537 0.040154 0.024656
v 0.004993 0.039772 0.024707
v 0.005448 0.039389 0.024759
v 0.005903 0.039007 0.024813
v 0.005832 0.038916 0.024774
v 0.005784 0.038846 0.024685
v 0.005773 0.038816 0.024567
v 0.005316 0.039198 0.024513
v 0.004860 0.039580 0.024461
v 0.005126 0.039446 0.024656
v 0.010762 0.030200 0.036339
v 0.010778 0.029440 0.037385
v 0.010772 0.028210 0.036985
v 0.010752 0.028210 0.035692
v 0.010745 0.029440 0.035293
v 0.011262 0.030200 0.036331
v 0.011245 0.029440 0.035285
v 0.011252 0.028210 0.035684
v 0.011272 0.028210 0.036977
v 0.011278 0.029440 0.037377
v 0.011252 0.028210 0.035684
v 0.010752 0.028210 0.035692
v -0.001499 -0.023253 0.048695
v -0.001874 -0.023253 0.024365
v -0.001855 -0.026765 0.025641
v -0.001833 -0.028832 0.027045
v -0.001791 -0.031256 0.029791
v -0.001741 -0.032742 0.033018
v -0.001687 -0.033251 0.036530
v -0.001633 -0.032742 0.040043
v -0.001583 -0.031256 0.043270
v -0.001541 -0.028832 0.046015
v -0.001519 -0.026766 0.047419
v 0.010762 0.033200 0.036339
v 0.010802 0.032241 0.038974
v 0.010824 0.029812 0.040376
v 0.010816 0.027050 0.039889
v 0.010783 0.025247 0.037741
v 0.010740 0.025247 0.034936
v 0.010707 0.027050 0.032788
v 0.010699 0.029812 0.032301
v 0.010721 0.032241 0.033703
v 0.011262 0.033200 0.036331
v 0.011221 0.032241 0.033696
v 0.011199 0.029812 0.032294
v 0.011207 0.027050 0.032781
v 0.011240 0.025247 0.034929
v 0.011283 0.025247 0.037733
v 0.011316 0.027050 0.039881
v 0.011324 0.029812 0.040368
v 0.011302 0.032241 0.038966
v 0.010740 0.025247 0.034936
v 0.011240 0.025247 0.034929
v 0.003520 -0.007153 0.023949
v -0.002479 -0.007153 0.024041
v -0.002364 -0.007153 0.031540
v 0.000636 -0.007153 0.031494
v 0.000536 -0.007153 0.024995
v 0.003535 -0.007153 0.024949
v 0.011246 0.042377 0.035315
v 0.011240 0.042014 0.034953
v 0.012240 0.042014 0.034937
v 0.012246 0.042377 0.035300
v 0.010762 -0.017000 0.036339
v 0.010800 -0.017913 0.038845
v 0.010821 -0.020223 0.040179
v 0.010814 -0.022850 0.039716
v 0.010782 -0.024565 0.037672
v 0.010741 -0.024565 0.035005
v 0.010710 -0.022850 0.032961
v 0.010702 -0.020223 0.032498
v 0.010723 -0.017913 0.033832
v 0.010762 -0.018800 0.036339
v 0.010734 -0.019850 0.034520
v 0.010734 -0.021950 0.034520
v 0.010762 -0.023000 0.036339
v 0.010790 -0.021950 0.038157
v 0.010790 -0.019850 0.038157
v -0.002210 0.019847 0.041539
v -0.002096 0.019847 0.048920
v 0.003896 0.019847 0.048346
v 0.003890 0.019847 0.047946
v 0.000890 0.019847 0.047992
v 0.000790 0.019847 0.041493
v 0.003520 -0.011653 0.023949
v 0.004169 -0.012028 0.023939
v 0.004169 -0.012778 0.023939
v 0.003520 -0.013153 0.023949
v 0.003535 -0.013153 0.024949
v 0.004185 -0.012778 0.024939
v 0.004185 -0.012028 0.024939
v 0.003535 -0.011653 0.024949
v 0.003535 0.027347 0.024949
v 0.000536 0.027347 0.024995
v 0.000636 0.027347 0.031494
v -0.002364 0.027347 0.031540
v -0.002479 0.027347 0.024041
v 0.003520 0.027347 0.023949
v 0.011291 0.043600 0.038267
v 0.011291 0.043422 0.038212
v 0.011289 0.043249 0.038141
v 0.011288 0.043084 0.038054
v 0.012288 0.043084 0.038038
v 0.012289 0.043249 0.038125
v 0.012290 0.043422 0.038197
v 0.012291 0.043600 0.038252
v -0.002096 0.022847 0.048920
v -0.002210 0.022847 0.041539
v -0.002859 0.023222 0.041549
v -0.002859 0.023972 0.041549
v -0.002210 0.024347 0.041539
v -0.002096 0.024347 0.048920
v -0.002626 0.024127 0.048954
v -0.002845 0.023597 0.048967
v 0.011232 0.044600 0.034395
v 0.011233 0.044778 0.034450
v 0.011234 0.044951 0.034521
v 0.011235 0.045116 0.034608
v 0.012235 0.045116 0.034593
v 0.012234 0.044951 0.034506
v 0.012232 0.044778 0.034434
v 0.012232 0.044600 0.034379
v -0.002210 -0.013153 0.041539
v 0.000790 -0.013153 0.041493
v 0.001439 -0.012778 0.041483
v 0.001439 -0.012028 0.041483
v 0.000790 -0.011653 0.041493
v -0.002210 -0.011653 0.041539
v -0.002859 -0.012028 0.041549
v -0.002859 -0.012778 0.041549
v -0.002278 0.011600 0.034039
v -0.001317 0.013596 0.034024
v 0.000842 0.014089 0.033991
v 0.002574 0.012707 0.033964
v 0.002574 0.010492 0.033964
v 0.000842 0.009111 0.033991
v -0.001317 0.009604 0.034024
v 0.000298 0.011600 0.035534
v 0.000298 0.011600 0.035534
v 0.000298 0.011600 0.035534
v 0.000298 0.011600 0.035534
v 0.000298 0.011600 0.035534
v 0.000298 0.011600 0.035534
v 0.002574 0.012707 0.033964
v 0.000298 0.011600 0.035534
v -0.002096 -0.001153 0.048920
v -0.002210 -0.001153 0.041539
v -0.002859 -0.000778 0.041549
v -0.002859 -0.000028 0.041549
v -0.002210 0.000347 0.041539
v -0.002096 0.000347 0.048920
v -0.002845 -0.000403 0.048967
v -0.002626 -0.000934 0.048954
v -0.009736 -0.012150 0.036655
v -0.009718 -0.011286 0.037843
v -0.009725 -0.009889 0.037389
v -0.009747 -0.009889 0.035920
v -0.009754 -0.011286 0.035466
v -0.005786 -0.012150 0.036594
v -0.005805 -0.011286 0.035405
v -0.005798 -0.009889 0.035859
v -0.005775 -0.009889 0.037328
v -0.005768 -0.011286 0.037782
v -0.005798 -0.009889 0.035859
v -0.009747 -0.009889 0.035920
v -0.002210 -0.007153 0.041539
v 0.000790 -0.007153 0.041493
v 0.001439 -0.006778 0.041483
v 0.001439 -0.006028 0.041483
v 0.000790 -0.005653 0.041493
v -0.002210 -0.005653 0.041539
v -0.002859 -0.006028 0.041549
v -0.002859 -0.006778 0.041549
v -0.003687 0.007550 0.036561
v -0.003787 0.007550 0.036563
v -0.003787 0.004747 0.036563
v -0.004040 0.003786 0.036567
v -0.004733 0.003075 0.036577
v -0.005686 0.002797 0.036592
v -0.005686 0.002697 0.036592
v -0.004683 0.002988 0.036577
v -0.003953 0.003736 0.036565
v -0.003687 0.004747 0.036561
v 0.000890 0.021347 0.047992
v 0.000790 0.021347 0.041493
v 0.001439 0.020972 0.041483
v 0.001439 0.020222 0.041483
v 0.000790 0.019847 0.041493
v 0.000890 0.019847 0.047992
v 0.001540 0.020222 0.047982
v 0.001540 0.020972 0.047982
v 0.011235 0.043084 0.034608
v 0.011234 0.043249 0.034521
v 0.011233 0.043422 0.034450
v 0.011232 0.043600 0.034395
v 0.012232 0.043600 0.034379
v 0.012232 0.043422 0.034434
v 0.012234 0.043249 0.034506
v 0.012235 0.043084 0.034593
v 0.000890 -0.011653 0.047992
v 0.000790 -0.011653 0.041493
v 0.001439 -0.012028 0.041483
v 0.001439 -0.012778 0.041483
v 0.000790 -0.013153 0.041493
v 0.000890 -0.013153 0.047992
v 0.001540 -0.012778 0.047982
v 0.001540 -0.012028 0.047982
v 0.014761 0.034100 0.036277
v 0.014716 0.033145 0.033338
v 0.014688 0.030645 0.031522
v 0.014688 0.027555 0.031522
v 0.014716 0.025055 0.033338
v 0.014761 0.024100 0.036277
v 0.014806 0.025055 0.039215
v 0.014834 0.027555 0.041032
v 0.014834 0.030645 0.041032
v 0.014806 0.033145 0.039215
v -0.002210 -0.004153 0.041539
v 0.000790 -0.004153 0.041493
v 0.001439 -0.003778 0.041483
v 0.001439 -0.003028 0.041483
v 0.000790 -0.002653 0.041493
v -0.002210 -0.002653 0.041539
v -0.002859 -0.003028 0.041549
v -0.002859 -0.003778 0.041549
v 0.000536 -0.001153 0.024995
v 0.000636 -0.001153 0.031494
v 0.001285 -0.000778 0.031484
v 0.001285 -0.000028 0.031484
v 0.000636 0.000347 0.031494
v 0.000536 0.000347 0.024995
v 0.001185 -0.000028 0.024985
v 0.001185 -0.000778 0.024985
v 0.003535 0.001847 0.024949
v 0.000536 0.001847 0.024995
v 0.001185 0.002222 0.024985
v 0.001185 0.002972 0.024985
v 0.000536 0.003347 0.024995
v 0.003535 0.003347 0.024949
v 0.004185 0.002972 0.024939
v 0.004185 0.002222 0.024939
v -0.002210 -0.001153 0.041539
v 0.000790 -0.001153 0.041493
v 0.001439 -0.000778 0.041483
v 0.001439 -0.000028 0.041483
v 0.000790 0.000347 0.041493
v -0.002210 0.000347 0.041539
v -0.002859 -0.000028 0.041549
v -0.002859 -0.000778 0.041549
v 0.003520 0.037847 0.023949
v -0.002479 0.037847 0.024041
v -0.002364 0.037847 0.031540
v 0.000636 0.037847 0.031494
v 0.000536 0.037847 0.024995
v 0.003535 0.037847 0.024949
v -0.002479 -0.004153 0.024041
v -0.003129 -0.003778 0.024051
v -0.003129 -0.003028 0.024051
v -0.002479 -0.002653 0.024041
v -0.002364 -0.002653 0.031540
v -0.003013 -0.003028 0.031550
v -0.003013 -0.003778 0.031550
v -0.002364 -0.004153 0.031540
v 0.003535 0.021347 0.024949
v 0.000536 0.021347 0.024995
v 0.000636 0.021347 0.031494
v -0.002364 0.021347 0.031540
v -0.002479 0.021347 0.024041
v 0.003520 0.021347 0.023949
v 0.010762 -0.019000 0.036339
v 0.010787 -0.019950 0.037984
v 0.010787 -0.021850 0.037984
v 0.010762 -0.022800 0.036339
v 0.010736 -0.021850 0.034693
v 0.010736 -0.019950 0.034693
v 0.010762 -0.019800 0.036339
v 0.010745 -0.020560 0.035293
v 0.010752 -0.021790 0.035692
v 0.010772 -0.021790 0.036985
v 0.010778 -0.020560 0.037385
v -0.002096 0.004847 0.048920
v -0.002210 0.004847 0.041539
v -0.002859 0.005222 0.041549
v -0.002859 0.005972 0.041549
v -0.002210 0.006347 0.041539
v -0.002096 0.006347 0.048919
v -0.002845 0.005597 0.048967
v -0.002626 0.005066 0.048954
v -0.005686 -0.012150 0.036592
v -0.005668 -0.011286 0.037781
v -0.005675 -0.009889 0.037327
v -0.005698 -0.009889 0.035857
v -0.005705 -0.011286 0.035403
v -0.004737 -0.012150 0.036577
v -0.004755 -0.011286 0.035389
v -0.004748 -0.009889 0.035843
v -0.004725 -0.009889 0.037312
v -0.004718 -0.011286 0.037766
v -0.004748 -0.009889 0.035843
v -0.005698 -0.009889 0.035857
v 0.011262 0.044600 0.036331
v 0.011269 0.044254 0.036806
v 0.011266 0.043695 0.036625
v 0.011257 0.043695 0.036037
v 0.011254 0.044254 0.035855
v 0.012261 0.044600 0.036315
v 0.012254 0.044254 0.035840
v 0.012257 0.043695 0.036022
v 0.012266 0.043695 0.036609
v 0.012269 0.044254 0.036791
v 0.011257 0.043695 0.036037
v 0.012257 0.043695 0.036022
v -0.002479 -0.007153 0.024041
v -0.003129 -0.006778 0.024051
v -0.003129 -0.006028 0.024051
v -0.002479 -0.005653 0.024041
v -0.002364 -0.005653 0.031540
v -0.003013 -0.006028 0.031550
v -0.003013 -0.006778 0.031550
v -0.002364 -0.007153 0.031540
v -0.001791 -0.033253 0.036271
v -0.001841 -0.032740 0.032993
v -0.001888 -0.031373 0.029965
v -0.001932 -0.028951 0.027141
v -0.001956 -0.026625 0.025562
v -0.001975 -0.023253 0.024361
v -0.001599 -0.023253 0.048702
v -0.001618 -0.026628 0.047500
v -0.001642 -0.028954 0.045920
v -0.001686 -0.031374 0.043098
v -0.001732 -0.032740 0.040070
v -0.001783 -0.033253 0.036793
v -0.005494 0.020796 0.049090
v -0.005686 0.020796 0.036592
v -0.004683 0.020505 0.036577
v -0.003953 0.019757 0.036565
v -0.003687 0.018747 0.036561
v -0.003495 0.018747 0.049003
v -0.004077 0.020178 0.049033
v -0.002096 -0.019153 0.048945
v -0.002210 -0.019153 0.041539
v -0.002859 -0.018778 0.041549
v -0.002859 -0.018028 0.041549
v -0.002210 -0.017653 0.041539
v -0.002096 -0.017653 0.048938
v -0.002845 -0.018403 0.048987
v -0.002625 -0.018934 0.048976
v 0.011240 0.046185 0.034953
v 0.011246 0.045823 0.035315
v 0.012246 0.045823 0.035300
v 0.012240 0.046185 0.034937
v -0.002479 -0.016153 0.024041
v -0.003129 -0.015778 0.024051
v -0.003129 -0.015028 0.024051
v -0.002479 -0.014653 0.024041
v -0.002364 -0.014653 0.031540
v -0.003013 -0.015028 0.031550
v -0.003013 -0.015778 0.031550
v -0.002364 -0.016153 0.031540
v -0.002096 0.001847 0.048920
v -0.002210 0.001847 0.041539
v -0.002859 0.002222 0.041549
v -0.002859 0.002972 0.041549
v -0.002210 0.003347 0.041539
v -0.002096 0.003347 0.048920
v -0.002845 0.002597 0.048967
v -0.002626 0.002066 0.048954
v 0.010762 0.031200 0.036339
v 0.010790 0.030150 0.038157
v 0.010790 0.028050 0.038157
v 0.010762 0.027000 0.036339
v 0.010734 0.028050 0.034520
v 0.010734 0.030150 0.034520
v 0.011262 0.031200 0.036331
v 0.011234 0.030150 0.034512
v 0.011234 0.028050 0.034512
v 0.011262 0.027000 0.036331
v 0.011290 0.028050 0.038149
v 0.011290 0.030150 0.038149
v 0.010762 0.027000 0.036339
v 0.011262 0.027000 0.036331
v -0.002210 -0.004153 0.041539
v -0.002096 -0.004153 0.048922
v 0.003896 -0.004153 0.048341
v 0.003890 -0.004153 0.047946
v 0.000890 -0.004153 0.047992
v 0.000790 -0.004153 0.041493
v 0.011254 0.046549 0.035831
v 0.011259 0.046594 0.036163
v 0.011264 0.046594 0.036499
v 0.011269 0.046549 0.036831
v 0.012269 0.046549 0.036815
v 0.012264 0.046594 0.036483
v 0.012259 0.046594 0.036148
v 0.012254 0.046549 0.035816
v 0.003896 0.021347 0.048345
v 0.003890 0.021347 0.047946
v 0.004539 0.020972 0.047936
v 0.004539 0.020222 0.047936
v 0.003890 0.019847 0.047946
v 0.003896 0.019847 0.048346
v 0.004644 0.020596 0.048249
v 0.004424 0.021128 0.048277
v 0.000120 0.015650 0.024001
v 0.002500 0.014876 0.023964
v 0.003972 0.012851 0.023942
v 0.003972 0.010348 0.023942
v 0.002500 0.008323 0.023964
v 0.000120 0.007550 0.024001
v 0.000313 0.007550 0.036500
v 0.002693 0.008323 0.036463
v 0.004164 0.010348 0.036440
v 0.004164 0.012851 0.036440
v 0.002693 0.014876 0.036463
v 0.000313 0.015650 0.036500
v 0.004404 -0.016763 0.024410
v 0.004416 -0.016794 0.024529
v 0.004465 -0.016863 0.024618
v 0.004537 -0.016955 0.024656
v 0.004235 -0.017180 0.024623
v 0.003910 -0.017369 0.024589
v 0.003568 -0.017517 0.024554
v 0.003209 -0.017626 0.024518
v 0.003184 -0.017506 0.024484
v 0.003171 -0.017417 0.024393
v 0.003175 -0.017382 0.024270
v 0.003507 -0.017282 0.024307
v 0.003823 -0.017145 0.024342
v 0.004123 -0.016971 0.024377
v 0.004032 -0.017110 0.024534
v 0.003840 -0.017215 0.024513
v 0.003387 -0.017398 0.024466
v 0.003520 0.031847 0.023949
v -0.002479 0.031847 0.024041
v -0.002364 0.031847 0.031540
v 0.000636 0.031847 0.031494
v 0.000536 0.031847 0.024995
v 0.003535 0.031847 0.024949
v 0.000890 0.012347 0.047992
v 0.000790 0.012347 0.041493
v 0.001439 0.011972 0.041483
v 0.001439 0.011222 0.041483
v 0.000790 0.010847 0.041493
v 0.000890 0.010847 0.047992
v 0.001540 0.011222 0.047982
v 0.001540 0.011972 0.047982
v 0.011262 0.047600 0.036331
v 0.011223 0.046575 0.033856
v 0.011208 0.044100 0.032831
v 0.011223 0.041625 0.033856
v 0.011262 0.040600 0.036331
v 0.011300 0.041625 0.038805
v 0.011316 0.044100 0.039830
v 0.011300 0.046575 0.038805
v 0.014761 0.047600 0.036277
v 0.014799 0.046575 0.038751
v 0.014815 0.044100 0.039776
v 0.014799 0.041625 0.038751
v 0.014761 0.040600 0.036277
v 0.014723 0.041625 0.033802
v 0.014707 0.044100 0.032777
v 0.014723 0.046575 0.033802
v 0.014761 0.040600 0.036277
v 0.011262 0.040600 0.036331
v 0.003520 -0.008653 0.023949
v 0.004169 -0.009028 0.023939
v 0.004169 -0.009778 0.023939
v 0.003520 -0.010153 0.023949
v 0.003535 -0.010153 0.024949
v 0.004185 -0.009778 0.024939
v 0.004185 -0.009028 0.024939
v 0.003535 -0.008653 0.024949
v 0.003520 0.039347 0.023949
v 0.004169 0.038972 0.023939
v 0.004169 0.038222 0.023939
v 0.003520 0.037847 0.023949
v 0.003535 0.037847 0.024949
v 0.004185 0.038222 0.024939
v 0.004185 0.038972 0.024939
v 0.003535 0.039347 0.024949
v 0.010762 0.033000 0.036339
v 0.010800 0.032087 0.038845
v 0.010821 0.029777 0.040179
v 0.010814 0.027150 0.039716
v 0.010782 0.025435 0.037672
v 0.010741 0.025435 0.035005
v 0.010710 0.027150 0.032961
v 0.010702 0.029777 0.032498
v 0.010723 0.032087 0.033832
v 0.010762 0.031200 0.036339
v 0.010734 0.030150 0.034520
v 0.010734 0.028050 0.034520
v 0.010762 0.027000 0.036339
v 0.010790 0.028050 0.038157
v 0.010790 0.030150 0.038157
v -0.002096 -0.002653 0.048921
v -0.002210 -0.002653 0.041539
v 0.000790 -0.002653 0.041493
v 0.000890 -0.002653 0.047992
v 0.003890 -0.002653 0.047946
v 0.003896 -0.002653 0.048341
v -0.004737 -0.012150 0.036577
v -0.004718 -0.011286 0.037766
v -0.004725 -0.009889 0.037312
v -0.004748 -0.009889 0.035843
v -0.004755 -0.011286 0.035389
v -0.003986 -0.010900 0.036566
v -0.003986 -0.010900 0.036566
v -0.003986 -0.010900 0.036566
v -0.003986 -0.010900 0.036566
v -0.004725 -0.009889 0.037312
v -0.003986 -0.010900 0.036566
v -0.002210 -0.001153 0.041539
v -0.002096 -0.001153 0.048920
v 0.003896 -0.001153 0.048342
v 0.003890 -0.001153 0.047946
v 0.000890 -0.001153 0.047992
v 0.000790 -0.001153 0.041493
v 0.011269 0.046036 0.036831
v 0.011272 0.045981 0.037009
v 0.011275 0.045910 0.037182
v 0.011277 0.045823 0.037346
v 0.012277 0.045823 0.037331
v 0.012275 0.045910 0.037166
v 0.012272 0.045981 0.036994
v 0.012269 0.046036 0.036815
v 0.011254 0.042163 0.035831
v 0.011251 0.042218 0.035653
v 0.011248 0.042290 0.035480
v 0.011246 0.042377 0.035315
v 0.012246 0.042377 0.035300
v 0.012248 0.042290 0.035465
v 0.012251 0.042218 0.035637
v 0.012254 0.042163 0.035816
v 0.003535 0.039347 0.024949
v 0.000536 0.039347 0.024995
v 0.000636 0.039347 0.031494
v -0.002364 0.039347 0.031540
v -0.002479 0.039347 0.024041
v 0.003520 0.039347 0.023949
v 0.003896 0.015347 0.048347
v 0.003890 0.015347 0.047946
v 0.004539 0.014972 0.047936
v 0.004539 0.014222 0.047936
v 0.003890 0.013847 0.047946
v 0.003896 0.013847 0.048346
v 0.004645 0.014596 0.048251
v 0.004424 0.015128 0.048279
v 0.011288 0.045116 0.038054
v 0.011289 0.044951 0.038141
v 0.011291 0.044778 0.038212
v 0.011291 0.044600 0.038267
v 0.012291 0.044600 0.038252
v 0.012290 0.044778 0.038197
v 0.012289 0.044951 0.038125
v 0.012288 0.045116 0.038038
v -0.005594 0.002697 0.049093
v -0.005786 0.002697 0.036594
v -0.006790 0.002988 0.036609
v -0.007520 0.003736 0.036620
v -0.007786 0.004747 0.036624
v -0.007602 0.004747 0.048585
v -0.007017 0.003317 0.048860
v 0.010762 0.004000 0.036339
v 0.010723 0.003087 0.033832
v 0.010702 0.000777 0.032498
v 0.010710 -0.001850 0.032961
v 0.010741 -0.003565 0.035005
v 0.010782 -0.003565 0.037672
v 0.010814 -0.001850 0.039716
v 0.010821 0.000777 0.040179
v 0.010800 0.003087 0.038845
v 0.011262 0.004000 0.036331
v 0.011300 0.003087 0.038837
v 0.011321 0.000777 0.040171
v 0.011314 -0.001850 0.039708
v 0.011282 -0.003565 0.037665
v 0.011241 -0.003565 0.034997
v 0.011210 -0.001850 0.032954
v 0.011202 0.000777 0.032491
v 0.011223 0.003087 0.033824
v 0.010782 -0.003565 0.037672
v 0.011282 -0.003565 0.037665
v 0.003520 0.030347 0.023949
v 0.004169 0.029972 0.023939
v 0.004169 0.029222 0.023939
v 0.003520 0.028847 0.023949
v 0.003535 0.028847 0.024949
v 0.004185 0.029222 0.024939
v 0.004185 0.029972 0.024939
v 0.003535 0.030347 0.024949
v 0.010762 -0.017000 0.036339
v 0.010723 -0.017913 0.033832
v 0.010702 -0.020223 0.032498
v 0.010710 -0.022850 0.032961
v 0.010741 -0.024565 0.035005
v 0.010782 -0.024565 0.037672
v 0.010814 -0.022850 0.039716
v 0.010821 -0.020223 0.040179
v 0.010800 -0.017913 0.038845
v 0.011262 -0.017000 0.036331
v 0.011300 -0.017913 0.038837
v 0.011321 -0.020223 0.040171
v 0.011314 -0.022850 0.039708
v 0.011282 -0.024565 0.037665
v 0.011241 -0.024565 0.034997
v 0.011210 -0.022850 0.032954
v 0.011202 -0.020223 0.032491
v 0.011223 -0.017913 0.033824
v 0.010782 -0.024565 0.037672
v 0.011282 -0.024565 0.037665
v 0.000536 -0.010153 0.024995
v 0.000636 -0.010153 0.031494
v 0.001285 -0.009778 0.031484
v 0.001285 -0.009028 0.031484
v 0.000636 -0.008653 0.031494
v 0.000536 -0.008653 0.024995
v 0.001185 -0.009028 0.024985
v 0.001185 -0.009778 0.024985
v 0.011262 0.002200 0.036331
v 0.011290 0.001150 0.038149
v 0.011290 -0.000950 0.038149
v 0.011262 -0.002000 0.036331
v 0.011234 -0.000950 0.034512
v 0.011234 0.001150 0.034512
v 0.011262 0.002000 0.036331
v 0.011236 0.001050 0.034686
v 0.011236 -0.000850 0.034686
v 0.011262 -0.001800 0.036331
v 0.011287 -0.000850 0.037976
v 0.011287 0.001050 0.037976
v 0.011269 0.041650 0.036831
v 0.011264 0.041605 0.036499
v 0.011259 0.041605 0.036163
v 0.011254 0.041650 0.035831
v 0.012254 0.041650 0.035816
v 0.012259 0.041605 0.036148
v 0.012264 0.041605 0.036483
v 0.012269 0.041650 0.036815
v 0.003520 -0.013153 0.023949
v -0.002479 -0.013153 0.024041
v -0.002364 -0.013153 0.031540
v 0.000636 -0.013153 0.031494
v 0.000536 -0.013153 0.024995
v 0.003535 -0.013153 0.024949
v -0.002210 0.016847 0.041539
v 0.000790 0.016847 0.041493
v 0.001439 0.017222 0.041483
v 0.001439 0.017972 0.041483
v 0.000790 0.018347 0.041493
v -0.002210 0.018347 0.041539
v -0.002859 0.017972 0.041549
v -0.002859 0.017222 0.041549
v 0.010762 0.004966 0.036339
v 0.010713 0.003827 0.033211
v 0.010688 0.000945 0.031547
v 0.010697 -0.002333 0.032125
v 0.010736 -0.004473 0.034674
v 0.010787 -0.004473 0.038003
v 0.010827 -0.002333 0.040552
v 0.010835 0.000945 0.041130
v 0.010810 0.003827 0.039466
v 0.011262 0.005100 0.036331
v 0.011307 0.004145 0.039269
v 0.011335 0.001645 0.041086
v 0.011335 -0.001445 0.041086
v 0.011307 -0.003945 0.039269
v 0.011262 -0.004900 0.036331
v 0.011216 -0.003945 0.033392
v 0.011188 -0.001445 0.031576
v 0.011188 0.001645 0.031576
v 0.011216 0.004145 0.033392
v 0.010736 -0.004473 0.034674
v 0.011262 -0.004900 0.036331
v 0.000120 0.015550 0.024001
v -0.005829 0.015550 0.024093
v -0.005636 0.015550 0.036591
v -0.005314 0.015550 0.036586
v -0.003787 0.015550 0.036563
v -0.003687 0.015550 0.036561
v 0.000313 0.015550 0.036500
v 0.003896 0.042347 0.048350
v 0.003890 0.042347 0.047946
v 0.004539 0.041972 0.047936
v 0.004539 0.041222 0.047936
v 0.003890 0.040847 0.047946
v 0.003896 0.040847 0.048343
v 0.004424 0.041066 0.048273
v 0.004644 0.041597 0.048244
v 0.003896 -0.002653 0.048341
v 0.003890 -0.002653 0.047946
v 0.004539 -0.003028 0.047936
v 0.004539 -0.003778 0.047936
v 0.003890 -0.004153 0.047946
v 0.003896 -0.004153 0.048341
v 0.004424 -0.003934 0.048273
v 0.004644 -0.003403 0.048243
v -0.003495 0.004747 0.049003
v -0.003687 0.004747 0.036561
v -0.003953 0.003736 0.036565
v -0.004683 0.002988 0.036577
v -0.005686 0.002697 0.036592
v -0.005494 0.002697 0.049090
v -0.004077 0.003315 0.049033
v 0.003890 0.027347 0.047946
v 0.000890 0.027347 0.047992
v 0.001540 0.026972 0.047982
v 0.001540 0.026222 0.047982
v 0.000890 0.025847 0.047992
v 0.003890 0.025847 0.047946
v 0.004539 0.026222 0.047936
v 0.004539 0.026972 0.047936
v 0.011262 0.044700 0.036331
v 0.011253 0.044285 0.035760
v 0.011256 0.043614 0.035978
v 0.011267 0.043614 0.036683
v 0.011270 0.044285 0.036901
v 0.012261 0.044700 0.036315
v 0.012270 0.044285 0.036886
v 0.012267 0.043614 0.036668
v 0.012256 0.043614 0.035963
v 0.012253 0.044285 0.035745
v 0.011267 0.043614 0.036683
v 0.012267 0.043614 0.036668
v 0.011262 -0.016800 0.036331
v 0.011302 -0.017759 0.038966
v 0.011324 -0.020188 0.040368
v 0.011316 -0.022950 0.039881
v 0.011283 -0.024753 0.037733
v 0.011240 -0.024753 0.034929
v 0.011207 -0.022950 0.032781
v 0.011199 -0.020188 0.032294
v 0.011221 -0.017759 0.033696
v 0.011262 -0.017000 0.036331
v 0.011223 -0.017913 0.033824
v 0.011202 -0.020223 0.032491
v 0.011210 -0.022850 0.032954
v 0.011241 -0.024565 0.034997
v 0.011282 -0.024565 0.037665
v 0.011314 -0.022850 0.039708
v 0.011321 -0.020223 0.040171
v 0.011300 -0.017913 0.038837
v 0.011283 0.042014 0.037709
v 0.011277 0.042377 0.037346
v 0.012277 0.042377 0.037331
v 0.012283 0.042014 0.037694
v 0.000636 -0.013153 0.031494
v -0.002364 -0.013153 0.031540
v -0.003013 -0.012778 0.031550
v -0.003013 -0.012028 0.031550
v -0.002364 -0.011653 0.031540
v 0.000636 -0.011653 0.031494
v 0.001285 -0.012028 0.031484
v 0.001285 -0.012778 0.031484
v -0.003002 -0.024253 0.048543
v -0.003372 -0.024253 0.024564
v -0.003345 -0.027917 0.026285
v -0.003302 -0.030816 0.029059
v -0.003248 -0.032680 0.032602
v -0.003187 -0.033324 0.036554
v -0.003126 -0.032681 0.040505
v -0.003071 -0.030816 0.044047
v -0.003028 -0.027917 0.046821
v 0.010762 0.033966 0.036339
v 0.010810 0.032827 0.039466
v 0.010835 0.029945 0.041130
v 0.010827 0.026667 0.040552
v 0.010787 0.024527 0.038003
v 0.010736 0.024527 0.034674
v 0.010697 0.026667 0.032125
v 0.010688 0.029945 0.031547
v 0.010713 0.032827 0.033211
v 0.010762 0.033200 0.036339
v 0.010721 0.032241 0.033703
v 0.010699 0.029812 0.032301
v 0.010707 0.027050 0.032788
v 0.010740 0.025247 0.034936
v 0.010783 0.025247 0.037741
v 0.010816 0.027050 0.039889
v 0.010824 0.029812 0.040376
v 0.010802 0.032241 0.038974
v 0.010762 -0.016034 0.036339
v 0.010713 -0.017173 0.033211
v 0.010688 -0.020055 0.031547
v 0.010697 -0.023333 0.032125
v 0.010736 -0.025473 0.034674
v 0.010787 -0.025473 0.038003
v 0.010827 -0.023333 0.040552
v 0.010835 -0.020055 0.041130
v 0.010810 -0.017173 0.039466
v 0.011262 -0.015900 0.036331
v 0.011307 -0.016855 0.039269
v 0.011335 -0.019355 0.041086
v 0.011335 -0.022445 0.041086
v 0.011307 -0.024945 0.039269
v 0.011262 -0.025900 0.036331
v 0.011216 -0.024945 0.033392
v 0.011188 -0.022445 0.031576
v 0.011188 -0.019355 0.031576
v 0.011216 -0.016855 0.033392
v 0.010736 -0.025473 0.034674
v 0.011262 -0.025900 0.036331
v -0.002096 0.012347 0.048918
v -0.002210 0.012347 0.041539
v 0.000790 0.012347 0.041493
v 0.000890 0.012347 0.047992
v 0.003890 0.012347 0.047946
v 0.003896 0.012347 0.048346
v 0.001901 0.012347 0.048575
v -0.000097 0.012347 0.048765
v 0.014861 -0.002900 0.042776
v 0.014848 -0.006150 0.041905
v 0.014811 -0.008529 0.039527
v 0.014761 -0.009400 0.036277
v 0.014711 -0.008529 0.033027
v 0.014674 -0.006150 0.030648
v 0.014661 -0.002900 0.029778
v 0.011161 -0.002900 0.029832
v 0.011175 -0.006150 0.030702
v 0.011211 -0.008529 0.033081
v 0.011262 -0.009400 0.036331
v 0.011312 -0.008529 0.039580
v 0.011348 -0.006150 0.041959
v 0.011362 -0.002900 0.042830
v 0.011254 0.046036 0.035831
v 0.011254 0.046549 0.035831
v 0.012254 0.046549 0.035816
v 0.012254 0.046036 0.035816
v -0.003549 -0.023703 0.048713
v -0.003924 -0.023703 0.024411
v -0.003372 -0.024253 0.024564
v -0.003002 -0.024253 0.048543
v -0.005894 0.015696 0.049088
v -0.005794 0.015431 0.049092
v -0.005544 0.015299 0.049091
v -0.005229 0.015396 0.049080
v -0.005094 0.015696 0.049075
v -0.005229 0.015996 0.049080
v -0.005544 0.016093 0.049091
v -0.005786 0.016083 0.036594
v -0.005753 0.016090 0.036593
v -0.005720 0.016095 0.036593
v -0.005686 0.016096 0.036592
v -0.005473 0.016034 0.036589
v -0.005326 0.015869 0.036587
v -0.005289 0.015650 0.036586
v -0.005295 0.015616 0.036586
v -0.005303 0.015582 0.036586
v -0.005314 0.015550 0.036586
v -0.005389 0.015429 0.036588
v -0.005501 0.015342 0.036589
v -0.005636 0.015299 0.036591
v -0.005687 0.015296 0.036592
v -0.005737 0.015299 0.036593
v -0.005786 0.015309 0.036594
v -0.006048 0.015526 0.036598
v -0.006048 0.015866 0.036598
v -0.005229 0.015396 0.049080
v -0.005389 0.015429 0.036588
v 0.011277 0.042377 0.037346
v 0.011275 0.042290 0.037182
v 0.011272 0.042218 0.037009
v 0.011269 0.042163 0.036831
v 0.012269 0.042163 0.036815
v 0.012272 0.042218 0.036994
v 0.012275 0.042290 0.037166
v 0.012277 0.042377 0.037331
v -0.003787 0.015650 0.036563
v -0.003787 0.015550 0.036563
v -0.005314 0.015550 0.036586
v -0.005303 0.015582 0.036586
v -0.005295 0.015616 0.036586
v -0.005289 0.015650 0.036586
v -0.005785 0.056600 0.036711
v -0.005788 0.056600 0.036476
v -0.005736 0.056600 0.036593
v -0.002096 0.003347 0.048920
v -0.002210 0.003347 0.041539
v 0.000790 0.003347 0.041493
v 0.000890 0.003347 0.047992
v 0.003890 0.003347 0.047946
v 0.003896 0.003347 0.048346
v 0.004396 0.039963 0.023935
v 0.004404 0.039963 0.024410
v 0.004860 0.039580 0.024461
v 0.005316 0.039198 0.024513
v 0.005773 0.038816 0.024567
v 0.005763 0.038816 0.023914
v 0.005763 0.038816 0.023914
v 0.005773 0.038816 0.024567
v 0.006130 0.038050 0.024622
v 0.006119 0.038050 0.023909
v 0.006078 0.038336 0.023909
v 0.005955 0.038599 0.023911
v -0.002210 0.007847 0.041539
v -0.002096 0.007847 0.048919
v 0.003896 0.007847 0.048347
v 0.003890 0.007847 0.047946
v 0.000890 0.007847 0.047992
v 0.000790 0.007847 0.041493
v 0.003535 -0.010153 0.024949
v 0.000536 -0.010153 0.024995
v 0.001185 -0.009778 0.024985
v 0.001185 -0.009028 0.024985
v 0.000536 -0.008653 0.024995
v 0.003535 -0.008653 0.024949
v 0.004185 -0.009028 0.024939
v 0.004185 -0.009778 0.024939
v -0.002479 0.028847 0.024041
v -0.003129 0.029222 0.024051
v -0.003129 0.029972 0.024051
v -0.002479 0.030347 0.024041
v -0.002364 0.030347 0.031540
v -0.003013 0.029972 0.031550
v -0.003013 0.029222 0.031550
v -0.002364 0.028847 0.031540
v 0.014761 0.047600 0.036277
v 0.014723 0.046575 0.033802
v 0.014707 0.044100 0.032777
v 0.014723 0.041625 0.033802
v 0.014761 0.040600 0.036277
v 0.014799 0.041625 0.038751
v 0.014815 0.044100 0.039776
v 0.014799 0.046575 0.038751
v -0.002096 0.019847 0.048920
v -0.002210 0.019847 0.041539
v -0.002859 0.020222 0.041549
v -0.002859 0.020972 0.041549
v -0.002210 0.021347 0.041539
v -0.002096 0.021347 0.048920
v -0.002845 0.020597 0.048967
v -0.002626 0.020066 0.048954
v -0.002096 0.018347 0.048920
v -0.002210 0.018347 0.041539
v 0.000790 0.018347 0.041493
v 0.000890 0.018347 0.047992
v 0.003890 0.018347 0.047946
v 0.003896 0.018347 0.048347
v 0.003890 0.003347 0.047946
v 0.000890 0.003347 0.047992
v 0.001540 0.002972 0.047982
v 0.001540 0.002222 0.047982
v 0.000890 0.001847 0.047992
v 0.003890 0.001847 0.047946
v 0.004539 0.002222 0.047936
v 0.004539 0.002972 0.047936
v -0.007501 0.004747 0.048641
v -0.007501 0.018747 0.048642
v -0.007686 0.018747 0.036623
v -0.007686 0.004747 0.036623
v 0.003535 0.003347 0.024949
v 0.000536 0.003347 0.024995
v 0.000636 0.003347 0.031494
v -0.002364 0.003347 0.031540
v -0.002479 0.003347 0.024041
v 0.003520 0.003347 0.023949
v 0.011235 0.045116 0.034608
v 0.011229 0.045478 0.034246
v 0.012229 0.045478 0.034230
v 0.012235 0.045116 0.034593
v 0.011240 0.042014 0.034953
v 0.011236 0.042218 0.034686
v 0.011233 0.042455 0.034449
v 0.011229 0.042721 0.034246
v 0.012229 0.042721 0.034230
v 0.012232 0.042455 0.034433
v 0.012236 0.042218 0.034670
v 0.012240 0.042014 0.034937
v 0.003896 -0.014653 0.048341
v 0.003890 -0.014653 0.047946
v 0.004539 -0.015028 0.047936
v 0.004539 -0.015778 0.047936
v 0.003890 -0.016153 0.047946
v 0.003896 -0.016153 0.048340
v 0.004424 -0.015935 0.048270
v 0.004644 -0.015403 0.048240
v -0.002927 -0.022303 0.024183
v -0.004928 -0.022303 0.024163
v -0.004545 -0.022303 0.048992
v -0.002546 -0.022303 0.048909
v 0.003520 0.016847 0.023949
v -0.002479 0.016847 0.024041
v -0.002364 0.016847 0.031540
v 0.000636 0.016847 0.031494
v 0.000536 0.016847 0.024995
v 0.003535 0.016847 0.024949
v 0.011224 0.044600 0.033882
v 0.011232 0.044600 0.034395
v 0.012232 0.044600 0.034379
v 0.012224 0.044600 0.033866
v -0.007602 0.004747 0.048585
v -0.007786 0.004747 0.036624
v -0.007786 0.018747 0.036624
v -0.007602 0.018747 0.048586
v 0.000636 -0.004153 0.031494
v -0.002364 -0.004153 0.031540
v -0.003013 -0.003778 0.031550
v -0.003013 -0.003028 0.031550
v -0.002364 -0.002653 0.031540
v 0.000636 -0.002653 0.031494
v 0.001285 -0.003028 0.031484
v 0.001285 -0.003778 0.031484
v 0.011262 0.044700 0.036331
v 0.011270 0.044285 0.036901
v 0.011267 0.043614 0.036683
v 0.011256 0.043614 0.035978
v 0.011253 0.044285 0.035760
v 0.011262 0.044600 0.036331
v 0.011254 0.044254 0.035855
v 0.011257 0.043695 0.036037
v 0.011266 0.043695 0.036625
v 0.011269 0.044254 0.036806
v -0.002479 0.004847 0.024041
v -0.003129 0.005222 0.024051
v -0.003129 0.005972 0.024051
v -0.002479 0.006347 0.024041
v -0.002364 0.006347 0.031540
v -0.003013 0.005972 0.031550
v -0.003013 0.005222 0.031550
v -0.002364 0.004847 0.031540
v 0.006130 0.038050 0.024622
v 0.006160 0.038050 0.024736
v 0.006239 0.038049 0.024824
v 0.006350 0.038049 0.024866
v 0.006350 0.024825 0.024852
v 0.006350 0.011600 0.024842
v 0.006350 -0.001625 0.024852
v 0.006350 -0.014850 0.024866
v 0.006239 -0.014850 0.024824
v 0.006160 -0.014850 0.024736
v 0.006130 -0.014850 0.024622
v 0.006130 -0.001625 0.024608
v 0.006130 0.011600 0.024598
v 0.006130 0.024825 0.024608
v 0.006194 0.004987 0.024762
v 0.006194 -0.008238 0.024775
v 0.003520 0.001847 0.023949
v -0.002479 0.001847 0.024041
v -0.002364 0.001847 0.031540
v 0.000636 0.001847 0.031494
v 0.000536 0.001847 0.024995
v 0.003535 0.001847 0.024949
v 0.010762 0.001200 0.036339
v 0.010778 0.000440 0.037385
v 0.010772 -0.000790 0.036985
v 0.010752 -0.000790 0.035692
v 0.010745 0.000440 0.035293
v 0.011262 0.001200 0.036331
v 0.011245 0.000440 0.035285
v 0.011252 -0.000790 0.035684
v 0.011272 -0.000790 0.036977
v 0.011278 0.000440 0.037377
v 0.011252 -0.000790 0.035684
v 0.010752 -0.000790 0.035692
v -0.005786 0.015309 0.036594
v -0.005786 0.016083 0.036594
v -0.006048 0.015866 0.036598
v -0.006048 0.015526 0.036598
v -0.002210 -0.010153 0.041539
v 0.000790 -0.010153 0.041493
v 0.001439 -0.009778 0.041483
v 0.001439 -0.009028 0.041483
v 0.000790 -0.008653 0.041493
v -0.002210 -0.008653 0.041539
v -0.002859 -0.009028 0.041549
v -0.002859 -0.009778 0.041549
v 0.003535 0.033347 0.024949
v 0.000536 0.033347 0.024995
v 0.000636 0.033347 0.031494
v -0.002364 0.033347 0.031540
v -0.002479 0.033347 0.024041
v 0.003520 0.033347 0.023949
v -0.005686 0.015650 0.036592
v -0.005879 0.015650 0.024094
v 0.000120 0.015650 0.024001
v 0.000313 0.015650 0.036500
v -0.003687 0.015650 0.036561
v -0.003787 0.015650 0.036563
v -0.005289 0.015650 0.036586
v 0.003890 -0.014653 0.047946
v 0.000890 -0.014653 0.047992
v 0.001540 -0.015028 0.047982
v 0.001540 -0.015778 0.047982
v 0.000890 -0.016153 0.047992
v 0.003890 -0.016153 0.047946
v 0.004539 -0.015778 0.047936
v 0.004539 -0.015028 0.047936
v 0.003535 0.016847 0.024949
v 0.000536 0.016847 0.024995
v 0.001185 0.017222 0.024985
v 0.001185 0.017972 0.024985
v 0.000536 0.018347 0.024995
v 0.003535 0.018347 0.024949
v 0.004185 0.017972 0.024939
v 0.004185 0.017222 0.024939
v 0.000636 0.001847 0.031494
v -0.002364 0.001847 0.031540
v -0.003013 0.002222 0.031550
v -0.003013 0.002972 0.031550
v -0.002364 0.003347 0.031540
v 0.000636 0.003347 0.031494
v 0.001285 0.002972 0.031484
v 0.001285 0.002222 0.031484
v -0.002479 0.034847 0.024041
v -0.003129 0.035222 0.024051
v -0.003129 0.035972 0.024051
v -0.002479 0.036347 0.024041
v -0.002364 0.036347 0.031540
v -0.003013 0.035972 0.031550
v -0.003013 0.035222 0.031550
v -0.002364 0.034847 0.031540
v -0.002210 0.019847 0.041539
v 0.000790 0.019847 0.041493
v 0.001439 0.020222 0.041483
v 0.001439 0.020972 0.041483
v 0.000790 0.021347 0.041493
v -0.002210 0.021347 0.041539
v -0.002859 0.020972 0.041549
v -0.002859 0.020222 0.041549
v 0.003535 0.030347 0.024949
v 0.000536 0.030347 0.024995
v 0.000636 0.030347 0.031494
v -0.002364 0.030347 0.031540
v -0.002479 0.030347 0.024041
v 0.003520 0.030347 0.023949
v 0.003896 0.018347 0.048347
v 0.003890 0.018347 0.047946
v 0.004539 0.017972 0.047936
v 0.004539 0.017222 0.047936
v 0.003890 0.016847 0.047946
v 0.003896 0.016847 0.048347
v 0.004645 0.017596 0.048251
v 0.004424 0.018128 0.048279
v -0.002210 0.040847 0.041539
v -0.002096 0.040847 0.048938
v 0.003896 0.040847 0.048343
v 0.003890 0.040847 0.047946
v 0.000890 0.040847 0.047992
v 0.000790 0.040847 0.041493
v -0.005829 0.015550 0.024093
v -0.005829 0.007650 0.024093
v -0.005636 0.007650 0.036591
v -0.005636 0.015299 0.036591
v -0.005636 0.015550 0.036591
v 0.000890 -0.014653 0.047992
v 0.000790 -0.014653 0.041493
v 0.001439 -0.015028 0.041483
v 0.001439 -0.015778 0.041483
v 0.000790 -0.016153 0.041493
v 0.000890 -0.016153 0.047992
v 0.001540 -0.015778 0.047982
v 0.001540 -0.015028 0.047982
v -0.002096 0.021347 0.048920
v -0.002210 0.021347 0.041539
v 0.000790 0.021347 0.041493
v 0.000890 0.021347 0.047992
v 0.003890 0.021347 0.047946
v 0.003896 0.021347 0.048345
v 0.003896 0.012347 0.048346
v 0.003890 0.012347 0.047946
v 0.004539 0.011972 0.047936
v 0.004539 0.011222 0.047936
v 0.003890 0.010847 0.047946
v 0.003896 0.010847 0.048346
v 0.004645 0.011597 0.048250
v 0.004425 0.012128 0.048279
v 0.003535 -0.011653 0.024949
v 0.000536 -0.011653 0.024995
v 0.000636 -0.011653 0.031494
v -0.002364 -0.011653 0.031540
v -0.002479 -0.011653 0.024041
v 0.003520 -0.011653 0.023949
v 0.003890 -0.008653 0.047946
v 0.000890 -0.008653 0.047992
v 0.001540 -0.009028 0.047982
v 0.001540 -0.009778 0.047982
v 0.000890 -0.010153 0.047992
v 0.003890 -0.010153 0.047946
v 0.004539 -0.009778 0.047936
v 0.004539 -0.009028 0.047936
v 0.000636 0.028847 0.031494
v -0.002364 0.028847 0.031540
v -0.003013 0.029222 0.031550
v -0.003013 0.029972 0.031550
v -0.002364 0.030347 0.031540
v 0.000636 0.030347 0.031494
v 0.001285 0.029972 0.031484
v 0.001285 0.029222 0.031484
v 0.012299 0.043600 0.038765
v 0.012291 0.043600 0.038252
v 0.012290 0.043422 0.038197
v 0.012289 0.043249 0.038125
v 0.012288 0.043084 0.038038
v 0.012294 0.042721 0.038401
v 0.012290 0.042455 0.038198
v 0.012287 0.042218 0.037960
v 0.012283 0.042014 0.037694
v 0.012277 0.042377 0.037331
v 0.012275 0.042290 0.037166
v 0.012272 0.042218 0.036994
v 0.012269 0.042163 0.036815
v 0.012269 0.041650 0.036815
v 0.012264 0.041605 0.036483
v 0.012259 0.041605 0.036148
v 0.012254 0.041650 0.035816
v 0.012254 0.042163 0.035816
v 0.012251 0.042218 0.035637
v 0.012248 0.042290 0.035465
v 0.012246 0.042377 0.035300
v 0.012240 0.042014 0.034937
v 0.012236 0.042218 0.034670
v 0.012232 0.042455 0.034433
v 0.012229 0.042721 0.034230
v 0.012235 0.043084 0.034593
v 0.012234 0.043249 0.034506
v 0.012232 0.043422 0.034434
v 0.012232 0.043600 0.034379
v 0.012224 0.043600 0.033866
v 0.012223 0.043932 0.033821
v 0.012223 0.044268 0.033821
v 0.012224 0.044600 0.033866
v 0.012232 0.044600 0.034379
v 0.012232 0.044778 0.034434
v 0.012234 0.044951 0.034506
v 0.012235 0.045116 0.034593
v 0.012229 0.045478 0.034230
v 0.012232 0.045745 0.034433
v 0.012236 0.045982 0.034670
v 0.012240 0.046185 0.034937
v 0.012246 0.045823 0.035300
v 0.012248 0.045910 0.035465
v 0.012251 0.045981 0.035637
v 0.012254 0.046036 0.035816
v 0.012254 0.046549 0.035816
v 0.012259 0.046594 0.036148
v 0.012264 0.046594 0.036483
v 0.012269 0.046549 0.036815
v 0.012269 0.046036 0.036815
v 0.012272 0.045981 0.036994
v 0.012275 0.045910 0.037166
v 0.012277 0.045823 0.037331
v 0.012283 0.046185 0.037694
v 0.012287 0.045982 0.037960
v 0.012290 0.045745 0.038198
v 0.012294 0.045478 0.038401
v 0.012288 0.045116 0.038038
v 0.012289 0.044951 0.038125
v 0.012290 0.044778 0.038197
v 0.012291 0.044600 0.038252
v 0.012299 0.044600 0.038765
v 0.012300 0.044268 0.038810
v 0.012300 0.043932 0.038810
v 0.012261 0.044700 0.036315
v 0.012253 0.044285 0.035745
v 0.012256 0.043614 0.035963
v 0.012267 0.043614 0.036668
v 0.012270 0.044285 0.036886
v -0.002479 0.037847 0.024041
v -0.003129 0.038222 0.024051
v -0.003129 0.038972 0.024051
v -0.002479 0.039347 0.024041
v -0.002364 0.039347 0.031540
v -0.003013 0.038972 0.031550
v -0.003013 0.038222 0.031550
v -0.002364 0.037847 0.031540
v 0.003520 0.034847 0.023949
v -0.002479 0.034847 0.024041
v -0.002364 0.034847 0.031540
v 0.000636 0.034847 0.031494
v 0.000536 0.034847 0.024995
v 0.003535 0.034847 0.024949
v 0.000536 0.031847 0.024995
v 0.000636 0.031847 0.031494
v 0.001285 0.032222 0.031484
v 0.001285 0.032972 0.031484
v 0.000636 0.033347 0.031494
v 0.000536 0.033347 0.024995
v 0.001185 0.032972 0.024985
v 0.001185 0.032222 0.024985
v -0.009860 -0.023703 0.028631
v -0.009612 -0.023703 0.044678
v -0.009605 -0.020900 0.045154
v -0.009605 0.002469 0.045154
v -0.009605 0.023285 0.045154
v -0.009605 0.044100 0.045154
v -0.009616 0.047565 0.044415
v -0.009645 0.050247 0.042524
v -0.009687 0.051980 0.039839
v -0.009736 0.052600 0.036655
v -0.009785 0.051980 0.033470
v -0.009826 0.050247 0.030785
v -0.009856 0.047565 0.028894
v -0.009867 0.044100 0.028156
v -0.009867 0.027850 0.028156
v -0.009867 0.011600 0.028156
v -0.009867 -0.004650 0.028156
v -0.009867 -0.020900 0.028156
v -0.009736 0.032850 0.036655
v -0.009754 0.033714 0.035466
v -0.009747 0.035111 0.035920
v -0.009725 0.035111 0.037389
v -0.009718 0.033714 0.037843
v -0.009736 -0.012150 0.036655
v -0.009754 -0.011286 0.035466
v -0.009747 -0.009889 0.035920
v -0.009725 -0.009889 0.037389
v -0.009718 -0.011286 0.037843
v -0.004737 0.032850 0.036577
v -0.004718 0.033714 0.037766
v -0.004725 0.035111 0.037312
v -0.004748 0.035111 0.035843
v -0.004755 0.033714 0.035389
v -0.003986 0.034100 0.036566
v -0.003986 0.034100 0.036566
v -0.003986 0.034100 0.036566
v -0.003986 0.034100 0.036566
v -0.004725 0.035111 0.037312
v -0.003986 0.034100 0.036566
v 0.000536 0.022847 0.024995
v 0.000636 0.022847 0.031494
v 0.001285 0.023222 0.031484
v 0.001285 0.023972 0.031484
v 0.000636 0.024347 0.031494
v 0.000536 0.024347 0.024995
v 0.001185 0.023972 0.024985
v 0.001185 0.023222 0.024985
v -0.002479 0.019847 0.024041
v -0.003129 0.020222 0.024051
v -0.003129 0.020972 0.024051
v -0.002479 0.021347 0.024041
v -0.002364 0.021347 0.031540
v -0.003013 0.020972 0.031550
v -0.003013 0.020222 0.031550
v -0.002364 0.019847 0.031540
v -0.002096 0.039347 0.048935
v -0.002210 0.039347 0.041539
v 0.000790 0.039347 0.041493
v 0.000890 0.039347 0.047992
v 0.003890 0.039347 0.047946
v 0.003896 0.039347 0.048340
v 0.003520 0.003347 0.023949
v 0.004169 0.002972 0.023939
v 0.004169 0.002222 0.023939
v 0.003520 0.001847 0.023949
v 0.003535 0.001847 0.024949
v 0.004185 0.002222 0.024939
v 0.004185 0.002972 0.024939
v 0.003535 0.003347 0.024949
v -0.002210 0.016847 0.041539
v -0.002096 0.016847 0.048919
v 0.003896 0.016847 0.048347
v 0.003890 0.016847 0.047946
v 0.000890 0.016847 0.047992
v 0.000790 0.016847 0.041493
v 0.000536 0.028847 0.024995
v 0.000636 0.028847 0.031494
v 0.001285 0.029222 0.031484
v 0.001285 0.029972 0.031484
v 0.000636 0.030347 0.031494
v 0.000536 0.030347 0.024995
v 0.001185 0.029972 0.024985
v 0.001185 0.029222 0.024985
v -0.005594 -0.021253 0.049087
v -0.005594 0.002697 0.049093
v -0.007137 0.002678 0.048815
v -0.008405 0.002706 0.047991
v -0.009271 0.002672 0.046733
v -0.009605 0.002469 0.045154
v -0.009605 -0.020900 0.045154
v -0.009612 -0.023703 0.044678
v -0.008589 -0.023703 0.047646
v -0.007268 -0.023703 0.048508
v -0.005548 -0.023703 0.048773
v -0.003549 -0.023703 0.048713
v -0.003002 -0.024253 0.048543
v -0.003028 -0.027917 0.046821
v -0.003071 -0.030816 0.044047
v -0.003126 -0.032681 0.040505
v -0.003187 -0.033324 0.036554
v -0.003248 -0.032680 0.032602
v -0.003302 -0.030816 0.029059
v -0.003345 -0.027917 0.026285
v -0.003372 -0.024253 0.024564
v -0.003924 -0.023703 0.024411
v -0.005924 -0.023703 0.024413
v -0.007635 -0.023703 0.024731
v -0.008928 -0.023703 0.025633
v -0.009860 -0.023703 0.028631
v -0.009867 -0.020900 0.028156
v -0.009867 -0.004650 0.028156
v -0.009867 0.011600 0.028156
v -0.009867 0.027850 0.028156
v -0.009867 0.044100 0.028156
v -0.009856 0.047565 0.028894
v -0.009826 0.050247 0.030785
v -0.009785 0.051980 0.033470
v -0.009736 0.052600 0.036655
v -0.009687 0.051980 0.039839
v -0.009645 0.050247 0.042524
v -0.009616 0.047565 0.044415
v -0.009605 0.044100 0.045154
v -0.009605 0.023285 0.045154
v -0.009605 0.002469 0.045154
v -0.009271 0.002672 0.046733
v -0.008405 0.002706 0.047991
v -0.007137 0.002678 0.048815
v -0.005594 0.002697 0.049093
v -0.007017 0.003317 0.048860
v -0.007602 0.004747 0.048585
v -0.007602 0.018747 0.048586
v -0.007017 0.020176 0.048860
v -0.005594 0.020796 0.049093
v -0.005594 0.044101 0.049092
v -0.005608 0.048858 0.048152
v -0.005650 0.052896 0.045475
v -0.005711 0.055614 0.041461
v -0.005785 0.056600 0.036711
v -0.005736 0.056600 0.036593
v -0.005788 0.056600 0.036476
v -0.005861 0.055614 0.031727
v -0.005923 0.052895 0.027712
v -0.005965 0.048857 0.025035
v -0.005979 0.044101 0.024095
v -0.005979 -0.021253 0.024100
v -0.004928 -0.022303 0.024163
v -0.002927 -0.022303 0.024183
v -0.001975 -0.023253 0.024361
v -0.001956 -0.026625 0.025562
v -0.001932 -0.028951 0.027141
v -0.001888 -0.031373 0.029965
v -0.001841 -0.032740 0.032993
v -0.001791 -0.033253 0.036271
v -0.001752 -0.033253 0.036399
v -0.001737 -0.033253 0.036531
v -0.001748 -0.033253 0.036664
v -0.001783 -0.033253 0.036793
v -0.001732 -0.032740 0.040070
v -0.001686 -0.031374 0.043098
v -0.001642 -0.028954 0.045920
v -0.001618 -0.026628 0.047500
v -0.001599 -0.023253 0.048702
v -0.002546 -0.022303 0.048909
v -0.004545 -0.022303 0.048992
v -0.009307 0.027746 0.046712
v -0.008405 0.002706 0.047991
v -0.009309 0.011600 0.046611
v -0.009027 0.011600 0.047172
v -0.009621 -0.020360 0.026361
v -0.009309 0.011600 0.046611
v -0.009303 -0.020360 0.046940
v -0.009027 0.011600 0.047172
v -0.007602 0.004747 0.048585
v -0.007568 -0.012501 0.048700
v -0.007567 -0.020635 0.048756
v -0.009024 -0.012479 0.047395
v -0.009022 -0.020323 0.047525
v -0.009305 -0.012558 0.046818
v -0.007941 -0.020635 0.024492
v -0.007940 -0.012501 0.024549
v -0.007939 -0.004454 0.024602
v -0.007939 0.008918 0.024653
v -0.007939 0.019631 0.024641
v -0.007940 0.035700 0.024549
v -0.007941 0.043834 0.024492
v -0.007928 0.048375 0.025330
v -0.007888 0.052378 0.027906
v -0.007827 0.055117 0.031908
v -0.007754 0.056071 0.036624
v -0.007681 0.055117 0.041340
v -0.007620 0.052378 0.045342
v -0.007580 0.048375 0.047918
v -0.007567 0.043834 0.048756
v -0.007568 0.035700 0.048700
v -0.007569 0.027653 0.048647
v -0.009357 -0.020323 0.025768
v -0.009355 -0.012479 0.025897
v -0.009353 -0.004481 0.026011
v -0.009352 0.008937 0.026117
v -0.009352 0.019616 0.026092
v -0.009355 0.035678 0.025897
v -0.009357 0.043522 0.025768
v -0.009345 0.047834 0.026564
v -0.009309 0.051408 0.028920
v -0.009254 0.053788 0.032458
v -0.009189 0.054627 0.036646
v -0.009125 0.053788 0.040834
v -0.009070 0.051408 0.044372
v -0.009034 0.047834 0.046728
v -0.009022 0.043522 0.047525
v -0.009024 0.035678 0.047395
v -0.009026 0.027681 0.047281
v -0.009307 0.027746 0.046712
v -0.009305 0.035758 0.046818
v -0.009303 0.043560 0.046940
v -0.009315 0.047694 0.046162
v -0.009350 0.051056 0.043918
v -0.009401 0.053276 0.040592
v -0.009462 0.054061 0.036650
v -0.009523 0.053276 0.032709
v -0.009574 0.051056 0.029383
v -0.009609 0.047694 0.027139
v -0.009621 0.043560 0.026361
v -0.009619 0.035758 0.026482
v -0.009616 0.019643 0.026664
v -0.009616 0.008931 0.026687
v -0.009617 -0.004546 0.026589
v -0.009619 -0.012558 0.026482
v -0.009605 0.023285 0.045154
v 0.003520 0.024347 0.023949
v 0.004169 0.023972 0.023939
v 0.004169 0.023222 0.023939
v 0.003520 0.022847 0.023949
v 0.003535 0.022847 0.024949
v 0.004185 0.023222 0.024939
v 0.004185 0.023972 0.024939
v 0.003535 0.024347 0.024949
v 0.006130 -0.014850 0.024622
v 0.006160 -0.014850 0.024736
v 0.006239 -0.014850 0.024824
v 0.006350 -0.014850 0.024866
v 0.006320 -0.015121 0.024863
v 0.006232 -0.015379 0.024853
v 0.006091 -0.015611 0.024836
v 0.005903 -0.015807 0.024813
v 0.005832 -0.015716 0.024774
v 0.005784 -0.015647 0.024685
v 0.005773 -0.015616 0.024567
v 0.005923 -0.015460 0.024591
v 0.006036 -0.015274 0.024608
v 0.006106 -0.015068 0.024619
v 0.006159 -0.015122 0.024781
v 0.006122 -0.015236 0.024776
v 0.005924 -0.015561 0.024750
v 0.003896 0.027347 0.048341
v 0.003890 0.027347 0.047946
v 0.004539 0.026972 0.047936
v 0.004539 0.026222 0.047936
v 0.003890 0.025847 0.047946
v 0.003896 0.025847 0.048341
v 0.004644 0.026596 0.048243
v 0.004424 0.027128 0.048273
v -0.002210 0.022847 0.041539
v 0.000790 0.022847 0.041493
v 0.001439 0.023222 0.041483
v 0.001439 0.023972 0.041483
v 0.000790 0.024347 0.041493
v -0.002210 0.024347 0.041539
v -0.002859 0.023972 0.041549
v -0.002859 0.023222 0.041549
v 0.011294 0.042721 0.038416
v 0.011291 0.042455 0.038213
v 0.011287 0.042218 0.037976
v 0.011283 0.042014 0.037709
v 0.012283 0.042014 0.037694
v 0.012287 0.042218 0.037960
v 0.012290 0.042455 0.038198
v 0.012294 0.042721 0.038401
v 0.003535 -0.004153 0.024949
v 0.000536 -0.004153 0.024995
v 0.001185 -0.003778 0.024985
v 0.001185 -0.003028 0.024985
v 0.000536 -0.002653 0.024995
v 0.003535 -0.002653 0.024949
v 0.004185 -0.003028 0.024939
v 0.004185 -0.003778 0.024939
v 0.000890 0.006347 0.047992
v 0.000790 0.006347 0.041493
v 0.001439 0.005972 0.041483
v 0.001439 0.005222 0.041483
v 0.000790 0.004847 0.041493
v 0.000890 0.004847 0.047992
v 0.001540 0.005222 0.047982
v 0.001540 0.005972 0.047982
v 0.003535 0.036347 0.024949
v 0.000536 0.036347 0.024995
v 0.000636 0.036347 0.031494
v -0.002364 0.036347 0.031540
v -0.002479 0.036347 0.024041
v 0.003520 0.036347 0.023949
v 0.011232 0.043600 0.034395
v 0.011224 0.043600 0.033882
v 0.012224 0.043600 0.033866
v 0.012232 0.043600 0.034379
v 0.003520 0.027347 0.023949
v 0.004169 0.026972 0.023939
v 0.004169 0.026222 0.023939
v 0.003520 0.025847 0.023949
v 0.003535 0.025847 0.024949
v 0.004185 0.026222 0.024939
v 0.004185 0.026972 0.024939
v 0.003535 0.027347 0.024949
v 0.003535 0.018347 0.024949
v 0.000536 0.018347 0.024995
v 0.000636 0.018347 0.031494
v -0.002364 0.018347 0.031540
v -0.002479 0.018347 0.024041
v 0.003520 0.018347 0.023949
v 0.011254 0.041650 0.035831
v 0.011254 0.042163 0.035831
v 0.012254 0.042163 0.035816
v 0.012254 0.041650 0.035816
v 0.015392 -0.020900 0.044768
v 0.015375 -0.025150 0.043630
v 0.015327 -0.028261 0.040519
v 0.015261 -0.029400 0.036269
v 0.015196 -0.028261 0.032020
v 0.015148 -0.025150 0.028909
v 0.015130 -0.020900 0.027770
v 0.015130 0.044100 0.027770
v 0.015148 0.048350 0.028909
v 0.015196 0.051461 0.032020
v 0.015261 0.052600 0.036269
v 0.015327 0.051461 0.040519
v 0.015375 0.048350 0.043630
v 0.015392 0.044100 0.044768
v 0.003890 0.015347 0.047946
v 0.000890 0.015347 0.047992
v 0.001540 0.014972 0.047982
v 0.001540 0.014222 0.047982
v 0.000890 0.013847 0.047992
v 0.003890 0.013847 0.047946
v 0.004539 0.014222 0.047936
v 0.004539 0.014972 0.047936
v -0.002096 -0.011653 0.048933
v -0.002210 -0.011653 0.041539
v 0.000790 -0.011653 0.041493
v 0.000890 -0.011653 0.047992
v 0.003890 -0.011653 0.047946
v 0.003896 -0.011653 0.048345
v -0.007602 0.018747 0.048586
v -0.007786 0.018747 0.036624
v -0.007520 0.019757 0.036620
v -0.006790 0.020505 0.036609
v -0.005786 0.020796 0.036594
v -0.005594 0.020796 0.049093
v -0.007017 0.020176 0.048860
v 0.003896 -0.005653 0.048342
v 0.003890 -0.005653 0.047946
v 0.004539 -0.006028 0.047936
v 0.004539 -0.006778 0.047936
v 0.003890 -0.007153 0.047946
v 0.003896 -0.007153 0.048343
v 0.004644 -0.006403 0.048245
v 0.004424 -0.005872 0.048274
v -0.004928 -0.022303 0.024163
v -0.005979 -0.021253 0.024100
v -0.005594 -0.021253 0.049087
v -0.004545 -0.022303 0.048992
v 0.003890 0.042347 0.047946
v 0.000890 0.042347 0.047992
v 0.001540 0.041972 0.047982
v 0.001540 0.041222 0.047982
v 0.000890 0.040847 0.047992
v 0.003890 0.040847 0.047946
v 0.004539 0.041222 0.047936
v 0.004539 0.041972 0.047936
v 0.000120 0.015650 0.024001
v -0.005879 0.015650 0.024094
v -0.005879 0.041838 0.024094
v -0.004431 0.041731 0.024071
v -0.002985 0.041591 0.024049
v -0.001543 0.041416 0.024027
v -0.000105 0.041215 0.024005
v 0.003170 0.040582 0.023954
v 0.003609 0.040440 0.023947
v 0.004021 0.040232 0.023941
v 0.004396 0.039963 0.023935
v 0.005763 0.038816 0.023914
v 0.005955 0.038599 0.023911
v 0.006078 0.038336 0.023909
v 0.006119 0.038050 0.023909
v 0.006119 -0.014850 0.023909
v 0.006078 -0.015137 0.023909
v 0.005955 -0.015399 0.023911
v 0.005763 -0.015616 0.023914
v 0.004396 -0.016763 0.023935
v 0.004021 -0.017032 0.023941
v 0.003609 -0.017240 0.023947
v 0.003170 -0.017382 0.023954
v -0.000105 -0.018015 0.024005
v -0.001543 -0.018217 0.024027
v -0.002985 -0.018392 0.024049
v -0.004431 -0.018531 0.024071
v -0.005879 -0.018638 0.024094
v -0.005879 0.007550 0.024094
v 0.000120 0.007550 0.024001
v 0.002500 0.008323 0.023964
v 0.003972 0.010348 0.023942
v 0.003972 0.012851 0.023942
v 0.002500 0.014876 0.023964
v -0.002479 -0.010153 0.024041
v 0.003520 -0.010153 0.023949
v 0.004169 -0.009778 0.023939
v 0.004169 -0.009028 0.023939
v 0.003520 -0.008653 0.023949
v -0.002479 -0.008653 0.024041
v -0.003129 -0.009028 0.024051
v -0.003129 -0.009778 0.024051
v -0.002479 -0.007153 0.024041
v 0.003520 -0.007153 0.023949
v 0.004169 -0.006778 0.023939
v 0.004169 -0.006028 0.023939
v 0.003520 -0.005653 0.023949
v -0.002479 -0.005653 0.024041
v -0.003129 -0.006028 0.024051
v -0.003129 -0.006778 0.024051
v -0.002479 -0.004153 0.024041
v 0.003520 -0.004153 0.023949
v 0.004169 -0.003778 0.023939
v 0.004169 -0.003028 0.023939
v 0.003520 -0.002653 0.023949
v -0.002479 -0.002653 0.024041
v -0.003129 -0.003028 0.024051
v -0.003129 -0.003778 0.024051
v -0.002479 -0.001153 0.024041
v 0.003520 -0.001153 0.023949
v 0.004169 -0.000778 0.023939
v 0.004169 -0.000028 0.023939
v 0.003520 0.000347 0.023949
v -0.002479 0.000347 0.024041
v -0.003129 -0.000028 0.024051
v -0.003129 -0.000778 0.024051
v -0.002479 0.001847 0.024041
v 0.003520 0.001847 0.023949
v 0.004169 0.002222 0.023939
v 0.004169 0.002972 0.023939
v 0.003520 0.003347 0.023949
v -0.002479 0.003347 0.024041
v -0.003129 0.002972 0.024051
v -0.003129 0.002222 0.024051
v -0.002479 0.004847 0.024041
v 0.003520 0.004847 0.023949
v 0.004169 0.005222 0.023939
v 0.004169 0.005972 0.023939
v 0.003520 0.006347 0.023949
v -0.002479 0.006347 0.024041
v -0.003129 0.005972 0.024051
v -0.003129 0.005222 0.024051
v -0.002479 0.016847 0.024041
v 0.003520 0.016847 0.023949
v 0.004169 0.017222 0.023939
v 0.004169 0.017972 0.023939
v 0.003520 0.018347 0.023949
v -0.002479 0.018347 0.024041
v -0.003129 0.017972 0.024051
v -0.003129 0.017222 0.024051
v -0.002479 0.019847 0.024041
v 0.003520 0.019847 0.023949
v 0.004169 0.020222 0.023939
v 0.004169 0.020972 0.023939
v 0.003520 0.021347 0.023949
v -0.002479 0.021347 0.024041
v -0.003129 0.020972 0.024051
v -0.003129 0.020222 0.024051
v -0.002479 0.022847 0.024041
v 0.003520 0.022847 0.023949
v 0.004169 0.023222 0.023939
v 0.004169 0.023972 0.023939
v 0.003520 0.024347 0.023949
v -0.002479 0.024347 0.024041
v -0.003129 0.023972 0.024051
v -0.003129 0.023222 0.024051
v -0.002479 0.025847 0.024041
v 0.003520 0.025847 0.023949
v 0.004169 0.026222 0.023939
v 0.004169 0.026972 0.023939
v 0.003520 0.027347 0.023949
v -0.002479 0.027347 0.024041
v -0.003129 0.026972 0.024051
v -0.003129 0.026222 0.024051
v -0.002479 0.028847 0.024041
v 0.003520 0.028847 0.023949
v 0.004169 0.029222 0.023939
v 0.004169 0.029972 0.023939
v 0.003520 0.030347 0.023949
v -0.002479 0.030347 0.024041
v -0.003129 0.029972 0.024051
v -0.003129 0.029222 0.024051
v -0.002479 0.031847 0.024041
v 0.003520 0.031847 0.023949
v 0.004169 0.032222 0.023939
v 0.004169 0.032972 0.023939
v 0.003520 0.033347 0.023949
v -0.002479 0.033347 0.024041
v -0.003129 0.032972 0.024051
v -0.003129 0.032222 0.024051
v -0.002479 0.034847 0.024041
v 0.003520 0.034847 0.023949
v 0.004169 0.035222 0.023939
v 0.004169 0.035972 0.023939
v 0.003520 0.036347 0.023949
v -0.002479 0.036347 0.024041
v -0.003129 0.035972 0.024051
v -0.003129 0.035222 0.024051
v -0.002479 0.037847 0.024041
v 0.003520 0.037847 0.023949
v 0.004169 0.038222 0.023939
v 0.004169 0.038972 0.023939
v 0.003520 0.039347 0.023949
v -0.002479 0.039347 0.024041
v -0.003129 0.038972 0.024051
v -0.003129 0.038222 0.024051
v -0.002479 -0.013153 0.024041
v 0.003520 -0.013153 0.023949
v 0.004169 -0.012778 0.023939
v 0.004169 -0.012028 0.023939
v 0.003520 -0.011653 0.023949
v -0.002479 -0.011653 0.024041
v -0.003129 -0.012028 0.024051
v -0.003129 -0.012778 0.024051
v -0.002479 -0.016153 0.024041
v 0.003520 -0.016153 0.023949
v 0.004169 -0.015778 0.023939
v 0.004169 -0.015028 0.023939
v 0.003520 -0.014653 0.023949
v -0.002479 -0.014653 0.024041
v -0.003129 -0.015028 0.024051
v -0.003129 -0.015778 0.024051
v 0.000636 0.031847 0.031494
v -0.002364 0.031847 0.031540
v -0.003013 0.032222 0.031550
v -0.003013 0.032972 0.031550
v -0.002364 0.033347 0.031540
v 0.000636 0.033347 0.031494
v 0.001285 0.032972 0.031484
v 0.001285 0.032222 0.031484
v -0.002479 0.025847 0.024041
v -0.003129 0.026222 0.024051
v -0.003129 0.026972 0.024051
v -0.002479 0.027347 0.024041
v -0.002364 0.027347 0.031540
v -0.003013 0.026972 0.031550
v -0.003013 0.026222 0.031550
v -0.002364 0.025847 0.031540
v 0.011246 0.045823 0.035315
v 0.011248 0.045910 0.035480
v 0.011251 0.045981 0.035653
v 0.011254 0.046036 0.035831
v 0.012254 0.046036 0.035816
v 0.012251 0.045981 0.035637
v 0.012248 0.045910 0.035465
v 0.012246 0.045823 0.035300
v -0.002210 0.013847 0.041539
v -0.002096 0.013847 0.048918
v 0.003896 0.013847 0.048346
v 0.003890 0.013847 0.047946
v 0.000890 0.013847 0.047992
v 0.000790 0.013847 0.041493
v 0.011262 -0.018800 0.036331
v 0.011290 -0.019850 0.038149
v 0.011290 -0.021950 0.038149
v 0.011262 -0.023000 0.036331
v 0.011234 -0.021950 0.034512
v 0.011234 -0.019850 0.034512
v 0.011262 -0.019000 0.036331
v 0.011236 -0.019950 0.034686
v 0.011236 -0.021850 0.034686
v 0.011262 -0.022800 0.036331
v 0.011287 -0.021850 0.037976
v 0.011287 -0.019950 0.037976
v -0.002096 0.010847 0.048918
v -0.002210 0.010847 0.041539
v -0.002859 0.011222 0.041549
v -0.002859 0.011972 0.041549
v -0.002210 0.012347 0.041539
v -0.002096 0.012347 0.048918
v -0.002845 0.011597 0.048965
v -0.002626 0.011066 0.048952
v 0.005773 0.038816 0.024567
v 0.005784 0.038846 0.024685
v 0.005832 0.038916 0.024774
v 0.005903 0.039007 0.024813
v 0.006350 0.038049 0.024866
v 0.006239 0.038049 0.024824
v 0.006160 0.038050 0.024736
v 0.006130 0.038050 0.024622
v 0.005992 0.038677 0.024759
v 0.006055 0.038577 0.024768
v 0.006182 0.038215 0.024784
v 0.003890 -0.011653 0.047946
v 0.000890 -0.011653 0.047992
v 0.001540 -0.012028 0.047982
v 0.001540 -0.012778 0.047982
v 0.000890 -0.013153 0.047992
v 0.003890 -0.013153 0.047946
v 0.004539 -0.012778 0.047936
v 0.004539 -0.012028 0.047936
v 0.003520 0.006347 0.023949
v 0.004169 0.005972 0.023939
v 0.004169 0.005222 0.023939
v 0.003520 0.004847 0.023949
v 0.003535 0.004847 0.024949
v 0.004185 0.005222 0.024939
v 0.004185 0.005972 0.024939
v 0.003535 0.006347 0.024949
v 0.003896 -0.008653 0.048345
v 0.003890 -0.008653 0.047946
v 0.004539 -0.009028 0.047936
v 0.004539 -0.009778 0.047936
v 0.003890 -0.010153 0.047946
v 0.003896 -0.010153 0.048346
v 0.004644 -0.009403 0.048247
v 0.004424 -0.008872 0.048276
v 0.003890 0.009347 0.047946
v 0.000890 0.009347 0.047992
v 0.001540 0.008972 0.047982
v 0.001540 0.008222 0.047982
v 0.000890 0.007847 0.047992
v 0.003890 0.007847 0.047946
v 0.004539 0.008222 0.047936
v 0.004539 0.008972 0.047936
v 0.010762 0.004000 0.036339
v 0.010800 0.003087 0.038845
v 0.010821 0.000777 0.040179
v 0.010814 -0.001850 0.039716
v 0.010782 -0.003565 0.037672
v 0.010741 -0.003565 0.035005
v 0.010710 -0.001850 0.032961
v 0.010702 0.000777 0.032498
v 0.010723 0.003087 0.033832
v 0.010762 0.002200 0.036339
v 0.010734 0.001150 0.034520
v 0.010734 -0.000950 0.034520
v 0.010762 -0.002000 0.036339
v 0.010790 -0.000950 0.038157
v 0.010790 0.001150 0.038157
v -0.003595 0.018747 0.049009
v -0.003595 0.004747 0.049009
v -0.003787 0.004747 0.036563
v -0.003787 0.007550 0.036563
v -0.003787 0.007650 0.036563
v -0.003787 0.015550 0.036563
v -0.003787 0.015650 0.036563
v -0.003787 0.018747 0.036563
v 0.003535 -0.013153 0.024949
v 0.000536 -0.013153 0.024995
v 0.001185 -0.012778 0.024985
v 0.001185 -0.012028 0.024985
v 0.000536 -0.011653 0.024995
v 0.003535 -0.011653 0.024949
v 0.004185 -0.012028 0.024939
v 0.004185 -0.012778 0.024939
v -0.005686 0.007550 0.036592
v -0.005879 0.007550 0.024094
v -0.005879 -0.018638 0.024094
v -0.005879 -0.018642 0.024094
v -0.005879 -0.018646 0.024094
v -0.005879 -0.018650 0.024094
v -0.005879 -0.021253 0.024099
v -0.005494 -0.021253 0.049086
v -0.005494 0.002697 0.049090
v -0.005686 0.002697 0.036592
v -0.005686 0.002797 0.036592
v -0.005686 -0.012150 0.036592
v -0.005705 -0.011286 0.035403
v -0.005698 -0.009889 0.035857
v -0.005675 -0.009889 0.037327
v -0.005668 -0.011286 0.037781
v 0.003896 0.030347 0.048343
v 0.003890 0.030347 0.047946
v 0.004539 0.029972 0.047936
v 0.004539 0.029222 0.047936
v 0.003890 0.028847 0.047946
v 0.003896 0.028847 0.048342
v 0.004644 0.029597 0.048245
v 0.004424 0.030128 0.048275
v 0.003535 0.025847 0.024949
v 0.000536 0.025847 0.024995
v 0.001185 0.026222 0.024985
v 0.001185 0.026972 0.024985
v 0.000536 0.027347 0.024995
v 0.003535 0.027347 0.024949
v 0.004185 0.026972 0.024939
v 0.004185 0.026222 0.024939
v 0.011277 0.045823 0.037346
v 0.011283 0.046185 0.037709
v 0.012283 0.046185 0.037694
v 0.012277 0.045823 0.037331
v 0.000636 -0.007153 0.031494
v -0.002364 -0.007153 0.031540
v -0.003013 -0.006778 0.031550
v -0.003013 -0.006028 0.031550
v -0.002364 -0.005653 0.031540
v 0.000636 -0.005653 0.031494
v 0.001285 -0.006028 0.031484
v 0.001285 -0.006778 0.031484
v 0.000536 0.025847 0.024995
v 0.000636 0.025847 0.031494
v 0.001285 0.026222 0.031484
v 0.001285 0.026972 0.031484
v 0.000636 0.027347 0.031494
v 0.000536 0.027347 0.024995
v 0.001185 0.026972 0.024985
v 0.001185 0.026222 0.024985
v -0.002210 0.001847 0.041539
v 0.000790 0.001847 0.041493
v 0.001439 0.002222 0.041483
v 0.001439 0.002972 0.041483
v 0.000790 0.003347 0.041493
v -0.002210 0.003347 0.041539
v -0.002859 0.002972 0.041549
v -0.002859 0.002222 0.041549
v 0.011161 -0.002900 0.029832
v 0.011161 0.003100 0.029832
v 0.011175 0.006350 0.030702
v 0.011211 0.008729 0.033081
v 0.011262 0.009600 0.036331
v 0.011312 0.008729 0.039580
v 0.011348 0.006350 0.041959
v 0.011362 0.003100 0.042830
v 0.011362 -0.002900 0.042830
v 0.011348 -0.006150 0.041959
v 0.011312 -0.008529 0.039580
v 0.011262 -0.009400 0.036331
v 0.011211 -0.008529 0.033081
v 0.011175 -0.006150 0.030702
v 0.011262 0.005100 0.036331
v 0.011216 0.004145 0.033392
v 0.011188 0.001645 0.031576
v 0.011188 -0.001445 0.031576
v 0.011216 -0.003945 0.033392
v 0.011262 -0.004900 0.036331
v 0.011307 -0.003945 0.039269
v 0.011335 -0.001445 0.041086
v 0.011335 0.001645 0.041086
v 0.011307 0.004145 0.039269
v -0.002479 0.031847 0.024041
v -0.003129 0.032222 0.024051
v -0.003129 0.032972 0.024051
v -0.002479 0.033347 0.024041
v -0.002364 0.033347 0.031540
v -0.003013 0.032972 0.031550
v -0.003013 0.032222 0.031550
v -0.002364 0.031847 0.031540
v -0.002210 0.007847 0.041539
v 0.000790 0.007847 0.041493
v 0.001439 0.008222 0.041483
v 0.001439 0.008972 0.041483
v 0.000790 0.009347 0.041493
v -0.002210 0.009347 0.041539
v -0.002859 0.008972 0.041549
v -0.002859 0.008222 0.041549
v 0.003896 0.033347 0.048346
v 0.003890 0.033347 0.047946
v 0.004539 0.032972 0.047936
v 0.004539 0.032222 0.047936
v 0.003890 0.031847 0.047946
v 0.003896 0.031847 0.048345
v 0.004644 0.032597 0.048247
v 0.004424 0.033128 0.048276
v 0.010762 0.033000 0.036339
v 0.010723 0.032087 0.033832
v 0.010702 0.029777 0.032498
v 0.010710 0.027150 0.032961
v 0.010741 0.025435 0.035005
v 0.010782 0.025435 0.037672
v 0.010814 0.027150 0.039716
v 0.010821 0.029777 0.040179
v 0.010800 0.032087 0.038845
v 0.011262 0.033000 0.036331
v 0.011300 0.032087 0.038837
v 0.011321 0.029777 0.040171
v 0.011314 0.027150 0.039708
v 0.011282 0.025435 0.037665
v 0.011241 0.025435 0.034997
v 0.011210 0.027150 0.032954
v 0.011202 0.029777 0.032491
v 0.011223 0.032087 0.033824
v 0.010782 0.025435 0.037672
v 0.011282 0.025435 0.037665
v 0.011229 0.045478 0.034246
v 0.011233 0.045745 0.034449
v 0.011236 0.045982 0.034686
v 0.011240 0.046185 0.034953
v 0.012240 0.046185 0.034937
v 0.012236 0.045982 0.034670
v 0.012232 0.045745 0.034433
v 0.012229 0.045478 0.034230
v -0.005686 0.020696 0.036592
v -0.005686 0.016096 0.036592
v -0.005720 0.016095 0.036593
v -0.005753 0.016090 0.036593
v -0.005786 0.016083 0.036594
v -0.005786 0.020696 0.036594
v -0.005753 0.020697 0.036593
v -0.005720 0.020697 0.036593
v -0.005879 0.041838 0.024094
v -0.005879 0.041842 0.024094
v -0.005879 0.041846 0.024094
v -0.005879 0.041850 0.024094
v -0.001297 0.041620 0.024186
v 0.003209 0.040826 0.024518
v 0.003184 0.040706 0.024484
v 0.003171 0.040617 0.024393
v 0.003175 0.040582 0.024270
v -0.000105 0.041215 0.024005
v -0.001543 0.041416 0.024027
v -0.002985 0.041591 0.024049
v -0.004431 0.041731 0.024071
v -0.000962 0.041403 0.024131
v 0.003520 0.000347 0.023949
v 0.004169 -0.000028 0.023939
v 0.004169 -0.000778 0.023939
v 0.003520 -0.001153 0.023949
v 0.003535 -0.001153 0.024949
v 0.004185 -0.000778 0.024939
v 0.004185 -0.000028 0.024939
v 0.003535 0.000347 0.024949
v 0.011229 0.042721 0.034246
v 0.011235 0.043084 0.034608
v 0.012235 0.043084 0.034593
v 0.012229 0.042721 0.034230
v 0.011269 0.046549 0.036831
v 0.011269 0.046036 0.036831
v 0.012269 0.046036 0.036815
v 0.012269 0.046549 0.036815
v 0.011224 0.043600 0.033882
v 0.011223 0.043932 0.033837
v 0.011223 0.044268 0.033837
v 0.011224 0.044600 0.033882
v 0.012224 0.044600 0.033866
v 0.012223 0.044268 0.033821
v 0.012223 0.043932 0.033821
v 0.012224 0.043600 0.033866
v 0.003520 0.028847 0.023949
v -0.002479 0.028847 0.024041
v -0.002364 0.028847 0.031540
v 0.000636 0.028847 0.031494
v 0.000536 0.028847 0.024995
v 0.003535 0.028847 0.024949
v 0.003535 0.024347 0.024949
v 0.000536 0.024347 0.024995
v 0.000636 0.024347 0.031494
v -0.002364 0.024347 0.031540
v -0.002479 0.024347 0.024041
v 0.003520 0.024347 0.023949
v 0.003520 0.036347 0.023949
v 0.004169 0.035972 0.023939
v 0.004169 0.035222 0.023939
v 0.003520 0.034847 0.023949
v 0.003535 0.034847 0.024949
v 0.004185 0.035222 0.024939
v 0.004185 0.035972 0.024939
v 0.003535 0.036347 0.024949
v 0.000890 0.009347 0.047992
v 0.000790 0.009347 0.041493
v 0.001439 0.008972 0.041483
v 0.001439 0.008222 0.041483
v 0.000790 0.007847 0.041493
v 0.000890 0.007847 0.047992
v 0.001540 0.008222 0.047982
v 0.001540 0.008972 0.047982
v -0.002096 0.036347 0.048933
v -0.002210 0.036347 0.041539
v 0.000790 0.036347 0.041493
v 0.000890 0.036347 0.047992
v 0.003890 0.036347 0.047946
v 0.003896 0.036347 0.048343
v -0.002096 0.009347 0.048918
v -0.002210 0.009347 0.041539
v 0.000790 0.009347 0.041493
v 0.000890 0.009347 0.047992
v 0.003890 0.009347 0.047946
v 0.003896 0.009347 0.048346
v 0.003535 0.028847 0.024949
v 0.000536 0.028847 0.024995
v 0.001185 0.029222 0.024985
v 0.001185 0.029972 0.024985
v 0.000536 0.030347 0.024995
v 0.003535 0.030347 0.024949
v 0.004185 0.029972 0.024939
v 0.004185 0.029222 0.024939
v -0.002479 0.016847 0.024041
v -0.003129 0.017222 0.024051
v -0.003129 0.017972 0.024051
v -0.002479 0.018347 0.024041
v -0.002364 0.018347 0.031540
v -0.003013 0.017972 0.031550
v -0.003013 0.017222 0.031550
v -0.002364 0.016847 0.031540
v 0.010762 -0.016034 0.036339
v 0.010810 -0.017173 0.039466
v 0.010835 -0.020055 0.041130
v 0.010827 -0.023333 0.040552
v 0.010787 -0.025473 0.038003
v 0.010736 -0.025473 0.034674
v 0.010697 -0.023333 0.032125
v 0.010688 -0.020055 0.031547
v 0.010713 -0.017173 0.033211
v 0.010762 -0.016800 0.036339
v 0.010721 -0.017759 0.033703
v 0.010699 -0.020188 0.032301
v 0.010707 -0.022950 0.032788
v 0.010740 -0.024753 0.034936
v 0.010783 -0.024753 0.037741
v 0.010816 -0.022950 0.039889
v 0.010824 -0.020188 0.040376
v 0.010802 -0.017759 0.038974
v 0.006119 -0.014850 0.023909
v 0.006130 -0.014850 0.024622
v 0.006106 -0.015068 0.024619
v 0.006036 -0.015274 0.024608
v 0.005923 -0.015460 0.024591
v 0.005773 -0.015616 0.024567
v 0.005763 -0.015616 0.023914
v 0.005955 -0.015399 0.023911
v 0.006078 -0.015137 0.023909
v 0.003896 0.009347 0.048346
v 0.003890 0.009347 0.047946
v 0.004539 0.008972 0.047936
v 0.004539 0.008222 0.047936
v 0.003890 0.007847 0.047946
v 0.003896 0.007847 0.048347
v 0.004645 0.008597 0.048251
v 0.004425 0.009128 0.048279
v 0.011262 0.001200 0.036331
v 0.011278 0.000440 0.037377
v 0.011272 -0.000790 0.036977
v 0.011252 -0.000790 0.035684
v 0.011245 0.000440 0.035285
v 0.011762 0.000100 0.036323
v 0.011762 0.000100 0.036323
v 0.011762 0.000100 0.036323
v 0.011762 0.000100 0.036323
v 0.011272 -0.000790 0.036977
v 0.011762 0.000100 0.036323
v 0.000890 0.024347 0.047992
v 0.000790 0.024347 0.041493
v 0.001439 0.023972 0.041483
v 0.001439 0.023222 0.041483
v 0.000790 0.022847 0.041493
v 0.000890 0.022847 0.047992
v 0.001540 0.023222 0.047982
v 0.001540 0.023972 0.047982
v 0.003890 0.012347 0.047946
v 0.000890 0.012347 0.047992
v 0.001540 0.011972 0.047982
v 0.001540 0.011222 0.047982
v 0.000890 0.010847 0.047992
v 0.003890 0.010847 0.047946
v 0.004539 0.011222 0.047936
v 0.004539 0.011972 0.047936
v -0.002096 0.040847 0.048938
v -0.002210 0.040847 0.041539
v -0.002859 0.041222 0.041549
v -0.002859 0.041972 0.041549
v -0.002210 0.042347 0.041539
v -0.002096 0.042347 0.048945
v -0.002625 0.042127 0.048976
v -0.002845 0.041597 0.048987
v 0.000636 -0.016153 0.031494
v -0.002364 -0.016153 0.031540
v -0.003013 -0.015778 0.031550
v -0.003013 -0.015028 0.031550
v -0.002364 -0.014653 0.031540
v 0.000636 -0.014653 0.031494
v 0.001285 -0.015028 0.031484
v 0.001285 -0.015778 0.031484
v 0.003520 -0.005653 0.023949
v 0.004169 -0.006028 0.023939
v 0.004169 -0.006778 0.023939
v 0.003520 -0.007153 0.023949
v 0.003535 -0.007153 0.024949
v 0.004185 -0.006778 0.024939
v 0.004185 -0.006028 0.024939
v 0.003535 -0.005653 0.024949
v -0.003687 0.007650 0.036561
v -0.003687 0.015550 0.036561
v -0.003787 0.015550 0.036563
v -0.003787 0.007650 0.036563
v -0.007786 0.004747 0.036624
v -0.007520 0.003736 0.036620
v -0.006790 0.002988 0.036609
v -0.005786 0.002697 0.036594
v -0.005786 0.002797 0.036594
v -0.006740 0.003075 0.036608
v -0.007433 0.003786 0.036619
v -0.007686 0.004747 0.036623
v -0.007686 0.018747 0.036623
v -0.007433 0.019707 0.036619
v -0.006740 0.020418 0.036608
v -0.005786 0.020696 0.036594
v -0.005786 0.020796 0.036594
v -0.006790 0.020505 0.036609
v -0.007520 0.019757 0.036620
v -0.007786 0.018747 0.036624
v 0.000890 -0.002653 0.047992
v 0.000790 -0.002653 0.041493
v 0.001439 -0.003028 0.041483
v 0.001439 -0.003778 0.041483
v 0.000790 -0.004153 0.041493
v 0.000890 -0.004153 0.047992
v 0.001540 -0.003778 0.047982
v 0.001540 -0.003028 0.047982
v 0.003896 0.024347 0.048342
v 0.003890 0.024347 0.047946
v 0.004539 0.023972 0.047936
v 0.004539 0.023222 0.047936
v 0.003890 0.022847 0.047946
v 0.003896 0.022847 0.048343
v 0.004644 0.023596 0.048246
v 0.004424 0.024128 0.048274
v -0.002096 -0.004153 0.048922
v -0.002210 -0.004153 0.041539
v -0.002859 -0.003778 0.041549
v -0.002859 -0.003028 0.041549
v -0.002210 -0.002653 0.041539
v -0.002096 -0.002653 0.048921
v -0.002845 -0.003403 0.048969
v -0.002626 -0.003934 0.048956
v 0.011288 0.043084 0.038054
v 0.011294 0.042721 0.038416
v 0.012294 0.042721 0.038401
v 0.012288 0.043084 0.038038
v 0.014761 -0.015900 0.036277
v 0.014716 -0.016855 0.033338
v 0.014688 -0.019355 0.031522
v 0.014688 -0.022445 0.031522
v 0.014716 -0.024945 0.033338
v 0.014761 -0.025900 0.036277
v 0.014806 -0.024945 0.039215
v 0.014834 -0.022445 0.041032
v 0.014834 -0.019355 0.041032
v 0.014806 -0.016855 0.039215
v 0.011294 0.045478 0.038416
v 0.011288 0.045116 0.038054
v 0.012288 0.045116 0.038038
v 0.012294 0.045478 0.038401
v 0.014661 0.003100 0.029778
v 0.014674 0.006350 0.030648
v 0.014711 0.008729 0.033027
v 0.014761 0.009600 0.036277
v 0.014811 0.008729 0.039527
v 0.014848 0.006350 0.041905
v 0.014861 0.003100 0.042776
v 0.011362 0.003100 0.042830
v 0.011348 0.006350 0.041959
v 0.011312 0.008729 0.039580
v 0.011262 0.009600 0.036331
v 0.011211 0.008729 0.033081
v 0.011175 0.006350 0.030702
v 0.011161 0.003100 0.029832
v 0.000536 0.019847 0.024995
v 0.000636 0.019847 0.031494
v 0.001285 0.020222 0.031484
v 0.001285 0.020972 0.031484
v 0.000636 0.021347 0.031494
v 0.000536 0.021347 0.024995
v 0.001185 0.020972 0.024985
v 0.001185 0.020222 0.024985
v -0.002210 0.028847 0.041539
v -0.002096 0.028847 0.048924
v 0.003896 0.028847 0.048342
v 0.003890 0.028847 0.047946
v 0.000890 0.028847 0.047992
v 0.000790 0.028847 0.041493
v 0.003535 0.031847 0.024949
v 0.000536 0.031847 0.024995
v 0.001185 0.032222 0.024985
v 0.001185 0.032972 0.024985
v 0.000536 0.033347 0.024995
v 0.003535 0.033347 0.024949
v 0.004185 0.032972 0.024939
v 0.004185 0.032222 0.024939
v 0.010762 -0.019800 0.036339
v 0.010778 -0.020560 0.037385
v 0.010772 -0.021790 0.036985
v 0.010752 -0.021790 0.035692
v 0.010745 -0.020560 0.035293
v 0.011262 -0.019800 0.036331
v 0.011245 -0.020560 0.035285
v 0.011252 -0.021790 0.035684
v 0.011272 -0.021790 0.036977
v 0.011278 -0.020560 0.037377
v 0.011252 -0.021790 0.035684
v 0.010752 -0.021790 0.035692
v -0.002479 -0.010153 0.024041
v -0.003129 -0.009778 0.024051
v -0.003129 -0.009028 0.024051
v -0.002479 -0.008653 0.024041
v -0.002364 -0.008653 0.031540
v -0.003013 -0.009028 0.031550
v -0.003013 -0.009778 0.031550
v -0.002364 -0.010153 0.031540
v -0.002096 0.033347 0.048931
v -0.002210 0.033347 0.041539
v 0.000790 0.033347 0.041493
v 0.000890 0.033347 0.047992
v 0.003890 0.033347 0.047946
v 0.003896 0.033347 0.048346
v 0.011262 0.034100 0.036331
v 0.011216 0.033145 0.033392
v 0.011188 0.030645 0.031576
v 0.011188 0.027555 0.031576
v 0.011216 0.025055 0.033392
v 0.011262 0.024100 0.036331
v 0.011307 0.025055 0.039269
v 0.011335 0.027555 0.041086
v 0.011335 0.030645 0.041086
v 0.011307 0.033145 0.039269
v 0.014761 0.034100 0.036277
v 0.014806 0.033145 0.039215
v 0.014834 0.030645 0.041032
v 0.014834 0.027555 0.041032
v 0.014806 0.025055 0.039215
v 0.014761 0.024100 0.036277
v 0.014716 0.025055 0.033338
v 0.014688 0.027555 0.031522
v 0.014688 0.030645 0.031522
v 0.014716 0.033145 0.033338
v 0.014761 0.024100 0.036277
v 0.011262 0.024100 0.036331
v 0.010762 0.002000 0.036339
v 0.010736 0.001050 0.034693
v 0.010736 -0.000850 0.034693
v 0.010762 -0.001800 0.036339
v 0.010787 -0.000850 0.037984
v 0.010787 0.001050 0.037984
v 0.011262 0.002000 0.036331
v 0.011287 0.001050 0.037976
v 0.011287 -0.000850 0.037976
v 0.011262 -0.001800 0.036331
v 0.011236 -0.000850 0.034686
v 0.011236 0.001050 0.034686
v 0.011262 -0.001800 0.036331
v 0.010762 -0.001800 0.036339
v 0.003520 0.033347 0.023949
v 0.004169 0.032972 0.023939
v 0.004169 0.032222 0.023939
v 0.003520 0.031847 0.023949
v 0.003535 0.031847 0.024949
v 0.004185 0.032222 0.024939
v 0.004185 0.032972 0.024939
v 0.003535 0.033347 0.024949
v -0.002096 0.000347 0.048920
v -0.002210 0.000347 0.041539
v 0.000790 0.000347 0.041493
v 0.000890 0.000347 0.047992
v 0.003890 0.000347 0.047946
v 0.003896 0.000347 0.048343
v 0.003890 0.021347 0.047946
v 0.000890 0.021347 0.047992
v 0.001540 0.020972 0.047982
v 0.001540 0.020222 0.047982
v 0.000890 0.019847 0.047992
v 0.003890 0.019847 0.047946
v 0.004539 0.020222 0.047936
v 0.004539 0.020972 0.047936
v -0.002096 0.006347 0.048919
v -0.002210 0.006347 0.041539
v 0.000790 0.006347 0.041493
v 0.000890 0.006347 0.047992
v 0.003890 0.006347 0.047946
v 0.003896 0.006347 0.048347
v 0.000120 0.007650 0.024001
v 0.002442 0.008404 0.023965
v 0.003876 0.010379 0.023943
v 0.003876 0.012820 0.023943
v 0.002442 0.014795 0.023965
v 0.000120 0.015550 0.024001
v 0.000313 0.015550 0.036500
v 0.002634 0.014795 0.036464
v 0.004069 0.012820 0.036442
v 0.004069 0.010379 0.036442
v 0.002634 0.008404 0.036464
v 0.000313 0.007650 0.036500
v 0.010762 0.002200 0.036339
v 0.010790 0.001150 0.038157
v 0.010790 -0.000950 0.038157
v 0.010762 -0.002000 0.036339
v 0.010734 -0.000950 0.034520
v 0.010734 0.001150 0.034520
v 0.011262 0.002200 0.036331
v 0.011234 0.001150 0.034512
v 0.011234 -0.000950 0.034512
v 0.011262 -0.002000 0.036331
v 0.011290 -0.000950 0.038149
v 0.011290 0.001150 0.038149
v 0.010762 -0.002000 0.036339
v 0.011262 -0.002000 0.036331
v 0.010762 0.004200 0.036339
v 0.010802 0.003241 0.038974
v 0.010824 0.000812 0.040376
v 0.010816 -0.001950 0.039889
v 0.010783 -0.003753 0.037741
v 0.010740 -0.003753 0.034936
v 0.010707 -0.001950 0.032788
v 0.010699 0.000812 0.032301
v 0.010721 0.003241 0.033703
v 0.011262 0.004200 0.036331
v 0.011221 0.003241 0.033696
v 0.011199 0.000812 0.032294
v 0.011207 -0.001950 0.032781
v 0.011240 -0.003753 0.034929
v 0.011283 -0.003753 0.037733
v 0.011316 -0.001950 0.039881
v 0.011324 0.000812 0.040368
v 0.011302 0.003241 0.038966
v 0.010740 -0.003753 0.034936
v 0.011240 -0.003753 0.034929
v -0.002096 0.007847 0.048919
v -0.002210 0.007847 0.041539
v -0.002859 0.008222 0.041549
v -0.002859 0.008972 0.041549
v -0.002210 0.009347 0.041539
v -0.002096 0.009347 0.048918
v -0.002845 0.008597 0.048966
v -0.002626 0.008066 0.048953
v 0.000636 0.025847 0.031494
v -0.002364 0.025847 0.031540
v -0.003013 0.026222 0.031550
v -0.003013 0.026972 0.031550
v -0.002364 0.027347 0.031540
v 0.000636 0.027347 0.031494
v 0.001285 0.026972 0.031484
v 0.001285 0.026222 0.031484
v 0.000890 0.000347 0.047992
v 0.000790 0.000347 0.041493
v 0.001439 -0.000028 0.041483
v 0.001439 -0.000778 0.041483
v 0.000790 -0.001153 0.041493
v 0.000890 -0.001153 0.047992
v 0.001540 -0.000778 0.047982
v 0.001540 -0.000028 0.047982
v 0.000536 0.004847 0.024995
v 0.000636 0.004847 0.031494
v 0.001285 0.005222 0.031484
v 0.001285 0.005972 0.031484
v 0.000636 0.006347 0.031494
v 0.000536 0.006347 0.024995
v 0.001185 0.005972 0.024985
v 0.001185 0.005222 0.024985
v 0.003896 -0.017653 0.048343
v 0.003890 -0.017653 0.047946
v 0.004539 -0.018028 0.047936
v 0.004539 -0.018778 0.047936
v 0.003890 -0.019153 0.047946
v 0.003896 -0.019153 0.048350
v 0.004644 -0.018404 0.048244
v 0.004424 -0.017872 0.048273
v -0.003787 0.015650 0.036563
v -0.003687 0.015650 0.036561
v -0.003687 0.018747 0.036561
v -0.003953 0.019757 0.036565
v -0.004683 0.020505 0.036577
v -0.005686 0.020796 0.036592
v -0.005686 0.020696 0.036592
v -0.004733 0.020418 0.036577
v -0.004040 0.019707 0.036567
v -0.003787 0.018747 0.036563
v -0.002210 0.022847 0.041539
v -0.002096 0.022847 0.048920
v 0.003896 0.022847 0.048343
v 0.003890 0.022847 0.047946
v 0.000890 0.022847 0.047992
v 0.000790 0.022847 0.041493
v 0.003520 0.021347 0.023949
v 0.004169 0.020972 0.023939
v 0.004169 0.020222 0.023939
v 0.003520 0.019847 0.023949
v 0.003535 0.019847 0.024949
v 0.004185 0.020222 0.024939
v 0.004185 0.020972 0.024939
v 0.003535 0.021347 0.024949
v -0.002210 0.004847 0.041539
v 0.000790 0.004847 0.041493
v 0.001439 0.005222 0.041483
v 0.001439 0.005972 0.041483
v 0.000790 0.006347 0.041493
v -0.002210 0.006347 0.041539
v -0.002859 0.005972 0.041549
v -0.002859 0.005222 0.041549
v -0.002096 0.027347 0.048922
v -0.002210 0.027347 0.041539
v 0.000790 0.027347 0.041493
v 0.000890 0.027347 0.047992
v 0.003890 0.027347 0.047946
v 0.003896 0.027347 0.048341
v 0.003535 0.034847 0.024949
v 0.000536 0.034847 0.024995
v 0.001185 0.035222 0.024985
v 0.001185 0.035972 0.024985
v 0.000536 0.036347 0.024995
v 0.003535 0.036347 0.024949
v 0.004185 0.035972 0.024939
v 0.004185 0.035222 0.024939
v 0.000890 0.027347 0.047992
v 0.000790 0.027347 0.041493
v 0.001439 0.026972 0.041483
v 0.001439 0.026222 0.041483
v 0.000790 0.025847 0.041493
v 0.000890 0.025847 0.047992
v 0.001540 0.026222 0.047982
v 0.001540 0.026972 0.047982
v -0.002210 0.025847 0.041539
v -0.002096 0.025847 0.048921
v 0.003896 0.025847 0.048341
v 0.003890 0.025847 0.047946
v 0.000890 0.025847 0.047992
v 0.000790 0.025847 0.041493
v -0.002096 0.028847 0.048924
v -0.002210 0.028847 0.041539
v -0.002859 0.029222 0.041549
v -0.002859 0.029972 0.041549
v -0.002210 0.030347 0.041539
v -0.002096 0.030347 0.048927
v -0.002626 0.030127 0.048960
v -0.002845 0.029596 0.048972
v 0.000636 0.004847 0.031494
v -0.002364 0.004847 0.031540
v -0.003013 0.005222 0.031550
v -0.003013 0.005972 0.031550
v -0.002364 0.006347 0.031540
v 0.000636 0.006347 0.031494
v 0.001285 0.005972 0.031484
v 0.001285 0.005222 0.031484
v 0.003896 -0.011653 0.048345
v 0.003890 -0.011653 0.047946
v 0.004539 -0.012028 0.047936
v 0.004539 -0.012778 0.047936
v 0.003890 -0.013153 0.047946
v 0.003896 -0.013153 0.048343
v 0.004424 -0.012934 0.048274
v 0.004644 -0.012403 0.048245
v 0.003520 0.019847 0.023949
v -0.002479 0.019847 0.024041
v -0.002364 0.019847 0.031540
v 0.000636 0.019847 0.031494
v 0.000536 0.019847 0.024995
v 0.003535 0.019847 0.024949
v 0.011262 0.030200 0.036331
v 0.011278 0.029440 0.037377
v 0.011272 0.028210 0.036977
v 0.011252 0.028210 0.035684
v 0.011245 0.029440 0.035285
v 0.011762 0.029100 0.036323
v 0.011762 0.029100 0.036323
v 0.011762 0.029100 0.036323
v 0.011762 0.029100 0.036323
v 0.011272 0.028210 0.036977
v 0.011762 0.029100 0.036323
v 0.003535 0.000347 0.024949
v 0.000536 0.000347 0.024995
v 0.000636 0.000347 0.031494
v -0.002364 0.000347 0.031540
v -0.002479 0.000347 0.024041
v 0.003520 0.000347 0.023949
v 0.003890 0.030347 0.047946
v 0.000890 0.030347 0.047992
v 0.001540 0.029972 0.047982
v 0.001540 0.029222 0.047982
v 0.000890 0.028847 0.047992
v 0.003890 0.028847 0.047946
v 0.004539 0.029222 0.047936
v 0.004539 0.029972 0.047936
v -0.002479 -0.001153 0.024041
v -0.003129 -0.000778 0.024051
v -0.003129 -0.000028 0.024051
v -0.002479 0.000347 0.024041
v -0.002364 0.000347 0.031540
v -0.003013 -0.000028 0.031550
v -0.003013 -0.000778 0.031550
v -0.002364 -0.001153 0.031540
v 0.003520 0.004847 0.023949
v -0.002479 0.004847 0.024041
v -0.002364 0.004847 0.031540
v 0.000636 0.004847 0.031494
v 0.000536 0.004847 0.024995
v 0.003535 0.004847 0.024949
v 0.003535 0.006347 0.024949
v 0.000536 0.006347 0.024995
v 0.000636 0.006347 0.031494
v -0.002364 0.006347 0.031540
v -0.002479 0.006347 0.024041
v 0.003520 0.006347 0.023949
v 0.003535 0.022847 0.024949
v 0.000536 0.022847 0.024995
v 0.001185 0.023222 0.024985
v 0.001185 0.023972 0.024985
v 0.000536 0.024347 0.024995
v 0.003535 0.024347 0.024949
v 0.004185 0.023972 0.024939
v 0.004185 0.023222 0.024939
v 0.003535 -0.005653 0.024949
v 0.000536 -0.005653 0.024995
v 0.000636 -0.005653 0.031494
v -0.002364 -0.005653 0.031540
v -0.002479 -0.005653 0.024041
v 0.003520 -0.005653 0.023949
v -0.005686 0.015650 0.036592
v -0.005289 0.015650 0.036586
v -0.005326 0.015869 0.036587
v -0.005473 0.016034 0.036589
v -0.005686 0.016096 0.036592
v 0.003890 0.024347 0.047946
v 0.000890 0.024347 0.047992
v 0.001540 0.023972 0.047982
v 0.001540 0.023222 0.047982
v 0.000890 0.022847 0.047992
v 0.003890 0.022847 0.047946
v 0.004539 0.023222 0.047936
v 0.004539 0.023972 0.047936
v 0.014661 0.003100 0.029778
v 0.014661 -0.002900 0.029778
v 0.014674 -0.006150 0.030648
v 0.014711 -0.008529 0.033027
v 0.014761 -0.009400 0.036277
v 0.014811 -0.008529 0.039527
v 0.014848 -0.006150 0.041905
v 0.014861 -0.002900 0.042776
v 0.014861 0.003100 0.042776
v 0.014848 0.006350 0.041905
v 0.014811 0.008729 0.039527
v 0.014761 0.009600 0.036277
v 0.014711 0.008729 0.033027
v 0.014674 0.006350 0.030648
v 0.003170 0.040582 0.023954
v -0.000105 0.041215 0.024005
v 0.003175 0.040582 0.024270
v -0.002210 -0.016153 0.041539
v -0.002096 -0.016153 0.048935
v 0.003896 -0.016153 0.048340
v 0.003890 -0.016153 0.047946
v 0.000890 -0.016153 0.047992
v 0.000790 -0.016153 0.041493
v -0.005786 0.002697 0.036594
v -0.005594 0.002697 0.049093
v -0.005594 -0.021253 0.049087
v -0.005979 -0.021253 0.024100
v -0.005979 0.044101 0.024095
v -0.005965 0.048857 0.025035
v -0.005923 0.052895 0.027712
v -0.005861 0.055614 0.031727
v -0.005788 0.056600 0.036476
v -0.005785 0.056600 0.036711
v -0.005711 0.055614 0.041461
v -0.005650 0.052896 0.045475
v -0.005608 0.048858 0.048152
v -0.005594 0.044101 0.049092
v -0.005594 0.020796 0.049093
v -0.005786 0.020796 0.036594
v -0.005786 0.020696 0.036594
v -0.005786 0.016083 0.036594
v -0.005786 0.015309 0.036594
v -0.005786 0.002797 0.036594
v -0.005786 0.032850 0.036594
v -0.005768 0.033714 0.037782
v -0.005775 0.035111 0.037328
v -0.005798 0.035111 0.035859
v -0.005805 0.033714 0.035405
v -0.005786 -0.012150 0.036594
v -0.005768 -0.011286 0.037782
v -0.005775 -0.009889 0.037328
v -0.005798 -0.009889 0.035859
v -0.005805 -0.011286 0.035405
v 0.000890 -0.017653 0.047992
v 0.000790 -0.017653 0.041493
v 0.001439 -0.018028 0.041483
v 0.001439 -0.018778 0.041483
v 0.000790 -0.019153 0.041493
v 0.000890 -0.019153 0.047992
v 0.001540 -0.018778 0.047982
v 0.001540 -0.018028 0.047982
v -0.005879 0.007550 0.024094
v -0.005686 0.007550 0.036592
v -0.003787 0.007550 0.036563
v -0.003687 0.007550 0.036561
v 0.000313 0.007550 0.036500
v 0.000120 0.007550 0.024001
v -0.009736 0.032850 0.036655
v -0.009718 0.033714 0.037843
v -0.009725 0.035111 0.037389
v -0.009747 0.035111 0.035920
v -0.009754 0.033714 0.035466
v -0.005786 0.032850 0.036594
v -0.005805 0.033714 0.035405
v -0.005798 0.035111 0.035859
v -0.005775 0.035111 0.037328
v -0.005768 0.033714 0.037782
v -0.005798 0.035111 0.035859
v -0.009747 0.035111 0.035920
v -0.002546 -0.022303 0.048909
v -0.001599 -0.023253 0.048702
v -0.001975 -0.023253 0.024361
v -0.002927 -0.022303 0.024183
v -0.002479 0.001847 0.024041
v -0.003129 0.002222 0.024051
v -0.003129 0.002972 0.024051
v -0.002479 0.003347 0.024041
v -0.002364 0.003347 0.031540
v -0.003013 0.002972 0.031550
v -0.003013 0.002222 0.031550
v -0.002364 0.001847 0.031540
v -0.002096 -0.017653 0.048938
v 0.003896 -0.017653 0.048343
v 0.004424 -0.017872 0.048273
v 0.004644 -0.018404 0.048244
v 0.003896 -0.019153 0.048350
v -0.002096 -0.019153 0.048945
v -0.002625 -0.018934 0.048976
v -0.002845 -0.018403 0.048987
v -0.002096 -0.008653 0.048929
v 0.003896 -0.008653 0.048345
v 0.004424 -0.008872 0.048276
v 0.004644 -0.009403 0.048247
v 0.003896 -0.010153 0.048346
v -0.002096 -0.010153 0.048931
v -0.002625 -0.009934 0.048964
v -0.002845 -0.009403 0.048977
v -0.002096 -0.005653 0.048924
v 0.003896 -0.005653 0.048342
v 0.004424 -0.005872 0.048274
v 0.004644 -0.006403 0.048245
v 0.003896 -0.007153 0.048343
v -0.002096 -0.007153 0.048927
v -0.002626 -0.006934 0.048960
v -0.002845 -0.006403 0.048972
v -0.002096 -0.002653 0.048921
v 0.003896 -0.002653 0.048341
v 0.004644 -0.003403 0.048243
v 0.004424 -0.003934 0.048273
v 0.003896 -0.004153 0.048341
v -0.002096 -0.004153 0.048922
v -0.002626 -0.003934 0.048956
v -0.002845 -0.003403 0.048969
v -0.002096 0.000347 0.048920
v 0.003896 0.000347 0.048343
v 0.004424 0.000128 0.048275
v 0.004644 -0.000403 0.048246
v 0.003896 -0.001153 0.048342
v -0.002096 -0.001153 0.048920
v -0.002626 -0.000934 0.048954
v -0.002845 -0.000403 0.048967
v -0.002096 0.003347 0.048920
v 0.003896 0.003347 0.048346
v 0.004424 0.003128 0.048278
v 0.004644 0.002597 0.048249
v 0.003896 0.001847 0.048345
v -0.002096 0.001847 0.048920
v -0.002626 0.002066 0.048954
v -0.002845 0.002597 0.048967
v -0.002096 0.006347 0.048919
v 0.003896 0.006347 0.048347
v 0.004424 0.006128 0.048280
v 0.004645 0.005596 0.048251
v 0.003896 0.004847 0.048347
v -0.002096 0.004847 0.048920
v -0.002626 0.005066 0.048954
v -0.002845 0.005597 0.048967
v -0.002096 0.009347 0.048918
v 0.003896 0.009347 0.048346
v 0.004425 0.009128 0.048279
v 0.004645 0.008597 0.048251
v 0.003896 0.007847 0.048347
v -0.002096 0.007847 0.048919
v -0.002626 0.008066 0.048953
v -0.002845 0.008597 0.048966
v -0.002096 0.012347 0.048918
v -0.000097 0.012347 0.048765
v 0.001901 0.012347 0.048575
v 0.003896 0.012347 0.048346
v 0.004425 0.012128 0.048279
v 0.004645 0.011597 0.048250
v 0.003896 0.010847 0.048346
v 0.001901 0.010847 0.048575
v -0.000097 0.010847 0.048765
v -0.002096 0.010847 0.048918
v -0.002626 0.011066 0.048952
v -0.002845 0.011597 0.048965
v -0.002096 0.015347 0.048919
v 0.003896 0.015347 0.048347
v 0.004424 0.015128 0.048279
v 0.004645 0.014596 0.048251
v 0.003896 0.013847 0.048346
v -0.002096 0.013847 0.048918
v -0.002845 0.014597 0.048966
v -0.002626 0.015127 0.048953
v -0.002096 0.018347 0.048920
v 0.003896 0.018347 0.048347
v 0.004424 0.018128 0.048279
v 0.004645 0.017596 0.048251
v 0.003896 0.016847 0.048347
v -0.002096 0.016847 0.048919
v -0.002845 0.017597 0.048967
v -0.002626 0.018127 0.048954
v -0.002096 0.021347 0.048920
v 0.003896 0.021347 0.048345
v 0.004424 0.021128 0.048277
v 0.004644 0.020596 0.048249
v 0.003896 0.019847 0.048346
v -0.002096 0.019847 0.048920
v -0.002626 0.020066 0.048954
v -0.002845 0.020597 0.048967
v -0.002096 0.024347 0.048920
v 0.003896 0.024347 0.048342
v 0.004424 0.024128 0.048274
v 0.004644 0.023596 0.048246
v 0.003896 0.022847 0.048343
v -0.002096 0.022847 0.048920
v -0.002845 0.023597 0.048967
v -0.002626 0.024127 0.048954
v -0.002096 0.027347 0.048922
v 0.003896 0.027347 0.048341
v 0.004424 0.027128 0.048273
v 0.004644 0.026596 0.048243
v 0.003896 0.025847 0.048341
v -0.002096 0.025847 0.048921
v -0.002845 0.026596 0.048969
v -0.002626 0.027127 0.048956
v -0.002096 0.030347 0.048927
v 0.003896 0.030347 0.048343
v 0.004424 0.030128 0.048275
v 0.004644 0.029597 0.048245
v 0.003896 0.028847 0.048342
v -0.002096 0.028847 0.048924
v -0.002845 0.029596 0.048972
v -0.002626 0.030127 0.048960
v -0.002096 0.033347 0.048931
v 0.003896 0.033347 0.048346
v 0.004424 0.033128 0.048276
v 0.004644 0.032597 0.048247
v 0.003896 0.031847 0.048345
v -0.002096 0.031847 0.048929
v -0.002845 0.032597 0.048977
v -0.002626 0.033127 0.048964
v -0.002096 0.036347 0.048933
v 0.003896 0.036347 0.048343
v 0.004424 0.036128 0.048274
v 0.004644 0.035597 0.048245
v 0.003896 0.034847 0.048345
v -0.002096 0.034847 0.048933
v -0.002845 0.035597 0.048979
v -0.002626 0.036127 0.048967
v -0.002096 0.039347 0.048935
v 0.003896 0.039347 0.048340
v 0.004424 0.039128 0.048270
v 0.004644 0.038597 0.048240
v 0.003896 0.037847 0.048341
v -0.002096 0.037847 0.048933
v -0.002845 0.038597 0.048980
v -0.002626 0.039127 0.048968
v -0.002096 0.042347 0.048945
v 0.003896 0.042347 0.048350
v 0.004644 0.041597 0.048244
v 0.004424 0.041066 0.048273
v 0.003896 0.040847 0.048343
v -0.002096 0.040847 0.048938
v -0.002845 0.041597 0.048987
v -0.002625 0.042127 0.048976
v -0.002096 -0.011653 0.048933
v 0.003896 -0.011653 0.048345
v 0.004644 -0.012403 0.048245
v 0.004424 -0.012934 0.048274
v 0.003896 -0.013153 0.048343
v -0.002096 -0.013153 0.048933
v -0.002626 -0.012934 0.048967
v -0.002845 -0.012403 0.048979
v -0.002096 -0.014653 0.048933
v 0.003896 -0.014653 0.048341
v 0.004644 -0.015403 0.048240
v 0.004424 -0.015935 0.048270
v 0.003896 -0.016153 0.048340
v -0.002096 -0.016153 0.048935
v -0.002626 -0.015934 0.048968
v -0.002845 -0.015403 0.048980
v 0.015107 0.044100 0.026270
v 0.015107 0.043137 0.026270
v 0.015107 0.041555 0.026270
v 0.015107 0.037471 0.026270
v 0.015107 0.029233 0.026270
v 0.015107 0.012497 0.026270
v 0.015107 -0.004595 0.026270
v 0.015107 -0.013385 0.026270
v 0.015107 -0.017923 0.026270
v 0.015107 -0.019729 0.026268
v 0.015107 -0.020900 0.026272
v 0.015119 -0.024740 0.027037
v 0.015155 -0.028182 0.029416
v 0.015215 -0.030444 0.033282
v 0.015289 -0.030731 0.038098
v 0.015327 -0.029937 0.040551
v 0.015362 -0.028467 0.042806
v 0.015390 -0.026351 0.044652
v 0.015409 -0.023640 0.045885
v 0.015415 -0.010833 0.046268
v 0.015415 0.015926 0.046268
v 0.015415 0.029638 0.046268
v 0.015415 0.044100 0.046267
v 0.015408 0.047077 0.045815
v 0.015385 0.050080 0.044283
v 0.015353 0.052142 0.042211
v 0.015317 0.053410 0.039919
v 0.015249 0.054070 0.035509
v 0.015193 0.053070 0.031852
v 0.015152 0.051173 0.029202
v 0.015126 0.048861 0.027476
v 0.015111 0.046448 0.026551
v 0.015107 0.044100 0.026270
v 0.004669 0.044086 0.024646
v -0.005879 0.044098 0.024094
v -0.005864 0.048883 0.025045
v -0.005835 0.052029 0.026931
v -0.005793 0.054493 0.029649
v -0.005742 0.056061 0.032965
v -0.005686 0.056599 0.036592
v -0.005631 0.056061 0.040219
v -0.005579 0.054495 0.043532
v -0.005538 0.052032 0.046251
v -0.005502 0.047728 0.048552
v -0.005494 0.044098 0.049091
v -0.005494 0.020796 0.049090
v -0.004077 0.020178 0.049033
v -0.003495 0.018747 0.049003
v -0.003495 0.004747 0.049003
v -0.004077 0.003315 0.049033
v -0.005494 0.002697 0.049090
v -0.005494 -0.021253 0.049086
v -0.004545 -0.022203 0.049003
v -0.002546 -0.022203 0.048920
v -0.001802 -0.022514 0.048839
v -0.001499 -0.023253 0.048695
v -0.001519 -0.026766 0.047419
v -0.001541 -0.028832 0.046015
v -0.001583 -0.031256 0.043270
v -0.001633 -0.032742 0.040043
v -0.001687 -0.033251 0.036530
v -0.001741 -0.032742 0.033018
v -0.001791 -0.031256 0.029791
v -0.001833 -0.028832 0.027045
v -0.001855 -0.026765 0.025641
v -0.001874 -0.023253 0.024365
v -0.002181 -0.022514 0.024231
v -0.002928 -0.022203 0.024172
v -0.004928 -0.022203 0.024152
v -0.005879 -0.021253 0.024099
v -0.005879 -0.018650 0.024094
v -0.001297 -0.018420 0.024186
v 0.003209 -0.017626 0.024518
v 0.003568 -0.017517 0.024554
v 0.003910 -0.017369 0.024589
v 0.004235 -0.017180 0.024623
v 0.004537 -0.016955 0.024656
v 0.004993 -0.016572 0.024707
v 0.005448 -0.016190 0.024759
v 0.005903 -0.015807 0.024813
v 0.006091 -0.015611 0.024836
v 0.006232 -0.015379 0.024853
v 0.006320 -0.015121 0.024863
v 0.006350 -0.014850 0.024866
v 0.006350 -0.001625 0.024852
v 0.006350 0.011600 0.024842
v 0.006350 0.024825 0.024852
v 0.006350 0.038049 0.024866
v 0.005903 0.039007 0.024813
v 0.005448 0.039389 0.024759
v 0.004993 0.039772 0.024707
v 0.004537 0.040154 0.024656
v 0.003209 0.040826 0.024518
v -0.001297 0.041620 0.024186
v -0.005879 0.041850 0.024094
v -0.005879 0.044098 0.024094
v 0.004669 0.044086 0.024646
v 0.006794 0.011600 0.047945
v -0.004337 -0.020868 0.049064
v -0.003145 0.027369 0.048987
v -0.003008 -0.012205 0.048988
v -0.002845 0.026596 0.048969
v -0.002845 0.023597 0.048967
v -0.002845 0.020597 0.048967
v -0.002845 0.017597 0.048967
v -0.002845 0.014597 0.048966
v 0.007549 0.035504 0.025015
v 0.001138 0.048104 0.025004
v 0.006439 0.035437 0.024871
v 0.006439 0.019548 0.024855
v 0.006439 0.008919 0.024853
v 0.006439 -0.004175 0.024866
v 0.006439 -0.012237 0.024871
v 0.006439 -0.020912 0.024861
v 0.006450 -0.024846 0.025559
v 0.006486 -0.028728 0.027919
v 0.006546 -0.031503 0.031823
v 0.006617 -0.032451 0.036402
v 0.006688 -0.031503 0.040982
v 0.006748 -0.028728 0.044885
v 0.006784 -0.024846 0.047245
v 0.006794 -0.020912 0.047943
v 0.006794 -0.012237 0.047930
v 0.001502 -0.020842 0.048655
v 0.001492 -0.024904 0.047964
v 0.001454 -0.029034 0.045505
v 0.001390 -0.032022 0.041353
v 0.001315 -0.033038 0.036484
v 0.001240 -0.032022 0.031616
v 0.001176 -0.029034 0.027463
v 0.001138 -0.024904 0.025004
v 0.001128 -0.020842 0.024312
v -0.004337 -0.012322 0.049052
v -0.004721 -0.020868 0.024084
v -0.002845 -0.012193 0.048979
v -0.002845 0.027350 0.048969
v -0.002845 0.035393 0.048979
v -0.002970 0.035402 0.048986
v -0.004337 0.044067 0.049064
v -0.003145 0.027369 0.048987
v -0.002845 0.027350 0.048969
v 0.006794 0.027375 0.047934
v 0.006794 0.035437 0.047930
v 0.006794 0.044112 0.047943
v 0.006784 0.048046 0.047245
v 0.006748 0.051928 0.044885
v 0.006688 0.054703 0.040982
v 0.006617 0.055651 0.036402
v 0.006546 0.054703 0.031823
v 0.006486 0.051928 0.027919
v 0.006450 0.048046 0.025559
v 0.001176 0.052234 0.027463
v 0.001240 0.055222 0.031616
v 0.001315 0.056238 0.036484
v 0.001390 0.055222 0.041353
v 0.001454 0.052234 0.045505
v 0.001492 0.048104 0.047964
v 0.001502 0.044042 0.048655
v -0.004709 0.048422 0.024864
v -0.004670 0.052598 0.027440
v -0.004605 0.055556 0.031642
v -0.004529 0.056572 0.036574
v -0.004453 0.055556 0.041507
v -0.004388 0.052598 0.045709
v -0.004349 0.048422 0.048285
v -0.004337 0.035521 0.049052
v -0.004337 0.027460 0.049046
v 0.014169 -0.012756 0.026091
v 0.013070 -0.004565 0.025880
v 0.011234 0.008900 0.025545
v 0.009762 0.019620 0.025312
v 0.015107 0.036012 0.026270
v 0.015107 0.019737 0.026270
v 0.015107 0.008890 0.026270
v 0.015107 -0.004683 0.026270
v 0.015106 -0.012812 0.026270
v 0.015261 -0.030900 0.036269
v 0.015202 -0.030144 0.032454
v 0.015152 -0.027994 0.029221
v 0.015118 -0.024760 0.027045
v 0.015106 -0.020900 0.026270
v 0.015261 -0.030900 0.036269
v 0.015320 -0.030144 0.040085
v 0.015320 -0.030144 0.040085
v 0.015415 -0.010833 0.046268
v 0.006794 0.011600 0.047945
v 0.004645 0.014596 0.048251
v 0.006794 -0.012237 0.047930
v -0.002096 0.012347 0.048918
v 0.003896 0.013847 0.048346
v 0.004425 0.012128 0.048279
v -0.003495 0.018747 0.049003
v -0.002096 0.031847 0.048929
v -0.002210 0.031847 0.041539
v -0.002859 0.032222 0.041549
v -0.002859 0.032972 0.041549
v -0.002210 0.033347 0.041539
v -0.002096 0.033347 0.048931
v -0.002626 0.033127 0.048964
v -0.002845 0.032597 0.048977
v 0.003890 -0.002653 0.047946
v 0.000890 -0.002653 0.047992
v 0.001540 -0.003028 0.047982
v 0.001540 -0.003778 0.047982
v 0.000890 -0.004153 0.047992
v 0.003890 -0.004153 0.047946
v 0.004539 -0.003778 0.047936
v 0.004539 -0.003028 0.047936
v 0.010762 -0.016800 0.036339
v 0.010802 -0.017759 0.038974
v 0.010824 -0.020188 0.040376
v 0.010816 -0.022950 0.039889
v 0.010783 -0.024753 0.037741
v 0.010740 -0.024753 0.034936
v 0.010707 -0.022950 0.032788
v 0.010699 -0.020188 0.032301
v 0.010721 -0.017759 0.033703
v 0.011262 -0.016800 0.036331
v 0.011221 -0.017759 0.033696
v 0.011199 -0.020188 0.032294
v 0.011207 -0.022950 0.032781
v 0.011240 -0.024753 0.034929
v 0.011283 -0.024753 0.037733
v 0.011316 -0.022950 0.039881
v 0.011324 -0.020188 0.040368
v 0.011302 -0.017759 0.038966
v 0.010740 -0.024753 0.034936
v 0.011240 -0.024753 0.034929
v 0.010762 0.002000 0.036339
v 0.010787 0.001050 0.037984
v 0.010787 -0.000850 0.037984
v 0.010762 -0.001800 0.036339
v 0.010736 -0.000850 0.034693
v 0.010736 0.001050 0.034693
v 0.010762 0.001200 0.036339
v 0.010745 0.000440 0.035293
v 0.010752 -0.000790 0.035692
v 0.010772 -0.000790 0.036985
v 0.010778 0.000440 0.037385
v 0.000636 0.016847 0.031494
v -0.002364 0.016847 0.031540
v -0.003013 0.017222 0.031550
v -0.003013 0.017972 0.031550
v -0.002364 0.018347 0.031540
v 0.000636 0.018347 0.031494
v 0.001285 0.017972 0.031484
v 0.001285 0.017222 0.031484
v -0.002210 -0.019153 0.041539
v 0.000790 -0.019153 0.041493
v 0.001439 -0.018778 0.041483
v 0.001439 -0.018028 0.041483
v 0.000790 -0.017653 0.041493
v -0.002210 -0.017653 0.041539
v -0.002859 -0.018028 0.041549
v -0.002859 -0.018778 0.041549
v -0.002210 -0.016153 0.041539
v 0.000790 -0.016153 0.041493
v 0.001439 -0.015778 0.041483
v 0.001439 -0.015028 0.041483
v 0.000790 -0.014653 0.041493
v -0.002210 -0.014653 0.041539
v -0.002859 -0.015028 0.041549
v -0.002859 -0.015778 0.041549
v 0.003520 -0.014653 0.023949
v 0.004169 -0.015028 0.023939
v 0.004169 -0.015778 0.023939
v 0.003520 -0.016153 0.023949
v 0.003535 -0.016153 0.024949
v 0.004185 -0.015778 0.024939
v 0.004185 -0.015028 0.024939
v 0.003535 -0.014653 0.024949
v -0.001791 -0.033253 0.036271
v -0.001783 -0.033253 0.036793
v -0.001748 -0.033253 0.036664
v -0.001737 -0.033253 0.036531
v -0.001752 -0.033253 0.036399
v -0.005829 0.015550 0.024093
v 0.000120 0.015550 0.024001
v 0.002442 0.014795 0.023965
v 0.003876 0.012820 0.023943
v 0.003876 0.010379 0.023943
v 0.002442 0.008404 0.023965
v 0.000120 0.007650 0.024001
v -0.005829 0.007650 0.024093
v -0.002432 0.011600 0.024040
v -0.001471 0.009604 0.024026
v 0.000688 0.009111 0.023992
v 0.002420 0.010492 0.023966
v 0.002420 0.012707 0.023966
v 0.000688 0.014089 0.023992
v -0.001471 0.013596 0.024026
v 0.011262 0.033200 0.036331
v 0.011302 0.032241 0.038966
v 0.011324 0.029812 0.040368
v 0.011316 0.027050 0.039881
v 0.011283 0.025247 0.037733
v 0.011240 0.025247 0.034929
v 0.011207 0.027050 0.032781
v 0.011199 0.029812 0.032294
v 0.011221 0.032241 0.033696
v 0.011262 0.033000 0.036331
v 0.011223 0.032087 0.033824
v 0.011202 0.029777 0.032491
v 0.011210 0.027150 0.032954
v 0.011241 0.025435 0.034997
v 0.011282 0.025435 0.037665
v 0.011314 0.027150 0.039708
v 0.011321 0.029777 0.040171
v 0.011300 0.032087 0.038837
v 0.003535 -0.016153 0.024949
v 0.000536 -0.016153 0.024995
v 0.001185 -0.015778 0.024985
v 0.001185 -0.015028 0.024985
v 0.000536 -0.014653 0.024995
v 0.003535 -0.014653 0.024949
v 0.004185 -0.015028 0.024939
v 0.004185 -0.015778 0.024939
v -0.009612 -0.023703 0.044678
v -0.009860 -0.023703 0.028631
v -0.008928 -0.023703 0.025633
v -0.007635 -0.023703 0.024731
v -0.005924 -0.023703 0.024413
v -0.003924 -0.023703 0.024411
v -0.003549 -0.023703 0.048713
v -0.005548 -0.023703 0.048773
v -0.007268 -0.023703 0.048508
v -0.008589 -0.023703 0.047646
v -0.002096 0.025847 0.048921
v -0.002210 0.025847 0.041539
v -0.002859 0.026222 0.041549
v -0.002859 0.026972 0.041549
v -0.002210 0.027347 0.041539
v -0.002096 0.027347 0.048922
v -0.002626 0.027127 0.048956
v -0.002845 0.026596 0.048969
v 0.003170 0.040582 0.023954
v 0.003175 0.040582 0.024270
v 0.003509 0.040481 0.024307
v 0.003827 0.040343 0.024343
v 0.004126 0.040170 0.024377
v 0.004404 0.039963 0.024410
v 0.004396 0.039963 0.023935
v 0.004021 0.040232 0.023941
v 0.003609 0.040440 0.023947
v 0.011262 0.004200 0.036331
v 0.011302 0.003241 0.038966
v 0.011324 0.000812 0.040368
v 0.011316 -0.001950 0.039881
v 0.011283 -0.003753 0.037733
v 0.011240 -0.003753 0.034929
v 0.011207 -0.001950 0.032781
v 0.011199 0.000812 0.032294
v 0.011221 0.003241 0.033696
v 0.011262 0.004000 0.036331
v 0.011223 0.003087 0.033824
v 0.011202 0.000777 0.032491
v 0.011210 -0.001850 0.032954
v 0.011241 -0.003565 0.034997
v 0.011282 -0.003565 0.037665
v 0.011314 -0.001850 0.039708
v 0.011321 0.000777 0.040171
v 0.011300 0.003087 0.038837
v -0.002096 -0.008653 0.048929
v -0.002210 -0.008653 0.041539
v 0.000790 -0.008653 0.041493
v 0.000890 -0.008653 0.047992
v 0.003890 -0.008653 0.047946
v 0.003896 -0.008653 0.048345
v 0.010762 0.004966 0.036339
v 0.010810 0.003827 0.039466
v 0.010835 0.000945 0.041130
v 0.010827 -0.002333 0.040552
v 0.010787 -0.004473 0.038003
v 0.010736 -0.004473 0.034674
v 0.010697 -0.002333 0.032125
v 0.010688 0.000945 0.031547
v 0.010713 0.003827 0.033211
v 0.010762 0.004200 0.036339
v 0.010721 0.003241 0.033703
v 0.010699 0.000812 0.032301
v 0.010707 -0.001950 0.032788
v 0.010740 -0.003753 0.034936
v 0.010783 -0.003753 0.037741
v 0.010816 -0.001950 0.039889
v 0.010824 0.000812 0.040376
v 0.010802 0.003241 0.038974
v 0.003520 0.018347 0.023949
v 0.004169 0.017972 0.023939
v 0.004169 0.017222 0.023939
v 0.003520 0.016847 0.023949
v 0.003535 0.016847 0.024949
v 0.004185 0.017222 0.024939
v 0.004185 0.017972 0.024939
v 0.003535 0.018347 0.024949
v 0.003535 -0.001153 0.024949
v 0.000536 -0.001153 0.024995
v 0.001185 -0.000778 0.024985
v 0.001185 -0.000028 0.024985
v 0.000536 0.000347 0.024995
v 0.003535 0.000347 0.024949
v 0.004185 -0.000028 0.024939
v 0.004185 -0.000778 0.024939
v 0.010762 0.033966 0.036339
v 0.010713 0.032827 0.033211
v 0.010688 0.029945 0.031547
v 0.010697 0.026667 0.032125
v 0.010736 0.024527 0.034674
v 0.010787 0.024527 0.038003
v 0.010827 0.026667 0.040552
v 0.010835 0.029945 0.041130
v 0.010810 0.032827 0.039466
v 0.011262 0.034100 0.036331
v 0.011307 0.033145 0.039269
v 0.011335 0.030645 0.041086
v 0.011335 0.027555 0.041086
v 0.011307 0.025055 0.039269
v 0.011262 0.024100 0.036331
v 0.011216 0.025055 0.033392
v 0.011188 0.027555 0.031576
v 0.011188 0.030645 0.031576
v 0.011216 0.033145 0.033392
v 0.010736 0.024527 0.034674
v 0.011262 0.024100 0.036331
v 0.010762 -0.019000 0.036339
v 0.010736 -0.019950 0.034693
v 0.010736 -0.021850 0.034693
v 0.010762 -0.022800 0.036339
v 0.010787 -0.021850 0.037984
v 0.010787 -0.019950 0.037984
v 0.011262 -0.019000 0.036331
v 0.011287 -0.019950 0.037976
v 0.011287 -0.021850 0.037976
v 0.011262 -0.022800 0.036331
v 0.011236 -0.021850 0.034686
v 0.011236 -0.019950 0.034686
v 0.011262 -0.022800 0.036331
v 0.010762 -0.022800 0.036339
v -0.002096 0.016847 0.048919
v -0.002210 0.016847 0.041539
v -0.002859 0.017222 0.041549
v -0.002859 0.017972 0.041549
v -0.002210 0.018347 0.041539
v -0.002096 0.018347 0.048920
v -0.002626 0.018127 0.048954
v -0.002845 0.017597 0.048967
v 0.011262 0.031200 0.036331
v 0.011290 0.030150 0.038149
v 0.011290 0.028050 0.038149
v 0.011262 0.027000 0.036331
v 0.011234 0.028050 0.034512
v 0.011234 0.030150 0.034512
v 0.011262 0.031000 0.036331
v 0.011236 0.030050 0.034686
v 0.011236 0.028150 0.034686
v 0.011262 0.027200 0.036331
v 0.011287 0.028150 0.037976
v 0.011287 0.030050 0.037976
v 0.003890 0.018347 0.047946
v 0.000890 0.018347 0.047992
v 0.001540 0.017972 0.047982
v 0.001540 0.017222 0.047982
v 0.000890 0.016847 0.047992
v 0.003890 0.016847 0.047946
v 0.004539 0.017222 0.047936
v 0.004539 0.017972 0.047936
v 0.003535 0.019847 0.024949
v 0.000536 0.019847 0.024995
v 0.001185 0.020222 0.024985
v 0.001185 0.020972 0.024985
v 0.000536 0.021347 0.024995
v 0.003535 0.021347 0.024949
v 0.004185 0.020972 0.024939
v 0.004185 0.020222 0.024939
v 0.003170 -0.017382 0.023954
v 0.003175 -0.017382 0.024270
v -0.000105 -0.018015 0.024005
v -0.002278 0.011600 0.034039
v -0.001317 0.009604 0.034024
v 0.000842 0.009111 0.033991
v 0.002574 0.010492 0.033964
v 0.002574 0.012707 0.033964
v 0.000842 0.014089 0.033991
v -0.001317 0.013596 0.034024
v -0.002432 0.011600 0.024040
v -0.001471 0.013596 0.024026
v 0.000688 0.014089 0.023992
v 0.002420 0.012707 0.023966
v 0.002420 0.010492 0.023966
v 0.000688 0.009111 0.023992
v -0.001471 0.009604 0.024026
v 0.002574 0.012707 0.033964
v 0.002420 0.012707 0.023966
v -0.003495 0.018747 0.049003
v -0.003687 0.018747 0.036561
v -0.003687 0.015650 0.036561
v -0.003687 0.015550 0.036561
v -0.003687 0.007650 0.036561
v -0.003687 0.007550 0.036561
v -0.003687 0.004747 0.036561
v -0.003495 0.004747 0.049003
v 0.014661 -0.002900 0.029778
v 0.014661 0.003100 0.029778
v 0.011161 0.003100 0.029832
v 0.011161 -0.002900 0.029832
v 0.000890 0.018347 0.047992
v 0.000790 0.018347 0.041493
v 0.001439 0.017972 0.041483
v 0.001439 0.017222 0.041483
v 0.000790 0.016847 0.041493
v 0.000890 0.016847 0.047992
v 0.001540 0.017222 0.047982
v 0.001540 0.017972 0.047982
v -0.002096 -0.014653 0.048933
v -0.002210 -0.014653 0.041539
v 0.000790 -0.014653 0.041493
v 0.000890 -0.014653 0.047992
v 0.003890 -0.014653 0.047946
v 0.003896 -0.014653 0.048341
v -0.009859 -0.023803 0.028667
v -0.009839 -0.026124 0.029950
v -0.009811 -0.027884 0.031810
v -0.009775 -0.029005 0.034093
v -0.009736 -0.029400 0.036655
v -0.009696 -0.029005 0.039216
v -0.009661 -0.027884 0.041499
v -0.009633 -0.026124 0.043359
v -0.009613 -0.023803 0.044643
v -0.003290 -0.033326 0.036329
v -0.003353 -0.032565 0.032262
v -0.003408 -0.030507 0.028662
v -0.003451 -0.027368 0.025927
v -0.003472 -0.024253 0.024562
v -0.003102 -0.024253 0.048548
v -0.003123 -0.027370 0.047182
v -0.003165 -0.030508 0.044448
v -0.003221 -0.032565 0.040847
v -0.003283 -0.033326 0.036781
v -0.003290 -0.033326 0.036329
v -0.003283 -0.033326 0.036781
v -0.003237 -0.033326 0.036554
v -0.009613 -0.023803 0.044643
v -0.008591 -0.023803 0.047616
v -0.007272 -0.023803 0.048483
v -0.005549 -0.023803 0.048750
v -0.003550 -0.023803 0.048689
v -0.003924 -0.023803 0.024435
v -0.005923 -0.023803 0.024436
v -0.007637 -0.023803 0.024756
v -0.008930 -0.023803 0.025663
v -0.009859 -0.023803 0.028667
v -0.003550 -0.023803 0.048689
v -0.003102 -0.024253 0.048548
v -0.003472 -0.024253 0.024562
v -0.003924 -0.023803 0.024435
v -0.003550 -0.023803 0.048689
v -0.005549 -0.023803 0.048750
v -0.007272 -0.023803 0.048483
v -0.008591 -0.023803 0.047616
v -0.009613 -0.023803 0.044643
v -0.009633 -0.026124 0.043359
v -0.009661 -0.027884 0.041499
v -0.009696 -0.029005 0.039216
v -0.009736 -0.029400 0.036655
v -0.009775 -0.029005 0.034093
v -0.009811 -0.027884 0.031810
v -0.009839 -0.026124 0.029950
v -0.009859 -0.023803 0.028667
v -0.008930 -0.023803 0.025663
v -0.007637 -0.023803 0.024756
v -0.005923 -0.023803 0.024436
v -0.003924 -0.023803 0.024435
v -0.003472 -0.024253 0.024562
v -0.003451 -0.027368 0.025927
v -0.003408 -0.030507 0.028662
v -0.003353 -0.032565 0.032262
v -0.003290 -0.033326 0.036329
v -0.003237 -0.033326 0.036554
v -0.003283 -0.033326 0.036781
v -0.003221 -0.032565 0.040847
v -0.003165 -0.030508 0.044448
v -0.003123 -0.027370 0.047182
v -0.003102 -0.024253 0.048548
v -0.009330 -0.026269 0.045219
v -0.009594 -0.026269 0.028082
v -0.007596 -0.027257 0.046859
v -0.007912 -0.027257 0.026390
v -0.004365 -0.027364 0.047249
v -0.004384 -0.029057 0.046015
v -0.004407 -0.030551 0.044478
v -0.004435 -0.031773 0.042688
v -0.004465 -0.032665 0.040717
v -0.004497 -0.033198 0.038649
v -0.004529 -0.033372 0.036574
v -0.004593 -0.032665 0.032432
v -0.004651 -0.030551 0.028670
v -0.004694 -0.027364 0.025900
v -0.005900 -0.027478 0.025965
v -0.005857 -0.030624 0.028739
v -0.005800 -0.032701 0.032471
v -0.005736 -0.033400 0.036593
v -0.005704 -0.033228 0.038662
v -0.005672 -0.032701 0.040714
v -0.005642 -0.031824 0.042669
v -0.005615 -0.030624 0.044447
v -0.005591 -0.029153 0.045980
v -0.005572 -0.027478 0.047221
v -0.007615 -0.028859 0.045640
v -0.007638 -0.030249 0.044159
v -0.007664 -0.031377 0.042458
v -0.007693 -0.032203 0.040592
v -0.007723 -0.032705 0.038626
v -0.007754 -0.032871 0.036624
v -0.007815 -0.032203 0.032656
v -0.007870 -0.030249 0.029089
v -0.008714 -0.026917 0.026860
v -0.008674 -0.029759 0.029452
v -0.008622 -0.031607 0.032844
v -0.008564 -0.032243 0.036636
v -0.008534 -0.032083 0.038556
v -0.008505 -0.031607 0.040429
v -0.008478 -0.030825 0.042202
v -0.008453 -0.029759 0.043821
v -0.008431 -0.028443 0.045238
v -0.008413 -0.026917 0.046413
v -0.009049 -0.026514 0.045744
v -0.009066 -0.027928 0.044639
v -0.009087 -0.029141 0.043319
v -0.009110 -0.030119 0.041818
v -0.009135 -0.030838 0.040176
v -0.009162 -0.031278 0.038438
v -0.009189 -0.031427 0.036646
v -0.009244 -0.030838 0.033116
v -0.009292 -0.029141 0.029973
v -0.009330 -0.026514 0.027548
v -0.009559 -0.028727 0.030375
v -0.009513 -0.030309 0.033326
v -0.009462 -0.030861 0.036650
v -0.009436 -0.030722 0.038341
v -0.009411 -0.030309 0.039974
v -0.009387 -0.029638 0.041515
v -0.009365 -0.028727 0.042925
v -0.009346 -0.027595 0.044170
f 2 24 1
f 1 24 25
f 1 25 23
f 23 25 22
f 22 25 21
f 21 25 20
f 20 25 26
f 20 26 19
f 19 26 18
f 18 26 27
f 18 27 49
f 49 27 28
f 49 28 48
f 48 28 24
f 48 24 2
f 2 3 48
f 48 3 47
f 47 3 4
f 47 4 32
f 32 4 31
f 31 4 5
f 31 5 30
f 30 5 6
f 30 6 29
f 29 6 46
f 29 46 33
f 33 46 47
f 33 47 32
f 46 6 45
f 45 6 7
f 45 7 8
f 9 36 8
f 8 36 37
f 8 37 45
f 45 37 44
f 44 37 38
f 44 38 52
f 52 38 34
f 52 34 12
f 12 34 35
f 12 35 11
f 11 35 10
f 10 35 9
f 9 35 36
f 12 13 52
f 52 13 14
f 52 14 51
f 51 14 42
f 51 42 43
f 42 14 41
f 41 14 15
f 41 15 40
f 40 15 16
f 40 16 39
f 39 16 50
f 39 50 43
f 43 50 51
f 16 17 50
f 50 17 49
f 49 17 18
f 60 53 59
f 59 53 54
f 59 54 55
f 59 55 58
f 58 55 56
f 58 56 57
f 80 61 79
f 79 61 62
f 79 62 78
f 78 62 63
f 78 63 77
f 77 63 64
f 77 64 76
f 76 64 75
f 75 64 65
f 75 65 74
f 74 65 66
f 74 66 73
f 73 66 67
f 73 67 68
f 73 68 72
f 72 68 69
f 72 69 70
f 70 71 72
f 81 82 100
f 100 82 99
f 99 82 83
f 99 83 98
f 98 83 84
f 98 84 97
f 97 84 85
f 97 85 86
f 97 86 96
f 96 86 87
f 96 87 95
f 95 87 88
f 95 88 94
f 94 88 93
f 93 88 89
f 93 89 92
f 92 89 91
f 91 89 90
f 101 102 104
f 104 102 103
f 118 105 117
f 117 105 106
f 117 106 116
f 116 106 107
f 116 107 115
f 115 107 108
f 115 108 114
f 114 108 109
f 114 109 113
f 113 109 110
f 113 110 112
f 112 110 111
f 126 119 125
f 125 119 120
f 125 120 124
f 124 120 121
f 124 121 123
f 123 121 122
f 128 136 127
f 127 136 132
f 127 132 131
f 131 132 133
f 131 133 138
f 128 129 136
f 136 129 135
f 135 129 137
f 135 137 134
f 138 130 131
f 140 141 139
f 139 141 142
f 156 143 155
f 155 143 144
f 155 144 154
f 154 144 145
f 154 145 153
f 153 145 146
f 153 146 152
f 152 146 147
f 152 147 151
f 151 147 148
f 151 148 150
f 150 148 149
f 158 159 157
f 157 159 160
f 162 170 161
f 161 170 166
f 161 166 165
f 165 166 167
f 165 167 172
f 162 163 170
f 170 163 169
f 169 163 171
f 169 171 168
f 172 164 165
f 173 174 176
f 176 174 175
f 178 179 177
f 177 179 180
f 182 183 181
f 181 183 192
f 192 183 184
f 192 184 185
f 185 186 192
f 192 186 191
f 191 186 187
f 191 187 190
f 190 187 188
f 190 188 189
f 193 194 196
f 196 194 195
f 198 206 197
f 197 206 202
f 197 202 201
f 201 202 203
f 201 203 208
f 198 199 206
f 206 199 205
f 205 199 207
f 205 207 204
f 208 200 201
f 209 210 212
f 212 210 211
f 214 215 213
f 213 215 216
f 218 226 217
f 217 226 222
f 217 222 221
f 221 222 223
f 221 223 228
f 218 219 226
f 226 219 225
f 225 219 227
f 225 227 224
f 228 220 221
f 249 229 261
f 261 229 230
f 261 230 260
f 260 230 255
f 260 255 256
f 230 231 255
f 255 231 273
f 255 273 274
f 273 231 277
f 277 231 232
f 277 232 276
f 276 232 233
f 276 233 275
f 275 233 253
f 275 253 254
f 233 234 253
f 253 234 268
f 253 268 269
f 268 234 272
f 272 234 235
f 272 235 236
f 236 237 272
f 272 237 271
f 271 237 238
f 271 238 270
f 270 238 251
f 270 251 252
f 238 239 251
f 251 239 240
f 251 240 263
f 263 240 267
f 267 240 241
f 267 241 266
f 266 241 242
f 266 242 265
f 265 242 243
f 265 243 257
f 257 243 244
f 257 244 258
f 258 244 245
f 258 245 262
f 262 245 246
f 262 246 247
f 247 248 262
f 262 248 249
f 262 249 261
f 251 264 250
f 250 264 265
f 250 265 257
f 270 252 269
f 269 252 253
f 275 254 274
f 274 254 255
f 260 256 259
f 259 256 257
f 259 257 258
f 263 264 251
f 285 278 284
f 284 278 279
f 284 279 280
f 284 280 283
f 283 280 281
f 283 281 282
f 286 287 305
f 305 287 304
f 304 287 288
f 304 288 303
f 303 288 289
f 303 289 302
f 302 289 290
f 302 290 291
f 302 291 301
f 301 291 292
f 301 292 300
f 300 292 293
f 300 293 299
f 299 293 298
f 298 293 294
f 298 294 297
f 297 294 296
f 296 294 295
f 314 306 315
f 315 306 307
f 315 307 322
f 322 307 308
f 322 308 321
f 321 308 309
f 321 309 320
f 320 309 310
f 320 310 319
f 319 310 324
f 323 311 318
f 318 311 312
f 318 312 317
f 317 312 313
f 317 313 316
f 316 313 314
f 316 314 315
f 332 325 333
f 333 325 326
f 333 326 339
f 339 326 327
f 339 327 338
f 338 327 328
f 338 328 337
f 337 328 329
f 337 329 336
f 336 329 330
f 336 330 335
f 335 330 341
f 335 341 334
f 340 331 332
f 340 332 333
f 342 343 355
f 355 343 354
f 354 343 344
f 354 344 353
f 353 344 345
f 353 345 352
f 352 345 351
f 351 345 346
f 351 346 350
f 350 346 347
f 350 347 349
f 349 347 348
f 357 358 356
f 356 358 359
f 361 374 360
f 375 370 371
f 375 371 366
f 366 371 372
f 366 372 365
f 365 372 373
f 365 373 364
f 364 373 367
f 364 367 363
f 363 367 368
f 363 368 362
f 362 368 369
f 362 369 361
f 361 369 374
f 377 378 376
f 376 378 379
f 376 379 387
f 387 379 380
f 387 380 386
f 386 380 385
f 385 380 381
f 385 381 384
f 384 381 383
f 383 381 382
f 389 400 388
f 388 400 401
f 388 401 394
f 394 401 402
f 394 402 393
f 393 402 403
f 393 403 392
f 392 403 391
f 391 403 404
f 391 404 405
f 390 396 389
f 389 396 397
f 389 397 398
f 391 406 390
f 390 406 407
f 390 407 395
f 395 396 390
f 398 399 389
f 389 399 400
f 405 406 391
f 408 409 411
f 411 409 410
f 412 413 415
f 415 413 414
f 417 431 416
f 416 431 424
f 416 424 423
f 423 424 425
f 423 425 422
f 422 425 426
f 422 426 421
f 421 426 427
f 421 427 420
f 420 427 432
f 433 428 419
f 419 428 429
f 419 429 418
f 418 429 430
f 418 430 417
f 417 430 431
f 441 434 440
f 440 434 435
f 440 435 439
f 439 435 436
f 439 436 438
f 438 436 437
f 443 444 442
f 442 444 445
f 446 447 453
f 453 447 452
f 452 447 448
f 452 448 451
f 451 448 449
f 451 449 450
f 455 477 454
f 454 477 478
f 454 478 467
f 467 478 466
f 466 478 465
f 465 478 464
f 464 478 479
f 464 479 480
f 455 456 477
f 477 456 476
f 476 456 475
f 475 456 457
f 475 457 474
f 474 457 473
f 473 457 472
f 472 457 458
f 472 458 459
f 472 459 471
f 471 459 460
f 471 460 461
f 471 461 470
f 470 461 462
f 470 462 463
f 464 480 463
f 463 480 468
f 463 468 469
f 469 470 463
f 481 482 484
f 484 482 483
f 486 504 485
f 485 504 505
f 485 505 492
f 487 502 486
f 486 502 503
f 486 503 504
f 502 487 501
f 501 487 506
f 501 506 500
f 507 488 489
f 507 489 499
f 499 489 490
f 499 490 498
f 498 490 491
f 498 491 497
f 497 491 496
f 496 491 485
f 496 485 495
f 495 485 494
f 494 485 493
f 493 485 492
f 508 509 511
f 511 509 510
f 513 525 512
f 512 525 527
f 526 519 518
f 518 519 520
f 518 520 517
f 517 520 521
f 517 521 516
f 516 521 522
f 516 522 515
f 515 522 523
f 515 523 514
f 514 523 524
f 514 524 513
f 513 524 525
f 544 536 528
f 528 536 537
f 528 537 535
f 535 537 538
f 535 538 534
f 534 538 539
f 534 539 533
f 533 539 540
f 533 540 532
f 532 540 541
f 532 541 531
f 531 541 542
f 531 542 530
f 530 542 545
f 530 545 529
f 544 543 536
f 546 547 553
f 553 547 552
f 552 547 548
f 552 548 551
f 551 548 549
f 551 549 550
f 561 554 560
f 560 554 555
f 560 555 559
f 559 555 556
f 559 556 557
f 557 558 559
f 569 562 570
f 570 562 563
f 570 563 576
f 576 563 564
f 576 564 575
f 575 564 565
f 575 565 574
f 574 565 566
f 574 566 573
f 573 566 567
f 573 567 572
f 572 567 568
f 572 568 571
f 571 568 569
f 571 569 570
f 577 578 581
f 581 578 579
f 581 579 580
f 583 587 582
f 582 587 588
f 582 588 586
f 586 588 592
f 586 592 585
f 593 589 590
f 593 590 584
f 584 590 591
f 584 591 583
f 583 591 587
f 595 604 594
f 605 601 602
f 605 602 598
f 598 602 603
f 598 603 597
f 597 603 599
f 597 599 596
f 596 599 600
f 596 600 595
f 595 600 604
f 612 606 613
f 613 606 607
f 613 607 617
f 617 607 608
f 617 608 616
f 616 608 609
f 616 609 610
f 616 610 615
f 615 610 611
f 615 611 614
f 614 611 612
f 614 612 613
f 619 633 618
f 618 633 632
f 618 632 624
f 624 632 639
f 624 639 623
f 623 639 638
f 623 638 622
f 622 638 637
f 622 637 621
f 640 636 635
f 640 635 620
f 620 635 634
f 620 634 619
f 619 634 633
f 626 632 625
f 625 632 633
f 625 633 631
f 631 633 634
f 631 634 630
f 630 634 635
f 630 635 629
f 629 635 636
f 629 636 628
f 641 637 638
f 641 638 627
f 627 638 639
f 627 639 626
f 626 639 632
f 643 686 642
f 642 686 687
f 642 687 685
f 685 687 684
f 684 687 683
f 683 687 682
f 682 687 678
f 682 678 681
f 681 678 679
f 681 679 680
f 643 644 686
f 686 644 645
f 686 645 692
f 692 645 649
f 692 649 650
f 649 645 648
f 648 645 646
f 648 646 647
f 650 651 692
f 692 651 652
f 692 652 653
f 692 653 691
f 691 653 654
f 691 654 655
f 655 656 691
f 691 656 657
f 691 657 660
f 660 657 658
f 660 658 659
f 691 660 690
f 690 660 661
f 690 661 662
f 662 663 690
f 690 663 664
f 690 664 665
f 665 666 690
f 690 666 689
f 689 666 694
f 693 667 670
f 670 667 668
f 670 668 669
f 670 671 693
f 693 671 673
f 693 673 688
f 688 673 674
f 688 674 675
f 671 672 673
f 675 676 688
f 688 676 677
f 688 677 678
f 687 688 678
f 702 695 701
f 701 695 696
f 701 696 700
f 700 696 697
f 700 697 699
f 699 697 698
f 703 704 708
f 708 704 707
f 707 704 705
f 707 705 706
f 709 710 740
f 740 710 739
f 739 710 737
f 739 737 738
f 737 710 736
f 736 710 711
f 736 711 719
f 719 711 712
f 719 712 718
f 718 712 713
f 718 713 716
f 716 713 715
f 715 713 714
f 716 717 718
f 719 720 736
f 736 720 735
f 735 720 727
f 735 727 728
f 720 721 727
f 727 721 726
f 726 721 724
f 726 724 725
f 722 723 721
f 721 723 724
f 735 728 734
f 734 728 729
f 734 729 732
f 732 729 731
f 731 729 730
f 732 733 734
f 741 742 746
f 746 742 743
f 746 743 745
f 745 743 744
f 753 747 752
f 752 747 748
f 752 748 751
f 751 748 749
f 751 749 750
f 754 755 759
f 759 755 758
f 758 755 756
f 758 756 757
f 767 760 766
f 766 760 761
f 766 761 765
f 765 761 762
f 765 762 764
f 764 762 763
f 774 768 773
f 773 768 769
f 773 769 772
f 772 769 770
f 772 770 771
f 775 776 780
f 780 776 777
f 780 777 779
f 779 777 778
f 781 782 786
f 786 782 783
f 786 783 785
f 785 783 784
f 793 787 792
f 792 787 788
f 792 788 791
f 791 788 789
f 791 789 790
f 801 794 800
f 800 794 795
f 800 795 799
f 799 795 796
f 799 796 798
f 798 796 797
f 802 803 807
f 807 803 806
f 806 803 804
f 806 804 805
f 808 809 813
f 813 809 812
f 812 809 810
f 812 810 811
f 821 814 820
f 820 814 815
f 820 815 819
f 819 815 816
f 819 816 818
f 818 816 817
f 828 822 827
f 827 822 823
f 827 823 826
f 826 823 824
f 826 824 825
f 829 830 834
f 834 830 831
f 834 831 833
f 833 831 832
f 836 865 835
f 835 865 866
f 835 866 846
f 846 866 862
f 846 862 872
f 872 862 863
f 872 863 871
f 871 863 864
f 871 864 870
f 870 864 836
f 870 836 837
f 838 861 837
f 837 861 857
f 837 857 870
f 870 857 858
f 870 858 869
f 869 858 859
f 869 859 868
f 868 859 839
f 868 839 840
f 861 838 860
f 860 838 839
f 860 839 859
f 841 856 840
f 840 856 852
f 840 852 868
f 868 852 853
f 868 853 867
f 867 853 854
f 867 854 874
f 874 854 842
f 874 842 843
f 856 841 855
f 855 841 842
f 855 842 854
f 844 851 843
f 843 851 847
f 843 847 874
f 874 847 848
f 874 848 873
f 873 848 849
f 873 849 872
f 872 849 845
f 872 845 846
f 851 844 850
f 850 844 845
f 850 845 849
f 864 865 836
f 876 887 875
f 875 887 888
f 875 888 886
f 886 888 889
f 886 889 885
f 885 889 890
f 885 890 884
f 884 890 891
f 884 891 883
f 883 891 892
f 883 892 882
f 882 892 893
f 882 893 881
f 881 893 894
f 881 894 880
f 880 894 895
f 880 895 879
f 879 895 878
f 878 895 900
f 899 896 877
f 877 896 897
f 877 897 898
f 887 876 898
f 898 876 877
f 902 924 901
f 901 924 913
f 901 913 912
f 912 913 914
f 912 914 911
f 911 914 915
f 911 915 910
f 910 915 916
f 910 916 909
f 909 916 917
f 909 917 908
f 908 917 918
f 908 918 907
f 907 918 925
f 926 919 906
f 906 919 920
f 906 920 905
f 905 920 921
f 905 921 904
f 904 921 922
f 904 922 903
f 903 922 923
f 903 923 902
f 902 923 924
f 928 950 927
f 927 950 939
f 927 939 938
f 938 939 940
f 938 940 937
f 937 940 941
f 937 941 936
f 936 941 952
f 951 942 935
f 935 942 943
f 935 943 934
f 934 943 944
f 934 944 933
f 933 944 945
f 933 945 932
f 932 945 946
f 932 946 931
f 931 946 947
f 931 947 930
f 930 947 948
f 930 948 929
f 929 948 949
f 929 949 928
f 928 949 950
f 954 976 953
f 953 976 977
f 953 977 964
f 964 977 978
f 964 978 990
f 990 978 989
f 989 978 979
f 989 979 988
f 988 979 975
f 988 975 954
f 954 975 976
f 954 955 988
f 988 955 983
f 988 983 987
f 987 983 984
f 987 984 986
f 986 984 980
f 986 980 957
f 957 980 981
f 957 981 956
f 956 981 982
f 956 982 955
f 955 982 983
f 957 958 986
f 986 958 968
f 986 968 985
f 985 968 969
f 985 969 992
f 992 969 965
f 992 965 960
f 960 965 966
f 960 966 959
f 959 966 967
f 959 967 958
f 958 967 968
f 960 961 992
f 992 961 973
f 992 973 991
f 991 973 974
f 991 974 990
f 990 974 970
f 990 970 963
f 963 970 971
f 963 971 962
f 962 971 972
f 962 972 961
f 961 972 973
f 963 964 990
f 994 1002 993
f 993 1002 1003
f 1004 998 997
f 997 998 999
f 997 999 1000
f 994 995 1002
f 1002 995 1001
f 1001 995 996
f 1001 996 1000
f 1000 996 997
f 1006 1014 1005
f 1005 1014 1015
f 1016 1010 1009
f 1009 1010 1011
f 1009 1011 1012
f 1006 1007 1014
f 1014 1007 1013
f 1013 1007 1008
f 1013 1008 1012
f 1012 1008 1009
f 1018 1026 1017
f 1017 1026 1027
f 1028 1022 1021
f 1021 1022 1023
f 1021 1023 1024
f 1018 1019 1026
f 1026 1019 1025
f 1025 1019 1020
f 1025 1020 1024
f 1024 1020 1021
f 1030 1038 1029
f 1029 1038 1039
f 1040 1034 1033
f 1033 1034 1035
f 1033 1035 1036
f 1030 1031 1038
f 1038 1031 1037
f 1037 1031 1032
f 1037 1032 1036
f 1036 1032 1033
f 1042 1056 1041
f 1041 1056 1049
f 1041 1049 1048
f 1048 1049 1050
f 1048 1050 1047
f 1047 1050 1058
f 1057 1051 1046
f 1046 1051 1052
f 1046 1052 1045
f 1045 1052 1053
f 1045 1053 1044
f 1044 1053 1054
f 1044 1054 1043
f 1043 1054 1055
f 1043 1055 1042
f 1042 1055 1056
f 1060 1070 1059
f 1059 1070 1076
f 1075 1071 1066
f 1066 1071 1072
f 1066 1072 1065
f 1065 1072 1073
f 1065 1073 1064
f 1064 1073 1074
f 1064 1074 1063
f 1063 1074 1067
f 1063 1067 1062
f 1062 1067 1068
f 1062 1068 1061
f 1061 1068 1069
f 1061 1069 1060
f 1060 1069 1070
f 1078 1085 1077
f 1077 1085 1086
f 1077 1086 1084
f 1084 1086 1087
f 1084 1087 1083
f 1083 1087 1088
f 1083 1088 1082
f 1082 1088 1094
f 1082 1094 1081
f 1093 1089 1090
f 1093 1090 1080
f 1080 1090 1091
f 1080 1091 1079
f 1079 1091 1092
f 1079 1092 1078
f 1078 1092 1085
f 1102 1095 1103
f 1103 1095 1096
f 1103 1096 1109
f 1109 1096 1097
f 1109 1097 1108
f 1108 1097 1098
f 1108 1098 1107
f 1107 1098 1099
f 1107 1099 1106
f 1106 1099 1100
f 1106 1100 1105
f 1105 1100 1101
f 1105 1101 1104
f 1104 1101 1102
f 1104 1102 1103
f 1111 1117 1110
f 1110 1117 1124
f 1110 1124 1116
f 1125 1118 1119
f 1125 1119 1115
f 1115 1119 1120
f 1115 1120 1114
f 1114 1120 1121
f 1114 1121 1113
f 1113 1121 1122
f 1113 1122 1112
f 1112 1122 1123
f 1112 1123 1111
f 1111 1123 1117
f 1127 1136 1126
f 1126 1136 1137
f 1126 1137 1132
f 1132 1137 1138
f 1132 1138 1131
f 1131 1138 1139
f 1131 1139 1130
f 1130 1139 1141
f 1130 1141 1129
f 1140 1133 1134
f 1140 1134 1128
f 1128 1134 1135
f 1128 1135 1127
f 1127 1135 1136
f 1149 1142 1150
f 1150 1142 1143
f 1150 1143 1156
f 1156 1143 1144
f 1156 1144 1155
f 1155 1144 1145
f 1155 1145 1154
f 1154 1145 1146
f 1154 1146 1153
f 1153 1146 1147
f 1153 1147 1152
f 1152 1147 1148
f 1152 1148 1151
f 1151 1148 1149
f 1151 1149 1150
f 1158 1172 1157
f 1157 1172 1165
f 1157 1165 1164
f 1164 1165 1166
f 1164 1166 1163
f 1163 1166 1167
f 1163 1167 1162
f 1162 1167 1168
f 1162 1168 1161
f 1161 1168 1174
f 1173 1169 1160
f 1160 1169 1170
f 1160 1170 1159
f 1159 1170 1171
f 1159 1171 1158
f 1158 1171 1172
f 1182 1175 1183
f 1183 1175 1176
f 1183 1176 1189
f 1189 1176 1177
f 1189 1177 1188
f 1188 1177 1178
f 1188 1178 1187
f 1187 1178 1179
f 1187 1179 1186
f 1186 1179 1180
f 1186 1180 1185
f 1185 1180 1181
f 1185 1181 1184
f 1184 1181 1182
f 1184 1182 1183
f 1191 1205 1190
f 1190 1205 1198
f 1190 1198 1197
f 1197 1198 1199
f 1197 1199 1196
f 1196 1199 1200
f 1196 1200 1195
f 1195 1200 1201
f 1195 1201 1194
f 1194 1201 1207
f 1206 1202 1193
f 1193 1202 1203
f 1193 1203 1192
f 1192 1203 1204
f 1192 1204 1191
f 1191 1204 1205
f 1215 1208 1216
f 1216 1208 1209
f 1216 1209 1222
f 1222 1209 1210
f 1222 1210 1221
f 1221 1210 1211
f 1221 1211 1220
f 1220 1211 1212
f 1220 1212 1219
f 1219 1212 1213
f 1219 1213 1218
f 1218 1213 1214
f 1218 1214 1217
f 1217 1214 1215
f 1217 1215 1216
f 1224 1230 1223
f 1223 1230 1231
f 1223 1231 1229
f 1229 1231 1232
f 1229 1232 1228
f 1228 1232 1238
f 1228 1238 1227
f 1237 1233 1234
f 1237 1234 1226
f 1226 1234 1235
f 1226 1235 1225
f 1225 1235 1236
f 1225 1236 1224
f 1224 1236 1230
f 1240 1253 1239
f 1254 1249 1250
f 1254 1250 1245
f 1245 1250 1251
f 1245 1251 1244
f 1244 1251 1252
f 1244 1252 1243
f 1243 1252 1246
f 1243 1246 1242
f 1242 1246 1247
f 1242 1247 1241
f 1241 1247 1248
f 1241 1248 1240
f 1240 1248 1253
f 1256 1264 1255
f 1255 1264 1265
f 1255 1265 1261
f 1261 1265 1266
f 1261 1266 1260
f 1260 1266 1259
f 1259 1266 1262
f 1259 1262 1258
f 1258 1262 1263
f 1258 1263 1257
f 1257 1263 1256
f 1256 1263 1264
f 1274 1267 1275
f 1275 1267 1268
f 1275 1268 1279
f 1279 1268 1269
f 1279 1269 1278
f 1278 1269 1270
f 1278 1270 1281
f 1278 1281 1277
f 1280 1271 1272
f 1280 1272 1273
f 1280 1273 1276
f 1276 1273 1274
f 1276 1274 1275
f 1283 1289 1282
f 1282 1289 1290
f 1282 1290 1288
f 1288 1290 1291
f 1288 1291 1287
f 1287 1291 1297
f 1287 1297 1286
f 1296 1292 1293
f 1296 1293 1285
f 1285 1293 1294
f 1285 1294 1284
f 1284 1294 1295
f 1284 1295 1283
f 1283 1295 1289
f 1305 1298 1310
f 1310 1298 1299
f 1310 1299 1309
f 1309 1299 1308
f 1308 1299 1315
f 1314 1300 1307
f 1307 1300 1301
f 1307 1301 1302
f 1303 1313 1302
f 1302 1313 1306
f 1302 1306 1307
f 1303 1304 1313
f 1313 1304 1312
f 1312 1304 1305
f 1312 1305 1311
f 1311 1305 1310
f 1317 1326 1316
f 1316 1326 1327
f 1316 1327 1328
f 1326 1317 1325
f 1325 1317 1318
f 1325 1318 1324
f 1324 1318 1319
f 1324 1319 1323
f 1323 1319 1320
f 1323 1320 1330
f 1330 1320 1321
f 1330 1321 1329
f 1329 1321 1322
f 1329 1322 1328
f 1328 1322 1316
f 1331 1332 1335
f 1335 1332 1333
f 1335 1333 1334
f 1337 1341 1336
f 1336 1341 1342
f 1336 1342 1340
f 1340 1342 1346
f 1340 1346 1339
f 1347 1343 1344
f 1347 1344 1338
f 1338 1344 1345
f 1338 1345 1337
f 1337 1345 1341
f 1349 1358 1348
f 1359 1355 1356
f 1359 1356 1352
f 1352 1356 1357
f 1352 1357 1351
f 1351 1357 1353
f 1351 1353 1350
f 1350 1353 1354
f 1350 1354 1349
f 1349 1354 1358
f 1366 1360 1367
f 1367 1360 1361
f 1367 1361 1371
f 1371 1361 1362
f 1371 1362 1370
f 1370 1362 1363
f 1370 1363 1364
f 1370 1364 1369
f 1369 1364 1365
f 1369 1365 1368
f 1368 1365 1366
f 1368 1366 1367
f 1373 1387 1372
f 1372 1387 1386
f 1372 1386 1378
f 1378 1386 1393
f 1378 1393 1377
f 1377 1393 1392
f 1377 1392 1376
f 1376 1392 1391
f 1376 1391 1375
f 1394 1390 1389
f 1394 1389 1374
f 1374 1389 1388
f 1374 1388 1373
f 1373 1388 1387
f 1380 1386 1379
f 1379 1386 1387
f 1379 1387 1385
f 1385 1387 1388
f 1385 1388 1384
f 1384 1388 1389
f 1384 1389 1383
f 1383 1389 1390
f 1383 1390 1382
f 1395 1391 1392
f 1395 1392 1381
f 1381 1392 1393
f 1381 1393 1380
f 1380 1393 1386
f 1397 1440 1396
f 1396 1440 1441
f 1396 1441 1439
f 1439 1441 1438
f 1438 1441 1437
f 1437 1441 1436
f 1436 1441 1432
f 1436 1432 1435
f 1435 1432 1433
f 1435 1433 1434
f 1397 1398 1440
f 1440 1398 1399
f 1440 1399 1446
f 1446 1399 1403
f 1446 1403 1404
f 1403 1399 1402
f 1402 1399 1400
f 1402 1400 1401
f 1404 1405 1446
f 1446 1405 1406
f 1446 1406 1407
f 1446 1407 1445
f 1445 1407 1408
f 1445 1408 1409
f 1409 1410 1445
f 1445 1410 1411
f 1445 1411 1414
f 1414 1411 1412
f 1414 1412 1413
f 1445 1414 1444
f 1444 1414 1415
f 1444 1415 1416
f 1416 1417 1444
f 1444 1417 1418
f 1444 1418 1419
f 1419 1420 1444
f 1444 1420 1443
f 1443 1420 1448
f 1447 1421 1424
f 1424 1421 1422
f 1424 1422 1423
f 1424 1425 1447
f 1447 1425 1427
f 1447 1427 1442
f 1442 1427 1428
f 1442 1428 1429
f 1425 1426 1427
f 1429 1430 1442
f 1442 1430 1431
f 1442 1431 1432
f 1441 1442 1432
f 1456 1449 1455
f 1455 1449 1450
f 1455 1450 1454
f 1454 1450 1451
f 1454 1451 1453
f 1453 1451 1452
f 1457 1458 1462
f 1462 1458 1461
f 1461 1458 1459
f 1461 1459 1460
f 1463 1464 1494
f 1494 1464 1493
f 1493 1464 1491
f 1493 1491 1492
f 1491 1464 1490
f 1490 1464 1465
f 1490 1465 1473
f 1473 1465 1466
f 1473 1466 1472
f 1472 1466 1467
f 1472 1467 1470
f 1470 1467 1469
f 1469 1467 1468
f 1470 1471 1472
f 1473 1474 1490
f 1490 1474 1489
f 1489 1474 1481
f 1489 1481 1482
f 1474 1475 1481
f 1481 1475 1480
f 1480 1475 1478
f 1480 1478 1479
f 1476 1477 1475
f 1475 1477 1478
f 1489 1482 1488
f 1488 1482 1483
f 1488 1483 1486
f 1486 1483 1485
f 1485 1483 1484
f 1486 1487 1488
f 1495 1496 1500
f 1500 1496 1497
f 1500 1497 1499
f 1499 1497 1498
f 1507 1501 1506
f 1506 1501 1502
f 1506 1502 1505
f 1505 1502 1503
f 1505 1503 1504
f 1508 1509 1513
f 1513 1509 1512
f 1512 1509 1510
f 1512 1510 1511
f 1521 1514 1520
f 1520 1514 1515
f 1520 1515 1519
f 1519 1515 1516
f 1519 1516 1518
f 1518 1516 1517
f 1528 1522 1527
f 1527 1522 1523
f 1527 1523 1526
f 1526 1523 1524
f 1526 1524 1525
f 1529 1530 1534
f 1534 1530 1531
f 1534 1531 1533
f 1533 1531 1532
f 1535 1536 1540
f 1540 1536 1537
f 1540 1537 1539
f 1539 1537 1538
f 1547 1541 1546
f 1546 1541 1542
f 1546 1542 1545
f 1545 1542 1543
f 1545 1543 1544
f 1555 1548 1554
f 1554 1548 1549
f 1554 1549 1553
f 1553 1549 1550
f 1553 1550 1552
f 1552 1550 1551
f 1556 1557 1561
f 1561 1557 1560
f 1560 1557 1558
f 1560 1558 1559
f 1562 1563 1567
f 1567 1563 1566
f 1566 1563 1564
f 1566 1564 1565
f 1575 1568 1574
f 1574 1568 1569
f 1574 1569 1573
f 1573 1569 1570
f 1573 1570 1572
f 1572 1570 1571
f 1582 1576 1581
f 1581 1576 1577
f 1581 1577 1580
f 1580 1577 1578
f 1580 1578 1579
f 1583 1584 1588
f 1588 1584 1585
f 1588 1585 1587
f 1587 1585 1586
f 1590 1591 1589
f 1589 1591 1593
f 1593 1591 1592
f 1594 1595 1597
f 1597 1595 1596
f 1605 1598 1604
f 1604 1598 1599
f 1604 1599 1600
f 1601 1602 1600
f 1600 1602 1603
f 1600 1603 1604
f 1607 1608 1606
f 1606 1608 1609
f 1611 1612 1610
f 1610 1612 1613
f 1614 1615 1624
f 1624 1615 1616
f 1624 1616 1618
f 1618 1616 1617
f 1618 1619 1624
f 1624 1619 1623
f 1623 1619 1621
f 1623 1621 1622
f 1619 1620 1621
f 1626 1627 1625
f 1625 1627 1628
f 1630 1631 1629
f 1629 1631 1632
f 1634 1635 1633
f 1633 1635 1636
f 1644 1637 1643
f 1643 1637 1638
f 1643 1638 1642
f 1642 1638 1639
f 1642 1639 1641
f 1641 1639 1640
f 1652 1645 1651
f 1651 1645 1646
f 1651 1646 1650
f 1650 1646 1647
f 1650 1647 1648
f 1648 1649 1650
f 1653 1654 1660
f 1660 1654 1655
f 1660 1655 1659
f 1659 1655 1656
f 1659 1656 1658
f 1658 1656 1657
f 1661 1662 1664
f 1664 1662 1663
f 1666 1667 1665
f 1665 1667 1668
f 1669 1670 1676
f 1676 1670 1675
f 1675 1670 1671
f 1675 1671 1672
f 1672 1673 1675
f 1675 1673 1674
f 1678 1679 1677
f 1677 1679 1680
f 1681 1682 1684
f 1684 1682 1683
f 1686 1687 1685
f 1685 1687 1688
f 1690 1691 1689
f 1689 1691 1692
f 1689 1692 1693
f 1694 1704 1693
f 1693 1704 1705
f 1693 1705 1689
f 1689 1705 1702
f 1702 1705 1706
f 1702 1706 1701
f 1701 1706 1707
f 1701 1707 1700
f 1700 1707 1703
f 1700 1703 1699
f 1699 1703 1694
f 1699 1694 1698
f 1698 1694 1695
f 1698 1695 1696
f 1696 1697 1698
f 1703 1704 1694
f 1709 1710 1708
f 1708 1710 1711
f 1712 1713 1719
f 1719 1713 1714
f 1719 1714 1718
f 1718 1714 1715
f 1718 1715 1717
f 1717 1715 1716
f 1727 1720 1726
f 1726 1720 1721
f 1726 1721 1725
f 1725 1721 1722
f 1725 1722 1724
f 1724 1722 1723
f 1728 1729 1735
f 1735 1729 1730
f 1735 1730 1734
f 1734 1730 1731
f 1734 1731 1733
f 1733 1731 1732
f 1736 1737 1743
f 1743 1737 1738
f 1743 1738 1742
f 1742 1738 1739
f 1742 1739 1741
f 1741 1739 1740
f 1744 1745 1751
f 1751 1745 1746
f 1751 1746 1750
f 1750 1746 1747
f 1750 1747 1749
f 1749 1747 1748
f 1752 1753 1759
f 1759 1753 1754
f 1759 1754 1758
f 1758 1754 1755
f 1758 1755 1757
f 1757 1755 1756
f 1767 1760 1766
f 1766 1760 1761
f 1766 1761 1762
f 1766 1762 1765
f 1765 1762 1763
f 1765 1763 1764
f 1775 1768 1774
f 1774 1768 1769
f 1774 1769 1773
f 1773 1769 1770
f 1773 1770 1771
f 1771 1772 1773
f 1776 1777 1783
f 1783 1777 1782
f 1782 1777 1778
f 1782 1778 1781
f 1781 1778 1780
f 1780 1778 1779
f 1785 1786 1784
f 1784 1786 1787
f 1784 1787 1788
f 1789 1799 1788
f 1788 1799 1800
f 1788 1800 1784
f 1784 1800 1797
f 1797 1800 1801
f 1797 1801 1796
f 1796 1801 1802
f 1796 1802 1795
f 1795 1802 1798
f 1795 1798 1794
f 1794 1798 1789
f 1794 1789 1793
f 1793 1789 1790
f 1793 1790 1791
f 1791 1792 1793
f 1798 1799 1789
f 1810 1803 1809
f 1809 1803 1804
f 1809 1804 1808
f 1808 1804 1805
f 1808 1805 1806
f 1806 1807 1808
f 1811 1812 1814
f 1814 1812 1813
f 1815 1816 1822
f 1822 1816 1817
f 1822 1817 1818
f 1819 1820 1818
f 1818 1820 1821
f 1818 1821 1822
f 1823 1824 1830
f 1830 1824 1825
f 1830 1825 1826
f 1827 1828 1826
f 1826 1828 1829
f 1826 1829 1830
f 1832 1833 1831
f 1831 1833 1834
f 1836 1837 1835
f 1835 1837 1838
f 1839 1840 1842
f 1842 1840 1841
f 1843 1844 1846
f 1846 1844 1845
f 1848 1849 1847
f 1847 1849 1850
f 1852 1853 1851
f 1851 1853 1855
f 1855 1853 1854
f 1856 1857 1866
f 1866 1857 1858
f 1866 1858 1860
f 1860 1858 1859
f 1860 1861 1866
f 1866 1861 1865
f 1865 1861 1863
f 1865 1863 1864
f 1861 1862 1863
f 1867 1868 1870
f 1870 1868 1869
f 1872 1873 1871
f 1871 1873 1874
f 1876 1877 1875
f 1875 1877 1884
f 1875 1884 1885
f 1884 1877 1883
f 1883 1877 1878
f 1883 1878 1880
f 1880 1878 1879
f 1880 1881 1883
f 1883 1881 1882
f 1886 1887 1896
f 1896 1887 1888
f 1896 1888 1890
f 1890 1888 1889
f 1890 1891 1896
f 1896 1891 1895
f 1895 1891 1893
f 1895 1893 1894
f 1891 1892 1893
f 1898 1899 1897
f 1897 1899 1900
f 1902 1903 1901
f 1901 1903 1904
f 1901 1904 1906
f 1906 1904 1905
f 1906 1907 1901
f 1909 1910 1908
f 1908 1910 1911
f 1913 1914 1912
f 1912 1914 1915
f 1916 1917 1923
f 1923 1917 1918
f 1923 1918 1919
f 1920 1921 1919
f 1919 1921 1922
f 1919 1922 1923
f 1925 1926 1924
f 1924 1926 1927
f 1929 1930 1928
f 1928 1930 1931
f 1933 1934 1932
f 1932 1934 1935
f 1937 1938 1936
f 1936 1938 1939
f 1941 1949 1940
f 1940 1949 1950
f 1951 1945 1944
f 1944 1945 1946
f 1944 1946 1947
f 1941 1942 1949
f 1949 1942 1948
f 1948 1942 1943
f 1948 1943 1947
f 1947 1943 1944
f 1953 1961 1952
f 1952 1961 1962
f 1963 1957 1956
f 1956 1957 1958
f 1956 1958 1959
f 1953 1954 1961
f 1961 1954 1960
f 1960 1954 1955
f 1960 1955 1959
f 1959 1955 1956
f 1965 1966 1964
f 1964 1966 1967
f 1969 1970 1968
f 1968 1970 1971
f 1972 1973 1982
f 1982 1973 1974
f 1982 1974 1976
f 1976 1974 1975
f 1976 1977 1982
f 1982 1977 1981
f 1981 1977 1979
f 1981 1979 1980
f 1977 1978 1979
f 1984 1985 1983
f 1983 1985 1986
f 1988 1989 1987
f 1987 1989 1990
f 1987 1990 1992
f 1992 1990 1991
f 1992 1993 1987
f 1994 1995 1997
f 1997 1995 1996
f 1999 2001 1998
f 1998 2001 2003
f 1998 2003 2004
f 1999 2000 2001
f 2001 2002 2003
f 2005 2006 2008
f 2008 2006 2007
f 2009 2010 2012
f 2012 2010 2011
f 2013 2014 2020
f 2020 2014 2019
f 2019 2014 2015
f 2019 2015 2018
f 2018 2015 2017
f 2017 2015 2016
f 2022 2023 2021
f 2021 2023 2024
f 2032 2025 2031
f 2031 2025 2026
f 2031 2026 2027
f 2031 2027 2030
f 2030 2027 2028
f 2030 2028 2029
f 2034 2035 2033
f 2033 2035 2036
f 2037 2038 2044
f 2044 2038 2043
f 2043 2038 2042
f 2042 2038 2039
f 2042 2039 2041
f 2041 2039 2040
f 2046 2047 2045
f 2045 2047 2048
f 2056 2049 2055
f 2055 2049 2050
f 2055 2050 2054
f 2054 2050 2051
f 2054 2051 2052
f 2052 2053 2054
f 2058 2059 2057
f 2057 2059 2060
f 2062 2063 2061
f 2061 2063 2064
f 2065 2066 2072
f 2072 2066 2067
f 2072 2067 2071
f 2071 2067 2068
f 2071 2068 2070
f 2070 2068 2069
f 2080 2073 2079
f 2079 2073 2074
f 2079 2074 2078
f 2078 2074 2075
f 2078 2075 2077
f 2077 2075 2076
f 2081 2082 2088
f 2088 2082 2083
f 2088 2083 2087
f 2087 2083 2084
f 2087 2084 2086
f 2086 2084 2085
f 2096 2089 2095
f 2095 2089 2090
f 2095 2090 2091
f 2092 2093 2091
f 2091 2093 2094
f 2091 2094 2095
f 2097 2098 2104
f 2104 2098 2099
f 2104 2099 2103
f 2103 2099 2100
f 2103 2100 2102
f 2102 2100 2101
f 2105 2106 2112
f 2112 2106 2107
f 2112 2107 2111
f 2111 2107 2108
f 2111 2108 2110
f 2110 2108 2109
f 2120 2113 2119
f 2119 2113 2114
f 2119 2114 2115
f 2116 2117 2115
f 2115 2117 2118
f 2115 2118 2119
f 2144 2121 2124
f 2124 2121 2122
f 2124 2122 2123
f 2124 2125 2144
f 2144 2125 2143
f 2143 2125 2138
f 2143 2138 2142
f 2142 2138 2139
f 2142 2139 2140
f 2138 2125 2137
f 2137 2125 2126
f 2137 2126 2132
f 2132 2126 2131
f 2131 2126 2127
f 2131 2127 2130
f 2130 2127 2129
f 2129 2127 2128
f 2132 2133 2137
f 2137 2133 2136
f 2136 2133 2135
f 2135 2133 2134
f 2140 2141 2142
f 2145 2146 2152
f 2152 2146 2147
f 2152 2147 2151
f 2151 2147 2148
f 2151 2148 2150
f 2150 2148 2149
f 2160 2153 2159
f 2159 2153 2154
f 2159 2154 2158
f 2158 2154 2155
f 2158 2155 2156
f 2156 2157 2158
f 2161 2162 2168
f 2168 2162 2167
f 2167 2162 2163
f 2167 2163 2166
f 2166 2163 2165
f 2165 2163 2164
f 2176 2169 2175
f 2175 2169 2170
f 2175 2170 2171
f 2175 2171 2174
f 2174 2171 2172
f 2174 2172 2173
f 2188 2177 2180
f 2180 2177 2178
f 2180 2178 2179
f 2180 2181 2188
f 2188 2181 2182
f 2188 2182 2187
f 2187 2182 2183
f 2187 2183 2186
f 2186 2183 2185
f 2185 2183 2184
f 2189 2190 2192
f 2192 2190 2191
f 2194 2195 2193
f 2193 2195 2196
f 2198 2199 2197
f 2197 2199 2200
f 2202 2203 2201
f 2201 2203 2204
f 2206 2207 2205
f 2205 2207 2208
f 2210 2211 2209
f 2209 2211 2212
f 2213 2214 2220
f 2220 2214 2215
f 2220 2215 2216
f 2217 2218 2216
f 2216 2218 2219
f 2216 2219 2220
f 2222 2223 2221
f 2221 2223 2224
f 2226 2227 2225
f 2225 2227 2228
f 2230 2231 2229
f 2229 2231 2232
f 2229 2232 2234
f 2234 2232 2233
f 2234 2235 2229
f 2237 2238 2236
f 2236 2238 2239
f 2241 2242 2240
f 2240 2242 2243
f 2245 2246 2244
f 2244 2246 2247
f 2249 2250 2248
f 2248 2250 2251
f 2253 2254 2252
f 2252 2254 2255
f 2252 2255 2257
f 2257 2255 2256
f 2257 2258 2252
f 2260 2261 2259
f 2259 2261 2262
f 2263 2264 2276
f 2276 2264 2265
f 2276 2265 2266
f 2276 2266 2275
f 2275 2266 2267
f 2275 2267 2274
f 2274 2267 2268
f 2274 2268 2273
f 2273 2268 2269
f 2273 2269 2272
f 2272 2269 2271
f 2271 2269 2270
f 2278 2279 2277
f 2277 2279 2280
f 2282 2283 2281
f 2281 2283 2284
f 2286 2287 2285
f 2285 2287 2288
f 2289 2290 2296
f 2296 2290 2291
f 2296 2291 2292
f 2293 2294 2292
f 2292 2294 2295
f 2292 2295 2296
f 2297 2298 2304
f 2304 2298 2299
f 2304 2299 2300
f 2301 2302 2300
f 2300 2302 2303
f 2300 2303 2304
f 2306 2314 2305
f 2305 2314 2315
f 2316 2310 2309
f 2309 2310 2311
f 2309 2311 2312
f 2306 2307 2314
f 2314 2307 2313
f 2313 2307 2308
f 2313 2308 2312
f 2312 2308 2309
f 2318 2326 2317
f 2317 2326 2327
f 2328 2322 2321
f 2321 2322 2323
f 2321 2323 2324
f 2318 2319 2326
f 2326 2319 2325
f 2325 2319 2320
f 2325 2320 2324
f 2324 2320 2321
f 2329 2330 2332
f 2332 2330 2331
f 2334 2335 2333
f 2333 2335 2336
f 2338 2339 2337
f 2337 2339 2340
f 2342 2343 2341
f 2341 2343 2344
f 2346 2347 2345
f 2345 2347 2348
f 2350 2351 2349
f 2349 2351 2352
f 2354 2355 2353
f 2353 2355 2356
f 2358 2359 2357
f 2357 2359 2360
f 2368 2361 2367
f 2367 2361 2362
f 2367 2362 2366
f 2366 2362 2363
f 2366 2363 2364
f 2364 2365 2366
f 2376 2369 2375
f 2375 2369 2370
f 2375 2370 2371
f 2375 2371 2374
f 2374 2371 2372
f 2374 2372 2373
f 2378 2379 2377
f 2377 2379 2380
f 2382 2383 2381
f 2381 2383 2384
f 2385 2386 2392
f 2392 2386 2387
f 2392 2387 2391
f 2391 2387 2388
f 2391 2388 2390
f 2390 2388 2389
f 2393 2394 2400
f 2400 2394 2395
f 2400 2395 2399
f 2399 2395 2396
f 2399 2396 2398
f 2398 2396 2397
f 2401 2402 2408
f 2408 2402 2403
f 2408 2403 2407
f 2407 2403 2404
f 2407 2404 2406
f 2406 2404 2405
f 2410 2411 2409
f 2409 2411 2412
f 2413 2414 2420
f 2420 2414 2415
f 2420 2415 2419
f 2419 2415 2416
f 2419 2416 2418
f 2418 2416 2417
f 2421 2422 2428
f 2428 2422 2423
f 2428 2423 2427
f 2427 2423 2424
f 2427 2424 2426
f 2426 2424 2425
f 2436 2429 2435
f 2435 2429 2430
f 2435 2430 2431
f 2432 2433 2431
f 2431 2433 2434
f 2431 2434 2435
f 2460 2437 2440
f 2440 2437 2438
f 2440 2438 2439
f 2440 2441 2460
f 2460 2441 2447
f 2460 2447 2448
f 2441 2442 2447
f 2447 2442 2446
f 2446 2442 2443
f 2446 2443 2444
f 2444 2445 2446
f 2449 2453 2448
f 2448 2453 2454
f 2448 2454 2459
f 2459 2454 2455
f 2459 2455 2458
f 2458 2455 2457
f 2457 2455 2456
f 2450 2451 2449
f 2449 2451 2452
f 2449 2452 2453
f 2459 2460 2448
f 2461 2462 2468
f 2468 2462 2463
f 2468 2463 2467
f 2467 2463 2464
f 2467 2464 2466
f 2466 2464 2465
f 2476 2469 2475
f 2475 2469 2470
f 2475 2470 2474
f 2474 2470 2471
f 2474 2471 2473
f 2473 2471 2472
f 2484 2477 2483
f 2483 2477 2478
f 2483 2478 2482
f 2482 2478 2479
f 2482 2479 2480
f 2480 2481 2482
f 2485 2486 2492
f 2492 2486 2491
f 2491 2486 2487
f 2491 2487 2490
f 2490 2487 2489
f 2489 2487 2488
f 2493 2494 2496
f 2496 2494 2495
f 2504 2497 2503
f 2503 2497 2498
f 2503 2498 2502
f 2502 2498 2499
f 2502 2499 2500
f 2500 2501 2502
f 2506 2507 2505
f 2505 2507 2508
f 2509 2510 2512
f 2512 2510 2511
f 2514 2515 2513
f 2513 2515 2516
f 2518 2519 2517
f 2517 2519 2520
f 2522 2523 2521
f 2521 2523 2524
f 2526 2527 2525
f 2525 2527 2528
f 2536 2529 2535
f 2535 2529 2530
f 2535 2530 2531
f 2532 2533 2531
f 2531 2533 2534
f 2531 2534 2535
f 2538 2540 2537
f 2537 2540 2542
f 2537 2542 2543
f 2538 2539 2540
f 2540 2541 2542
f 2545 2546 2544
f 2544 2546 2547
f 2549 2550 2548
f 2548 2550 2551
f 2559 2552 2558
f 2558 2552 2553
f 2558 2553 2554
f 2555 2556 2554
f 2554 2556 2557
f 2554 2557 2558
f 2561 2562 2560
f 2560 2562 2563
f 2565 2566 2564
f 2564 2566 2567
f 2569 2570 2568
f 2568 2570 2571
f 2572 2573 2575
f 2575 2573 2574
f 2577 2578 2576
f 2576 2578 2579
f 2581 2582 2580
f 2580 2582 2583
f 2585 2586 2584
f 2584 2586 2587
f 2589 2590 2588
f 2588 2590 2591
f 2593 2594 2592
f 2592 2594 2595
f 2597 2598 2596
f 2596 2598 2599
f 2601 2602 2600
f 2600 2602 2603
f 2611 2604 2610
f 2610 2604 2605
f 2610 2605 2606
f 2607 2608 2606
f 2606 2608 2609
f 2606 2609 2610
f 2612 2613 2615
f 2615 2613 2614
f 2617 2618 2616
f 2616 2618 2619
f 2620 2621 2627
f 2627 2621 2622
f 2627 2622 2623
f 2624 2625 2623
f 2623 2625 2626
f 2623 2626 2627
f 2629 2630 2628
f 2628 2630 2631
f 2632 2633 2639
f 2639 2633 2634
f 2639 2634 2638
f 2638 2634 2635
f 2638 2635 2637
f 2637 2635 2636
f 2647 2640 2646
f 2646 2640 2641
f 2646 2641 2645
f 2645 2641 2642
f 2645 2642 2644
f 2644 2642 2643
f 2648 2649 2655
f 2655 2649 2650
f 2655 2650 2654
f 2654 2650 2651
f 2654 2651 2653
f 2653 2651 2652
f 2657 2658 2656
f 2656 2658 2659
f 2660 2661 2667
f 2667 2661 2662
f 2667 2662 2666
f 2666 2662 2663
f 2666 2663 2665
f 2665 2663 2664
f 2669 2670 2668
f 2668 2670 2671
f 2668 2671 2687
f 2687 2671 2684
f 2687 2684 2685
f 2684 2671 2683
f 2683 2671 2672
f 2683 2672 2673
f 2683 2673 2682
f 2682 2673 2674
f 2682 2674 2681
f 2681 2674 2678
f 2681 2678 2680
f 2680 2678 2679
f 2678 2674 2677
f 2677 2674 2675
f 2677 2675 2676
f 2685 2686 2687
f 2695 2688 2694
f 2694 2688 2689
f 2694 2689 2693
f 2693 2689 2690
f 2693 2690 2692
f 2692 2690 2691
f 2697 2698 2696
f 2696 2698 2699
f 2696 2699 2700
f 2696 2700 2703
f 2703 2700 2701
f 2703 2701 2702
f 2703 2704 2696
f 2696 2704 2733
f 2733 2704 2729
f 2733 2729 2730
f 2704 2705 2729
f 2729 2705 2728
f 2728 2705 2714
f 2728 2714 2715
f 2705 2706 2714
f 2714 2706 2713
f 2713 2706 2709
f 2713 2709 2710
f 2707 2708 2706
f 2706 2708 2709
f 2710 2711 2713
f 2713 2711 2712
f 2728 2715 2727
f 2727 2715 2716
f 2727 2716 2722
f 2722 2716 2721
f 2721 2716 2717
f 2721 2717 2720
f 2720 2717 2719
f 2719 2717 2718
f 2727 2722 2726
f 2726 2722 2723
f 2726 2723 2725
f 2725 2723 2724
f 2730 2731 2733
f 2733 2731 2732
f 2735 2736 2734
f 2734 2736 2737
f 2739 2740 2738
f 2738 2740 2741
f 2743 2744 2742
f 2742 2744 2745
f 2747 2748 2746
f 2746 2748 2749
f 2751 2752 2750
f 2750 2752 2753
f 2755 2756 2754
f 2754 2756 2757
f 2758 2759 2761
f 2761 2759 2760
f 2762 2763 2769
f 2769 2763 2764
f 2769 2764 2765
f 2766 2767 2765
f 2765 2767 2768
f 2765 2768 2769
f 2771 2772 2770
f 2770 2772 2773
f 2775 2776 2774
f 2774 2776 2777
f 2779 2780 2778
f 2778 2780 2781
f 2783 2784 2782
f 2782 2784 2785
f 2787 2788 2786
f 2786 2788 2789
f 2791 2792 2790
f 2790 2792 2793
f 2795 2796 2794
f 2794 2796 2797
f 2798 2799 2805
f 2805 2799 2800
f 2805 2800 2801
f 2802 2803 2801
f 2801 2803 2804
f 2801 2804 2805
f 2813 2806 2812
f 2812 2806 2807
f 2812 2807 2808
f 2809 2810 2808
f 2808 2810 2811
f 2808 2811 2812
f 2815 2816 2814
f 2814 2816 2817
f 2818 2819 2825
f 2825 2819 2820
f 2825 2820 2821
f 2822 2823 2821
f 2821 2823 2824
f 2821 2824 2825
f 2826 2827 2833
f 2833 2827 2828
f 2833 2828 2832
f 2832 2828 2829
f 2832 2829 2831
f 2831 2829 2830
f 2834 2835 2841
f 2841 2835 2836
f 2841 2836 2840
f 2840 2836 2837
f 2840 2837 2839
f 2839 2837 2838
f 2843 2844 2842
f 2842 2844 2845
f 2846 2847 2853
f 2853 2847 2848
f 2853 2848 2852
f 2852 2848 2849
f 2852 2849 2851
f 2851 2849 2850
f 2855 2856 2854
f 2854 2856 2857
f 2854 2857 2858
f 2854 2858 2861
f 2861 2858 2859
f 2861 2859 2860
f 2854 2861 2891
f 2891 2861 2862
f 2891 2862 2877
f 2877 2862 2876
f 2876 2862 2863
f 2876 2863 2872
f 2872 2863 2871
f 2871 2863 2864
f 2871 2864 2867
f 2867 2864 2866
f 2866 2864 2865
f 2867 2868 2871
f 2871 2868 2869
f 2871 2869 2870
f 2873 2874 2872
f 2872 2874 2875
f 2872 2875 2876
f 2891 2877 2890
f 2890 2877 2878
f 2890 2878 2889
f 2889 2878 2883
f 2889 2883 2884
f 2878 2879 2883
f 2883 2879 2882
f 2882 2879 2880
f 2882 2880 2881
f 2889 2884 2888
f 2888 2884 2885
f 2888 2885 2886
f 2886 2887 2888
f 2893 2894 2892
f 2892 2894 2895
f 2897 2898 2896
f 2896 2898 2899
f 2901 2902 2900
f 2900 2902 2903
f 2900 2903 2919
f 2919 2903 2916
f 2919 2916 2917
f 2916 2903 2915
f 2915 2903 2904
f 2915 2904 2914
f 2914 2904 2905
f 2914 2905 2906
f 2907 2909 2906
f 2906 2909 2910
f 2906 2910 2913
f 2913 2910 2912
f 2912 2910 2911
f 2907 2908 2909
f 2913 2914 2906
f 2917 2918 2919
f 2920 2921 2933
f 2933 2921 2922
f 2933 2922 2923
f 2933 2923 2932
f 2932 2923 2924
f 2932 2924 2931
f 2931 2924 2925
f 2931 2925 2930
f 2930 2925 2926
f 2930 2926 2929
f 2929 2926 2928
f 2928 2926 2927
f 2935 2936 2934
f 2934 2936 2937
f 2939 2940 2938
f 2938 2940 2941
f 2942 2943 2955
f 2955 2943 2944
f 2955 2944 2945
f 2955 2945 2954
f 2954 2945 2946
f 2954 2946 2953
f 2953 2946 2947
f 2953 2947 2952
f 2952 2947 2948
f 2952 2948 2951
f 2951 2948 2950
f 2950 2948 2949
f 2957 2958 2956
f 2956 2958 2959
f 2961 2962 2960
f 2960 2962 2963
f 2965 2966 2964
f 2964 2966 2967
f 2969 2970 2968
f 2968 2970 2971
f 2973 2974 2972
f 2972 2974 2975
f 2976 2977 2989
f 2989 2977 2978
f 2989 2978 2979
f 2989 2979 2988
f 2988 2979 2980
f 2988 2980 2987
f 2987 2980 2981
f 2987 2981 2986
f 2986 2981 2982
f 2986 2982 2985
f 2985 2982 2984
f 2984 2982 2983
f 2991 2992 2990
f 2990 2992 2993
f 2995 2996 2994
f 2994 2996 2997
f 2999 3000 2998
f 2998 3000 3001
f 3003 3004 3002
f 3002 3004 3005
f 3006 3007 3009
f 3009 3007 3008
f 3010 3011 3017
f 3017 3011 3012
f 3017 3012 3016
f 3016 3012 3013
f 3016 3013 3015
f 3015 3013 3014
f 3018 3019 3025
f 3025 3019 3020
f 3025 3020 3021
f 3022 3023 3021
f 3021 3023 3024
f 3021 3024 3025
f 3027 3028 3026
f 3026 3028 3029
f 3037 3030 3036
f 3036 3030 3031
f 3036 3031 3032
f 3033 3034 3032
f 3032 3034 3035
f 3032 3035 3036
f 3038 3039 3045
f 3045 3039 3040
f 3045 3040 3044
f 3044 3040 3041
f 3044 3041 3043
f 3043 3041 3042
f 3046 3047 3053
f 3053 3047 3048
f 3053 3048 3049
f 3050 3051 3049
f 3049 3051 3052
f 3049 3052 3053
f 3055 3056 3054
f 3054 3056 3057
f 3059 3060 3058
f 3058 3060 3061
f 3062 3063 3069
f 3069 3063 3064
f 3069 3064 3068
f 3068 3064 3065
f 3068 3065 3067
f 3067 3065 3066
f 3070 3071 3077
f 3077 3071 3072
f 3077 3072 3076
f 3076 3072 3073
f 3076 3073 3075
f 3075 3073 3074
f 3078 3079 3085
f 3085 3079 3080
f 3085 3080 3084
f 3084 3080 3081
f 3084 3081 3083
f 3083 3081 3082
f 3087 3088 3086
f 3086 3088 3089
f 3091 3092 3090
f 3090 3092 3093
f 3094 3095 3097
f 3097 3095 3096
f 3099 3100 3098
f 3098 3100 3101
f 3103 3104 3102
f 3102 3104 3105
f 3107 3108 3106
f 3106 3108 3109
f 3111 3112 3110
f 3110 3112 3113
f 3115 3116 3114
f 3114 3116 3117
f 3119 3120 3118
f 3118 3120 3121
f 3123 3124 3122
f 3122 3124 3125
f 3127 3128 3126
f 3126 3128 3129
f 3131 3132 3130
f 3130 3132 3133
f 3135 3136 3134
f 3134 3136 3137
f 3139 3140 3138
f 3138 3140 3141
f 3142 3143 3145
f 3145 3143 3144
f 3146 3147 3149
f 3149 3147 3148
f 3151 3152 3150
f 3150 3152 3153
f 3154 3155 3161
f 3161 3155 3156
f 3161 3156 3160
f 3160 3156 3157
f 3160 3157 3159
f 3159 3157 3158
f 3169 3162 3168
f 3168 3162 3163
f 3168 3163 3167
f 3167 3163 3164
f 3167 3164 3166
f 3166 3164 3165
f 3170 3171 3177
f 3177 3171 3172
f 3177 3172 3173
f 3174 3175 3173
f 3173 3175 3176
f 3173 3176 3177
f 3178 3179 3185
f 3185 3179 3180
f 3185 3180 3184
f 3184 3180 3181
f 3184 3181 3183
f 3183 3181 3182
f 3186 3187 3193
f 3193 3187 3188
f 3193 3188 3189
f 3190 3191 3189
f 3189 3191 3192
f 3189 3192 3193
f 3195 3196 3194
f 3194 3196 3197
f 3198 3199 3205
f 3205 3199 3200
f 3205 3200 3201
f 3202 3203 3201
f 3201 3203 3204
f 3201 3204 3205
f 3213 3206 3212
f 3212 3206 3207
f 3212 3207 3211
f 3211 3207 3208
f 3211 3208 3210
f 3210 3208 3209
f 3214 3215 3221
f 3221 3215 3216
f 3221 3216 3220
f 3220 3216 3217
f 3220 3217 3219
f 3219 3217 3218
f 3223 3224 3222
f 3222 3224 3225
f 3226 3227 3233
f 3233 3227 3228
f 3233 3228 3232
f 3232 3228 3229
f 3232 3229 3231
f 3231 3229 3230
f 3234 3235 3241
f 3241 3235 3236
f 3241 3236 3240
f 3240 3236 3237
f 3240 3237 3239
f 3239 3237 3238
f 3243 3244 3242
f 3242 3244 3245
f 3247 3248 3246
f 3246 3248 3249
f 3251 3252 3250
f 3250 3252 3253
f 3255 3256 3254
f 3254 3256 3257
f 3259 3260 3258
f 3258 3260 3261
f 3263 3264 3262
f 3262 3264 3265
f 3267 3268 3266
f 3266 3268 3269
f 3270 3271 3273
f 3273 3271 3272
f 3275 3276 3274
f 3274 3276 3277
f 3278 3279 3281
f 3281 3279 3280
f 3283 3284 3282
f 3282 3284 3285
f 3287 3288 3286
f 3286 3288 3289
f 3290 3291 3297
f 3297 3291 3292
f 3297 3292 3293
f 3294 3295 3293
f 3293 3295 3296
f 3293 3296 3297
f 3298 3299 3305
f 3305 3299 3300
f 3305 3300 3301
f 3302 3303 3301
f 3301 3303 3304
f 3301 3304 3305
f 3306 3307 3313
f 3313 3307 3308
f 3313 3308 3312
f 3312 3308 3309
f 3312 3309 3311
f 3311 3309 3310
f 3314 3315 3321
f 3321 3315 3316
f 3321 3316 3320
f 3320 3316 3317
f 3320 3317 3319
f 3319 3317 3318
f 3323 3324 3322
f 3322 3324 3325
f 3327 3328 3326
f 3326 3328 3329
f 3330 3331 3337
f 3337 3331 3332
f 3337 3332 3336
f 3336 3332 3333
f 3336 3333 3335
f 3335 3333 3334
f 3338 3339 3345
f 3345 3339 3340
f 3345 3340 3341
f 3342 3343 3341
f 3341 3343 3344
f 3341 3344 3345
f 3347 3348 3346
f 3346 3348 3349
f 3351 3352 3350
f 3350 3352 3353
f 3355 3356 3354
f 3354 3356 3357
f 3359 3360 3358
f 3358 3360 3361
f 3362 3363 3365
f 3365 3363 3364
f 3367 3368 3366
f 3366 3368 3369
f 3371 3372 3370
f 3370 3372 3373
f 3375 3376 3374
f 3374 3376 3377
f 3378 3379 3385
f 3385 3379 3380
f 3385 3380 3384
f 3384 3380 3381
f 3384 3381 3383
f 3383 3381 3382
f 3387 3388 3386
f 3386 3388 3389
f 3390 3391 3397
f 3397 3391 3392
f 3397 3392 3396
f 3396 3392 3393
f 3396 3393 3395
f 3395 3393 3394
f 3398 3399 3405
f 3405 3399 3400
f 3405 3400 3404
f 3404 3400 3401
f 3404 3401 3403
f 3403 3401 3402
f 3406 3407 3413
f 3413 3407 3408
f 3413 3408 3409
f 3410 3411 3409
f 3409 3411 3412
f 3409 3412 3413
f 3415 3416 3414
f 3414 3416 3417
f 3414 3417 3418
f 3414 3418 3437
f 3437 3418 3419
f 3437 3419 3424
f 3424 3419 3420
f 3424 3420 3423
f 3423 3420 3422
f 3422 3420 3421
f 3424 3425 3437
f 3437 3425 3436
f 3436 3425 3430
f 3436 3430 3431
f 3430 3425 3429
f 3429 3425 3426
f 3429 3426 3427
f 3427 3428 3429
f 3436 3431 3435
f 3435 3431 3432
f 3435 3432 3433
f 3433 3434 3435
f 3439 3440 3438
f 3438 3440 3441
f 3442 3443 3449
f 3449 3443 3444
f 3449 3444 3448
f 3448 3444 3445
f 3448 3445 3447
f 3447 3445 3446
f 3451 3452 3450
f 3450 3452 3453
f 3461 3454 3460
f 3460 3454 3455
f 3460 3455 3459
f 3459 3455 3456
f 3459 3456 3458
f 3458 3456 3457
f 3469 3462 3468
f 3468 3462 3463
f 3468 3463 3464
f 3465 3466 3464
f 3464 3466 3467
f 3464 3467 3468
f 3471 3472 3470
f 3470 3472 3473
f 3475 3476 3474
f 3474 3476 3477
f 3479 3480 3478
f 3478 3480 3481
f 3482 3483 3489
f 3489 3483 3484
f 3489 3484 3485
f 3486 3487 3485
f 3485 3487 3488
f 3485 3488 3489
f 3491 3492 3490
f 3490 3492 3493
f 3495 3496 3494
f 3494 3496 3497
f 3505 3498 3504
f 3504 3498 3499
f 3504 3499 3503
f 3503 3499 3500
f 3503 3500 3502
f 3502 3500 3501
f 3506 3507 3513
f 3513 3507 3508
f 3513 3508 3512
f 3512 3508 3509
f 3512 3509 3511
f 3511 3509 3510
f 3514 3515 3521
f 3521 3515 3516
f 3521 3516 3520
f 3520 3516 3517
f 3520 3517 3519
f 3519 3517 3518
f 3522 3523 3529
f 3529 3523 3524
f 3529 3524 3528
f 3528 3524 3525
f 3528 3525 3527
f 3527 3525 3526
f 3531 3532 3530
f 3530 3532 3533
f 3530 3533 3534
f 3530 3534 3553
f 3553 3534 3535
f 3553 3535 3540
f 3540 3535 3536
f 3540 3536 3539
f 3539 3536 3538
f 3538 3536 3537
f 3553 3540 3552
f 3552 3540 3541
f 3552 3541 3546
f 3546 3541 3545
f 3545 3541 3542
f 3545 3542 3543
f 3543 3544 3545
f 3546 3547 3552
f 3552 3547 3551
f 3551 3547 3548
f 3551 3548 3549
f 3549 3550 3551
f 3554 3555 3561
f 3561 3555 3556
f 3561 3556 3560
f 3560 3556 3557
f 3560 3557 3559
f 3559 3557 3558
f 3563 3564 3562
f 3562 3564 3565
f 3573 3566 3572
f 3572 3566 3567
f 3572 3567 3571
f 3571 3567 3568
f 3571 3568 3570
f 3570 3568 3569
f 3581 3574 3580
f 3580 3574 3575
f 3580 3575 3579
f 3579 3575 3576
f 3579 3576 3578
f 3578 3576 3577
f 3589 3582 3588
f 3588 3582 3583
f 3588 3583 3587
f 3587 3583 3584
f 3587 3584 3586
f 3586 3584 3585
f 3591 3592 3590
f 3590 3592 3593
f 3595 3596 3594
f 3594 3596 3597
f 3598 3599 3601
f 3601 3599 3600
f 3603 3604 3602
f 3602 3604 3605
f 3606 3607 3613
f 3613 3607 3608
f 3613 3608 3609
f 3610 3611 3609
f 3609 3611 3612
f 3609 3612 3613
f 3615 3616 3614
f 3614 3616 3617
f 3619 3620 3618
f 3618 3620 3621
f 3623 3624 3622
f 3622 3624 3625
f 3627 3628 3626
f 3626 3628 3629
f 3630 3631 3633
f 3633 3631 3632
f 3635 3636 3634
f 3634 3636 3637
f 3639 3640 3638
f 3638 3640 3641
f 3679 3642 3645
f 3645 3642 3643
f 3645 3643 3644
f 3679 3645 3676
f 3676 3645 3646
f 3676 3646 3675
f 3675 3646 3660
f 3675 3660 3661
f 3646 3647 3660
f 3660 3647 3659
f 3659 3647 3648
f 3659 3648 3654
f 3654 3648 3653
f 3653 3648 3649
f 3653 3649 3652
f 3652 3649 3651
f 3651 3649 3650
f 3659 3654 3658
f 3658 3654 3655
f 3658 3655 3657
f 3657 3655 3656
f 3662 3665 3661
f 3661 3665 3674
f 3661 3674 3675
f 3662 3663 3665
f 3665 3663 3664
f 3665 3666 3674
f 3674 3666 3673
f 3673 3666 3670
f 3673 3670 3671
f 3667 3668 3666
f 3666 3668 3669
f 3666 3669 3670
f 3671 3672 3673
f 3677 3678 3676
f 3676 3678 3679
f 3680 3681 3687
f 3687 3681 3682
f 3687 3682 3686
f 3686 3682 3683
f 3686 3683 3685
f 3685 3683 3684
f 3689 3690 3688
f 3688 3690 3691
f 3692 3693 3699
f 3699 3693 3694
f 3699 3694 3698
f 3698 3694 3695
f 3698 3695 3697
f 3697 3695 3696
f 3700 3701 3707
f 3707 3701 3702
f 3707 3702 3706
f 3706 3702 3703
f 3706 3703 3705
f 3705 3703 3704
f 3709 3710 3708
f 3708 3710 3711
f 3713 3714 3712
f 3712 3714 3715
f 3717 3718 3716
f 3716 3718 3719
f 3721 3722 3720
f 3720 3722 3723
f 3725 3726 3724
f 3724 3726 3727
f 3729 3730 3728
f 3728 3730 3731
f 3733 3734 3732
f 3732 3734 3735
f 3736 3737 3739
f 3739 3737 3738
f 3741 3742 3740
f 3740 3742 3743
f 3745 3746 3744
f 3744 3746 3747
f 3755 3748 3754
f 3754 3748 3749
f 3754 3749 3750
f 3751 3752 3750
f 3750 3752 3753
f 3750 3753 3754
f 3757 3759 3756
f 3756 3759 3760
f 3756 3760 3763
f 3763 3760 3762
f 3762 3760 3761
f 3757 3758 3759
f 3763 3764 3756
f 3756 3764 3775
f 3775 3764 3774
f 3774 3764 3765
f 3774 3765 3773
f 3773 3765 3766
f 3773 3766 3769
f 3769 3766 3767
f 3769 3767 3768
f 3769 3770 3773
f 3773 3770 3772
f 3772 3770 3771
f 3783 3776 3782
f 3782 3776 3777
f 3782 3777 3781
f 3781 3777 3778
f 3781 3778 3780
f 3780 3778 3779
f 3785 3787 3784
f 3784 3787 3788
f 3784 3788 3791
f 3791 3788 3790
f 3790 3788 3789
f 3785 3786 3787
f 3791 3792 3784
f 3784 3792 3803
f 3803 3792 3793
f 3803 3793 3802
f 3802 3793 3801
f 3801 3793 3794
f 3801 3794 3797
f 3797 3794 3795
f 3797 3795 3796
f 3797 3798 3801
f 3801 3798 3800
f 3800 3798 3799
f 3805 3806 3804
f 3804 3806 3807
f 3815 3808 3814
f 3814 3808 3809
f 3814 3809 3813
f 3813 3809 3810
f 3813 3810 3812
f 3812 3810 3811
f 3817 3818 3816
f 3816 3818 3819
f 3821 3822 3820
f 3820 3822 3823
f 3831 3824 3830
f 3830 3824 3825
f 3830 3825 3829
f 3829 3825 3826
f 3829 3826 3828
f 3828 3826 3827
f 3832 3833 3839
f 3839 3833 3834
f 3839 3834 3838
f 3838 3834 3835
f 3838 3835 3837
f 3837 3835 3836
f 3841 3842 3840
f 3840 3842 3843
f 3845 3846 3844
f 3844 3846 3847
f 3848 3849 3851
f 3851 3849 3850
f 3852 3853 3859
f 3859 3853 3854
f 3859 3854 3855
f 3856 3857 3855
f 3855 3857 3858
f 3855 3858 3859
f 3861 3862 3860
f 3860 3862 3863
f 3865 3866 3864
f 3864 3866 3867
f 3905 3868 3871
f 3871 3868 3869
f 3871 3869 3870
f 3872 3901 3871
f 3871 3901 3902
f 3871 3902 3905
f 3905 3902 3904
f 3904 3902 3903
f 3873 3874 3872
f 3872 3874 3875
f 3872 3875 3876
f 3877 3900 3876
f 3876 3900 3901
f 3876 3901 3872
f 3878 3890 3877
f 3877 3890 3891
f 3877 3891 3900
f 3900 3891 3899
f 3899 3891 3892
f 3899 3892 3896
f 3896 3892 3895
f 3895 3892 3894
f 3894 3892 3893
f 3879 3883 3878
f 3878 3883 3889
f 3878 3889 3890
f 3883 3879 3882
f 3882 3879 3880
f 3882 3880 3881
f 3883 3884 3889
f 3889 3884 3888
f 3888 3884 3885
f 3888 3885 3886
f 3886 3887 3888
f 3896 3897 3899
f 3899 3897 3898
f 3906 3907 3913
f 3913 3907 3908
f 3913 3908 3912
f 3912 3908 3909
f 3912 3909 3911
f 3911 3909 3910
f 3915 3916 3914
f 3914 3916 3917
f 3918 3919 3925
f 3925 3919 3920
f 3925 3920 3924
f 3924 3920 3921
f 3924 3921 3923
f 3923 3921 3922
f 3926 3927 3933
f 3933 3927 3928
f 3933 3928 3932
f 3932 3928 3929
f 3932 3929 3931
f 3931 3929 3930
f 3941 3934 3940
f 3940 3934 3935
f 3940 3935 3939
f 3939 3935 3936
f 3939 3936 3938
f 3938 3936 3937
f 3949 3942 3948
f 3948 3942 3943
f 3948 3943 3947
f 3947 3943 3944
f 3947 3944 3946
f 3946 3944 3945
f 3957 3950 3956
f 3956 3950 3951
f 3956 3951 3955
f 3955 3951 3952
f 3955 3952 3954
f 3954 3952 3953
f 3959 3960 3958
f 3958 3960 3961
f 3962 3963 3969
f 3969 3963 3964
f 3969 3964 3968
f 3968 3964 3965
f 3968 3965 3967
f 3967 3965 3966
f 3977 3970 3976
f 3976 3970 3971
f 3976 3971 3975
f 3975 3971 3972
f 3975 3972 3974
f 3974 3972 3973
f 3979 3980 3978
f 3978 3980 3981
f 3983 3984 3982
f 3982 3984 3985
f 3986 3987 3993
f 3993 3987 3988
f 3993 3988 3989
f 3990 3991 3989
f 3989 3991 3992
f 3989 3992 3993
f 3995 3996 3994
f 3994 3996 3997
f 3999 4000 3998
f 3998 4000 4001
f 4003 4004 4002
f 4002 4004 4005
f 4007 4008 4006
f 4006 4008 4009
f 4011 4012 4010
f 4010 4012 4013
f 4015 4016 4014
f 4014 4016 4017
f 4018 4019 4025
f 4025 4019 4020
f 4025 4020 4024
f 4024 4020 4021
f 4024 4021 4023
f 4023 4021 4022
f 4026 4027 4033
f 4033 4027 4028
f 4033 4028 4032
f 4032 4028 4029
f 4032 4029 4031
f 4031 4029 4030
f 4035 4036 4034
f 4034 4036 4037
f 4045 4038 4044
f 4044 4038 4039
f 4044 4039 4043
f 4043 4039 4040
f 4043 4040 4042
f 4042 4040 4041
f 4047 4048 4046
f 4046 4048 4049
f 4051 4052 4050
f 4050 4052 4053
f 4054 4055 4061
f 4061 4055 4056
f 4061 4056 4060
f 4060 4056 4057
f 4060 4057 4059
f 4059 4057 4058
f 4062 4063 4069
f 4069 4063 4064
f 4069 4064 4065
f 4066 4067 4065
f 4065 4067 4068
f 4065 4068 4069
f 4070 4071 4073
f 4073 4071 4072
f 4075 4076 4074
f 4074 4076 4077
f 4079 4080 4078
f 4078 4080 4081
f 4083 4084 4082
f 4082 4084 4085
f 4086 4087 4089
f 4089 4087 4088
f 4090 4091 4093
f 4093 4091 4092
f 4094 4095 4101
f 4101 4095 4096
f 4101 4096 4100
f 4100 4096 4097
f 4100 4097 4099
f 4099 4097 4098
f 4109 4102 4108
f 4108 4102 4103
f 4108 4103 4107
f 4107 4103 4104
f 4107 4104 4106
f 4106 4104 4105
f 4111 4112 4110
f 4110 4112 4113
f 4121 4114 4120
f 4120 4114 4115
f 4120 4115 4119
f 4119 4115 4116
f 4119 4116 4118
f 4118 4116 4117
f 4129 4122 4128
f 4128 4122 4123
f 4128 4123 4127
f 4127 4123 4124
f 4127 4124 4126
f 4126 4124 4125
f 4131 4132 4130
f 4130 4132 4133
f 4135 4136 4134
f 4134 4136 4137
f 4138 4139 4141
f 4141 4139 4140
f 4143 4144 4142
f 4142 4144 4145
f 4147 4148 4146
f 4146 4148 4149
f 4150 4151 4157
f 4157 4151 4152
f 4157 4152 4156
f 4156 4152 4153
f 4156 4153 4155
f 4155 4153 4154
f 4158 4159 4165
f 4165 4159 4160
f 4165 4160 4164
f 4164 4160 4161
f 4164 4161 4163
f 4163 4161 4162
f 4166 4167 4173
f 4173 4167 4168
f 4173 4168 4172
f 4172 4168 4169
f 4172 4169 4171
f 4171 4169 4170
f 4175 4176 4174
f 4174 4176 4177
f 4179 4180 4178
f 4178 4180 4181
f 4183 4184 4182
f 4182 4184 4185
f 4187 4188 4186
f 4186 4188 4189
f 4191 4192 4190
f 4190 4192 4193
f 4195 4196 4194
f 4194 4196 4197
f 4199 4200 4198
f 4198 4200 4201
f 4202 4203 4205
f 4205 4203 4204
f 4207 4254 4206
f 4206 4254 4284
f 4206 4284 4285
f 4208 4262 4207
f 4207 4262 4263
f 4207 4263 4261
f 4261 4263 4250
f 4261 4250 4251
f 4262 4208 4546
f 4546 4208 4209
f 4546 4209 4545
f 4545 4209 4210
f 4545 4210 4544
f 4544 4210 4543
f 4543 4210 4211
f 4543 4211 4542
f 4542 4211 4541
f 4541 4211 4540
f 4540 4211 4212
f 4540 4212 4539
f 4539 4212 4534
f 4539 4534 4535
f 4213 4527 4212
f 4212 4527 4528
f 4212 4528 4533
f 4533 4528 4532
f 4532 4528 4529
f 4532 4529 4531
f 4531 4529 4530
f 4214 4525 4213
f 4213 4525 4526
f 4213 4526 4527
f 4215 4522 4214
f 4214 4522 4523
f 4214 4523 4524
f 4216 4509 4215
f 4215 4509 4510
f 4215 4510 4515
f 4515 4510 4514
f 4514 4510 4511
f 4514 4511 4513
f 4513 4511 4512
f 4217 4507 4216
f 4216 4507 4508
f 4216 4508 4509
f 4218 4504 4217
f 4217 4504 4505
f 4217 4505 4506
f 4504 4218 4503
f 4503 4218 4219
f 4503 4219 4279
f 4279 4219 4220
f 4279 4220 4278
f 4278 4220 4272
f 4278 4272 4243
f 4243 4272 4242
f 4242 4272 4273
f 4242 4273 4274
f 4272 4220 4271
f 4271 4220 4221
f 4271 4221 4293
f 4293 4221 4300
f 4300 4221 4302
f 4300 4302 4238
f 4238 4302 4237
f 4237 4302 4303
f 4237 4303 4304
f 4302 4221 4301
f 4301 4221 4222
f 4301 4222 4416
f 4416 4222 4223
f 4416 4223 4415
f 4415 4223 4224
f 4415 4224 4414
f 4414 4224 4413
f 4413 4224 4225
f 4413 4225 4412
f 4412 4225 4411
f 4411 4225 4410
f 4410 4225 4226
f 4410 4226 4409
f 4409 4226 4404
f 4409 4404 4405
f 4227 4397 4226
f 4226 4397 4398
f 4226 4398 4403
f 4403 4398 4402
f 4402 4398 4399
f 4402 4399 4401
f 4401 4399 4400
f 4228 4395 4227
f 4227 4395 4396
f 4227 4396 4397
f 4229 4392 4228
f 4228 4392 4393
f 4228 4393 4394
f 4230 4379 4229
f 4229 4379 4380
f 4229 4380 4385
f 4385 4380 4384
f 4384 4380 4381
f 4384 4381 4383
f 4383 4381 4382
f 4231 4377 4230
f 4230 4377 4378
f 4230 4378 4379
f 4232 4374 4231
f 4231 4374 4375
f 4231 4375 4376
f 4374 4232 4373
f 4373 4232 4233
f 4373 4233 4292
f 4292 4233 4206
f 4292 4206 4291
f 4291 4206 4285
f 4291 4285 4245
f 4245 4285 4286
f 4245 4286 4287
f 4235 4428 4234
f 4234 4428 4297
f 4234 4297 4298
f 4236 4418 4235
f 4235 4418 4427
f 4235 4427 4428
f 4237 4305 4236
f 4236 4305 4417
f 4236 4417 4418
f 4234 4298 4238
f 4238 4298 4299
f 4238 4299 4300
f 4240 4502 4239
f 4239 4502 4275
f 4239 4275 4276
f 4241 4492 4240
f 4240 4492 4501
f 4240 4501 4502
f 4242 4267 4241
f 4241 4267 4491
f 4241 4491 4492
f 4278 4243 4277
f 4277 4243 4239
f 4277 4239 4276
f 4245 4287 4244
f 4244 4287 4280
f 4244 4280 4361
f 4361 4280 4281
f 4361 4281 4282
f 4245 4246 4291
f 4291 4246 4290
f 4290 4246 4289
f 4289 4246 4288
f 4288 4246 4247
f 4288 4247 4372
f 4372 4247 4371
f 4371 4247 4248
f 4371 4248 4362
f 4362 4248 4361
f 4361 4248 4244
f 4250 4264 4249
f 4249 4264 4265
f 4249 4265 4266
f 4252 4258 4251
f 4251 4258 4259
f 4251 4259 4260
f 4253 4557 4252
f 4252 4557 4558
f 4252 4558 4258
f 4258 4558 4257
f 4257 4558 4256
f 4256 4558 4559
f 4256 4559 4255
f 4255 4559 4560
f 4255 4560 4320
f 4320 4560 4319
f 4319 4560 4561
f 4319 4561 4318
f 4318 4561 4317
f 4317 4561 4564
f 4317 4564 4565
f 4249 4547 4253
f 4253 4547 4548
f 4253 4548 4557
f 4557 4548 4554
f 4557 4554 4556
f 4556 4554 4555
f 4255 4328 4254
f 4254 4328 4329
f 4254 4329 4284
f 4284 4329 4330
f 4284 4330 4331
f 4260 4261 4251
f 4261 4254 4207
f 4263 4264 4250
f 4262 4546 4266
f 4266 4546 4547
f 4266 4547 4249
f 4267 4268 4491
f 4491 4268 4269
f 4491 4269 4490
f 4490 4269 4270
f 4490 4270 4489
f 4489 4270 4469
f 4489 4469 4470
f 4271 4461 4270
f 4270 4461 4462
f 4270 4462 4469
f 4469 4462 4463
f 4469 4463 4464
f 4274 4267 4242
f 4279 4275 4503
f 4503 4275 4502
f 4361 4282 4360
f 4360 4282 4283
f 4360 4283 4359
f 4359 4283 4339
f 4359 4339 4340
f 4284 4331 4283
f 4283 4331 4332
f 4283 4332 4339
f 4339 4332 4333
f 4339 4333 4334
f 4292 4288 4373
f 4373 4288 4372
f 4294 4458 4293
f 4293 4458 4459
f 4293 4459 4460
f 4295 4429 4294
f 4294 4429 4430
f 4294 4430 4450
f 4450 4430 4449
f 4449 4430 4431
f 4449 4431 4448
f 4448 4431 4447
f 4447 4431 4434
f 4447 4434 4435
f 4429 4295 4428
f 4428 4295 4296
f 4428 4296 4297
f 4304 4305 4237
f 4417 4305 4416
f 4416 4305 4301
f 4307 4309 4306
f 4306 4309 4310
f 4306 4310 4565
f 4565 4310 4317
f 4307 4308 4309
f 4310 4311 4317
f 4317 4311 4316
f 4316 4311 4315
f 4315 4311 4312
f 4315 4312 4314
f 4314 4312 4313
f 4321 4322 4320
f 4320 4322 4325
f 4320 4325 4326
f 4322 4323 4325
f 4325 4323 4324
f 4326 4327 4320
f 4320 4327 4255
f 4327 4328 4255
f 4335 4336 4334
f 4334 4336 4337
f 4334 4337 4339
f 4339 4337 4338
f 4359 4340 4358
f 4358 4340 4341
f 4358 4341 4342
f 4343 4348 4342
f 4342 4348 4349
f 4342 4349 4354
f 4354 4349 4353
f 4353 4349 4350
f 4353 4350 4352
f 4352 4350 4351
f 4343 4344 4348
f 4348 4344 4347
f 4347 4344 4345
f 4347 4345 4346
f 4354 4355 4342
f 4342 4355 4358
f 4355 4356 4358
f 4358 4356 4357
f 4371 4362 4365
f 4365 4362 4363
f 4365 4363 4364
f 4366 4369 4365
f 4365 4369 4370
f 4365 4370 4371
f 4367 4368 4366
f 4366 4368 4369
f 4376 4377 4231
f 4385 4386 4229
f 4229 4386 4391
f 4229 4391 4392
f 4386 4387 4391
f 4391 4387 4390
f 4390 4387 4388
f 4390 4388 4389
f 4394 4395 4228
f 4403 4404 4226
f 4409 4405 4408
f 4408 4405 4406
f 4408 4406 4407
f 4427 4418 4424
f 4424 4418 4419
f 4424 4419 4420
f 4424 4420 4423
f 4423 4420 4421
f 4423 4421 4422
f 4425 4426 4424
f 4424 4426 4427
f 4432 4433 4431
f 4431 4433 4434
f 4447 4435 4440
f 4440 4435 4436
f 4440 4436 4439
f 4439 4436 4437
f 4439 4437 4438
f 4440 4441 4447
f 4447 4441 4446
f 4446 4441 4445
f 4445 4441 4442
f 4445 4442 4444
f 4444 4442 4443
f 4451 4452 4450
f 4450 4452 4455
f 4450 4455 4456
f 4452 4453 4455
f 4455 4453 4454
f 4456 4457 4450
f 4450 4457 4294
f 4457 4458 4294
f 4293 4460 4271
f 4271 4460 4461
f 4465 4466 4464
f 4464 4466 4467
f 4464 4467 4469
f 4469 4467 4468
f 4489 4470 4488
f 4488 4470 4471
f 4488 4471 4472
f 4473 4478 4472
f 4472 4478 4479
f 4472 4479 4484
f 4484 4479 4483
f 4483 4479 4480
f 4483 4480 4482
f 4482 4480 4481
f 4473 4474 4478
f 4478 4474 4477
f 4477 4474 4475
f 4477 4475 4476
f 4484 4485 4472
f 4472 4485 4488
f 4485 4486 4488
f 4488 4486 4487
f 4501 4492 4495
f 4495 4492 4493
f 4495 4493 4494
f 4496 4499 4495
f 4495 4499 4500
f 4495 4500 4501
f 4497 4498 4496
f 4496 4498 4499
f 4506 4507 4217
f 4515 4516 4215
f 4215 4516 4521
f 4215 4521 4522
f 4516 4517 4521
f 4521 4517 4520
f 4520 4517 4518
f 4520 4518 4519
f 4524 4525 4214
f 4533 4534 4212
f 4539 4535 4538
f 4538 4535 4536
f 4538 4536 4537
f 4548 4549 4554
f 4554 4549 4550
f 4554 4550 4553
f 4553 4550 4551
f 4553 4551 4552
f 4562 4563 4561
f 4561 4563 4564
f 4567 4569 4566
f 4566 4569 4570
f 4566 4570 4587
f 4587 4570 4571
f 4587 4571 4576
f 4576 4571 4575
f 4575 4571 4572
f 4575 4572 4574
f 4574 4572 4573
f 4567 4568 4569
f 4577 4581 4576
f 4576 4581 4582
f 4576 4582 4587
f 4587 4582 4586
f 4586 4582 4583
f 4586 4583 4585
f 4585 4583 4584
f 4581 4577 4580
f 4580 4577 4578
f 4580 4578 4579
f 4589 4591 4588
f 4588 4591 4592
f 4588 4592 4609
f 4609 4592 4593
f 4609 4593 4598
f 4598 4593 4597
f 4597 4593 4594
f 4597 4594 4596
f 4596 4594 4595
f 4589 4590 4591
f 4599 4603 4598
f 4598 4603 4604
f 4598 4604 4609
f 4609 4604 4608
f 4608 4604 4605
f 4608 4605 4607
f 4607 4605 4606
f 4603 4599 4602
f 4602 4599 4600
f 4602 4600 4601
f 4610 4611 4613
f 4613 4611 4612
f 4614 4615 4617
f 4617 4615 4616
f 4629 4618 4628
f 4628 4618 4619
f 4628 4619 4627
f 4627 4619 4620
f 4627 4620 4621
f 4627 4621 4626
f 4626 4621 4622
f 4626 4622 4625
f 4625 4622 4623
f 4625 4623 4624
f 4631 4632 4630
f 4630 4632 4633
f 4634 4635 4641
f 4641 4635 4636
f 4641 4636 4637
f 4638 4639 4637
f 4637 4639 4640
f 4637 4640 4641
f 4643 4651 4642
f 4642 4651 4653
f 4652 4647 4646
f 4646 4647 4648
f 4646 4648 4649
f 4643 4644 4651
f 4651 4644 4650
f 4650 4644 4645
f 4650 4645 4649
f 4649 4645 4646
f 4654 4655 4657
f 4657 4655 4656
f 4658 4659 4661
f 4661 4659 4660
f 4663 4859 4662
f 4662 4859 4860
f 4662 4860 4861
f 4664 4857 4663
f 4663 4857 4858
f 4663 4858 4859
f 4664 4665 4857
f 4857 4665 4666
f 4857 4666 4856
f 4856 4666 4667
f 4856 4667 4855
f 4855 4667 4854
f 4854 4667 4668
f 4854 4668 4884
f 4884 4668 4883
f 4883 4668 4669
f 4883 4669 4670
f 4671 4881 4670
f 4670 4881 4882
f 4670 4882 4883
f 4672 4901 4671
f 4671 4901 4880
f 4671 4880 4881
f 4673 4798 4672
f 4672 4798 4799
f 4672 4799 4900
f 4900 4799 4899
f 4899 4799 4800
f 4899 4800 4910
f 4910 4800 4801
f 4910 4801 4917
f 4917 4801 4840
f 4917 4840 4803
f 4674 4796 4673
f 4673 4796 4797
f 4673 4797 4798
f 4674 4675 4796
f 4796 4675 4795
f 4795 4675 4825
f 4795 4825 4826
f 4675 4676 4825
f 4825 4676 4824
f 4824 4676 4823
f 4823 4676 4677
f 4823 4677 4822
f 4822 4677 4678
f 4822 4678 4679
f 4679 4680 4822
f 4822 4680 4821
f 4821 4680 4820
f 4820 4680 4681
f 4820 4681 4819
f 4819 4681 4818
f 4818 4681 4817
f 4817 4681 4682
f 4817 4682 4816
f 4816 4682 4815
f 4815 4682 4814
f 4814 4682 4731
f 4814 4731 4732
f 4682 4683 4731
f 4731 4683 4740
f 4731 4740 4730
f 4730 4740 4741
f 4730 4741 4742
f 4684 4736 4683
f 4683 4736 4737
f 4683 4737 4738
f 4685 4758 4684
f 4684 4758 4735
f 4684 4735 4736
f 4758 4685 4688
f 4688 4685 4686
f 4688 4686 4687
f 4758 4688 4757
f 4757 4688 4689
f 4757 4689 4756
f 4756 4689 4755
f 4755 4689 4690
f 4755 4690 4754
f 4754 4690 4753
f 4753 4690 4752
f 4752 4690 4691
f 4752 4691 4751
f 4751 4691 4692
f 4751 4692 4693
f 4693 4694 4751
f 4751 4694 4695
f 4751 4695 4750
f 4750 4695 4749
f 4749 4695 4748
f 4748 4695 4747
f 4747 4695 4696
f 4747 4696 4746
f 4746 4696 4745
f 4745 4696 4729
f 4745 4729 4730
f 4696 4697 4729
f 4729 4697 4782
f 4729 4782 4728
f 4728 4782 4759
f 4728 4759 4760
f 4698 4780 4697
f 4697 4780 4781
f 4697 4781 4782
f 4699 4776 4698
f 4698 4776 4777
f 4698 4777 4778
f 4699 4700 4776
f 4776 4700 4701
f 4776 4701 4702
f 4776 4702 4775
f 4775 4702 4703
f 4775 4703 4774
f 4774 4703 4773
f 4773 4703 4772
f 4772 4703 4704
f 4772 4704 4771
f 4771 4704 4770
f 4770 4704 4705
f 4770 4705 4769
f 4769 4705 4708
f 4769 4708 4709
f 4706 4707 4705
f 4705 4707 4708
f 4710 4767 4709
f 4709 4767 4768
f 4709 4768 4769
f 4711 4727 4710
f 4710 4727 4763
f 4710 4763 4764
f 4662 4862 4711
f 4711 4862 4863
f 4711 4863 4864
f 4713 4922 4712
f 4712 4922 4923
f 4712 4923 4904
f 4904 4923 4903
f 4903 4923 4924
f 4903 4924 4898
f 4898 4924 4877
f 4898 4877 4897
f 4897 4877 4878
f 4897 4878 4896
f 4896 4878 4841
f 4896 4841 4842
f 4714 4920 4713
f 4713 4920 4921
f 4713 4921 4922
f 4715 4909 4714
f 4714 4909 4918
f 4714 4918 4919
f 4716 4907 4715
f 4715 4907 4908
f 4715 4908 4909
f 4712 4905 4716
f 4716 4905 4906
f 4716 4906 4907
f 4718 4847 4717
f 4717 4847 4848
f 4717 4848 4849
f 4847 4718 4846
f 4846 4718 4719
f 4846 4719 4845
f 4845 4719 4844
f 4844 4719 4893
f 4844 4893 4843
f 4843 4893 4894
f 4843 4894 4842
f 4842 4894 4895
f 4842 4895 4896
f 4719 4720 4893
f 4893 4720 4892
f 4892 4720 4891
f 4891 4720 4721
f 4891 4721 4890
f 4890 4721 4717
f 4890 4717 4889
f 4889 4717 4888
f 4888 4717 4849
f 4888 4849 4850
f 4723 4833 4722
f 4722 4833 4834
f 4722 4834 4835
f 4833 4723 4832
f 4832 4723 4724
f 4832 4724 4831
f 4831 4724 4830
f 4830 4724 4791
f 4830 4791 4829
f 4829 4791 4792
f 4829 4792 4828
f 4828 4792 4793
f 4828 4793 4827
f 4827 4793 4794
f 4827 4794 4826
f 4826 4794 4795
f 4724 4725 4791
f 4791 4725 4790
f 4790 4725 4789
f 4789 4725 4726
f 4789 4726 4788
f 4788 4726 4722
f 4788 4722 4787
f 4787 4722 4786
f 4786 4722 4835
f 4786 4835 4785
f 4785 4835 4836
f 4785 4836 4784
f 4784 4836 4837
f 4784 4837 4838
f 4727 4728 4763
f 4763 4728 4762
f 4762 4728 4761
f 4761 4728 4760
f 4733 4809 4732
f 4732 4809 4810
f 4732 4810 4811
f 4734 4870 4733
f 4733 4870 4913
f 4733 4913 4914
f 4727 4865 4734
f 4734 4865 4866
f 4734 4866 4867
f 4738 4739 4683
f 4683 4739 4740
f 4742 4743 4730
f 4730 4743 4744
f 4730 4744 4745
f 4764 4765 4710
f 4710 4765 4766
f 4710 4766 4767
f 4778 4779 4698
f 4698 4779 4780
f 4802 4783 4838
f 4838 4783 4784
f 4840 4801 4839
f 4839 4801 4802
f 4839 4802 4838
f 4917 4803 4916
f 4916 4803 4804
f 4916 4804 4915
f 4915 4804 4805
f 4915 4805 4806
f 4806 4807 4915
f 4915 4807 4914
f 4914 4807 4808
f 4914 4808 4809
f 4811 4812 4732
f 4732 4812 4813
f 4732 4813 4814
f 4888 4850 4887
f 4887 4850 4851
f 4887 4851 4886
f 4886 4851 4852
f 4886 4852 4885
f 4885 4852 4853
f 4885 4853 4884
f 4884 4853 4854
f 4861 4862 4662
f 4864 4865 4711
f 4711 4865 4727
f 4867 4868 4734
f 4734 4868 4869
f 4734 4869 4870
f 4870 4871 4913
f 4913 4871 4872
f 4913 4872 4912
f 4912 4872 4873
f 4912 4873 4874
f 4874 4875 4912
f 4912 4875 4911
f 4911 4875 4876
f 4911 4876 4924
f 4924 4876 4877
f 4880 4902 4879
f 4879 4902 4903
f 4879 4903 4898
f 4900 4901 4672
f 4901 4902 4880
f 4904 4905 4712
f 4909 4910 4918
f 4918 4910 4917
f 4919 4920 4714
f 4809 4733 4914
f 4925 4926 4932
f 4932 4926 4927
f 4932 4927 4928
f 4929 4930 4928
f 4928 4930 4931
f 4928 4931 4932
f 4934 4935 4933
f 4933 4935 4936
f 4938 4939 4937
f 4937 4939 4940
f 4942 4950 4941
f 4941 4950 4952
f 4951 4946 4945
f 4945 4946 4947
f 4945 4947 4948
f 4942 4943 4950
f 4950 4943 4949
f 4949 4943 4944
f 4949 4944 4948
f 4948 4944 4945
f 4954 4962 4953
f 4953 4962 4964
f 4963 4958 4957
f 4957 4958 4959
f 4957 4959 4960
f 4954 4955 4962
f 4962 4955 4961
f 4961 4955 4956
f 4961 4956 4960
f 4960 4956 4957
f 4969 4965 4968
f 4968 4965 4966
f 4968 4966 4967
f 4970 4971 4973
f 4973 4971 4972
f 4978 4974 4977
f 4977 4974 4975
f 4977 4975 4976
f 4980 4981 4979
f 4979 4981 4982
f 4983 4984 4986
f 4986 4984 4985
f 4988 4989 4987
f 4987 4989 4990
f 4992 4993 4991
f 4991 4993 4994
f 4996 4997 4995
f 4995 4997 4998
f 5000 5001 4999
f 4999 5001 5002
f 5004 5005 5003
f 5003 5005 5006
f 5008 5016 5007
f 5007 5016 5018
f 5017 5012 5011
f 5011 5012 5013
f 5011 5013 5014
f 5008 5009 5016
f 5016 5009 5015
f 5015 5009 5010
f 5015 5010 5014
f 5014 5010 5011
f 5019 5020 5022
f 5022 5020 5021
f 5030 5023 5029
f 5029 5023 5024
f 5029 5024 5028
f 5028 5024 5025
f 5028 5025 5027
f 5027 5025 5026
f 5031 5032 5034
f 5034 5032 5033
f 5036 5037 5035
f 5035 5037 5038
f 5040 5041 5039
f 5039 5041 5042
f 5044 5045 5043
f 5043 5045 5046
f 5047 5048 5050
f 5050 5048 5049
f 5052 5053 5051
f 5051 5053 5054
f 5056 5057 5055
f 5055 5057 5058
f 5059 5060 5066
f 5066 5060 5061
f 5066 5061 5062
f 5063 5064 5062
f 5062 5064 5065
f 5062 5065 5066
f 5068 5069 5067
f 5067 5069 5195
f 5067 5195 5196
f 5195 5069 5224
f 5224 5069 5070
f 5224 5070 5072
f 5072 5070 5071
f 5073 5074 5072
f 5072 5074 5224
f 5074 5075 5224
f 5224 5075 5223
f 5223 5075 5077
f 5223 5077 5078
f 5075 5076 5077
f 5223 5078 5227
f 5227 5078 5079
f 5227 5079 5080
f 5081 5207 5080
f 5080 5207 5208
f 5080 5208 5227
f 5227 5208 5210
f 5227 5210 5211
f 5082 5083 5081
f 5081 5083 5238
f 5081 5238 5207
f 5207 5238 5206
f 5206 5238 5239
f 5206 5239 5205
f 5205 5239 5204
f 5204 5239 5203
f 5203 5239 5240
f 5203 5240 5202
f 5202 5240 5201
f 5201 5240 5125
f 5201 5125 5126
f 5083 5084 5238
f 5238 5084 5094
f 5238 5094 5242
f 5242 5094 5095
f 5242 5095 5096
f 5085 5086 5084
f 5084 5086 5094
f 5094 5086 5093
f 5093 5086 5087
f 5093 5087 5237
f 5237 5087 5236
f 5236 5087 5088
f 5236 5088 5235
f 5235 5088 5089
f 5235 5089 5234
f 5234 5089 5090
f 5234 5090 5233
f 5233 5090 5091
f 5233 5091 5237
f 5237 5091 5092
f 5237 5092 5093
f 5242 5096 5241
f 5241 5096 5097
f 5241 5097 5098
f 5099 5119 5098
f 5098 5119 5120
f 5098 5120 5241
f 5241 5120 5122
f 5241 5122 5123
f 5100 5101 5099
f 5099 5101 5248
f 5099 5248 5119
f 5119 5248 5118
f 5118 5248 5249
f 5118 5249 5117
f 5117 5249 5116
f 5116 5249 5114
f 5116 5114 5115
f 5101 5102 5248
f 5248 5102 5104
f 5248 5104 5252
f 5252 5104 5105
f 5252 5105 5107
f 5107 5105 5106
f 5102 5103 5104
f 5252 5107 5251
f 5251 5107 5108
f 5251 5108 5110
f 5110 5108 5109
f 5251 5110 5250
f 5250 5110 5111
f 5250 5111 5113
f 5113 5111 5112
f 5113 5114 5250
f 5250 5114 5249
f 5120 5121 5122
f 5124 5125 5123
f 5123 5125 5240
f 5123 5240 5241
f 5127 5253 5126
f 5126 5253 5200
f 5126 5200 5201
f 5253 5127 5257
f 5257 5127 5128
f 5257 5128 5129
f 5130 5131 5129
f 5129 5131 5257
f 5257 5131 5256
f 5256 5131 5132
f 5256 5132 5134
f 5134 5132 5133
f 5256 5134 5255
f 5255 5134 5135
f 5255 5135 5137
f 5137 5135 5136
f 5137 5138 5255
f 5255 5138 5254
f 5254 5138 5140
f 5254 5140 5141
f 5138 5139 5140
f 5141 5142 5254
f 5254 5142 5253
f 5253 5142 5143
f 5253 5143 5221
f 5221 5143 5220
f 5220 5143 5144
f 5220 5144 5246
f 5246 5144 5146
f 5246 5146 5147
f 5144 5145 5146
f 5148 5149 5147
f 5147 5149 5245
f 5147 5245 5246
f 5245 5149 5171
f 5171 5149 5150
f 5171 5150 5170
f 5170 5150 5258
f 5170 5258 5168
f 5168 5258 5167
f 5167 5258 5165
f 5167 5165 5166
f 5150 5151 5258
f 5258 5151 5262
f 5262 5151 5152
f 5262 5152 5153
f 5154 5155 5153
f 5153 5155 5262
f 5262 5155 5261
f 5261 5155 5156
f 5261 5156 5158
f 5158 5156 5157
f 5261 5158 5260
f 5260 5158 5159
f 5260 5159 5161
f 5161 5159 5160
f 5161 5162 5260
f 5260 5162 5259
f 5259 5162 5164
f 5259 5164 5165
f 5162 5163 5164
f 5168 5169 5170
f 5171 5172 5245
f 5245 5172 5173
f 5245 5173 5244
f 5244 5173 5174
f 5244 5174 5175
f 5176 5183 5175
f 5175 5183 5185
f 5175 5185 5243
f 5243 5185 5186
f 5243 5186 5188
f 5188 5186 5187
f 5177 5232 5176
f 5176 5232 5182
f 5176 5182 5183
f 5232 5177 5231
f 5231 5177 5178
f 5231 5178 5230
f 5230 5178 5179
f 5230 5179 5229
f 5229 5179 5180
f 5229 5180 5181
f 5229 5181 5228
f 5228 5181 5182
f 5228 5182 5232
f 5183 5184 5185
f 5243 5188 5214
f 5214 5188 5189
f 5214 5189 5213
f 5213 5189 5226
f 5213 5226 5211
f 5211 5226 5227
f 5189 5190 5226
f 5226 5190 5191
f 5226 5191 5192
f 5193 5194 5192
f 5192 5194 5225
f 5192 5225 5226
f 5194 5195 5225
f 5225 5195 5224
f 5198 5253 5197
f 5197 5253 5221
f 5197 5221 5222
f 5199 5200 5198
f 5198 5200 5253
f 5208 5209 5210
f 5211 5212 5213
f 5214 5215 5243
f 5243 5215 5247
f 5247 5215 5216
f 5247 5216 5217
f 5217 5218 5247
f 5247 5218 5246
f 5246 5218 5219
f 5246 5219 5220
f 5243 5244 5175
f 5258 5259 5165
f 5264 5272 5263
f 5263 5272 5273
f 5274 5268 5267
f 5267 5268 5269
f 5267 5269 5270
f 5264 5265 5272
f 5272 5265 5271
f 5271 5265 5266
f 5271 5266 5270
f 5270 5266 5267
f 5309 5275 5308
f 5308 5275 5276
f 5308 5276 5307
f 5307 5276 5350
f 5307 5350 5306
f 5306 5350 5305
f 5305 5350 5351
f 5305 5351 5313
f 5313 5351 5352
f 5313 5352 5312
f 5312 5352 5328
f 5312 5328 5329
f 5350 5276 5279
f 5279 5276 5277
f 5279 5277 5278
f 5350 5279 5349
f 5349 5279 5280
f 5349 5280 5348
f 5348 5280 5283
f 5348 5283 5340
f 5340 5283 5339
f 5339 5283 5284
f 5339 5284 5338
f 5338 5284 5287
f 5338 5287 5345
f 5345 5287 5344
f 5344 5287 5288
f 5344 5288 5291
f 5291 5288 5290
f 5290 5288 5289
f 5281 5282 5280
f 5280 5282 5283
f 5285 5286 5284
f 5284 5286 5287
f 5292 5294 5291
f 5291 5294 5295
f 5291 5295 5343
f 5343 5295 5296
f 5343 5296 5297
f 5292 5293 5294
f 5298 5324 5297
f 5297 5324 5320
f 5297 5320 5347
f 5347 5320 5346
f 5346 5320 5326
f 5346 5326 5317
f 5317 5326 5327
f 5317 5327 5316
f 5316 5327 5328
f 5316 5328 5315
f 5315 5328 5352
f 5315 5352 5348
f 5324 5298 5323
f 5323 5298 5299
f 5323 5299 5322
f 5322 5299 5332
f 5322 5332 5325
f 5299 5300 5332
f 5332 5300 5333
f 5332 5333 5334
f 5333 5300 5337
f 5337 5300 5301
f 5337 5301 5336
f 5336 5301 5302
f 5336 5302 5335
f 5335 5302 5330
f 5335 5330 5331
f 5302 5303 5330
f 5330 5303 5310
f 5330 5310 5311
f 5303 5304 5310
f 5310 5304 5314
f 5314 5304 5313
f 5313 5304 5305
f 5330 5311 5329
f 5329 5311 5312
f 5317 5318 5346
f 5346 5318 5338
f 5346 5338 5345
f 5338 5318 5342
f 5342 5318 5319
f 5342 5319 5341
f 5341 5319 5315
f 5341 5315 5348
f 5320 5321 5326
f 5326 5321 5325
f 5325 5321 5322
f 5335 5331 5334
f 5334 5331 5332
f 5340 5341 5348
f 5343 5344 5291
f 5347 5343 5297
f 5353 5354 5356
f 5356 5354 5355
f 5357 5358 5391
f 5391 5358 5390
f 5390 5358 5359
f 5390 5359 5430
f 5430 5359 5360
f 5430 5360 5361
f 5362 5396 5361
f 5361 5396 5392
f 5361 5392 5434
f 5434 5392 5433
f 5433 5392 5408
f 5433 5408 5399
f 5399 5408 5409
f 5399 5409 5398
f 5398 5409 5410
f 5398 5410 5397
f 5397 5410 5429
f 5397 5429 5425
f 5396 5362 5395
f 5395 5362 5363
f 5395 5363 5394
f 5394 5363 5414
f 5394 5414 5407
f 5363 5364 5414
f 5414 5364 5415
f 5414 5415 5416
f 5415 5364 5419
f 5419 5364 5365
f 5419 5365 5418
f 5418 5365 5366
f 5418 5366 5417
f 5417 5366 5412
f 5417 5412 5413
f 5366 5367 5412
f 5412 5367 5402
f 5412 5402 5403
f 5367 5368 5402
f 5402 5368 5406
f 5406 5368 5405
f 5405 5368 5369
f 5405 5369 5428
f 5428 5369 5427
f 5427 5369 5370
f 5427 5370 5371
f 5427 5371 5375
f 5375 5371 5372
f 5375 5372 5374
f 5374 5372 5373
f 5427 5375 5378
f 5378 5375 5376
f 5378 5376 5377
f 5427 5378 5426
f 5426 5378 5379
f 5426 5379 5425
f 5425 5379 5382
f 5425 5382 5422
f 5422 5382 5421
f 5421 5382 5383
f 5421 5383 5420
f 5420 5383 5386
f 5420 5386 5432
f 5432 5386 5431
f 5431 5386 5387
f 5431 5387 5390
f 5390 5387 5389
f 5389 5387 5388
f 5380 5381 5379
f 5379 5381 5382
f 5384 5385 5383
f 5383 5385 5386
f 5392 5393 5408
f 5408 5393 5407
f 5407 5393 5394
f 5399 5400 5433
f 5433 5400 5420
f 5433 5420 5432
f 5420 5400 5424
f 5424 5400 5401
f 5424 5401 5423
f 5423 5401 5397
f 5423 5397 5425
f 5412 5403 5411
f 5411 5403 5404
f 5411 5404 5410
f 5410 5404 5429
f 5404 5405 5429
f 5429 5405 5428
f 5417 5413 5416
f 5416 5413 5414
f 5422 5423 5425
f 5430 5431 5390
f 5434 5430 5361
f 5435 5436 5442
f 5442 5436 5441
f 5441 5436 5440
f 5440 5436 5437
f 5440 5437 5439
f 5439 5437 5438
f 5443 5444 5446
f 5446 5444 5445
f 5448 5449 5447
f 5447 5449 5450
f 5452 5453 5451
f 5451 5453 5454
f 5455 5456 5462
f 5462 5456 5457
f 5462 5457 5458
f 5459 5460 5458
f 5458 5460 5461
f 5458 5461 5462
f 5464 5465 5463
f 5463 5465 5591
f 5463 5591 5592
f 5591 5465 5620
f 5620 5465 5466
f 5620 5466 5468
f 5468 5466 5467
f 5469 5470 5468
f 5468 5470 5620
f 5470 5471 5620
f 5620 5471 5619
f 5619 5471 5473
f 5619 5473 5474
f 5471 5472 5473
f 5619 5474 5623
f 5623 5474 5475
f 5623 5475 5476
f 5477 5602 5476
f 5476 5602 5603
f 5476 5603 5623
f 5623 5603 5605
f 5623 5605 5606
f 5478 5479 5477
f 5477 5479 5642
f 5477 5642 5602
f 5602 5642 5601
f 5601 5642 5600
f 5600 5642 5643
f 5600 5643 5599
f 5599 5643 5598
f 5598 5643 5597
f 5597 5643 5639
f 5597 5639 5596
f 5596 5639 5521
f 5596 5521 5522
f 5479 5480 5642
f 5642 5480 5641
f 5641 5480 5490
f 5641 5490 5491
f 5481 5482 5480
f 5480 5482 5490
f 5490 5482 5489
f 5489 5482 5483
f 5489 5483 5625
f 5625 5483 5624
f 5624 5483 5484
f 5624 5484 5628
f 5628 5484 5485
f 5628 5485 5486
f 5628 5486 5627
f 5627 5486 5487
f 5627 5487 5626
f 5626 5487 5488
f 5626 5488 5625
f 5625 5488 5489
f 5641 5491 5640
f 5640 5491 5492
f 5640 5492 5493
f 5640 5493 5639
f 5639 5493 5494
f 5639 5494 5516
f 5516 5494 5515
f 5515 5494 5495
f 5515 5495 5657
f 5657 5495 5497
f 5657 5497 5498
f 5495 5496 5497
f 5499 5500 5498
f 5498 5500 5656
f 5498 5656 5657
f 5500 5501 5656
f 5656 5501 5655
f 5655 5501 5503
f 5655 5503 5504
f 5501 5502 5503
f 5505 5506 5504
f 5504 5506 5654
f 5504 5654 5655
f 5506 5507 5654
f 5654 5507 5509
f 5654 5509 5658
f 5658 5509 5510
f 5658 5510 5512
f 5512 5510 5511
f 5507 5508 5509
f 5512 5513 5658
f 5658 5513 5657
f 5657 5513 5514
f 5657 5514 5515
f 5517 5518 5516
f 5516 5518 5639
f 5518 5519 5639
f 5639 5519 5521
f 5519 5520 5521
f 5523 5651 5522
f 5522 5651 5595
f 5522 5595 5596
f 5523 5524 5651
f 5651 5524 5650
f 5650 5524 5525
f 5650 5525 5527
f 5527 5525 5526
f 5527 5528 5650
f 5650 5528 5649
f 5649 5528 5530
f 5649 5530 5531
f 5528 5529 5530
f 5532 5533 5531
f 5531 5533 5649
f 5649 5533 5653
f 5653 5533 5534
f 5653 5534 5536
f 5536 5534 5535
f 5536 5537 5653
f 5653 5537 5652
f 5652 5537 5538
f 5652 5538 5539
f 5540 5615 5539
f 5539 5615 5616
f 5539 5616 5652
f 5652 5616 5618
f 5652 5618 5593
f 5541 5542 5540
f 5540 5542 5634
f 5540 5634 5615
f 5615 5634 5614
f 5614 5634 5635
f 5614 5635 5613
f 5613 5635 5612
f 5612 5635 5611
f 5611 5635 5636
f 5611 5636 5610
f 5610 5636 5609
f 5609 5636 5584
f 5609 5584 5585
f 5542 5543 5634
f 5634 5543 5545
f 5634 5545 5567
f 5567 5545 5546
f 5567 5546 5566
f 5566 5546 5646
f 5566 5646 5564
f 5564 5646 5647
f 5564 5647 5563
f 5563 5647 5561
f 5563 5561 5562
f 5543 5544 5545
f 5546 5547 5646
f 5646 5547 5548
f 5646 5548 5645
f 5645 5548 5549
f 5645 5549 5551
f 5551 5549 5550
f 5551 5552 5645
f 5645 5552 5644
f 5644 5552 5554
f 5644 5554 5555
f 5552 5553 5554
f 5556 5557 5555
f 5555 5557 5644
f 5644 5557 5648
f 5648 5557 5558
f 5648 5558 5560
f 5560 5558 5559
f 5648 5560 5647
f 5647 5560 5561
f 5564 5565 5566
f 5567 5568 5634
f 5634 5568 5638
f 5638 5568 5569
f 5638 5569 5570
f 5638 5570 5637
f 5637 5570 5571
f 5637 5571 5581
f 5581 5571 5579
f 5581 5579 5580
f 5571 5572 5579
f 5579 5572 5578
f 5578 5572 5630
f 5578 5630 5631
f 5572 5573 5630
f 5630 5573 5574
f 5630 5574 5629
f 5629 5574 5575
f 5629 5575 5633
f 5633 5575 5576
f 5633 5576 5632
f 5632 5576 5577
f 5632 5577 5631
f 5631 5577 5578
f 5581 5582 5637
f 5637 5582 5636
f 5636 5582 5584
f 5582 5583 5584
f 5586 5622 5585
f 5585 5622 5608
f 5585 5608 5609
f 5586 5587 5622
f 5622 5587 5588
f 5622 5588 5621
f 5621 5588 5590
f 5621 5590 5591
f 5588 5589 5590
f 5594 5595 5593
f 5593 5595 5651
f 5593 5651 5652
f 5603 5604 5605
f 5607 5608 5606
f 5606 5608 5622
f 5606 5622 5623
f 5616 5617 5618
f 5620 5621 5591
f 5659 5660 5666
f 5666 5660 5661
f 5666 5661 5662
f 5663 5664 5662
f 5662 5664 5665
f 5662 5665 5666
f 5668 5669 5667
f 5667 5669 5670
f 5672 5673 5671
f 5671 5673 5674
f 5676 5677 5675
f 5675 5677 5678
f 5680 5681 5679
f 5679 5681 5703
f 5679 5703 5699
f 5699 5703 5698
f 5698 5703 5704
f 5698 5704 5696
f 5696 5704 5695
f 5695 5704 5693
f 5695 5693 5694
f 5703 5681 5702
f 5702 5681 5682
f 5702 5682 5684
f 5684 5682 5683
f 5685 5686 5684
f 5684 5686 5702
f 5702 5686 5701
f 5701 5686 5687
f 5701 5687 5689
f 5689 5687 5688
f 5689 5690 5701
f 5701 5690 5705
f 5705 5690 5692
f 5705 5692 5693
f 5690 5691 5692
f 5696 5697 5698
f 5699 5700 5679
f 5704 5705 5693
f 5706 5707 5709
f 5709 5707 5708
f 5711 5719 5710
f 5710 5719 5720
f 5721 5715 5714
f 5714 5715 5716
f 5714 5716 5717
f 5711 5712 5719
f 5719 5712 5718
f 5718 5712 5713
f 5718 5713 5717
f 5717 5713 5714
f 5723 5730 5722
f 5722 5730 5740
f 5722 5740 5736
f 5724 5815 5723
f 5723 5815 5810
f 5723 5810 5811
f 5725 5841 5724
f 5724 5841 5842
f 5724 5842 5824
f 5824 5842 5823
f 5823 5842 5843
f 5823 5843 5844
f 5722 5833 5725
f 5725 5833 5837
f 5725 5837 5838
f 5727 5785 5726
f 5726 5785 5756
f 5726 5756 5730
f 5730 5756 5739
f 5730 5739 5740
f 5728 5812 5727
f 5727 5812 5789
f 5727 5789 5785
f 5728 5729 5812
f 5812 5729 5811
f 5811 5729 5723
f 5729 5730 5723
f 5732 5725 5731
f 5731 5725 5839
f 5731 5839 5735
f 5735 5839 5835
f 5735 5835 5771
f 5771 5835 5809
f 5771 5809 5770
f 5770 5809 5805
f 5770 5805 5746
f 5746 5805 5753
f 5746 5753 5754
f 5725 5732 5841
f 5841 5732 5733
f 5841 5733 5766
f 5766 5733 5773
f 5766 5773 5765
f 5765 5773 5774
f 5765 5774 5769
f 5769 5774 5747
f 5769 5747 5748
f 5733 5734 5773
f 5773 5734 5772
f 5772 5734 5735
f 5772 5735 5771
f 5722 5736 5826
f 5826 5736 5737
f 5826 5737 5825
f 5825 5737 5776
f 5825 5776 5801
f 5801 5776 5777
f 5801 5777 5800
f 5800 5777 5778
f 5800 5778 5744
f 5744 5778 5758
f 5744 5758 5759
f 5737 5738 5776
f 5776 5738 5775
f 5775 5738 5739
f 5775 5739 5757
f 5757 5739 5756
f 5742 5763 5741
f 5741 5763 5764
f 5741 5764 5749
f 5749 5764 5760
f 5749 5760 5797
f 5797 5760 5761
f 5797 5761 5796
f 5796 5761 5818
f 5796 5818 5819
f 5743 5787 5742
f 5742 5787 5792
f 5742 5792 5793
f 5787 5743 5759
f 5759 5743 5744
f 5744 5745 5800
f 5800 5745 5750
f 5800 5750 5804
f 5804 5750 5751
f 5804 5751 5830
f 5830 5751 5752
f 5830 5752 5806
f 5806 5752 5805
f 5805 5752 5753
f 5750 5745 5754
f 5754 5745 5746
f 5746 5747 5770
f 5770 5747 5774
f 5749 5780 5748
f 5748 5780 5781
f 5748 5781 5768
f 5768 5781 5767
f 5767 5781 5782
f 5767 5782 5840
f 5840 5782 5783
f 5840 5783 5844
f 5844 5783 5784
f 5844 5784 5823
f 5823 5784 5822
f 5822 5784 5799
f 5822 5799 5821
f 5821 5799 5795
f 5821 5795 5819
f 5819 5795 5796
f 5756 5786 5755
f 5755 5786 5787
f 5755 5787 5759
f 5775 5757 5779
f 5779 5757 5758
f 5779 5758 5778
f 5818 5761 5817
f 5817 5761 5762
f 5817 5762 5794
f 5794 5762 5793
f 5793 5762 5763
f 5793 5763 5742
f 5841 5766 5840
f 5840 5766 5767
f 5768 5769 5748
f 5799 5784 5798
f 5798 5784 5780
f 5798 5780 5749
f 5785 5786 5756
f 5787 5788 5792
f 5792 5788 5791
f 5791 5788 5789
f 5791 5789 5813
f 5813 5789 5812
f 5791 5814 5790
f 5790 5814 5816
f 5790 5816 5794
f 5794 5816 5817
f 5797 5798 5749
f 5825 5801 5829
f 5829 5801 5802
f 5829 5802 5803
f 5829 5803 5831
f 5831 5803 5804
f 5831 5804 5830
f 5830 5806 5834
f 5834 5806 5807
f 5834 5807 5808
f 5834 5808 5836
f 5836 5808 5809
f 5836 5809 5835
f 5813 5814 5791
f 5816 5814 5815
f 5815 5814 5810
f 5821 5819 5820
f 5820 5819 5815
f 5820 5815 5724
f 5824 5820 5724
f 5826 5827 5722
f 5722 5827 5828
f 5722 5828 5832
f 5832 5828 5831
f 5831 5828 5829
f 5832 5833 5722
f 5837 5833 5836
f 5836 5833 5834
f 5838 5839 5725
f 5845 5846 5848
f 5848 5846 5847
f 5850 5858 5849
f 5849 5858 5859
f 5860 5854 5853
f 5853 5854 5855
f 5853 5855 5856
f 5850 5851 5858
f 5858 5851 5857
f 5857 5851 5852
f 5857 5852 5856
f 5856 5852 5853
f 5861 5862 5863
f 5864 5865 5867
f 5867 5865 5866
f 5868 5869 5871
f 5871 5869 5870
f 5873 5881 5872
f 5872 5881 5877
f 5872 5877 5876
f 5876 5877 5878
f 5876 5878 5883
f 5873 5874 5881
f 5881 5874 5880
f 5880 5874 5882
f 5880 5882 5879
f 5883 5875 5876
f 5884 5885 5886
f 5894 5887 5893
f 5893 5887 5888
f 5893 5888 5892
f 5892 5888 5889
f 5892 5889 5890
f 5890 5891 5892
f 5896 5897 5895
f 5895 5897 5898
f 5906 5899 5905
f 5905 5899 5900
f 5905 5900 5904
f 5904 5900 5901
f 5904 5901 5903
f 5903 5901 5902
f 5907 5908 5914
f 5914 5908 5909
f 5914 5909 5910
f 5911 5912 5910
f 5910 5912 5913
f 5910 5913 5914
f 5916 5917 5915
f 5915 5917 5918
f 5920 5921 5919
f 5919 5921 5922
f 5924 5925 5923
f 5923 5925 5926
f 5928 5929 5927
f 5927 5929 5951
f 5927 5951 5947
f 5947 5951 5946
f 5946 5951 5952
f 5946 5952 5944
f 5944 5952 5943
f 5943 5952 5941
f 5943 5941 5942
f 5951 5929 5950
f 5950 5929 5930
f 5950 5930 5932
f 5932 5930 5931
f 5933 5934 5932
f 5932 5934 5950
f 5950 5934 5949
f 5949 5934 5935
f 5949 5935 5937
f 5937 5935 5936
f 5937 5938 5949
f 5949 5938 5953
f 5953 5938 5940
f 5953 5940 5941
f 5938 5939 5940
f 5944 5945 5946
f 5947 5948 5927
f 5952 5953 5941
f 5955 5956 5954
f 5954 5956 5957
f 5959 5960 5958
f 5958 5960 5961
f 5963 5964 5962
f 5962 5964 5965
f 5967 5968 5966
f 5966 5968 5969
f 5971 5972 5970
f 5970 5972 5973
f 5974 5975 5977
f 5977 5975 5976
f 5985 5978 5984
f 5984 5978 5979
f 5984 5979 5980
f 5981 5982 5980
f 5980 5982 5983
f 5980 5983 5984
f 5986 5987 5989
f 5989 5987 5988
f 5991 5999 5990
f 5990 5999 6000
f 6001 5995 5994
f 5994 5995 5996
f 5994 5996 5997
f 5991 5992 5999
f 5999 5992 5998
f 5998 5992 5993
f 5998 5993 5997
f 5997 5993 5994
f 6002 6003 6005
f 6005 6003 6004
f 6006 6007 6019
f 6019 6007 6018
f 6018 6007 6022
f 6018 6022 6017
f 6017 6022 6016
f 6016 6022 6023
f 6016 6023 6015
f 6015 6023 6024
f 6015 6024 6014
f 6014 6024 6013
f 6013 6024 6020
f 6013 6020 6012
f 6012 6020 6021
f 6012 6021 6011
f 6011 6021 6008
f 6011 6008 6010
f 6010 6008 6009
f 6022 6007 6021
f 6021 6007 6008
f 6025 6026 6029
f 6029 6026 6028
f 6028 6026 6027
f 6037 6030 6036
f 6036 6030 6031
f 6036 6031 6032
f 6033 6034 6032
f 6032 6034 6035
f 6032 6035 6036
f 6038 6039 6041
f 6041 6039 6040
f 6042 6043 6055
f 6055 6043 6054
f 6054 6043 6058
f 6054 6058 6053
f 6053 6058 6052
f 6052 6058 6059
f 6052 6059 6051
f 6051 6059 6060
f 6051 6060 6050
f 6050 6060 6049
f 6049 6060 6056
f 6049 6056 6048
f 6048 6056 6057
f 6048 6057 6047
f 6047 6057 6044
f 6047 6044 6046
f 6046 6044 6045
f 6058 6043 6057
f 6057 6043 6044
f 6061 6062 6065
f 6065 6062 6063
f 6065 6063 6064
f 6067 6068 6066
f 6066 6068 6069
f 6077 6070 6076
f 6076 6070 6071
f 6076 6071 6075
f 6075 6071 6072
f 6075 6072 6074
f 6074 6072 6073
f 6079 6080 6078
f 6078 6080 6081
f 6082 6083 6085
f 6085 6083 6084
f 6093 6086 6092
f 6092 6086 6087
f 6092 6087 6091
f 6091 6087 6088
f 6091 6088 6089
f 6089 6090 6091
f 6101 6094 6100
f 6100 6094 6095
f 6100 6095 6099
f 6099 6095 6096
f 6099 6096 6098
f 6098 6096 6097
f 6103 6104 6102
f 6102 6104 6105
f 6106 6107 6109
f 6109 6107 6108
f 6111 6112 6110
f 6110 6112 6113
f 6115 6116 6114
f 6114 6116 6117
f 6119 6120 6118
f 6118 6120 6121
f 6123 6124 6122
f 6122 6124 6125
f 6127 6128 6126
f 6126 6128 6129
f 6130 6131 6133
f 6133 6131 6132
f 6135 6136 6134
f 6134 6136 6137
f 6139 6140 6138
f 6138 6140 6141
f 6143 6144 6142
f 6142 6144 6145
f 6153 6146 6152
f 6152 6146 6147
f 6152 6147 6148
f 6149 6150 6148
f 6148 6150 6151
f 6148 6151 6152
f 6161 6154 6160
f 6160 6154 6155
f 6160 6155 6159
f 6159 6155 6156
f 6159 6156 6158
f 6158 6156 6157
f 6162 6163 6165
f 6165 6163 6164
f 6173 6166 6172
f 6172 6166 6167
f 6172 6167 6171
f 6171 6167 6168
f 6171 6168 6170
f 6170 6168 6169
f 6175 6183 6174
f 6174 6183 6179
f 6174 6179 6178
f 6178 6179 6180
f 6178 6180 6185
f 6175 6176 6183
f 6183 6176 6182
f 6182 6176 6184
f 6182 6184 6181
f 6185 6177 6178
f 6187 6195 6186
f 6186 6195 6196
f 6197 6191 6190
f 6190 6191 6192
f 6190 6192 6193
f 6187 6188 6195
f 6195 6188 6194
f 6194 6188 6189
f 6194 6189 6193
f 6193 6189 6190
f 6198 6199 6200
f 6227 6201 6212
f 6212 6201 6202
f 6212 6202 6203
f 6212 6203 6211
f 6211 6203 6204
f 6211 6204 6205
f 6205 6206 6211
f 6211 6206 6210
f 6210 6206 6207
f 6210 6207 6208
f 6208 6209 6210
f 6212 6213 6227
f 6227 6213 6226
f 6226 6213 6214
f 6226 6214 6225
f 6225 6214 6224
f 6224 6214 6223
f 6223 6214 6215
f 6223 6215 6222
f 6222 6215 6221
f 6221 6215 6220
f 6220 6215 6216
f 6220 6216 6219
f 6219 6216 6218
f 6218 6216 6217
f 6228 6229 6231
f 6231 6229 6230
f 6232 6233 6239
f 6239 6233 6238
f 6238 6233 6234
f 6238 6234 6235
f 6235 6236 6238
f 6238 6236 6237
f 6240 6241 6243
f 6243 6241 6242
f 6244 6245 6246
f 6273 6247 6258
f 6258 6247 6248
f 6258 6248 6249
f 6258 6249 6257
f 6257 6249 6250
f 6257 6250 6251
f 6251 6252 6257
f 6257 6252 6256
f 6256 6252 6253
f 6256 6253 6254
f 6254 6255 6256
f 6258 6259 6273
f 6273 6259 6272
f 6272 6259 6260
f 6272 6260 6271
f 6271 6260 6270
f 6270 6260 6269
f 6269 6260 6261
f 6269 6261 6268
f 6268 6261 6267
f 6267 6261 6266
f 6266 6261 6262
f 6266 6262 6265
f 6265 6262 6264
f 6264 6262 6263
f 6285 6274 6284
f 6284 6274 6275
f 6284 6275 6283
f 6283 6275 6276
f 6283 6276 6277
f 6283 6277 6282
f 6282 6277 6278
f 6282 6278 6281
f 6281 6278 6279
f 6281 6279 6280
f 6286 6287 6293
f 6293 6287 6288
f 6293 6288 6292
f 6292 6288 6291
f 6291 6288 6290
f 6290 6288 6289
f 6299 6294 6297
f 6297 6294 6295
f 6297 6295 6296
f 6297 6298 6299
f 6307 6300 6306
f 6306 6300 6301
f 6306 6301 6305
f 6305 6301 6302
f 6305 6302 6303
f 6303 6304 6305
f 6309 6310 6308
f 6308 6310 6311
f 6313 6314 6312
f 6312 6314 6315
f 6316 6317 6323
f 6323 6317 6322
f 6322 6317 6318
f 6322 6318 6321
f 6321 6318 6320
f 6320 6318 6319
f 6324 6325 6327
f 6327 6325 6326
f 6329 6330 6328
f 6328 6330 6331
f 6332 6333 6335
f 6335 6333 6334
f 6337 6338 6336
f 6336 6338 6339
f 6341 6342 6340
f 6340 6342 6343
f 6345 6346 6344
f 6344 6346 6347
f 6349 6350 6348
f 6348 6350 6351
f 6352 6353 6359
f 6359 6353 6354
f 6359 6354 6355
f 6356 6357 6355
f 6355 6357 6358
f 6355 6358 6359
f 6361 6362 6360
f 6360 6362 6363
f 6365 6366 6364
f 6364 6366 6367
f 6368 6369 6371
f 6371 6369 6370
f 6379 6372 6378
f 6378 6372 6373
f 6378 6373 6377
f 6377 6373 6374
f 6377 6374 6376
f 6376 6374 6375
f 6380 6381 6383
f 6383 6381 6382
f 6391 6384 6390
f 6390 6384 6385
f 6390 6385 6389
f 6389 6385 6386
f 6389 6386 6388
f 6388 6386 6387
f 6393 6401 6392
f 6392 6401 6402
f 6403 6397 6396
f 6396 6397 6398
f 6396 6398 6399
f 6393 6394 6401
f 6401 6394 6400
f 6400 6394 6395
f 6400 6395 6399
f 6399 6395 6396
f 6405 6413 6404
f 6404 6413 6409
f 6404 6409 6408
f 6408 6409 6410
f 6408 6410 6415
f 6405 6406 6413
f 6413 6406 6412
f 6412 6406 6414
f 6412 6414 6411
f 6415 6407 6408
f 6416 6417 6419
f 6419 6417 6418
f 6421 6429 6420
f 6420 6429 6430
f 6431 6425 6424
f 6424 6425 6426
f 6424 6426 6427
f 6421 6422 6429
f 6429 6422 6428
f 6428 6422 6423
f 6428 6423 6427
f 6427 6423 6424
f 6439 6432 6438
f 6438 6432 6433
f 6438 6433 6434
f 6438 6434 6437
f 6437 6434 6435
f 6437 6435 6436
f 6441 6442 6440
f 6440 6442 6443
f 6440 6443 6444
f 6446 6447 6445
f 6445 6447 6448
f 6450 6513 6449
f 6449 6513 6514
f 6449 6514 6508
f 6508 6514 6507
f 6507 6514 6506
f 6506 6514 6505
f 6505 6514 6500
f 6505 6500 6502
f 6502 6500 6501
f 6450 6451 6513
f 6513 6451 6452
f 6513 6452 6521
f 6521 6452 6457
f 6521 6457 6458
f 6453 6454 6452
f 6452 6454 6457
f 6454 6455 6457
f 6457 6455 6456
f 6458 6459 6521
f 6521 6459 6460
f 6521 6460 6520
f 6520 6460 6465
f 6520 6465 6466
f 6461 6462 6460
f 6460 6462 6463
f 6460 6463 6465
f 6465 6463 6464
f 6466 6467 6520
f 6520 6467 6519
f 6519 6467 6468
f 6519 6468 6471
f 6471 6468 6470
f 6470 6468 6469
f 6472 6473 6471
f 6471 6473 6519
f 6473 6474 6519
f 6519 6474 6475
f 6519 6475 6518
f 6518 6475 6476
f 6518 6476 6478
f 6478 6476 6477
f 6478 6479 6518
f 6518 6479 6480
f 6518 6480 6481
f 6481 6482 6518
f 6518 6482 6522
f 6518 6522 6517
f 6523 6483 6484
f 6523 6484 6485
f 6485 6486 6523
f 6523 6486 6489
f 6523 6489 6490
f 6486 6487 6489
f 6489 6487 6488
f 6523 6490 6516
f 6516 6490 6491
f 6516 6491 6492
f 6493 6494 6492
f 6492 6494 6495
f 6492 6495 6497
f 6497 6495 6496
f 6492 6497 6516
f 6516 6497 6498
f 6516 6498 6515
f 6515 6498 6499
f 6515 6499 6500
f 6502 6503 6505
f 6505 6503 6504
f 6509 6510 6508
f 6508 6510 6511
f 6508 6511 6449
f 6449 6511 6512
f 6514 6515 6500
f 6524 6525 6527
f 6527 6525 6526
f 6529 6537 6528
f 6528 6537 6533
f 6528 6533 6532
f 6532 6533 6534
f 6532 6534 6539
f 6529 6530 6537
f 6537 6530 6536
f 6536 6530 6538
f 6536 6538 6535
f 6539 6531 6532
f 6547 6540 6546
f 6546 6540 6541
f 6546 6541 6542
f 6546 6542 6545
f 6545 6542 6543
f 6545 6543 6544
f 6548 6549 6555
f 6555 6549 6550
f 6555 6550 6554
f 6554 6550 6551
f 6554 6551 6553
f 6553 6551 6552
f 6556 6557 6559
f 6559 6557 6558
f 6561 6562 6560
f 6560 6562 6563
f 6564 6565 6566
f 6568 6576 6567
f 6567 6576 6572
f 6567 6572 6571
f 6571 6572 6573
f 6571 6573 6578
f 6568 6569 6576
f 6576 6569 6575
f 6575 6569 6577
f 6575 6577 6574
f 6578 6570 6571
f 6580 6581 6579
f 6579 6581 6582
f 6583 6584 6590
f 6590 6584 6589
f 6589 6584 6588
f 6588 6584 6585
f 6588 6585 6587
f 6587 6585 6586
f 6591 6592 6594
f 6594 6592 6593
f 6595 6596 6598
f 6598 6596 6597
f 6600 6601 6599
f 6599 6601 6602
f 6603 6604 6608
f 6608 6604 6605
f 6608 6605 6606
f 6606 6607 6608
f 6610 6611 6609
f 6609 6611 6612
f 6614 6615 6613
f 6613 6615 6618
f 6618 6615 6617
f 6617 6615 6616
f 6620 6621 6619
f 6619 6621 6622
f 6630 6623 6629
f 6629 6623 6624
f 6629 6624 6628
f 6628 6624 6625
f 6628 6625 6627
f 6627 6625 6626
f 6631 6632 6638
f 6638 6632 6633
f 6638 6633 6634
f 6635 6636 6634
f 6634 6636 6637
f 6634 6637 6638
f 6639 6640 6642
f 6642 6640 6641
f 6644 6645 6643
f 6643 6645 6646
f 6648 6649 6647
f 6647 6649 6650
f 6651 6652 6654
f 6654 6652 6653
f 6656 6657 6655
f 6655 6657 6658
f 6660 6661 6659
f 6659 6661 6662
f 6664 6665 6663
f 6663 6665 6666
f 6667 6668 6670
f 6670 6668 6669
f 6671 6672 6674
f 6674 6672 6673
f 6675 6676 6678
f 6678 6676 6677
f 6680 6688 6679
f 6679 6688 6684
f 6679 6684 6683
f 6683 6684 6685
f 6683 6685 6690
f 6680 6681 6688
f 6688 6681 6687
f 6687 6681 6689
f 6687 6689 6686
f 6690 6682 6683
f 6692 6700 6691
f 6691 6700 6696
f 6691 6696 6695
f 6695 6696 6697
f 6695 6697 6702
f 6692 6693 6700
f 6700 6693 6699
f 6699 6693 6701
f 6699 6701 6698
f 6702 6694 6695
f 6703 6704 6706
f 6706 6704 6705
f 6707 6708 6710
f 6710 6708 6709
f 6712 6720 6711
f 6711 6720 6721
f 6722 6716 6715
f 6715 6716 6717
f 6715 6717 6718
f 6712 6713 6720
f 6720 6713 6719
f 6719 6713 6714
f 6719 6714 6718
f 6718 6714 6715
f 6730 6723 6729
f 6729 6723 6724
f 6729 6724 6725
f 6729 6725 6728
f 6728 6725 6726
f 6728 6726 6727
f 6731 6732 6733
f 6734 6735 6737
f 6737 6735 6736
f 6738 6739 6741
f 6741 6739 6740
f 6749 6742 6748
f 6748 6742 6743
f 6748 6743 6747
f 6747 6743 6744
f 6747 6744 6746
f 6746 6744 6745
f 6751 6759 6750
f 6750 6759 6755
f 6750 6755 6754
f 6754 6755 6756
f 6754 6756 6761
f 6751 6752 6759
f 6759 6752 6758
f 6758 6752 6760
f 6758 6760 6757
f 6761 6753 6754
f 6769 6762 6768
f 6768 6762 6763
f 6768 6763 6764
f 6768 6764 6767
f 6767 6764 6765
f 6767 6765 6766
f 6777 6770 6776
f 6776 6770 6771
f 6776 6771 6775
f 6775 6771 6772
f 6775 6772 6774
f 6774 6772 6773
f 6778 6779 6781
f 6781 6779 6780
f 6783 6944 6782
f 6782 6944 6945
f 6782 6945 6831
f 6831 6945 6830
f 6830 6945 6829
f 6829 6945 6946
f 6829 6946 6947
f 6784 6942 6783
f 6783 6942 6943
f 6783 6943 6944
f 6785 6971 6784
f 6784 6971 6972
f 6784 6972 6942
f 6942 6972 6941
f 6941 6972 6973
f 6941 6973 6940
f 6940 6973 6974
f 6940 6974 6939
f 6939 6974 6975
f 6939 6975 6938
f 6938 6975 6976
f 6938 6976 6937
f 6937 6976 6837
f 6937 6837 6936
f 6936 6837 6935
f 6935 6837 6838
f 6935 6838 6934
f 6934 6838 6839
f 6934 6839 6933
f 6933 6839 6932
f 6932 6839 6981
f 6932 6981 6931
f 6931 6981 6982
f 6931 6982 6930
f 6930 6982 6983
f 6930 6983 6984
f 6785 6786 6971
f 6971 6786 6970
f 6970 6786 6969
f 6969 6786 6787
f 6969 6787 6968
f 6968 6787 6925
f 6968 6925 6926
f 6787 6788 6925
f 6925 6788 6924
f 6924 6788 7027
f 6924 7027 6923
f 6923 7027 7028
f 6923 7028 6922
f 6922 7028 7029
f 6922 7029 6915
f 6915 7029 7000
f 6915 7000 7001
f 7027 6788 7026
f 7026 6788 6789
f 7026 6789 7025
f 7025 6789 7044
f 7044 6789 6790
f 7044 6790 6791
f 6792 7023 6791
f 6791 7023 7043
f 6791 7043 7044
f 6793 7021 6792
f 6792 7021 7022
f 6792 7022 7023
f 7021 6793 7020
f 7020 6793 6794
f 7020 6794 6795
f 6795 6796 7020
f 7020 6796 7019
f 7019 6796 7018
f 7018 6796 6797
f 7018 6797 7017
f 7017 6797 7016
f 7016 6797 7015
f 7015 6797 6798
f 7015 6798 7014
f 7014 6798 7013
f 7013 6798 7012
f 7012 6798 6851
f 7012 6851 6852
f 6798 6799 6851
f 6851 6799 6890
f 6851 6890 6850
f 6850 6890 6891
f 6850 6891 6892
f 6800 6886 6799
f 6799 6886 6887
f 6799 6887 6888
f 6801 6884 6800
f 6800 6884 6885
f 6800 6885 6886
f 6884 6801 6804
f 6804 6801 6802
f 6804 6802 6803
f 6884 6804 6883
f 6883 6804 6805
f 6883 6805 6882
f 6882 6805 6881
f 6881 6805 6806
f 6881 6806 6880
f 6880 6806 6879
f 6879 6806 6902
f 6902 6806 6807
f 6902 6807 6901
f 6901 6807 6808
f 6901 6808 6809
f 6809 6810 6901
f 6901 6810 6811
f 6901 6811 6900
f 6900 6811 6899
f 6899 6811 6898
f 6898 6811 6897
f 6897 6811 6812
f 6897 6812 6896
f 6896 6812 6895
f 6895 6812 6849
f 6895 6849 6850
f 6812 6813 6849
f 6849 6813 6860
f 6849 6860 6848
f 6848 6860 6861
f 6848 6861 6862
f 6814 6858 6813
f 6813 6858 6859
f 6813 6859 6860
f 6815 6878 6814
f 6814 6878 6855
f 6814 6855 6856
f 6815 6816 6878
f 6878 6816 6817
f 6878 6817 6818
f 6878 6818 6877
f 6877 6818 6819
f 6877 6819 6876
f 6876 6819 6875
f 6875 6819 6874
f 6874 6819 6820
f 6874 6820 6873
f 6873 6820 6872
f 6872 6820 6821
f 6872 6821 6871
f 6871 6821 6824
f 6871 6824 6825
f 6822 6823 6821
f 6821 6823 6824
f 6826 6869 6825
f 6825 6869 6870
f 6825 6870 6871
f 6827 6847 6826
f 6826 6847 6865
f 6826 6865 6866
f 6828 6950 6827
f 6827 6950 6951
f 6827 6951 6952
f 6829 6947 6828
f 6828 6947 6948
f 6828 6948 6949
f 6833 6993 6832
f 6832 6993 6994
f 6832 6994 6995
f 6993 6833 6992
f 6992 6833 6834
f 6992 6834 6991
f 6991 6834 6990
f 6990 6834 7039
f 6990 7039 6989
f 6989 7039 7040
f 6989 7040 6988
f 6988 7040 7041
f 6988 7041 6987
f 6987 7041 7042
f 6987 7042 7024
f 7024 7042 7043
f 7024 7043 7023
f 6834 6835 7039
f 7039 6835 7038
f 7038 6835 7037
f 7037 6835 6836
f 7037 6836 7036
f 7036 6836 6832
f 7036 6832 7035
f 7035 6832 7034
f 7034 6832 6995
f 7034 6995 7033
f 7033 6995 6996
f 7033 6996 7032
f 7032 6996 6997
f 7032 6997 6998
f 6839 6840 6981
f 6981 6840 6980
f 6980 6840 6979
f 6979 6840 6841
f 6979 6841 6978
f 6978 6841 6837
f 6978 6837 6977
f 6977 6837 6976
f 6843 6906 6842
f 6842 6906 6907
f 6842 6907 6928
f 6928 6907 6927
f 6927 6907 6908
f 6927 6908 6986
f 6986 6908 6965
f 6986 6965 6985
f 6985 6965 6966
f 6985 6966 6984
f 6984 6966 6929
f 6984 6929 6930
f 6844 6904 6843
f 6843 6904 6905
f 6843 6905 6906
f 6845 6921 6844
f 6844 6921 6916
f 6844 6916 6903
f 6846 6919 6845
f 6845 6919 6920
f 6845 6920 6921
f 6842 6917 6846
f 6846 6917 6918
f 6846 6918 6919
f 6847 6848 6865
f 6865 6848 6864
f 6864 6848 6863
f 6863 6848 6862
f 6853 7007 6852
f 6852 7007 7008
f 6852 7008 7009
f 6854 6958 6853
f 6853 6958 6911
f 6853 6911 6912
f 6847 6953 6854
f 6854 6953 6954
f 6854 6954 6955
f 6856 6857 6814
f 6814 6857 6858
f 6866 6867 6826
f 6826 6867 6868
f 6826 6868 6869
f 6888 6889 6799
f 6799 6889 6890
f 6892 6893 6850
f 6850 6893 6894
f 6850 6894 6895
f 6903 6904 6844
f 6965 6908 6964
f 6964 6908 6909
f 6964 6909 6963
f 6963 6909 6910
f 6963 6910 6962
f 6962 6910 6961
f 6961 6910 6960
f 6960 6910 6911
f 6960 6911 6959
f 6959 6911 6958
f 6913 7005 6912
f 6912 7005 7006
f 6912 7006 7007
f 6914 7002 6913
f 6913 7002 7003
f 6913 7003 7004
f 7002 6914 7001
f 7001 6914 6915
f 6915 6916 6922
f 6922 6916 6921
f 6968 6926 6967
f 6967 6926 6927
f 6967 6927 6986
f 6928 6917 6842
f 6949 6950 6828
f 6952 6953 6827
f 6827 6953 6847
f 6955 6956 6854
f 6854 6956 6957
f 6854 6957 6958
f 6999 7030 6998
f 6998 7030 7031
f 6998 7031 7032
f 7030 6999 7029
f 7029 6999 7000
f 7004 7005 6913
f 7009 7010 6852
f 6852 7010 7011
f 6852 7011 7012
f 7007 6853 6912
f 7046 7054 7045
f 7045 7054 7055
f 7056 7050 7049
f 7049 7050 7051
f 7049 7051 7052
f 7046 7047 7054
f 7054 7047 7053
f 7053 7047 7048
f 7053 7048 7052
f 7052 7048 7049
f 7064 7057 7063
f 7063 7057 7058
f 7063 7058 7059
f 7063 7059 7062
f 7062 7059 7060
f 7062 7060 7061
f 7066 7067 7065
f 7065 7067 7068
f 7070 7071 7069
f 7069 7071 7072
f 7074 7075 7073
f 7073 7075 7076
f 7078 7079 7077
f 7077 7079 7080
f 7081 7082 7084
f 7084 7082 7083
f 7092 7085 7091
f 7091 7085 7086
f 7091 7086 7090
f 7090 7086 7087
f 7090 7087 7089
f 7089 7087 7088
f 7094 7095 7093
f 7093 7095 7096
f 7098 7099 7097
f 7097 7099 7100
f 7102 7110 7101
f 7101 7110 7106
f 7101 7106 7105
f 7105 7106 7107
f 7105 7107 7112
f 7102 7103 7110
f 7110 7103 7109
f 7109 7103 7111
f 7109 7111 7108
f 7112 7104 7105
f 7114 7115 7113
f 7113 7115 7116
f 7117 7118 7124
f 7124 7118 7119
f 7124 7119 7120
f 7121 7122 7120
f 7120 7122 7123
f 7120 7123 7124
f 7126 7127 7125
f 7125 7127 7128
f 7130 7131 7129
f 7129 7131 7132
f 7134 7135 7133
f 7133 7135 7137
f 7137 7135 7136
f 7138 7139 7141
f 7141 7139 7140
f 7142 7143 7149
f 7149 7143 7144
f 7149 7144 7148
f 7148 7144 7147
f 7147 7144 7146
f 7146 7144 7145
f 7151 7159 7150
f 7150 7159 7160
f 7161 7155 7154
f 7154 7155 7156
f 7154 7156 7157
f 7151 7152 7159
f 7159 7152 7158
f 7158 7152 7153
f 7158 7153 7157
f 7157 7153 7154
f 7163 7171 7162
f 7162 7171 7172
f 7173 7167 7166
f 7166 7167 7168
f 7166 7168 7169
f 7163 7164 7171
f 7171 7164 7170
f 7170 7164 7165
f 7170 7165 7169
f 7169 7165 7166
f 7174 7175 7181
f 7181 7175 7176
f 7181 7176 7177
f 7178 7179 7177
f 7177 7179 7180
f 7177 7180 7181
f 7182 7183 7189
f 7189 7183 7188
f 7188 7183 7184
f 7188 7184 7187
f 7187 7184 7186
f 7186 7184 7185
f 7190 7191 7194
f 7194 7191 7192
f 7194 7192 7193
f 7202 7195 7201
f 7201 7195 7196
f 7201 7196 7200
f 7200 7196 7197
f 7200 7197 7199
f 7199 7197 7198
f 7203 7204 7205
f 7207 7215 7206
f 7206 7215 7211
f 7206 7211 7210
f 7210 7211 7212
f 7210 7212 7217
f 7207 7208 7215
f 7215 7208 7214
f 7214 7208 7216
f 7214 7216 7213
f 7217 7209 7210
f 7225 7218 7224
f 7224 7218 7219
f 7224 7219 7220
f 7221 7222 7220
f 7220 7222 7223
f 7220 7223 7224
f 7226 7227 7233
f 7233 7227 7232
f 7232 7227 7228
f 7232 7228 7231
f 7231 7228 7230
f 7230 7228 7229
f 7235 7236 7234
f 7234 7236 7237
f 7234 7237 7238
f 7240 7241 7239
f 7239 7241 7242
f 7243 7244 7257
f 7257 7244 7245
f 7257 7245 7256
f 7256 7245 7246
f 7256 7246 7260
f 7260 7246 7259
f 7259 7246 7249
f 7259 7249 7250
f 7247 7248 7246
f 7246 7248 7249
f 7259 7250 7258
f 7258 7250 7251
f 7258 7251 7252
f 7258 7252 7262
f 7262 7252 7253
f 7262 7253 7261
f 7261 7253 7254
f 7261 7254 7260
f 7260 7254 7255
f 7260 7255 7256
f 7264 7271 7263
f 7263 7271 7272
f 7263 7272 7270
f 7270 7272 7273
f 7270 7273 7269
f 7269 7273 7274
f 7269 7274 7268
f 7268 7274 7267
f 7267 7274 7280
f 7279 7275 7266
f 7266 7275 7276
f 7266 7276 7277
f 7271 7264 7278
f 7278 7264 7265
f 7278 7265 7277
f 7277 7265 7266
f 7281 7282 7288
f 7288 7282 7287
f 7287 7282 7286
f 7286 7282 7283
f 7286 7283 7285
f 7285 7283 7284
f 7289 7290 7292
f 7292 7290 7291
f 7300 7293 7299
f 7299 7293 7294
f 7299 7294 7298
f 7298 7294 7295
f 7298 7295 7296
f 7296 7297 7298
f 7301 7302 7306
f 7306 7302 7303
f 7306 7303 7304
f 7304 7305 7306
f 7308 7309 7307
f 7307 7309 7310
f 7311 7312 7314
f 7314 7312 7313
f 7316 7317 7315
f 7315 7317 7318
f 7320 7328 7319
f 7319 7328 7324
f 7319 7324 7323
f 7323 7324 7325
f 7323 7325 7330
f 7320 7321 7328
f 7328 7321 7327
f 7327 7321 7329
f 7327 7329 7326
f 7330 7322 7323
f 7332 7333 7331
f 7331 7333 7334
f 7336 7337 7335
f 7335 7337 7339
f 7339 7337 7338
f 7341 7342 7340
f 7340 7342 7349
f 7340 7349 7350
f 7349 7342 7348
f 7348 7342 7343
f 7348 7343 7345
f 7345 7343 7344
f 7345 7346 7348
f 7348 7346 7347
f 7352 7353 7351
f 7351 7353 7354
f 7356 7357 7355
f 7355 7357 7358
f 7359 7360 7366
f 7366 7360 7361
f 7366 7361 7362
f 7363 7364 7362
f 7362 7364 7365
f 7362 7365 7366
f 7368 7369 7367
f 7367 7369 7370
f 7372 7373 7371
f 7371 7373 7374
f 7376 7384 7375
f 7375 7384 7385
f 7386 7380 7379
f 7379 7380 7381
f 7379 7381 7382
f 7376 7377 7384
f 7384 7377 7383
f 7383 7377 7378
f 7383 7378 7382
f 7382 7378 7379
f 7388 7389 7387
f 7387 7389 7391
f 7391 7389 7390
f 7393 7394 7392
f 7392 7394 7401
f 7392 7401 7402
f 7401 7394 7400
f 7400 7394 7395
f 7400 7395 7397
f 7397 7395 7396
f 7397 7398 7400
f 7400 7398 7399
f 7403 7404 7406
f 7406 7404 7405
f 7408 7409 7407
f 7407 7409 7410
f 7412 7413 7411
f 7411 7413 7414
f 7416 7417 7415
f 7415 7417 7419
f 7419 7417 7418
f 7420 7421 7423
f 7423 7421 7422
f 7425 7439 7424
f 7424 7439 7440
f 7441 7432 7431
f 7431 7432 7433
f 7431 7433 7434
f 7425 7426 7439
f 7439 7426 7438
f 7438 7426 7427
f 7438 7427 7437
f 7437 7427 7428
f 7437 7428 7436
f 7436 7428 7429
f 7436 7429 7435
f 7435 7429 7430
f 7435 7430 7434
f 7434 7430 7431
f 7442 7443 7445
f 7445 7443 7444
f 7447 7448 7446
f 7446 7448 7449
f 7457 7450 7456
f 7456 7450 7451
f 7456 7451 7455
f 7455 7451 7452
f 7455 7452 7453
f 7453 7454 7455
f 7458 7459 7460
f 7462 7463 7461
f 7461 7463 7464
f 7472 7465 7471
f 7471 7465 7466
f 7471 7466 7470
f 7470 7466 7467
f 7470 7467 7468
f 7468 7469 7470
f 7473 7474 7487
f 7487 7474 7486
f 7486 7474 7489
f 7486 7489 7485
f 7485 7489 7490
f 7485 7490 7484
f 7484 7490 7491
f 7484 7491 7483
f 7483 7491 7492
f 7483 7492 7482
f 7482 7492 7488
f 7482 7488 7481
f 7481 7488 7480
f 7480 7488 7489
f 7480 7489 7479
f 7479 7489 7474
f 7479 7474 7475
f 7479 7475 7478
f 7478 7475 7476
f 7478 7476 7477
f 7493 7494 7500
f 7500 7494 7495
f 7500 7495 7499
f 7499 7495 7496
f 7499 7496 7498
f 7498 7496 7497
f 7508 7501 7507
f 7507 7501 7502
f 7507 7502 7503
f 7507 7503 7506
f 7506 7503 7504
f 7506 7504 7505
f 7516 7509 7515
f 7515 7509 7510
f 7515 7510 7514
f 7514 7510 7511
f 7514 7511 7512
f 7512 7513 7514
f 7517 7518 7524
f 7524 7518 7523
f 7523 7518 7522
f 7522 7518 7519
f 7522 7519 7521
f 7521 7519 7520
f 7525 7526 7528
f 7528 7526 7527
f 7529 7530 7543
f 7543 7530 7531
f 7543 7531 7542
f 7542 7531 7532
f 7542 7532 7546
f 7546 7532 7545
f 7545 7532 7535
f 7545 7535 7536
f 7533 7534 7532
f 7532 7534 7535
f 7545 7536 7544
f 7544 7536 7537
f 7544 7537 7538
f 7544 7538 7548
f 7548 7538 7539
f 7548 7539 7547
f 7547 7539 7540
f 7547 7540 7546
f 7546 7540 7541
f 7546 7541 7542
f 7550 7551 7549
f 7549 7551 7552
f 7553 7554 7560
f 7560 7554 7555
f 7560 7555 7556
f 7557 7558 7556
f 7556 7558 7559
f 7556 7559 7560
f 7562 7563 7561
f 7561 7563 7564
f 7566 7574 7565
f 7565 7574 7575
f 7576 7570 7569
f 7569 7570 7571
f 7569 7571 7572
f 7566 7567 7574
f 7574 7567 7573
f 7573 7567 7568
f 7573 7568 7572
f 7572 7568 7569
f 7578 7579 7577
f 7577 7579 7581
f 7581 7579 7580
f 7583 7584 7582
f 7582 7584 7585
f 7587 7588 7586
f 7586 7588 7589
f 7591 7592 7590
f 7590 7592 7593
f 7595 7597 7594
f 7594 7597 7599
f 7594 7599 7600
f 7595 7596 7597
f 7597 7598 7599
f 7602 7603 7601
f 7601 7603 7604
f 7606 7607 7605
f 7605 7607 7608
f 7610 7611 7609
f 7609 7611 7612
f 7614 7615 7613
f 7613 7615 7616
f 7618 7619 7617
f 7617 7619 7620
f 7622 7623 7621
f 7621 7623 7624
f 7626 7634 7625
f 7625 7634 7635
f 7636 7630 7629
f 7629 7630 7631
f 7629 7631 7632
f 7626 7627 7634
f 7634 7627 7633
f 7633 7627 7628
f 7633 7628 7632
f 7632 7628 7629
f 7637 7638 7640
f 7640 7638 7639
f 7642 7643 7641
f 7641 7643 7644
f 7646 7647 7645
f 7645 7647 7648
f 7650 7652 7649
f 7649 7652 7654
f 7649 7654 7655
f 7650 7651 7652
f 7652 7653 7654
f 7657 7658 7656
f 7656 7658 7660
f 7660 7658 7659
f 7661 7662 7664
f 7664 7662 7663
f 7666 7667 7665
f 7665 7667 7674
f 7665 7674 7675
f 7674 7667 7673
f 7673 7667 7668
f 7673 7668 7670
f 7670 7668 7669
f 7670 7671 7673
f 7673 7671 7672
f 7677 7678 7676
f 7676 7678 7679
f 7687 7680 7686
f 7686 7680 7681
f 7686 7681 7682
f 7683 7684 7682
f 7682 7684 7685
f 7682 7685 7686
f 7688 7689 7691
f 7691 7689 7690
f 7692 7693 7695
f 7695 7693 7694
f 7697 7698 7696
f 7696 7698 7699
f 7700 7701 7707
f 7707 7701 7706
f 7706 7701 7705
f 7705 7701 7702
f 7705 7702 7704
f 7704 7702 7703
f 7715 7708 7714
f 7714 7708 7709
f 7714 7709 7713
f 7713 7709 7710
f 7713 7710 7711
f 7711 7712 7713
f 7716 7717 7720
f 7720 7717 7719
f 7719 7717 7718
f 7722 7723 7721
f 7721 7723 7724
f 7725 7726 7732
f 7732 7726 7731
f 7731 7726 7730
f 7730 7726 7727
f 7730 7727 7729
f 7729 7727 7728
f 7740 7733 7739
f 7739 7733 7734
f 7739 7734 7738
f 7738 7734 7735
f 7738 7735 7736
f 7736 7737 7738
f 7748 7741 7747
f 7747 7741 7742
f 7747 7742 7746
f 7746 7742 7743
f 7746 7743 7745
f 7745 7743 7744
f 7760 7749 7752
f 7752 7749 7750
f 7752 7750 7751
f 7752 7753 7760
f 7760 7753 7759
f 7759 7753 7754
f 7759 7754 7755
f 7756 7757 7755
f 7755 7757 7758
f 7755 7758 7759
f 7761 7762 7768
f 7768 7762 7763
f 7768 7763 7767
f 7767 7763 7764
f 7767 7764 7766
f 7766 7764 7765
f 7776 7769 7775
f 7775 7769 7770
f 7775 7770 7774
f 7774 7770 7771
f 7774 7771 7773
f 7773 7771 7772
f 7784 7777 7783
f 7783 7777 7778
f 7783 7778 7779
f 7780 7781 7779
f 7779 7781 7782
f 7779 7782 7783
f 7785 7786 7792
f 7792 7786 7787
f 7792 7787 7791
f 7791 7787 7788
f 7791 7788 7790
f 7790 7788 7789
f 7800 7793 7799
f 7799 7793 7794
f 7799 7794 7798
f 7798 7794 7795
f 7798 7795 7796
f 7796 7797 7798
f 7801 7802 7804
f 7804 7802 7803
f 7805 7806 7812
f 7812 7806 7811
f 7811 7806 7807
f 7811 7807 7810
f 7810 7807 7809
f 7809 7807 7808
f 7813 7814 7816
f 7816 7814 7815
f 7817 7818 7820
f 7820 7818 7819
f 7822 7836 7821
f 7821 7836 7837
f 7821 7837 7835
f 7835 7837 7830
f 7835 7830 7831
f 7822 7823 7836
f 7836 7823 7840
f 7840 7823 7824
f 7840 7824 7839
f 7839 7824 7825
f 7839 7825 7838
f 7838 7825 7826
f 7838 7826 7837
f 7837 7826 7827
f 7837 7827 7830
f 7830 7827 7828
f 7830 7828 7829
f 7835 7831 7834
f 7834 7831 7832
f 7834 7832 7833
f 7841 7842 7848
f 7848 7842 7847
f 7847 7842 7846
f 7846 7842 7843
f 7846 7843 7845
f 7845 7843 7844
f 7850 7851 7849
f 7849 7851 7852
f 7854 7855 7853
f 7853 7855 7856
f 7858 7859 7857
f 7857 7859 7860
f 7862 7863 7861
f 7861 7863 7864
f 7866 7867 7865
f 7865 7867 7868
f 7870 7878 7869
f 7869 7878 7879
f 7880 7874 7873
f 7873 7874 7875
f 7873 7875 7876
f 7870 7871 7878
f 7878 7871 7877
f 7877 7871 7872
f 7877 7872 7876
f 7876 7872 7873
f 7881 7882 7884
f 7884 7882 7883
f 7886 7887 7885
f 7885 7887 7888
f 7890 7891 7889
f 7889 7891 7892
f 7893 7894 7900
f 7900 7894 7895
f 7900 7895 7896
f 7897 7898 7896
f 7896 7898 7899
f 7896 7899 7900
f 7901 7902 7904
f 7904 7902 7903
f 7912 7905 7911
f 7911 7905 7906
f 7911 7906 7907
f 7908 7909 7907
f 7907 7909 7910
f 7907 7910 7911
f 7914 7915 7913
f 7913 7915 7916
f 7918 7919 7917
f 7917 7919 7920
f 7922 7923 7921
f 7921 7923 7924
f 7925 7926 7928
f 7928 7926 7927
f 7929 7930 7932
f 7932 7930 7931
f 7934 7935 7933
f 7933 7935 7936
f 7938 7939 7937
f 7937 7939 7940
f 7941 7942 7948
f 7948 7942 7943
f 7948 7943 7944
f 7945 7946 7944
f 7944 7946 7947
f 7944 7947 7948
f 7950 7958 7949
f 7949 7958 7959
f 7960 7954 7953
f 7953 7954 7955
f 7953 7955 7956
f 7950 7951 7958
f 7958 7951 7957
f 7957 7951 7952
f 7957 7952 7956
f 7956 7952 7953
f 7962 7970 7961
f 7961 7970 7971
f 7972 7966 7965
f 7965 7966 7967
f 7965 7967 7968
f 7962 7963 7970
f 7970 7963 7969
f 7969 7963 7964
f 7969 7964 7968
f 7968 7964 7965
f 7981 7973 7982
f 7982 7973 7974
f 7982 7974 7975
f 7976 7977 7975
f 7975 7977 7982
f 7977 7978 7982
f 7982 7978 7980
f 7982 7980 7981
f 7978 7979 7980
f 7983 7984 7991
f 7991 7984 7992
f 7991 7992 7990
f 7990 7992 7989
f 7989 7992 7988
f 7988 7992 7987
f 7987 7992 7985
f 7987 7985 7986
f 7984 7985 7992
f 8000 7993 7999
f 7999 7993 7994
f 7999 7994 7998
f 7998 7994 7995
f 7998 7995 7997
f 7997 7995 7996
f 8009 8001 8010
f 8010 8001 8002
f 8010 8002 8003
f 8004 8005 8003
f 8003 8005 8010
f 8005 8006 8010
f 8010 8006 8008
f 8010 8008 8009
f 8006 8007 8008
f 8019 8011 8020
f 8020 8011 8012
f 8020 8012 8013
f 8014 8015 8013
f 8013 8015 8020
f 8015 8016 8020
f 8020 8016 8018
f 8020 8018 8019
f 8016 8017 8018
f 8029 8021 8030
f 8030 8021 8022
f 8030 8022 8023
f 8024 8025 8023
f 8023 8025 8030
f 8025 8026 8030
f 8030 8026 8028
f 8030 8028 8029
f 8026 8027 8028
f 8038 8031 8037
f 8037 8031 8032
f 8037 8032 8036
f 8036 8032 8033
f 8036 8033 8035
f 8035 8033 8034
f 8046 8039 8045
f 8045 8039 8040
f 8045 8040 8044
f 8044 8040 8041
f 8044 8041 8043
f 8043 8041 8042
f 8054 8047 8053
f 8053 8047 8048
f 8053 8048 8052
f 8052 8048 8049
f 8052 8049 8051
f 8051 8049 8050
f 8062 8055 8061
f 8061 8055 8056
f 8061 8056 8060
f 8060 8056 8057
f 8060 8057 8059
f 8059 8057 8058
f 8070 8063 8069
f 8069 8063 8064
f 8069 8064 8068
f 8068 8064 8065
f 8068 8065 8067
f 8067 8065 8066
f 8071 8072 8079
f 8079 8072 8080
f 8079 8080 8078
f 8078 8080 8076
f 8078 8076 8077
f 8072 8073 8080
f 8080 8073 8074
f 8080 8074 8075
f 8075 8076 8080
f 8082 8090 8081
f 8081 8090 8091
f 8081 8091 8095
f 8095 8091 8092
f 8095 8092 8094
f 8094 8092 8102
f 8094 8102 8093
f 8093 8102 8103
f 8093 8103 8104
f 8090 8082 8108
f 8108 8082 8083
f 8108 8083 8084
f 8108 8084 8107
f 8107 8084 8085
f 8107 8085 8086
f 8107 8086 8096
f 8096 8086 8081
f 8096 8081 8095
f 8088 8105 8087
f 8087 8105 8100
f 8087 8100 8101
f 8105 8088 8108
f 8108 8088 8089
f 8108 8089 8090
f 8092 8087 8102
f 8102 8087 8101
f 8096 8097 8107
f 8107 8097 8098
f 8107 8098 8106
f 8106 8098 8093
f 8106 8093 8104
f 8100 8105 8099
f 8099 8105 8106
f 8099 8106 8104
f 8110 8115 8109
f 8109 8115 8116
f 8109 8116 8117
f 8110 8111 8115
f 8115 8111 8112
f 8115 8112 8114
f 8114 8112 8113
f 8118 8119 8121
f 8121 8119 8120
f 8123 8128 8122
f 8122 8128 8129
f 8122 8129 8130
f 8123 8124 8128
f 8128 8124 8125
f 8128 8125 8127
f 8127 8125 8126
f 8138 8131 8137
f 8137 8131 8132
f 8137 8132 8136
f 8136 8132 8133
f 8136 8133 8135
f 8135 8133 8134
f 8140 8155 8139
f 8139 8155 8148
f 8139 8148 8146
f 8146 8148 8149
f 8146 8149 8145
f 8145 8149 8144
f 8144 8149 8150
f 8144 8150 8151
f 8140 8141 8155
f 8155 8141 8158
f 8158 8141 8142
f 8158 8142 8143
f 8158 8143 8151
f 8151 8143 8144
f 8148 8155 8147
f 8147 8155 8156
f 8147 8156 8154
f 8154 8156 8153
f 8153 8156 8157
f 8153 8157 8152
f 8152 8157 8151
f 8151 8157 8158
f 8166 8159 8165
f 8165 8159 8160
f 8165 8160 8164
f 8164 8160 8161
f 8164 8161 8163
f 8163 8161 8162
f 8174 8167 8173
f 8173 8167 8168
f 8173 8168 8172
f 8172 8168 8169
f 8172 8169 8171
f 8171 8169 8170
f 8176 8177 8175
f 8175 8177 8178
f 8179 8180 8187
f 8187 8180 8188
f 8187 8188 8186
f 8186 8188 8184
f 8186 8184 8185
f 8180 8181 8188
f 8188 8181 8182
f 8188 8182 8183
f 8183 8184 8188
f 8196 8189 8195
f 8195 8189 8190
f 8195 8190 8194
f 8194 8190 8191
f 8194 8191 8193
f 8193 8191 8192
f 8197 8198 8200
f 8200 8198 8199
f 8201 8202 8212
f 8212 8202 8203
f 8212 8203 8205
f 8205 8203 8204
f 8205 8206 8212
f 8212 8206 8211
f 8211 8206 8209
f 8211 8209 8210
f 8207 8208 8206
f 8206 8208 8209
f 8213 8214 8224
f 8224 8214 8215
f 8224 8215 8217
f 8217 8215 8216
f 8217 8218 8224
f 8224 8218 8223
f 8223 8218 8221
f 8223 8221 8222
f 8219 8220 8218
f 8218 8220 8221
f 8232 8225 8231
f 8231 8225 8226
f 8231 8226 8230
f 8230 8226 8227
f 8230 8227 8229
f 8229 8227 8228
f 8240 8233 8239
f 8239 8233 8234
f 8239 8234 8238
f 8238 8234 8235
f 8238 8235 8237
f 8237 8235 8236
f 8242 8255 8241
f 8241 8255 8247
f 8241 8247 8246
f 8246 8247 8248
f 8246 8248 8249
f 8255 8242 8254
f 8254 8242 8243
f 8254 8243 8244
f 8254 8244 8250
f 8250 8244 8245
f 8250 8245 8249
f 8249 8245 8246
f 8254 8250 8253
f 8253 8250 8251
f 8253 8251 8252
f 8253 8252 8256
f 8256 8252 8247
f 8256 8247 8255
f 8257 8258 8265
f 8265 8258 8266
f 8265 8266 8264
f 8264 8266 8263
f 8263 8266 8262
f 8262 8266 8261
f 8261 8266 8259
f 8261 8259 8260
f 8258 8259 8266
f 8274 8267 8273
f 8273 8267 8268
f 8273 8268 8272
f 8272 8268 8269
f 8272 8269 8271
f 8271 8269 8270
f 8282 8275 8281
f 8281 8275 8276
f 8281 8276 8280
f 8280 8276 8277
f 8280 8277 8279
f 8279 8277 8278
f 8290 8283 8289
f 8289 8283 8284
f 8289 8284 8288
f 8288 8284 8285
f 8288 8285 8287
f 8287 8285 8286
f 8298 8291 8297
f 8297 8291 8292
f 8297 8292 8296
f 8296 8292 8293
f 8296 8293 8295
f 8295 8293 8294
f 8300 8310 8299
f 8299 8310 8305
f 8299 8305 8304
f 8304 8305 8306
f 8304 8306 8303
f 8303 8306 8307
f 8303 8307 8302
f 8302 8307 8312
f 8311 8308 8301
f 8301 8308 8309
f 8301 8309 8300
f 8300 8309 8310
f 8320 8313 8319
f 8319 8313 8314
f 8319 8314 8318
f 8318 8314 8315
f 8318 8315 8317
f 8317 8315 8316
f 8322 8332 8321
f 8321 8332 8327
f 8321 8327 8326
f 8326 8327 8328
f 8326 8328 8325
f 8325 8328 8329
f 8325 8329 8324
f 8324 8329 8334
f 8333 8330 8323
f 8323 8330 8331
f 8323 8331 8322
f 8322 8331 8332
f 8335 8336 8343
f 8343 8336 8344
f 8343 8344 8342
f 8342 8344 8340
f 8342 8340 8341
f 8336 8337 8344
f 8344 8337 8338
f 8344 8338 8339
f 8339 8340 8344
f 8345 8346 8353
f 8353 8346 8354
f 8353 8354 8352
f 8352 8354 8350
f 8352 8350 8351
f 8346 8347 8354
f 8354 8347 8348
f 8354 8348 8349
f 8349 8350 8354
f 8356 8357 8355
f 8355 8357 8358
f 8355 8358 8360
f 8360 8358 8359
f 8362 8372 8361
f 8361 8372 8367
f 8361 8367 8366
f 8366 8367 8368
f 8366 8368 8365
f 8365 8368 8369
f 8365 8369 8364
f 8364 8369 8374
f 8373 8370 8363
f 8363 8370 8371
f 8363 8371 8362
f 8362 8371 8372
f 8376 8377 8375
f 8375 8377 8378
f 8375 8378 8380
f 8380 8378 8379
f 8382 8392 8381
f 8381 8392 8393
f 8381 8393 8388
f 8388 8393 8394
f 8388 8394 8387
f 8387 8394 8395
f 8387 8395 8386
f 8386 8395 8396
f 8386 8396 8385
f 8385 8396 8397
f 8398 8389 8384
f 8384 8389 8390
f 8384 8390 8383
f 8383 8390 8391
f 8383 8391 8382
f 8382 8391 8392
f 8406 8399 8405
f 8405 8399 8400
f 8405 8400 8404
f 8404 8400 8401
f 8404 8401 8403
f 8403 8401 8402
f 8408 8418 8407
f 8407 8418 8413
f 8407 8413 8412
f 8412 8413 8414
f 8412 8414 8411
f 8411 8414 8415
f 8411 8415 8410
f 8410 8415 8420
f 8419 8416 8409
f 8409 8416 8417
f 8409 8417 8408
f 8408 8417 8418
f 8422 8423 8421
f 8421 8423 8424
f 8421 8424 8426
f 8426 8424 8425
f 8428 8438 8427
f 8427 8438 8440
f 8439 8433 8432
f 8432 8433 8434
f 8432 8434 8431
f 8431 8434 8435
f 8431 8435 8430
f 8430 8435 8436
f 8430 8436 8429
f 8429 8436 8437
f 8429 8437 8428
f 8428 8437 8438
f 8442 8452 8441
f 8441 8452 8453
f 8441 8453 8448
f 8448 8453 8454
f 8448 8454 8447
f 8447 8454 8455
f 8447 8455 8446
f 8446 8455 8456
f 8446 8456 8445
f 8445 8456 8457
f 8458 8449 8444
f 8444 8449 8450
f 8444 8450 8443
f 8443 8450 8451
f 8443 8451 8442
f 8442 8451 8452
f 8460 8461 8459
f 8459 8461 8462
f 8459 8462 8464
f 8464 8462 8463
f 8472 8465 8473
f 8473 8465 8466
f 8473 8466 8478
f 8478 8466 8467
f 8478 8467 8477
f 8477 8467 8468
f 8477 8468 8476
f 8476 8468 8469
f 8476 8469 8470
f 8476 8470 8475
f 8475 8470 8471
f 8475 8471 8474
f 8474 8471 8472
f 8474 8472 8473
f 8480 8490 8479
f 8479 8490 8492
f 8491 8485 8484
f 8484 8485 8486
f 8484 8486 8483
f 8483 8486 8487
f 8483 8487 8482
f 8482 8487 8488
f 8482 8488 8481
f 8481 8488 8489
f 8481 8489 8480
f 8480 8489 8490
f 8500 8493 8501
f 8501 8493 8494
f 8501 8494 8506
f 8506 8494 8495
f 8506 8495 8505
f 8505 8495 8496
f 8505 8496 8504
f 8504 8496 8497
f 8504 8497 8498
f 8504 8498 8503
f 8503 8498 8499
f 8503 8499 8502
f 8502 8499 8500
f 8502 8500 8501
f 8507 8508 8514
f 8514 8508 8509
f 8514 8509 8510
f 8511 8512 8510
f 8510 8512 8513
f 8510 8513 8514
f 8515 8516 8522
f 8522 8516 8517
f 8522 8517 8521
f 8521 8517 8518
f 8521 8518 8520
f 8520 8518 8519
f 8523 8524 8530
f 8530 8524 8525
f 8530 8525 8526
f 8527 8528 8526
f 8526 8528 8529
f 8526 8529 8530
f 8531 8532 8538
f 8538 8532 8533
f 8538 8533 8537
f 8537 8533 8534
f 8537 8534 8536
f 8536 8534 8535
f 8540 8541 8539
f 8539 8541 8546
f 8546 8541 8545
f 8545 8541 8542
f 8545 8542 8544
f 8544 8542 8543
f 8547 8548 8554
f 8554 8548 8549
f 8554 8549 8550
f 8551 8552 8550
f 8550 8552 8553
f 8550 8553 8554
f 8560 8555 8559
f 8559 8555 8556
f 8559 8556 8557
f 8557 8558 8559
f 8561 8562 8568
f 8568 8562 8563
f 8568 8563 8564
f 8565 8566 8564
f 8564 8566 8567
f 8564 8567 8568
f 8569 8570 8576
f 8576 8570 8571
f 8576 8571 8575
f 8575 8571 8572
f 8575 8572 8574
f 8574 8572 8573
f 8578 8579 8577
f 8577 8579 8584
f 8584 8579 8583
f 8583 8579 8580
f 8583 8580 8582
f 8582 8580 8581
f 8590 8585 8589
f 8589 8585 8586
f 8589 8586 8587
f 8587 8588 8589
f 8591 8592 8598
f 8598 8592 8593
f 8598 8593 8597
f 8597 8593 8594
f 8597 8594 8596
f 8596 8594 8595
f 8599 8600 8606
f 8606 8600 8601
f 8606 8601 8602
f 8603 8604 8602
f 8602 8604 8605
f 8602 8605 8606
f 8607 8608 8614
f 8614 8608 8609
f 8614 8609 8613
f 8613 8609 8610
f 8613 8610 8612
f 8612 8610 8611
f 8615 8616 8622
f 8622 8616 8617
f 8622 8617 8621
f 8621 8617 8618
f 8621 8618 8620
f 8620 8618 8619
f 8623 8624 8630
f 8630 8624 8625
f 8630 8625 8629
f 8629 8625 8626
f 8629 8626 8628
f 8628 8626 8627
f 8632 8633 8631
f 8631 8633 8638
f 8638 8633 8634
f 8638 8634 8637
f 8637 8634 8635
f 8637 8635 8636
f 8639 8640 8646
f 8646 8640 8641
f 8646 8641 8642
f 8643 8644 8642
f 8642 8644 8645
f 8642 8645 8646
f 8652 8647 8651
f 8651 8647 8648
f 8651 8648 8649
f 8649 8650 8651
f 8654 8655 8653
f 8653 8655 8660
f 8660 8655 8656
f 8660 8656 8659
f 8659 8656 8657
f 8659 8657 8658
f 8662 8663 8661
f 8661 8663 8668
f 8668 8663 8667
f 8667 8663 8664
f 8667 8664 8666
f 8666 8664 8665
f 8669 8670 8676
f 8676 8670 8671
f 8676 8671 8675
f 8675 8671 8672
f 8675 8672 8674
f 8674 8672 8673
f 8677 8678 8684
f 8684 8678 8679
f 8684 8679 8680
f 8681 8682 8680
f 8680 8682 8683
f 8680 8683 8684
f 8690 8685 8688
f 8688 8685 8686
f 8688 8686 8687
f 8688 8689 8690
f 8692 8696 8691
f 8694 8701 8693
f 8691 8698 8695
f 8700 8697 8692
f 8695 8699 8694
f 8703 8713 8702
f 8702 8713 8708
f 8702 8708 8709
f 8713 8703 8712
f 8712 8703 8704
f 8712 8704 8711
f 8711 8704 8715
f 8714 8705 8710
f 8710 8705 8706
f 8710 8706 8709
f 8709 8706 8707
f 8709 8707 8702
f 8717 8720 8716
f 8716 8720 8723
f 8716 8723 8727
f 8727 8723 8726
f 8726 8723 8725
f 8725 8723 8724
f 8717 8718 8720
f 8720 8718 8719
f 8721 8722 8720
f 8720 8722 8723
f 8728 8729 8738
f 8738 8729 8739
f 8738 8739 8740
f 8740 8739 8732
f 8740 8732 8741
f 8741 8732 8733
f 8741 8733 8734
f 8729 8730 8739
f 8739 8730 8731
f 8739 8731 8732
f 8735 8736 8734
f 8734 8736 8741
f 8741 8736 8740
f 8740 8736 8737
f 8740 8737 8738
f 8747 8742 8746
f 8746 8742 8743
f 8746 8743 8744
f 8744 8745 8746
f 8779 8748 8793
f 8793 8748 8749
f 8793 8749 8750
f 8793 8750 8792
f 8792 8750 8751
f 8792 8751 8791
f 8791 8751 8752
f 8791 8752 8753
f 8791 8753 8790
f 8790 8753 8754
f 8790 8754 8789
f 8789 8754 8755
f 8789 8755 8788
f 8788 8755 8756
f 8788 8756 8787
f 8787 8756 8757
f 8787 8757 8758
f 8758 8759 8787
f 8787 8759 8760
f 8787 8760 8786
f 8786 8760 8761
f 8786 8761 8762
f 8762 8763 8786
f 8786 8763 8785
f 8785 8763 8764
f 8785 8764 8784
f 8784 8764 8765
f 8784 8765 8766
f 8784 8766 8783
f 8783 8766 8767
f 8783 8767 8782
f 8782 8767 8768
f 8782 8768 8781
f 8781 8768 8769
f 8781 8769 8780
f 8780 8769 8770
f 8780 8770 8771
f 8771 8772 8780
f 8780 8772 8773
f 8780 8773 8774
f 8774 8775 8780
f 8780 8775 8793
f 8793 8775 8776
f 8793 8776 8777
f 8777 8778 8793
f 8793 8778 8779
f 8794 8795 8799
f 8799 8795 8798
f 8798 8795 8797
f 8797 8795 8796
f 8805 8800 8804
f 8804 8800 8801
f 8804 8801 8802
f 8802 8803 8804
f 8807 8808 8806
f 8806 8808 8809
f 8815 8810 8813
f 8813 8810 8811
f 8813 8811 8812
f 8813 8814 8815
f 8816 8817 8823
f 8823 8817 8818
f 8823 8818 8819
f 8820 8821 8819
f 8819 8821 8822
f 8819 8822 8823
f 8824 8825 8831
f 8831 8825 8826
f 8831 8826 8830
f 8830 8826 8827
f 8830 8827 8829
f 8829 8827 8828
f 8832 8833 8839
f 8839 8833 8834
f 8839 8834 8835
f 8836 8837 8835
f 8835 8837 8838
f 8835 8838 8839
f 8845 8840 8844
f 8844 8840 8841
f 8844 8841 8842
f 8842 8843 8844
f 8847 8848 8846
f 8846 8848 8849
f 8851 8852 8850
f 8850 8852 8857
f 8857 8852 8856
f 8856 8852 8853
f 8856 8853 8855
f 8855 8853 8854
f 8859 8860 8858
f 8858 8860 8861
f 8858 8861 8863
f 8863 8861 8862
f 8869 8864 8867
f 8867 8864 8865
f 8867 8865 8866
f 8867 8868 8869
f 8870 8871 8885
f 8885 8871 8884
f 8884 8871 8883
f 8883 8871 8872
f 8883 8872 8882
f 8882 8872 8873
f 8882 8873 8874
f 8882 8874 8881
f 8881 8874 8875
f 8881 8875 8880
f 8880 8875 8876
f 8880 8876 8879
f 8879 8876 8877
f 8879 8877 8878
f 8893 8886 8892
f 8892 8886 8887
f 8892 8887 8888
f 8889 8890 8888
f 8888 8890 8891
f 8888 8891 8892
f 8895 8911 8894
f 8894 8911 8902
f 8894 8902 8903
f 8895 8896 8911
f 8911 8896 8912
f 8911 8912 8910
f 8910 8912 8909
f 8909 8912 8908
f 8908 8912 8907
f 8907 8912 8913
f 8907 8913 8900
f 8900 8913 8899
f 8899 8913 8897
f 8899 8897 8898
f 8912 8896 8913
f 8913 8896 8897
f 8900 8901 8907
f 8907 8901 8906
f 8906 8901 8905
f 8905 8901 8904
f 8904 8901 8902
f 8904 8902 8911
f 8910 8904 8911
f 8915 8916 8914
f 8914 8916 8921
f 8921 8916 8920
f 8920 8916 8917
f 8920 8917 8919
f 8919 8917 8918
f 8922 8923 8929
f 8929 8923 8924
f 8929 8924 8925
f 8926 8927 8925
f 8925 8927 8928
f 8925 8928 8929
f 8930 8931 8937
f 8937 8931 8932
f 8937 8932 8936
f 8936 8932 8933
f 8936 8933 8935
f 8935 8933 8934
f 8938 8939 8945
f 8945 8939 8940
f 8945 8940 8944
f 8944 8940 8941
f 8944 8941 8943
f 8943 8941 8942
f 8946 8947 8949
f 8949 8947 8948
f 8951 8952 8950
f 8950 8952 8957
f 8957 8952 8953
f 8957 8953 8956
f 8956 8953 8954
f 8956 8954 8955
f 8959 8960 8958
f 8958 8960 8965
f 8965 8960 8964
f 8964 8960 8961
f 8964 8961 8963
f 8963 8961 8962
f 8971 8966 8970
f 8970 8966 8967
f 8970 8967 8968
f 8968 8969 8970
f 8986 8972 8985
f 8985 8972 8973
f 8985 8973 8984
f 8984 8973 8974
f 8984 8974 8983
f 8983 8974 8982
f 8982 8974 8981
f 8981 8974 8980
f 8980 8974 8979
f 8979 8974 8975
f 8979 8975 8978
f 8978 8975 8976
f 8978 8976 8977
f 8988 8997 8987
f 8987 8997 8998
f 8987 8998 8996
f 8996 8998 8999
f 8996 8999 8995
f 8995 8999 9000
f 8995 9000 8994
f 8994 9000 9001
f 8994 9001 8993
f 8993 9001 8992
f 8992 9001 9007
f 9008 9002 8991
f 8991 9002 9003
f 8991 9003 9004
f 8997 8988 9006
f 9006 8988 8989
f 9006 8989 9005
f 9005 8989 8990
f 9005 8990 9004
f 9004 8990 8991
f 9009 9010 9013
f 9013 9010 9011
f 9013 9011 9012
f 9015 9016 9014
f 9014 9016 9021
f 9021 9016 9020
f 9020 9016 9017
f 9020 9017 9019
f 9019 9017 9018
f 9023 9024 9022
f 9022 9024 9030
f 9030 9024 9025
f 9030 9025 9029
f 9029 9025 9026
f 9029 9026 9028
f 9028 9026 9027
f 9032 9042 9031
f 9031 9042 9037
f 9031 9037 9036
f 9036 9037 9038
f 9036 9038 9035
f 9035 9038 9039
f 9035 9039 9034
f 9034 9039 9044
f 9043 9040 9033
f 9033 9040 9041
f 9033 9041 9032
f 9032 9041 9042
f 9046 9047 9045
f 9045 9047 9048
f 9045 9048 9051
f 9051 9048 9049
f 9051 9049 9050
f 9057 9052 9056
f 9056 9052 9053
f 9056 9053 9054
f 9054 9055 9056
f 9063 9058 9061
f 9061 9058 9059
f 9061 9059 9060
f 9061 9062 9063
f 9064 9065 9071
f 9071 9065 9066
f 9071 9066 9070
f 9070 9066 9067
f 9070 9067 9069
f 9069 9067 9068
f 9073 9077 9072
f 9072 9077 9078
f 9072 9078 9076
f 9076 9078 9082
f 9076 9082 9075
f 9083 9079 9080
f 9083 9080 9074
f 9074 9080 9081
f 9074 9081 9073
f 9073 9081 9077
f 9091 9084 9090
f 9090 9084 9085
f 9090 9085 9086
f 9087 9088 9086
f 9086 9088 9089
f 9086 9089 9090
f 9106 9092 9105
f 9105 9092 9093
f 9105 9093 9104
f 9104 9093 9094
f 9104 9094 9103
f 9103 9094 9102
f 9102 9094 9101
f 9101 9094 9100
f 9100 9094 9099
f 9099 9094 9095
f 9099 9095 9098
f 9098 9095 9096
f 9098 9096 9097
f 9107 9108 9114
f 9114 9108 9109
f 9114 9109 9113
f 9113 9109 9110
f 9113 9110 9112
f 9112 9110 9111
f 9122 9115 9121
f 9121 9115 9116
f 9121 9116 9117
f 9118 9119 9117
f 9117 9119 9120
f 9117 9120 9121
f 9123 9124 9130
f 9130 9124 9125
f 9130 9125 9126
f 9127 9128 9126
f 9126 9128 9129
f 9126 9129 9130
f 9131 9132 9136
f 9136 9132 9135
f 9135 9132 9134
f 9134 9132 9133
f 9142 9137 9143
f 9143 9137 9138
f 9143 9138 9147
f 9147 9138 9139
f 9147 9139 9146
f 9146 9139 9140
f 9146 9140 9145
f 9145 9140 9141
f 9145 9141 9144
f 9144 9141 9142
f 9144 9142 9143
f 9153 9148 9152
f 9152 9148 9149
f 9152 9149 9150
f 9150 9151 9152
f 9159 9154 9158
f 9158 9154 9155
f 9158 9155 9156
f 9156 9157 9158
f 9160 9161 9165
f 9165 9161 9162
f 9165 9162 9163
f 9163 9164 9165
f 9166 9167 9173
f 9173 9167 9168
f 9173 9168 9172
f 9172 9168 9169
f 9172 9169 9171
f 9171 9169 9170
f 9174 9175 9185
f 9185 9175 9186
f 9185 9186 9182
f 9182 9186 9181
f 9181 9186 9179
f 9181 9179 9180
f 9175 9176 9186
f 9186 9176 9179
f 9177 9178 9176
f 9176 9178 9179
f 9183 9184 9182
f 9182 9184 9185
f 9188 9189 9187
f 9187 9189 9193
f 9187 9193 9194
f 9189 9190 9193
f 9193 9190 9192
f 9192 9190 9191
f 9202 9195 9201
f 9201 9195 9196
f 9201 9196 9200
f 9200 9196 9197
f 9200 9197 9199
f 9199 9197 9198
f 9203 9204 9210
f 9210 9204 9205
f 9210 9205 9209
f 9209 9205 9206
f 9209 9206 9208
f 9208 9206 9207
f 9216 9211 9215
f 9215 9211 9212
f 9215 9212 9213
f 9213 9214 9215
f 9224 9217 9223
f 9223 9217 9218
f 9223 9218 9222
f 9222 9218 9219
f 9222 9219 9221
f 9221 9219 9220
f 9226 9227 9225
f 9225 9227 9232
f 9232 9227 9231
f 9231 9227 9228
f 9231 9228 9230
f 9230 9228 9229
f 9238 9233 9236
f 9236 9233 9234
f 9236 9234 9235
f 9236 9237 9238
f 9239 9240 9246
f 9246 9240 9241
f 9246 9241 9245
f 9245 9241 9242
f 9245 9242 9244
f 9244 9242 9243
f 9248 9249 9247
f 9247 9249 9250
f 9251 9252 9258
f 9258 9252 9253
f 9258 9253 9257
f 9257 9253 9254
f 9257 9254 9256
f 9256 9254 9255
f 9260 9261 9259
f 9259 9261 9266
f 9266 9261 9265
f 9265 9261 9262
f 9265 9262 9264
f 9264 9262 9263
f 9272 9267 9270
f 9270 9267 9268
f 9270 9268 9269
f 9270 9271 9272
f 9273 9274 9280
f 9280 9274 9275
f 9280 9275 9276
f 9277 9278 9276
f 9276 9278 9279
f 9276 9279 9280
f 9281 9282 9288
f 9288 9282 9283
f 9288 9283 9284
f 9285 9286 9284
f 9284 9286 9287
f 9284 9287 9288
f 9289 9290 9292
f 9292 9290 9291
f 9294 9295 9293
f 9293 9295 9296
f 9293 9296 9297
f 9298 9318 9297
f 9297 9318 9314
f 9297 9314 9315
f 9298 9299 9318
f 9318 9299 9317
f 9317 9299 9300
f 9317 9300 9301
f 9301 9302 9317
f 9317 9302 9303
f 9317 9303 9304
f 9317 9304 9316
f 9316 9304 9305
f 9316 9305 9306
f 9306 9307 9316
f 9316 9307 9308
f 9316 9308 9309
f 9309 9310 9316
f 9316 9310 9311
f 9316 9311 9312
f 9312 9313 9316
f 9316 9313 9315
f 9315 9313 9293
f 9315 9293 9297
f 9320 9321 9319
f 9319 9321 9326
f 9326 9321 9325
f 9325 9321 9322
f 9325 9322 9324
f 9324 9322 9323
f 9327 9328 9334
f 9334 9328 9329
f 9334 9329 9333
f 9333 9329 9330
f 9333 9330 9332
f 9332 9330 9331
f 9335 9336 9342
f 9342 9336 9337
f 9342 9337 9338
f 9339 9340 9338
f 9338 9340 9341
f 9338 9341 9342
f 9343 9344 9350
f 9350 9344 9345
f 9350 9345 9349
f 9349 9345 9346
f 9349 9346 9348
f 9348 9346 9347
f 9351 9352 9358
f 9358 9352 9353
f 9358 9353 9357
f 9357 9353 9354
f 9357 9354 9356
f 9356 9354 9355
f 9364 9359 9363
f 9363 9359 9360
f 9363 9360 9361
f 9361 9362 9363
f 9370 9365 9369
f 9369 9365 9366
f 9369 9366 9367
f 9367 9368 9369
f 9372 9374 9371
f 9371 9374 9375
f 9371 9375 9376
f 9372 9373 9374
f 9377 9378 9389
f 9389 9378 9388
f 9388 9378 9387
f 9387 9378 9386
f 9386 9378 9379
f 9386 9379 9390
f 9390 9379 9380
f 9390 9380 9381
f 9382 9383 9381
f 9381 9383 9384
f 9381 9384 9390
f 9390 9384 9386
f 9384 9385 9386
f 9396 9391 9395
f 9395 9391 9392
f 9395 9392 9393
f 9393 9394 9395
f 9397 9398 9404
f 9404 9398 9399
f 9404 9399 9403
f 9403 9399 9400
f 9403 9400 9402
f 9402 9400 9401
f 9406 9407 9405
f 9405 9407 9408
f 9409 9410 9416
f 9416 9410 9411
f 9416 9411 9415
f 9415 9411 9412
f 9415 9412 9414
f 9414 9412 9413
f 9422 9417 9421
f 9421 9417 9418
f 9421 9418 9419
f 9419 9420 9421
f 9423 9424 9430
f 9430 9424 9425
f 9430 9425 9426
f 9427 9428 9426
f 9426 9428 9429
f 9426 9429 9430
f 9432 9437 9431
f 9440 9436 9432
f 9435 9439 9434
f 9431 9438 9435
f 9434 9441 9433
f 9442 9443 9447
f 9447 9443 9446
f 9446 9443 9445
f 9445 9443 9444
f 9449 9471 9448
f 9448 9471 9476
f 9448 9476 9477
f 9450 9463 9449
f 9449 9463 9468
f 9449 9468 9469
f 9451 9460 9450
f 9450 9460 9461
f 9450 9461 9462
f 9452 9516 9451
f 9451 9516 9517
f 9451 9517 9518
f 9453 9508 9452
f 9452 9508 9509
f 9452 9509 9510
f 9454 9495 9453
f 9453 9495 9500
f 9453 9500 9501
f 9455 9492 9454
f 9454 9492 9493
f 9454 9493 9494
f 9448 9479 9455
f 9455 9479 9484
f 9455 9484 9485
f 9456 9457 9519
f 9519 9457 9458
f 9519 9458 9460
f 9460 9458 9459
f 9462 9463 9450
f 9464 9465 9463
f 9463 9465 9468
f 9465 9466 9468
f 9468 9466 9467
f 9469 9470 9449
f 9449 9470 9471
f 9472 9473 9471
f 9471 9473 9476
f 9473 9474 9476
f 9476 9474 9475
f 9477 9478 9448
f 9448 9478 9479
f 9480 9481 9479
f 9479 9481 9484
f 9481 9482 9484
f 9484 9482 9483
f 9485 9486 9455
f 9455 9486 9487
f 9455 9487 9492
f 9492 9487 9490
f 9492 9490 9491
f 9488 9489 9487
f 9487 9489 9490
f 9494 9495 9454
f 9496 9497 9495
f 9495 9497 9500
f 9497 9498 9500
f 9500 9498 9499
f 9501 9502 9453
f 9453 9502 9503
f 9453 9503 9508
f 9508 9503 9506
f 9508 9506 9507
f 9504 9505 9503
f 9503 9505 9506
f 9510 9511 9452
f 9452 9511 9516
f 9512 9513 9511
f 9511 9513 9514
f 9511 9514 9516
f 9516 9514 9515
f 9518 9519 9451
f 9451 9519 9460
f 9520 9521 9527
f 9527 9521 9522
f 9527 9522 9523
f 9524 9525 9523
f 9523 9525 9526
f 9523 9526 9527
f 9528 9529 9535
f 9535 9529 9530
f 9535 9530 9531
f 9532 9533 9531
f 9531 9533 9534
f 9531 9534 9535
f 9536 9537 9543
f 9543 9537 9538
f 9543 9538 9542
f 9542 9538 9539
f 9542 9539 9541
f 9541 9539 9540
f 9544 9545 9555
f 9555 9545 9556
f 9555 9556 9554
f 9554 9556 9552
f 9554 9552 9553
f 9545 9546 9556
f 9556 9546 9549
f 9556 9549 9551
f 9551 9549 9550
f 9547 9548 9546
f 9546 9548 9549
f 9551 9552 9556
f 9558 9562 9557
f 9557 9562 9563
f 9557 9563 9561
f 9561 9563 9567
f 9561 9567 9560
f 9568 9564 9565
f 9568 9565 9559
f 9559 9565 9566
f 9559 9566 9558
f 9558 9566 9562
f 9570 9571 9569
f 9569 9571 9579
f 9579 9571 9578
f 9578 9571 9572
f 9578 9572 9577
f 9577 9572 9573
f 9577 9573 9574
f 9575 9576 9574
f 9574 9576 9577
f 9581 9597 9580
f 9580 9597 9589
f 9580 9589 9590
f 9581 9582 9597
f 9597 9582 9596
f 9596 9582 9583
f 9596 9583 9595
f 9595 9583 9584
f 9595 9584 9594
f 9594 9584 9598
f 9594 9598 9593
f 9599 9585 9586
f 9599 9586 9592
f 9592 9586 9587
f 9592 9587 9591
f 9591 9587 9588
f 9591 9588 9590
f 9590 9588 9580
f 9605 9600 9604
f 9604 9600 9601
f 9604 9601 9602
f 9602 9603 9604
f 9607 9608 9606
f 9606 9608 9609
f 9618 9610 9619
f 9619 9610 9611
f 9619 9611 9624
f 9624 9611 9612
f 9624 9612 9623
f 9623 9612 9613
f 9623 9613 9614
f 9623 9614 9622
f 9622 9614 9615
f 9622 9615 9621
f 9621 9615 9616
f 9621 9616 9617
f 9621 9617 9620
f 9620 9617 9618
f 9620 9618 9619
f 9630 9625 9629
f 9629 9625 9626
f 9629 9626 9627
f 9627 9628 9629
f 9638 9631 9637
f 9637 9631 9632
f 9637 9632 9633
f 9634 9635 9633
f 9633 9635 9636
f 9633 9636 9637
f 9639 9640 9644
f 9644 9640 9643
f 9643 9640 9642
f 9642 9640 9641
f 9652 9645 9651
f 9651 9645 9646
f 9651 9646 9650
f 9650 9646 9647
f 9650 9647 9649
f 9649 9647 9648
f 9654 9655 9653
f 9653 9655 9660
f 9660 9655 9656
f 9660 9656 9659
f 9659 9656 9657
f 9659 9657 9658
f 9668 9661 9667
f 9667 9661 9662
f 9667 9662 9666
f 9666 9662 9663
f 9666 9663 9665
f 9665 9663 9664
f 9669 9670 9676
f 9676 9670 9671
f 9676 9671 9675
f 9675 9671 9672
f 9675 9672 9674
f 9674 9672 9673
f 9678 9686 9677
f 9679 9685 9678
f 9681 9691 9680
f 9683 9688 9682
f 9677 9687 9683
f 9690 9684 9679
f 9682 9689 9681
f 9692 9693 9699
f 9699 9693 9694
f 9699 9694 9698
f 9698 9694 9695
f 9698 9695 9697
f 9697 9695 9696
f 9701 9705 9700
f 9700 9705 9706
f 9700 9706 9704
f 9704 9706 9710
f 9704 9710 9703
f 9711 9707 9708
f 9711 9708 9702
f 9702 9708 9709
f 9702 9709 9701
f 9701 9709 9705
f 9712 9713 9719
f 9719 9713 9714
f 9719 9714 9718
f 9718 9714 9715
f 9718 9715 9717
f 9717 9715 9716
f 9720 9721 9729
f 9729 9721 9722
f 9729 9722 9728
f 9728 9722 9723
f 9728 9723 9727
f 9727 9723 9724
f 9727 9724 9726
f 9726 9724 9725
f 9730 9731 9737
f 9737 9731 9732
f 9737 9732 9733
f 9734 9735 9733
f 9733 9735 9736
f 9733 9736 9737
f 9745 9738 9744
f 9744 9738 9739
f 9744 9739 9743
f 9743 9739 9740
f 9743 9740 9742
f 9742 9740 9741
f 9746 9747 9753
f 9753 9747 9748
f 9753 9748 9749
f 9750 9751 9749
f 9749 9751 9752
f 9749 9752 9753
f 9755 9758 9754
f 9754 9758 9759
f 9754 9759 9763
f 9763 9759 9760
f 9763 9760 9762
f 9762 9760 9761
f 9756 9757 9755
f 9755 9757 9758
f 9764 9765 9771
f 9771 9765 9766
f 9771 9766 9770
f 9770 9766 9767
f 9770 9767 9769
f 9769 9767 9768
f 9772 9773 9779
f 9779 9773 9774
f 9779 9774 9775
f 9776 9777 9775
f 9775 9777 9778
f 9775 9778 9779
f 9781 9782 9780
f 9780 9782 9787
f 9787 9782 9786
f 9786 9782 9783
f 9786 9783 9785
f 9785 9783 9784
f 9788 9789 9795
f 9795 9789 9790
f 9795 9790 9794
f 9794 9790 9791
f 9794 9791 9793
f 9793 9791 9792
f 9801 9796 9800
f 9800 9796 9797
f 9800 9797 9798
f 9798 9799 9800
f 9809 9802 9808
f 9808 9802 9803
f 9808 9803 9804
f 9805 9806 9804
f 9804 9806 9807
f 9804 9807 9808
f 9810 9811 9815
f 9815 9811 9814
f 9814 9811 9813
f 9813 9811 9812
f 9821 9816 9822
f 9822 9816 9817
f 9822 9817 9826
f 9826 9817 9818
f 9826 9818 9825
f 9825 9818 9819
f 9825 9819 9824
f 9824 9819 9820
f 9824 9820 9823
f 9823 9820 9821
f 9823 9821 9822
f 9827 9828 9834
f 9834 9828 9829
f 9834 9829 9833
f 9833 9829 9830
f 9833 9830 9832
f 9832 9830 9831
f 9836 9840 9835
f 9835 9840 9841
f 9835 9841 9839
f 9839 9841 9845
f 9839 9845 9838
f 9846 9842 9843
f 9846 9843 9837
f 9837 9843 9844
f 9837 9844 9836
f 9836 9844 9840
f 9848 9856 9847
f 9847 9856 9852
f 9847 9852 9851
f 9851 9852 9853
f 9851 9853 9858
f 9848 9849 9856
f 9856 9849 9855
f 9855 9849 9857
f 9855 9857 9854
f 9858 9850 9851
f 9866 9859 9865
f 9865 9859 9860
f 9865 9860 9861
f 9862 9863 9861
f 9861 9863 9864
f 9861 9864 9865
f 9878 9867 9877
f 9877 9867 9868
f 9877 9868 9869
f 9877 9869 9876
f 9876 9869 9870
f 9876 9870 9875
f 9875 9870 9874
f 9874 9870 9871
f 9874 9871 9873
f 9873 9871 9872
f 9880 9881 9879
f 9879 9881 9885
f 9885 9881 9882
f 9885 9882 9884
f 9884 9882 9883
f 9886 9887 9893
f 9893 9887 9888
f 9893 9888 9892
f 9892 9888 9889
f 9892 9889 9891
f 9891 9889 9890
f 9895 9896 9894
f 9894 9896 9897
f 9905 9898 9904
f 9904 9898 9899
f 9904 9899 9900
f 9901 9902 9900
f 9900 9902 9903
f 9900 9903 9904
f 9906 9907 9913
f 9913 9907 9908
f 9913 9908 9912
f 9912 9908 9909
f 9912 9909 9911
f 9911 9909 9910
f 9915 9925 9914
f 9914 9925 9920
f 9914 9920 9919
f 9919 9920 9921
f 9919 9921 9918
f 9918 9921 9922
f 9918 9922 9917
f 9917 9922 9927
f 9926 9923 9916
f 9916 9923 9924
f 9916 9924 9915
f 9915 9924 9925
f 9933 9928 9932
f 9932 9928 9929
f 9932 9929 9930
f 9930 9931 9932
f 9941 9934 9940
f 9940 9934 9935
f 9940 9935 9939
f 9939 9935 9936
f 9939 9936 9938
f 9938 9936 9937
f 9942 9943 9949
f 9949 9943 9944
f 9949 9944 9948
f 9948 9944 9945
f 9948 9945 9947
f 9947 9945 9946
f 9961 9950 9960
f 9960 9950 9951
f 9960 9951 9952
f 9960 9952 9959
f 9959 9952 9953
f 9959 9953 9958
f 9958 9953 9954
f 9958 9954 9957
f 9957 9954 9956
f 9956 9954 9955
f 9962 9963 9975
f 9975 9963 9976
f 9975 9976 9977
f 9977 9976 9967
f 9977 9967 9968
f 9963 9964 9976
f 9976 9964 9967
f 9965 9966 9964
f 9964 9966 9967
f 9968 9969 9977
f 9977 9969 9978
f 9977 9978 9974
f 9974 9978 9973
f 9973 9978 9971
f 9973 9971 9972
f 9969 9970 9978
f 9978 9970 9971
f 9974 9975 9977
f 9984 9979 9983
f 9983 9979 9980
f 9983 9980 9981
f 9981 9982 9983
f 9985 9986 9992
f 9992 9986 9987
f 9992 9987 9988
f 9989 9990 9988
f 9988 9990 9991
f 9988 9991 9992
f 9994 10008 9993
f 9993 10008 10001
f 9993 10001 10000
f 10000 10001 10002
f 10000 10002 9999
f 9999 10002 10003
f 9999 10003 9998
f 9998 10003 10004
f 9998 10004 9997
f 9997 10004 10009
f 10010 10005 9996
f 9996 10005 10006
f 9996 10006 9995
f 9995 10006 10007
f 9995 10007 9994
f 9994 10007 10008
f 10018 10011 10017
f 10017 10011 10012
f 10017 10012 10013
f 10014 10015 10013
f 10013 10015 10016
f 10013 10016 10017
f 10026 10019 10025
f 10025 10019 10020
f 10025 10020 10021
f 10022 10023 10021
f 10021 10023 10024
f 10021 10024 10025
f 10035 10027 10036
f 10036 10027 10028
f 10036 10028 10041
f 10041 10028 10029
f 10041 10029 10040
f 10040 10029 10030
f 10040 10030 10031
f 10040 10031 10039
f 10039 10031 10032
f 10039 10032 10038
f 10038 10032 10033
f 10038 10033 10034
f 10038 10034 10037
f 10037 10034 10035
f 10037 10035 10036
f 10047 10042 10045
f 10045 10042 10043
f 10045 10043 10044
f 10045 10046 10047
f 10049 10054 10048
f 10057 10053 10049
f 10052 10056 10051
f 10048 10055 10052
f 10051 10058 10050
f 10064 10059 10063
f 10063 10059 10060
f 10063 10060 10061
f 10061 10062 10063
f 10072 10065 10071
f 10071 10065 10066
f 10071 10066 10070
f 10070 10066 10067
f 10070 10067 10069
f 10069 10067 10068
f 10080 10073 10079
f 10079 10073 10074
f 10079 10074 10078
f 10078 10074 10075
f 10078 10075 10077
f 10077 10075 10076
f 10081 10082 10086
f 10086 10082 10085
f 10085 10082 10084
f 10084 10082 10083
f 10087 10088 10094
f 10094 10088 10089
f 10094 10089 10093
f 10093 10089 10090
f 10093 10090 10092
f 10092 10090 10091
f 10102 10095 10101
f 10101 10095 10096
f 10101 10096 10100
f 10100 10096 10097
f 10100 10097 10099
f 10099 10097 10098
f 10104 10105 10103
f 10103 10105 10109
f 10109 10105 10106
f 10109 10106 10108
f 10108 10106 10107
f 10111 10127 10110
f 10110 10127 10119
f 10110 10119 10118
f 10118 10119 10120
f 10118 10120 10121
f 10111 10112 10127
f 10127 10112 10126
f 10126 10112 10113
f 10126 10113 10125
f 10125 10113 10114
f 10125 10114 10124
f 10124 10114 10128
f 10124 10128 10123
f 10129 10115 10116
f 10129 10116 10122
f 10122 10116 10117
f 10122 10117 10121
f 10121 10117 10118
f 10137 10130 10136
f 10136 10130 10131
f 10136 10131 10132
f 10133 10134 10132
f 10132 10134 10135
f 10132 10135 10136
f 10139 10155 10138
f 10138 10155 10147
f 10138 10147 10146
f 10146 10147 10148
f 10146 10148 10149
f 10139 10140 10155
f 10155 10140 10154
f 10154 10140 10141
f 10154 10141 10153
f 10153 10141 10142
f 10153 10142 10152
f 10152 10142 10156
f 10152 10156 10151
f 10157 10143 10144
f 10157 10144 10150
f 10150 10144 10145
f 10150 10145 10149
f 10149 10145 10146
f 10158 10159 10165
f 10165 10159 10160
f 10165 10160 10161
f 10162 10163 10161
f 10161 10163 10164
f 10161 10164 10165
f 10167 10177 10166
f 10166 10177 10172
f 10166 10172 10173
f 10167 10168 10177
f 10177 10168 10176
f 10176 10168 10169
f 10176 10169 10175
f 10175 10169 10174
f 10174 10169 10170
f 10174 10170 10171
f 10174 10171 10173
f 10173 10171 10166
f 10185 10178 10184
f 10184 10178 10179
f 10184 10179 10183
f 10183 10179 10180
f 10183 10180 10182
f 10182 10180 10181
f 10191 10186 10190
f 10190 10186 10187
f 10190 10187 10188
f 10188 10189 10190
f 10192 10193 10199
f 10199 10193 10194
f 10199 10194 10198
f 10198 10194 10195
f 10198 10195 10197
f 10197 10195 10196
f 10201 10218 10200
f 10200 10218 10209
f 10200 10209 10210
f 10218 10201 10217
f 10217 10201 10202
f 10217 10202 10216
f 10216 10202 10203
f 10216 10203 10215
f 10215 10203 10219
f 10215 10219 10214
f 10220 10204 10205
f 10220 10205 10213
f 10213 10205 10206
f 10213 10206 10212
f 10212 10206 10207
f 10212 10207 10211
f 10211 10207 10208
f 10211 10208 10210
f 10210 10208 10200
f 10227 10221 10226
f 10226 10221 10222
f 10226 10222 10225
f 10225 10222 10224
f 10224 10222 10223
f 10229 10230 10228
f 10228 10230 10235
f 10235 10230 10231
f 10235 10231 10234
f 10234 10231 10232
f 10234 10232 10233
f 10237 10238 10236
f 10236 10238 10243
f 10243 10238 10239
f 10243 10239 10242
f 10242 10239 10240
f 10242 10240 10241
f 10245 10246 10244
f 10244 10246 10250
f 10250 10246 10247
f 10250 10247 10249
f 10249 10247 10248
f 10252 10253 10251
f 10251 10253 10258
f 10258 10253 10257
f 10257 10253 10254
f 10257 10254 10256
f 10256 10254 10255
f 10260 10268 10259
f 10259 10268 10264
f 10259 10264 10263
f 10263 10264 10265
f 10263 10265 10270
f 10260 10261 10268
f 10268 10261 10267
f 10267 10261 10269
f 10267 10269 10266
f 10270 10262 10263
f 10279 10271 10280
f 10280 10271 10272
f 10280 10272 10288
f 10288 10272 10273
f 10288 10273 10287
f 10287 10273 10286
f 10286 10273 10274
f 10286 10274 10285
f 10285 10274 10275
f 10285 10275 10276
f 10285 10276 10284
f 10284 10276 10277
f 10284 10277 10283
f 10283 10277 10278
f 10283 10278 10282
f 10282 10278 10281
f 10281 10278 10279
f 10281 10279 10280
f 10290 10291 10289
f 10289 10291 10292
f 10293 10294 10300
f 10300 10294 10295
f 10300 10295 10299
f 10299 10295 10296
f 10299 10296 10298
f 10298 10296 10297
f 10302 10303 10301
f 10301 10303 10309
f 10309 10303 10304
f 10309 10304 10308
f 10308 10304 10305
f 10308 10305 10307
f 10307 10305 10306
f 10318 10310 10319
f 10319 10310 10311
f 10319 10311 10327
f 10327 10311 10312
f 10327 10312 10326
f 10326 10312 10325
f 10325 10312 10313
f 10325 10313 10324
f 10324 10313 10314
f 10324 10314 10315
f 10324 10315 10323
f 10323 10315 10316
f 10323 10316 10322
f 10322 10316 10317
f 10322 10317 10321
f 10321 10317 10320
f 10320 10317 10318
f 10320 10318 10319
f 10329 10346 10328
f 10328 10346 10337
f 10328 10337 10338
f 10346 10329 10345
f 10345 10329 10330
f 10345 10330 10344
f 10344 10330 10331
f 10344 10331 10343
f 10343 10331 10347
f 10343 10347 10342
f 10348 10332 10333
f 10348 10333 10341
f 10341 10333 10334
f 10341 10334 10340
f 10340 10334 10335
f 10340 10335 10339
f 10339 10335 10336
f 10339 10336 10338
f 10338 10336 10328
f 10349 10350 10356
f 10356 10350 10352
f 10356 10352 10355
f 10355 10352 10353
f 10355 10353 10354
f 10350 10351 10352
f 10370 10357 10369
f 10369 10357 10358
f 10369 10358 10368
f 10368 10358 10359
f 10368 10359 10367
f 10367 10359 10360
f 10367 10360 10366
f 10366 10360 10361
f 10366 10361 10365
f 10365 10361 10362
f 10365 10362 10364
f 10364 10362 10363
f 10372 10373 10371
f 10371 10373 10374
f 10375 10376 10378
f 10378 10376 10377
f 10380 10402 10379
f 10379 10402 10403
f 10379 10403 10385
f 10385 10403 10386
f 10385 10386 10387
f 10402 10380 10401
f 10401 10380 10381
f 10401 10381 10400
f 10400 10381 10399
f 10399 10381 10398
f 10398 10381 10404
f 10398 10404 10397
f 10397 10404 10396
f 10405 10382 10395
f 10395 10382 10383
f 10395 10383 10394
f 10394 10383 10393
f 10393 10383 10392
f 10392 10383 10391
f 10391 10383 10384
f 10391 10384 10390
f 10390 10384 10385
f 10390 10385 10389
f 10389 10385 10388
f 10388 10385 10387
f 10413 10406 10412
f 10412 10406 10407
f 10412 10407 10411
f 10411 10407 10408
f 10411 10408 10410
f 10410 10408 10409
f 10419 10414 10418
f 10418 10414 10415
f 10418 10415 10417
f 10417 10415 10416
f 10420 10421 10422
f 10428 10423 10426
f 10426 10423 10424
f 10426 10424 10425
f 10426 10427 10428
f 10430 10431 10429
f 10429 10431 10434
f 10434 10431 10432
f 10434 10432 10433
f 10435 10436 10440
f 10440 10436 10439
f 10439 10436 10437
f 10439 10437 10438
f 10446 10441 10445
f 10445 10441 10442
f 10445 10442 10443
f 10443 10444 10445
f 10448 10449 10447
f 10447 10449 10454
f 10454 10449 10453
f 10453 10449 10450
f 10453 10450 10452
f 10452 10450 10451
f 10462 10455 10461
f 10461 10455 10456
f 10461 10456 10457
f 10458 10459 10457
f 10457 10459 10460
f 10457 10460 10461
f 10464 10466 10463
f 10463 10466 10467
f 10463 10467 10470
f 10470 10467 10468
f 10470 10468 10469
f 10464 10465 10466
f 10471 10472 10478
f 10478 10472 10473
f 10478 10473 10477
f 10477 10473 10474
f 10477 10474 10476
f 10476 10474 10475
f 10484 10479 10482
f 10482 10479 10480
f 10482 10480 10481
f 10482 10483 10484
f 10486 10487 10485
f 10485 10487 10492
f 10492 10487 10491
f 10491 10487 10488
f 10491 10488 10490
f 10490 10488 10489
f 10494 10495 10493
f 10493 10495 10496
f 10497 10498 10502
f 10502 10498 10501
f 10501 10498 10500
f 10500 10498 10499
f 10504 10505 10503
f 10503 10505 10506
f 10514 10507 10513
f 10513 10507 10508
f 10513 10508 10512
f 10512 10508 10509
f 10512 10509 10511
f 10511 10509 10510
f 10516 10517 10515
f 10515 10517 10522
f 10522 10517 10518
f 10522 10518 10521
f 10521 10518 10519
f 10521 10519 10520
f 10523 10524 10526
f 10526 10524 10525
f 10532 10527 10531
f 10531 10527 10528
f 10531 10528 10529
f 10529 10530 10531
f 10534 10535 10533
f 10533 10535 10536
f 10538 10539 10537
f 10537 10539 10540
f 10541 10542 10548
f 10548 10542 10543
f 10548 10543 10547
f 10547 10543 10544
f 10547 10544 10546
f 10546 10544 10545
f 10553 10549 10554
f 10554 10549 10550
f 10554 10550 10558
f 10558 10550 10557
f 10557 10550 10551
f 10557 10551 10552
f 10557 10552 10556
f 10556 10552 10553
f 10556 10553 10555
f 10555 10553 10554
f 10566 10559 10565
f 10565 10559 10560
f 10565 10560 10561
f 10562 10563 10561
f 10561 10563 10564
f 10561 10564 10565
f 10567 10568 10580
f 10580 10568 10581
f 10580 10581 10579
f 10579 10581 10578
f 10578 10581 10582
f 10578 10582 10576
f 10576 10582 10575
f 10575 10582 10573
f 10575 10573 10574
f 10568 10569 10581
f 10581 10569 10573
f 10581 10573 10582
f 10570 10571 10569
f 10569 10571 10572
f 10569 10572 10573
f 10576 10577 10578
f 10588 10583 10587
f 10587 10583 10584
f 10587 10584 10585
f 10585 10586 10587
f 10590 10594 10589
f 10589 10594 10595
f 10589 10595 10593
f 10593 10595 10599
f 10593 10599 10592
f 10600 10596 10597
f 10600 10597 10591
f 10591 10597 10598
f 10591 10598 10590
f 10590 10598 10594
f 10602 10603 10601
f 10601 10603 10604
f 10605 10606 10612
f 10612 10606 10607
f 10612 10607 10611
f 10611 10607 10608
f 10611 10608 10610
f 10610 10608 10609
f 10613 10614 10618
f 10618 10614 10617
f 10617 10614 10616
f 10616 10614 10615
f 10619 10620 10625
f 10625 10620 10624
f 10624 10620 10623
f 10623 10620 10621
f 10623 10621 10622
f 10627 10628 10626
f 10626 10628 10633
f 10633 10628 10632
f 10632 10628 10629
f 10632 10629 10631
f 10631 10629 10630
f 10635 10636 10634
f 10634 10636 10641
f 10641 10636 10640
f 10640 10636 10637
f 10640 10637 10639
f 10639 10637 10638
f 10642 10643 10649
f 10649 10643 10644
f 10649 10644 10648
f 10648 10644 10645
f 10648 10645 10647
f 10647 10645 10646
f 10657 10650 10656
f 10656 10650 10651
f 10656 10651 10652
f 10653 10654 10652
f 10652 10654 10655
f 10652 10655 10656
f 10658 10659 10665
f 10665 10659 10660
f 10665 10660 10664
f 10664 10660 10661
f 10664 10661 10663
f 10663 10661 10662
f 10666 10667 10671
f 10671 10667 10670
f 10670 10667 10669
f 10669 10667 10668
f 10672 10673 10679
f 10679 10673 10674
f 10679 10674 10678
f 10678 10674 10675
f 10678 10675 10677
f 10677 10675 10676
f 10685 10680 10684
f 10684 10680 10681
f 10684 10681 10682
f 10682 10683 10684
f 10690 10686 10689
f 10689 10686 10687
f 10689 10687 10688
f 10691 10692 10698
f 10698 10692 10693
f 10698 10693 10694
f 10695 10696 10694
f 10694 10696 10697
f 10694 10697 10698
f 10704 10699 10702
f 10702 10699 10700
f 10702 10700 10701
f 10702 10703 10704
f 10705 10706 10712
f 10712 10706 10707
f 10712 10707 10711
f 10711 10707 10708
f 10711 10708 10710
f 10710 10708 10709
f 10713 10714 10718
f 10718 10714 10717
f 10717 10714 10716
f 10716 10714 10715
f 10720 10721 10719
f 10719 10721 10726
f 10726 10721 10725
f 10725 10721 10722
f 10725 10722 10724
f 10724 10722 10723
f 10727 10728 10734
f 10734 10728 10729
f 10734 10729 10733
f 10733 10729 10730
f 10733 10730 10732
f 10732 10730 10731
f 10735 10736 10798
f 10798 10736 10795
f 10798 10795 10797
f 10797 10795 10796
f 10795 10736 10803
f 10803 10736 10737
f 10803 10737 10802
f 10802 10737 10738
f 10802 10738 10739
f 10740 10741 10739
f 10739 10741 10742
f 10739 10742 10744
f 10744 10742 10743
f 10739 10744 10802
f 10802 10744 10745
f 10802 10745 10746
f 10746 10747 10802
f 10802 10747 10801
f 10801 10747 10752
f 10801 10752 10753
f 10748 10749 10747
f 10747 10749 10750
f 10747 10750 10752
f 10752 10750 10751
f 10753 10754 10801
f 10801 10754 10755
f 10801 10755 10760
f 10760 10755 10757
f 10760 10757 10758
f 10755 10756 10757
f 10758 10759 10760
f 10760 10761 10801
f 10801 10761 10762
f 10801 10762 10800
f 10800 10762 10763
f 10800 10763 10768
f 10768 10763 10766
f 10768 10766 10767
f 10764 10765 10763
f 10763 10765 10766
f 10768 10769 10800
f 10800 10769 10770
f 10800 10770 10771
f 10772 10773 10771
f 10771 10773 10774
f 10771 10774 10776
f 10776 10774 10775
f 10777 10799 10776
f 10776 10799 10800
f 10776 10800 10771
f 10777 10778 10799
f 10799 10778 10779
f 10799 10779 10784
f 10784 10779 10781
f 10784 10781 10782
f 10779 10780 10781
f 10782 10783 10784
f 10784 10785 10799
f 10799 10785 10786
f 10799 10786 10787
f 10788 10789 10787
f 10787 10789 10792
f 10787 10792 10803
f 10803 10792 10793
f 10803 10793 10794
f 10789 10790 10792
f 10792 10790 10791
f 10794 10795 10803
f 10803 10799 10787
f 10811 10804 10810
f 10810 10804 10805
f 10810 10805 10806
f 10807 10808 10806
f 10806 10808 10809
f 10806 10809 10810
f 10817 10812 10816
f 10816 10812 10813
f 10816 10813 10814
f 10814 10815 10816
f 10818 10819 10825
f 10825 10819 10820
f 10825 10820 10821
f 10822 10823 10821
f 10821 10823 10824
f 10821 10824 10825
f 10827 10849 10826
f 10826 10849 10850
f 10826 10850 10842
f 10842 10850 10841
f 10841 10850 10851
f 10841 10851 10845
f 10845 10851 10844
f 10844 10851 10852
f 10844 10852 10848
f 10848 10852 10829
f 10848 10829 10830
f 10849 10827 10853
f 10853 10827 10828
f 10853 10828 10829
f 10848 10830 10833
f 10833 10830 10831
f 10833 10831 10832
f 10833 10834 10848
f 10848 10834 10847
f 10847 10834 10835
f 10847 10835 10846
f 10846 10835 10836
f 10846 10836 10845
f 10845 10836 10837
f 10845 10837 10840
f 10840 10837 10838
f 10840 10838 10839
f 10840 10841 10845
f 10842 10843 10826
f 10852 10853 10829
f 10855 10860 10854
f 10863 10859 10855
f 10858 10862 10857
f 10854 10861 10858
f 10857 10864 10856
f 10865 10866 10872
f 10872 10866 10867
f 10872 10867 10868
f 10869 10870 10868
f 10868 10870 10871
f 10868 10871 10872
f 10880 10873 10879
f 10879 10873 10874
f 10879 10874 10875
f 10876 10877 10875
f 10875 10877 10878
f 10875 10878 10879
f 10886 10881 10884
f 10884 10881 10882
f 10884 10882 10883
f 10884 10885 10886
f 10894 10887 10893
f 10893 10887 10888
f 10893 10888 10889
f 10890 10891 10889
f 10889 10891 10892
f 10889 10892 10893
f 10900 10895 10899
f 10899 10895 10896
f 10899 10896 10897
f 10897 10898 10899
f 10901 10902 10908
f 10908 10902 10903
f 10908 10903 10904
f 10905 10906 10904
f 10904 10906 10907
f 10904 10907 10908
f 10910 11000 10909
f 10909 11000 10918
f 10909 10918 10919
f 11000 10910 10999
f 10999 10910 10911
f 10999 10911 10912
f 10999 10912 11001
f 11001 10912 10913
f 11001 10913 11003
f 11003 10913 10914
f 11003 10914 10915
f 11003 10915 10996
f 10996 10915 10916
f 10996 10916 10917
f 10918 11000 10917
f 10917 11000 11002
f 10917 11002 10996
f 10996 11002 11001
f 10996 11001 11003
f 10909 10919 10989
f 10989 10919 10920
f 10989 10920 10988
f 10988 10920 10921
f 10988 10921 10986
f 10986 10921 10922
f 10986 10922 10985
f 10985 10922 10923
f 10985 10923 10984
f 10984 10923 10924
f 10984 10924 10983
f 10983 10924 10925
f 10983 10925 10982
f 10982 10925 10980
f 10982 10980 10981
f 10926 10977 10925
f 10925 10977 10978
f 10925 10978 10980
f 10980 10978 10979
f 10977 10926 10976
f 10976 10926 10927
f 10976 10927 10975
f 10975 10927 10928
f 10975 10928 10974
f 10974 10928 10929
f 10974 10929 10973
f 10973 10929 10972
f 10972 10929 10930
f 10972 10930 10971
f 10971 10930 10931
f 10971 10931 10970
f 10970 10931 10932
f 10970 10932 11004
f 11004 10932 10933
f 11004 10933 11021
f 11021 10933 10994
f 11021 10994 11053
f 11053 10994 10936
f 11053 10936 11052
f 11052 10936 10937
f 11052 10937 11051
f 11051 10937 11050
f 11051 11050 11024
f 11024 11050 11025
f 11024 11025 11007
f 11007 11025 11008
f 11007 11008 10969
f 10969 11008 11009
f 10969 11009 11010
f 11010 11009 11027
f 11010 11027 11028
f 11028 11027 11047
f 11028 11047 11046
f 11046 11047 10940
f 11046 10940 10941
f 10933 10934 10994
f 10994 10934 10935
f 10994 10935 10936
f 10937 10938 11050
f 11050 10938 11049
f 11050 11049 11025
f 11025 11049 11026
f 11025 11026 11008
f 11008 11026 11009
f 10938 10939 11049
f 11049 10939 11048
f 11049 11048 11026
f 11026 11048 11027
f 11026 11027 11009
f 11048 10939 11047
f 11047 10939 10940
f 11046 10941 11045
f 11045 10941 10942
f 11045 10942 10943
f 11045 10943 11044
f 11044 10943 10944
f 11044 10944 11043
f 11043 10944 10945
f 11043 10945 11042
f 11042 10945 10946
f 11042 10946 11041
f 11041 10946 10947
f 11041 10947 11040
f 11040 10947 11054
f 11040 11054 11039
f 11039 11054 11038
f 11039 11038 11036
f 11036 11038 11037
f 11036 11037 11019
f 11019 11037 11020
f 11019 11020 10959
f 10959 11020 10957
f 10959 10957 10958
f 10948 10949 10990
f 10990 10949 10995
f 11038 10992 11037
f 11037 10992 10997
f 11037 10997 10956
f 10956 10997 10991
f 10956 10991 10955
f 10998 10951 10952
f 10998 10952 10954
f 10954 10952 10953
f 10949 10950 10995
f 10995 10950 10993
f 10950 10951 10993
f 11037 10956 11020
f 11020 10956 10957
f 10960 11017 10959
f 10959 11017 11018
f 10959 11018 11019
f 11019 11018 11036
f 11017 10960 11016
f 11016 10960 10961
f 11016 10961 11015
f 11015 10961 10962
f 11015 10962 10963
f 11015 10963 11014
f 11014 10963 10964
f 11014 10964 10965
f 11014 10965 11013
f 11013 10965 10966
f 11013 10966 10967
f 11013 10967 11012
f 11012 10967 10968
f 11012 10968 11011
f 11011 10968 10969
f 11011 10969 11010
f 10969 10970 11007
f 11007 10970 11006
f 11007 11006 11024
f 11024 11006 11023
f 11024 11023 11051
f 11051 11023 11052
f 10986 10987 10988
f 11002 11000 10999
f 11001 11002 10999
f 11006 10970 11005
f 11005 10970 11004
f 11005 11004 11022
f 11022 11004 11021
f 11022 11021 11053
f 11023 11006 11005
f 11023 11005 11022
f 11010 11028 11011
f 11011 11028 11029
f 11011 11029 11012
f 11012 11029 11030
f 11012 11030 11013
f 11013 11030 11031
f 11013 11031 11014
f 11014 11031 11032
f 11014 11032 11015
f 11015 11032 11033
f 11015 11033 11016
f 11016 11033 11034
f 11016 11034 11017
f 11017 11034 11035
f 11017 11035 11018
f 11018 11035 11036
f 11052 11023 11022
f 11052 11022 11053
f 11047 11027 11048
f 11028 11046 11029
f 11029 11046 11045
f 11029 11045 11030
f 11030 11045 11044
f 11030 11044 11031
f 11031 11044 11043
f 11031 11043 11032
f 11032 11043 11042
f 11032 11042 11033
f 11033 11042 11041
f 11033 11041 11034
f 11034 11041 11040
f 11034 11040 11035
f 11035 11040 11039
f 11035 11039 11036
f 11062 11055 11061
f 11061 11055 11056
f 11061 11056 11057
f 11058 11059 11057
f 11057 11059 11060
f 11057 11060 11061
f 11063 11064 11076
f 11076 11064 11077
f 11076 11077 11078
f 11078 11077 11068
f 11078 11068 11069
f 11064 11065 11077
f 11077 11065 11068
f 11066 11067 11065
f 11065 11067 11068
f 11069 11070 11078
f 11078 11070 11079
f 11078 11079 11075
f 11075 11079 11074
f 11074 11079 11072
f 11074 11072 11073
f 11070 11071 11079
f 11079 11071 11072
f 11075 11076 11078
f 11080 11081 11087
f 11087 11081 11082
f 11087 11082 11086
f 11086 11082 11083
f 11086 11083 11085
f 11085 11083 11084
f 11088 11089 11095
f 11095 11089 11090
f 11095 11090 11094
f 11094 11090 11091
f 11094 11091 11093
f 11093 11091 11092
f 11103 11096 11102
f 11102 11096 11097
f 11102 11097 11101
f 11101 11097 11098
f 11101 11098 11100
f 11100 11098 11099
f 11105 11106 11104
f 11104 11106 11111
f 11111 11106 11110
f 11110 11106 11107
f 11110 11107 11109
f 11109 11107 11108
f 11112 11113 11119
f 11119 11113 11114
f 11119 11114 11115
f 11116 11117 11115
f 11115 11117 11118
f 11115 11118 11119
f 11120 11121 11125
f 11125 11121 11124
f 11124 11121 11123
f 11123 11121 11122
f 11127 11128 11126
f 11126 11128 11129
f 11137 11130 11136
f 11136 11130 11131
f 11136 11131 11132
f 11133 11134 11132
f 11132 11134 11135
f 11132 11135 11136
f 11138 11139 11143
f 11143 11139 11142
f 11142 11139 11141
f 11141 11139 11140
f 11145 11146 11144
f 11144 11146 11147
f 11149 11150 11148
f 11148 11150 11159
f 11148 11159 11161
f 11161 11159 11160
f 11159 11150 11158
f 11158 11150 11151
f 11158 11151 11157
f 11157 11151 11152
f 11157 11152 11155
f 11155 11152 11154
f 11154 11152 11153
f 11155 11156 11157
f 11163 11164 11162
f 11162 11164 11169
f 11169 11164 11168
f 11168 11164 11165
f 11168 11165 11167
f 11167 11165 11166
f 11175 11170 11173
f 11173 11170 11171
f 11173 11171 11172
f 11173 11174 11175
f 11177 11178 11176
f 11176 11178 11182
f 11182 11178 11179
f 11182 11179 11181
f 11181 11179 11180
f 11183 11184 11190
f 11190 11184 11185
f 11190 11185 11189
f 11189 11185 11186
f 11189 11186 11188
f 11188 11186 11187
f 11191 11192 11194
f 11194 11192 11193
f 11196 11197 11195
f 11195 11197 11202
f 11202 11197 11201
f 11201 11197 11198
f 11201 11198 11200
f 11200 11198 11199
f 11204 11285 11203
f 11203 11285 11286
f 11203 11286 11236
f 11236 11286 11235
f 11235 11286 11287
f 11235 11287 11234
f 11234 11287 11280
f 11234 11280 11281
f 11205 11324 11204
f 11204 11324 11315
f 11204 11315 11316
f 11206 11332 11205
f 11205 11332 11323
f 11205 11323 11324
f 11207 11347 11206
f 11206 11347 11348
f 11206 11348 11339
f 11339 11348 11341
f 11339 11341 11338
f 11338 11341 11342
f 11338 11342 11337
f 11337 11342 11336
f 11336 11342 11343
f 11336 11343 11214
f 11214 11343 11213
f 11213 11343 11344
f 11213 11344 11212
f 11212 11344 11345
f 11212 11345 11211
f 11211 11345 11210
f 11210 11345 11209
f 11209 11345 11346
f 11209 11346 11208
f 11208 11346 11207
f 11207 11346 11347
f 11215 11217 11214
f 11214 11217 11328
f 11214 11328 11335
f 11335 11328 11334
f 11334 11328 11329
f 11334 11329 11330
f 11215 11216 11217
f 11218 11287 11217
f 11217 11287 11288
f 11217 11288 11295
f 11295 11288 11294
f 11294 11288 11289
f 11294 11289 11290
f 11219 11220 11218
f 11218 11220 11221
f 11218 11221 11240
f 11240 11221 11239
f 11239 11221 11352
f 11239 11352 11238
f 11238 11352 11353
f 11238 11353 11354
f 11222 11360 11221
f 11221 11360 11351
f 11221 11351 11352
f 11360 11222 11359
f 11359 11222 11223
f 11359 11223 11358
f 11358 11223 11224
f 11358 11224 11225
f 11225 11226 11358
f 11358 11226 11357
f 11357 11226 11227
f 11357 11227 11228
f 11357 11228 11364
f 11364 11228 11229
f 11364 11229 11363
f 11363 11229 11356
f 11363 11356 11349
f 11230 11243 11229
f 11229 11243 11244
f 11229 11244 11355
f 11355 11244 11237
f 11355 11237 11354
f 11354 11237 11238
f 11231 11251 11230
f 11230 11251 11252
f 11230 11252 11243
f 11243 11252 11245
f 11243 11245 11242
f 11242 11245 11246
f 11242 11246 11241
f 11241 11246 11240
f 11240 11246 11247
f 11240 11247 11218
f 11218 11247 11248
f 11218 11248 11255
f 11255 11248 11254
f 11254 11248 11249
f 11254 11249 11250
f 11232 11282 11231
f 11231 11282 11283
f 11231 11283 11284
f 11282 11232 11281
f 11281 11232 11233
f 11281 11233 11234
f 11254 11250 11253
f 11253 11250 11251
f 11253 11251 11260
f 11260 11251 11231
f 11260 11231 11259
f 11259 11231 11268
f 11259 11268 11261
f 11255 11256 11218
f 11218 11256 11263
f 11218 11263 11264
f 11263 11256 11262
f 11262 11256 11257
f 11262 11257 11258
f 11262 11258 11261
f 11261 11258 11259
f 11265 11270 11264
f 11264 11270 11271
f 11264 11271 11218
f 11218 11271 11272
f 11218 11272 11279
f 11279 11272 11278
f 11278 11272 11273
f 11278 11273 11274
f 11265 11266 11270
f 11270 11266 11269
f 11269 11266 11267
f 11269 11267 11276
f 11276 11267 11231
f 11276 11231 11275
f 11275 11231 11284
f 11275 11284 11277
f 11267 11268 11231
f 11278 11274 11277
f 11277 11274 11275
f 11279 11280 11218
f 11218 11280 11287
f 11294 11290 11293
f 11293 11290 11291
f 11293 11291 11300
f 11300 11291 11204
f 11300 11204 11299
f 11299 11204 11308
f 11299 11308 11301
f 11291 11292 11204
f 11204 11292 11285
f 11295 11296 11217
f 11217 11296 11303
f 11217 11303 11304
f 11303 11296 11302
f 11302 11296 11297
f 11302 11297 11298
f 11302 11298 11301
f 11301 11298 11299
f 11305 11310 11304
f 11304 11310 11311
f 11304 11311 11217
f 11217 11311 11312
f 11217 11312 11319
f 11319 11312 11318
f 11318 11312 11313
f 11318 11313 11314
f 11305 11306 11310
f 11310 11306 11309
f 11309 11306 11307
f 11309 11307 11316
f 11316 11307 11204
f 11307 11308 11204
f 11318 11314 11317
f 11317 11314 11315
f 11317 11315 11324
f 11319 11320 11217
f 11217 11320 11327
f 11217 11327 11328
f 11327 11320 11326
f 11326 11320 11321
f 11326 11321 11322
f 11326 11322 11325
f 11325 11322 11323
f 11325 11323 11332
f 11334 11330 11333
f 11333 11330 11331
f 11333 11331 11340
f 11340 11331 11206
f 11340 11206 11339
f 11331 11332 11206
f 11335 11336 11214
f 11363 11349 11362
f 11362 11349 11350
f 11362 11350 11361
f 11361 11350 11351
f 11361 11351 11360
f 11355 11356 11229
f 11365 11366 11372
f 11372 11366 11367
f 11372 11367 11371
f 11371 11367 11368
f 11371 11368 11370
f 11370 11368 11369
f 11380 11373 11379
f 11379 11373 11374
f 11379 11374 11375
f 11376 11377 11375
f 11375 11377 11378
f 11375 11378 11379
f 11388 11381 11387
f 11387 11381 11382
f 11387 11382 11386
f 11386 11382 11383
f 11386 11383 11385
f 11385 11383 11384
f 11394 11389 11393
f 11393 11389 11390
f 11393 11390 11391
f 11391 11392 11393
f 11396 11406 11395
f 11395 11406 11401
f 11395 11401 11402
f 11396 11397 11406
f 11406 11397 11405
f 11405 11397 11398
f 11405 11398 11404
f 11404 11398 11403
f 11403 11398 11399
f 11403 11399 11400
f 11403 11400 11402
f 11402 11400 11395
f 11407 11408 11414
f 11414 11408 11409
f 11414 11409 11413
f 11413 11409 11410
f 11413 11410 11412
f 11412 11410 11411
f 11416 11423 11415
f 11415 11423 11424
f 11415 11424 11422
f 11422 11424 11425
f 11422 11425 11421
f 11421 11425 11420
f 11420 11425 11419
f 11419 11425 11424
f 11419 11424 11418
f 11418 11424 11417
f 11417 11424 11423
f 11417 11423 11416
f 11427 11428 11426
f 11426 11428 11433
f 11433 11428 11432
f 11432 11428 11429
f 11432 11429 11431
f 11431 11429 11430
f 11441 11434 11440
f 11440 11434 11435
f 11440 11435 11436
f 11437 11438 11436
f 11436 11438 11439
f 11436 11439 11440
f 11442 11443 11449
f 11449 11443 11444
f 11449 11444 11448
f 11448 11444 11445
f 11448 11445 11447
f 11447 11445 11446
f 11451 11452 11450
f 11450 11452 11457
f 11457 11452 11456
f 11456 11452 11453
f 11456 11453 11455
f 11455 11453 11454
f 11466 11458 11467
f 11467 11458 11459
f 11467 11459 11472
f 11472 11459 11460
f 11472 11460 11471
f 11471 11460 11461
f 11471 11461 11462
f 11471 11462 11470
f 11470 11462 11463
f 11470 11463 11469
f 11469 11463 11464
f 11469 11464 11465
f 11469 11465 11468
f 11468 11465 11466
f 11468 11466 11467
f 11474 11478 11473
f 11473 11478 11479
f 11473 11479 11480
f 11475 11476 11474
f 11474 11476 11477
f 11474 11477 11478
f 11482 11483 11481
f 11481 11483 11488
f 11488 11483 11487
f 11487 11483 11484
f 11487 11484 11486
f 11486 11484 11485
f 11489 11490 11499
f 11499 11490 11498
f 11498 11490 11502
f 11498 11502 11503
f 11490 11491 11502
f 11502 11491 11501
f 11501 11491 11492
f 11501 11492 11493
f 11493 11494 11501
f 11501 11494 11500
f 11500 11494 11495
f 11500 11495 11496
f 11500 11496 11504
f 11504 11496 11497
f 11504 11497 11503
f 11503 11497 11498
f 11505 11506 11512
f 11512 11506 11507
f 11512 11507 11511
f 11511 11507 11508
f 11511 11508 11510
f 11510 11508 11509
f 11514 11515 11513
f 11513 11515 11520
f 11520 11515 11519
f 11519 11515 11516
f 11519 11516 11518
f 11518 11516 11517
f 11522 11523 11521
f 11521 11523 11524
f 11525 11526 11532
f 11532 11526 11527
f 11532 11527 11531
f 11531 11527 11528
f 11531 11528 11530
f 11530 11528 11529
f 11533 11534 11540
f 11540 11534 11535
f 11540 11535 11536
f 11537 11538 11536
f 11536 11538 11539
f 11536 11539 11540
f 11541 11542 11548
f 11548 11542 11543
f 11548 11543 11547
f 11547 11543 11544
f 11547 11544 11546
f 11546 11544 11545
f 11562 11549 11566
f 11566 11549 11550
f 11566 11550 11565
f 11565 11550 11551
f 11565 11551 11564
f 11564 11551 11552
f 11564 11552 11563
f 11563 11552 11553
f 11563 11553 11554
f 11563 11554 11572
f 11572 11554 11555
f 11572 11555 11571
f 11571 11555 11556
f 11571 11556 11557
f 11571 11557 11570
f 11570 11557 11558
f 11570 11558 11569
f 11569 11558 11559
f 11569 11559 11568
f 11568 11559 11560
f 11568 11560 11561
f 11568 11561 11567
f 11567 11561 11562
f 11567 11562 11566
f 11580 11573 11579
f 11579 11573 11574
f 11579 11574 11575
f 11576 11577 11575
f 11575 11577 11578
f 11575 11578 11579
f 11581 11582 11588
f 11588 11582 11583
f 11588 11583 11587
f 11587 11583 11584
f 11587 11584 11586
f 11586 11584 11585
f 11589 11590 11596
f 11596 11590 11591
f 11596 11591 11595
f 11595 11591 11592
f 11595 11592 11594
f 11594 11592 11593
f 11598 11614 11597
f 11597 11614 11606
f 11597 11606 11605
f 11605 11606 11607
f 11605 11607 11608
f 11598 11599 11614
f 11614 11599 11613
f 11613 11599 11600
f 11613 11600 11612
f 11612 11600 11601
f 11612 11601 11611
f 11611 11601 11615
f 11611 11615 11610
f 11616 11602 11603
f 11616 11603 11609
f 11609 11603 11604
f 11609 11604 11608
f 11608 11604 11605
f 11624 11617 11623
f 11623 11617 11618
f 11623 11618 11622
f 11622 11618 11619
f 11622 11619 11621
f 11621 11619 11620
f 11625 11626 11632
f 11632 11626 11627
f 11632 11627 11631
f 11631 11627 11628
f 11631 11628 11630
f 11630 11628 11629
f 11633 11634 11645
f 11645 11634 11635
f 11645 11635 11636
f 11636 11637 11645
f 11645 11637 11644
f 11644 11637 11646
f 11644 11646 11643
f 11643 11646 11642
f 11642 11646 11640
f 11642 11640 11641
f 11637 11638 11646
f 11646 11638 11639
f 11646 11639 11640
f 11654 11647 11653
f 11653 11647 11648
f 11653 11648 11649
f 11650 11651 11649
f 11649 11651 11652
f 11649 11652 11653
f 11656 11657 11655
f 11655 11657 11658
f 11660 11661 11659
f 11659 11661 11662
f 11670 11663 11669
f 11669 11663 11664
f 11669 11664 11668
f 11668 11664 11665
f 11668 11665 11667
f 11667 11665 11666
f 11676 11671 11675
f 11675 11671 11672
f 11675 11672 11673
f 11673 11674 11675
f 11677 11678 11682
f 11682 11678 11681
f 11681 11678 11680
f 11680 11678 11679
f 11690 11683 11689
f 11689 11683 11684
f 11689 11684 11685
f 11686 11687 11685
f 11685 11687 11688
f 11685 11688 11689
f 11691 11692 11698
f 11698 11692 11693
f 11698 11693 11694
f 11695 11696 11694
f 11694 11696 11697
f 11694 11697 11698
f 11704 11699 11702
f 11702 11699 11700
f 11702 11700 11701
f 11702 11703 11704
f 11710 11705 11708
f 11708 11705 11706
f 11708 11706 11707
f 11708 11709 11710
f 11712 11713 11711
f 11711 11713 11718
f 11718 11713 11717
f 11717 11713 11714
f 11717 11714 11716
f 11716 11714 11715
f 11726 11719 11725
f 11725 11719 11720
f 11725 11720 11721
f 11722 11723 11721
f 11721 11723 11724
f 11721 11724 11725
f 11735 11727 11736
f 11736 11727 11728
f 11736 11728 11744
f 11744 11728 11729
f 11744 11729 11743
f 11743 11729 11742
f 11742 11729 11730
f 11742 11730 11741
f 11741 11730 11731
f 11741 11731 11732
f 11741 11732 11740
f 11740 11732 11733
f 11740 11733 11739
f 11739 11733 11734
f 11739 11734 11738
f 11738 11734 11737
f 11737 11734 11735
f 11737 11735 11736
f 11746 11747 11745
f 11745 11747 11753
f 11753 11747 11748
f 11753 11748 11752
f 11752 11748 11749
f 11752 11749 11751
f 11751 11749 11750
f 11754 11755 11761
f 11761 11755 11756
f 11761 11756 11760
f 11760 11756 11757
f 11760 11757 11759
f 11759 11757 11758
f 11763 11768 11762
f 11771 11767 11763
f 11766 11770 11765
f 11762 11769 11766
f 11765 11772 11764
f 11773 11774 11780
f 11780 11774 11775
f 11780 11775 11776
f 11777 11778 11776
f 11776 11778 11779
f 11776 11779 11780
f 11782 11783 11781
f 11781 11783 11788
f 11788 11783 11787
f 11787 11783 11784
f 11787 11784 11786
f 11786 11784 11785
f 11790 11791 11789
f 11789 11791 11796
f 11796 11791 11792
f 11796 11792 11795
f 11795 11792 11793
f 11795 11793 11794
f 11797 11798 11804
f 11804 11798 11799
f 11804 11799 11803
f 11803 11799 11800
f 11803 11800 11802
f 11802 11800 11801
f 11812 11805 11811
f 11811 11805 11806
f 11811 11806 11807
f 11808 11809 11807
f 11807 11809 11810
f 11807 11810 11811
f 11814 11815 11813
f 11813 11815 11816
f 11832 11817 11824
f 11824 11817 11818
f 11824 11818 11823
f 11823 11818 11819
f 11823 11819 11822
f 11822 11819 11820
f 11822 11820 11821
f 11824 11825 11832
f 11832 11825 11831
f 11831 11825 11826
f 11831 11826 11830
f 11830 11826 11827
f 11830 11827 11829
f 11829 11827 11828
f 11833 11834 11840
f 11840 11834 11835
f 11840 11835 11836
f 11837 11838 11836
f 11836 11838 11839
f 11836 11839 11840
f 11841 11842 11848
f 11848 11842 11843
f 11848 11843 11847
f 11847 11843 11844
f 11847 11844 11846
f 11846 11844 11845
f 11849 11850 11856
f 11856 11850 11851
f 11856 11851 11855
f 11855 11851 11852
f 11855 11852 11854
f 11854 11852 11853
f 11858 11859 11857
f 11857 11859 11860
f 11862 11865 11861
f 11861 11865 11866
f 11861 11866 11870
f 11870 11866 11867
f 11870 11867 11869
f 11869 11867 11868
f 11863 11864 11862
f 11862 11864 11865
f 11872 11873 11871
f 11871 11873 11874
f 11888 11875 11887
f 11887 11875 11876
f 11887 11876 11886
f 11886 11876 11877
f 11886 11877 11885
f 11885 11877 11878
f 11885 11878 11884
f 11884 11878 11879
f 11884 11879 11883
f 11883 11879 11880
f 11883 11880 11882
f 11882 11880 11881
f 11889 11890 11896
f 11896 11890 11891
f 11896 11891 11892
f 11893 11894 11892
f 11892 11894 11895
f 11892 11895 11896
f 11902 11897 11901
f 11901 11897 11898
f 11901 11898 11899
f 11899 11900 11901
f 11904 11905 11903
f 11903 11905 11910
f 11910 11905 11909
f 11909 11905 11906
f 11909 11906 11908
f 11908 11906 11907
f 11912 11916 11911
f 11911 11916 11917
f 11911 11917 11915
f 11915 11917 11921
f 11915 11921 11914
f 11922 11918 11919
f 11922 11919 11913
f 11913 11919 11920
f 11913 11920 11912
f 11912 11920 11916
f 11930 11923 11929
f 11929 11923 11924
f 11929 11924 11925
f 11926 11927 11925
f 11925 11927 11928
f 11925 11928 11929
f 11936 11931 11934
f 11934 11931 11932
f 11934 11932 11933
f 11934 11935 11936
f 11938 11947 11937
f 11937 11947 11948
f 11937 11948 11946
f 11946 11948 11949
f 11946 11949 11945
f 11945 11949 11950
f 11945 11950 11944
f 11944 11950 11951
f 11944 11951 11943
f 11943 11951 11942
f 11942 11951 11957
f 11958 11952 11941
f 11941 11952 11953
f 11941 11953 11954
f 11947 11938 11956
f 11956 11938 11939
f 11956 11939 11955
f 11955 11939 11940
f 11955 11940 11954
f 11954 11940 11941
f 11960 11970 11959
f 11959 11970 11965
f 11959 11965 11964
f 11964 11965 11966
f 11964 11966 11963
f 11963 11966 11967
f 11963 11967 11962
f 11962 11967 11971
f 11972 11968 11961
f 11961 11968 11969
f 11961 11969 11960
f 11960 11969 11970
f 11980 11973 11979
f 11979 11973 11974
f 11979 11974 11975
f 11976 11977 11975
f 11975 11977 11978
f 11975 11978 11979
f 11986 11981 11984
f 11984 11981 11982
f 11984 11982 11983
f 11984 11985 11986
f 11988 11989 11987
f 11987 11989 11994
f 11994 11989 11993
f 11993 11989 11990
f 11993 11990 11992
f 11992 11990 11991
f 12000 11995 11998
f 11998 11995 11996
f 11998 11996 11997
f 11998 11999 12000
f 12012 12001 12011
f 12011 12001 12002
f 12011 12002 12003
f 12011 12003 12010
f 12010 12003 12004
f 12010 12004 12009
f 12009 12004 12005
f 12009 12005 12008
f 12008 12005 12007
f 12007 12005 12006
f 12014 12024 12013
f 12013 12024 12019
f 12013 12019 12018
f 12018 12019 12020
f 12018 12020 12017
f 12017 12020 12021
f 12017 12021 12016
f 12016 12021 12026
f 12025 12022 12015
f 12015 12022 12023
f 12015 12023 12014
f 12014 12023 12024
f 12028 12044 12027
f 12027 12044 12036
f 12027 12036 12037
f 12028 12029 12044
f 12044 12029 12043
f 12043 12029 12030
f 12043 12030 12042
f 12042 12030 12031
f 12042 12031 12041
f 12041 12031 12045
f 12041 12045 12040
f 12046 12032 12033
f 12046 12033 12039
f 12039 12033 12034
f 12039 12034 12038
f 12038 12034 12035
f 12038 12035 12037
f 12037 12035 12027
f 12047 12048 12054
f 12054 12048 12049
f 12054 12049 12053
f 12053 12049 12050
f 12053 12050 12052
f 12052 12050 12051
f 12055 12056 12062
f 12062 12056 12057
f 12062 12057 12061
f 12061 12057 12058
f 12061 12058 12060
f 12060 12058 12059
f 12063 12064 12070
f 12070 12064 12065
f 12070 12065 12066
f 12067 12068 12066
f 12066 12068 12069
f 12066 12069 12070
f 12071 12072 12078
f 12078 12072 12073
f 12078 12073 12074
f 12075 12076 12074
f 12074 12076 12077
f 12074 12077 12078
f 12079 12080 12086
f 12086 12080 12081
f 12086 12081 12085
f 12085 12081 12082
f 12085 12082 12084
f 12084 12082 12083
f 12087 12088 12096
f 12096 12088 12089
f 12096 12089 12090
f 12096 12090 12095
f 12095 12090 12091
f 12095 12091 12094
f 12094 12091 12092
f 12094 12092 12093
f 12102 12097 12101
f 12101 12097 12098
f 12101 12098 12099
f 12099 12100 12101
f 12110 12103 12109
f 12109 12103 12104
f 12109 12104 12105
f 12106 12107 12105
f 12105 12107 12108
f 12105 12108 12109
f 12111 12112 12118
f 12118 12112 12113
f 12118 12113 12117
f 12117 12113 12114
f 12117 12114 12116
f 12116 12114 12115
f 12124 12119 12122
f 12122 12119 12120
f 12122 12120 12121
f 12122 12123 12124
f 12126 12127 12125
f 12125 12127 12132
f 12132 12127 12131
f 12131 12127 12128
f 12131 12128 12130
f 12130 12128 12129
f 12133 12134 12140
f 12140 12134 12135
f 12140 12135 12136
f 12137 12138 12136
f 12136 12138 12139
f 12136 12139 12140
f 12146 12141 12145
f 12145 12141 12142
f 12145 12142 12143
f 12143 12144 12145
f 12148 12149 12147
f 12147 12149 12154
f 12154 12149 12150
f 12154 12150 12153
f 12153 12150 12151
f 12153 12151 12152
f 12155 12156 12162
f 12162 12156 12157
f 12162 12157 12161
f 12161 12157 12158
f 12161 12158 12160
f 12160 12158 12159
f 12164 12165 12163
f 12163 12165 12170
f 12170 12165 12166
f 12170 12166 12169
f 12169 12166 12167
f 12169 12167 12168
f 12176 12171 12175
f 12175 12171 12172
f 12175 12172 12173
f 12173 12174 12175
f 12178 12183 12177
f 12186 12182 12178
f 12181 12185 12180
f 12177 12184 12181
f 12180 12187 12179
f 12188 12189 12193
f 12193 12189 12192
f 12192 12189 12191
f 12191 12189 12190
f 12195 12196 12194
f 12194 12196 12201
f 12201 12196 12200
f 12200 12196 12197
f 12200 12197 12199
f 12199 12197 12198
f 12209 12202 12208
f 12208 12202 12203
f 12208 12203 12204
f 12205 12206 12204
f 12204 12206 12207
f 12204 12207 12208
f 12215 12210 12214
f 12214 12210 12211
f 12214 12211 12212
f 12212 12213 12214
f 12216 12217 12221
f 12221 12217 12220
f 12220 12217 12219
f 12219 12217 12218
f 12223 12224 12222
f 12222 12224 12229
f 12229 12224 12228
f 12228 12224 12225
f 12228 12225 12227
f 12227 12225 12226
f 12230 12231 12235
f 12235 12231 12234
f 12234 12231 12233
f 12233 12231 12232
f 12237 12238 12236
f 12236 12238 12239
f 12236 12239 12240
f 12242 12243 12241
f 12241 12243 12248
f 12248 12243 12247
f 12247 12243 12244
f 12247 12244 12246
f 12246 12244 12245
f 12262 12249 12261
f 12261 12249 12250
f 12261 12250 12252
f 12252 12250 12251
f 12261 12252 12260
f 12260 12252 12253
f 12260 12253 12259
f 12259 12253 12254
f 12259 12254 12257
f 12257 12254 12256
f 12256 12254 12255
f 12257 12258 12259
f 12263 12264 12265
f 12271 12266 12270
f 12270 12266 12267
f 12270 12267 12268
f 12268 12269 12270
f 12273 12298 12272
f 12272 12298 12299
f 12272 12299 12300
f 12273 12274 12298
f 12298 12274 12297
f 12297 12274 12275
f 12297 12275 12301
f 12301 12275 12272
f 12301 12272 12300
f 12276 12290 12275
f 12275 12290 12291
f 12275 12291 12272
f 12277 12278 12276
f 12276 12278 12296
f 12276 12296 12288
f 12288 12296 12287
f 12287 12296 12292
f 12287 12292 12293
f 12278 12279 12296
f 12296 12279 12295
f 12295 12279 12280
f 12295 12280 12281
f 12295 12281 12294
f 12294 12281 12282
f 12294 12282 12293
f 12293 12282 12283
f 12293 12283 12285
f 12285 12283 12284
f 12285 12286 12293
f 12293 12286 12287
f 12288 12289 12276
f 12276 12289 12290
f 12302 12303 12309
f 12309 12303 12304
f 12309 12304 12305
f 12306 12307 12305
f 12305 12307 12308
f 12305 12308 12309
f 12311 12312 12310
f 12310 12312 12313
f 12310 12313 12315
f 12315 12313 12314
f 12317 12321 12316
f 12316 12321 12322
f 12316 12322 12320
f 12320 12322 12326
f 12320 12326 12319
f 12327 12323 12324
f 12327 12324 12318
f 12318 12324 12325
f 12318 12325 12317
f 12317 12325 12321
f 12328 12329 12331
f 12331 12329 12330
f 12339 12332 12338
f 12338 12332 12333
f 12338 12333 12334
f 12335 12336 12334
f 12334 12336 12337
f 12334 12337 12338
f 12341 12509 12340
f 12340 12509 12510
f 12340 12510 12347
f 12347 12510 12511
f 12347 12511 12610
f 12610 12511 12612
f 12610 12612 12644
f 12644 12612 12561
f 12644 12561 12562
f 12509 12341 12508
f 12508 12341 12342
f 12508 12342 12507
f 12507 12342 12506
f 12506 12342 12343
f 12506 12343 12634
f 12634 12343 12633
f 12634 12633 12696
f 12696 12633 12530
f 12530 12633 12632
f 12530 12632 12529
f 12529 12632 12631
f 12529 12631 12528
f 12528 12631 12630
f 12528 12630 12527
f 12527 12630 12694
f 12527 12694 12695
f 12695 12694 12526
f 12695 12526 12527
f 12343 12344 12633
f 12633 12344 12635
f 12633 12635 12636
f 12636 12635 12567
f 12636 12567 12568
f 12344 12345 12635
f 12635 12345 12610
f 12635 12610 12566
f 12566 12610 12565
f 12565 12610 12564
f 12564 12610 12563
f 12563 12610 12644
f 12563 12644 12562
f 12345 12346 12610
f 12610 12346 12347
f 12349 12361 12348
f 12348 12361 12362
f 12348 12362 12355
f 12355 12362 12363
f 12355 12363 12561
f 12561 12363 12371
f 12561 12371 12560
f 12560 12371 12379
f 12560 12379 12387
f 12387 12379 12386
f 12386 12379 12372
f 12386 12372 12385
f 12385 12372 12384
f 12384 12372 12373
f 12384 12373 12374
f 12361 12349 12360
f 12360 12349 12350
f 12360 12350 12359
f 12359 12350 12351
f 12359 12351 12697
f 12697 12351 12634
f 12609 12699 12531
f 12634 12351 12498
f 12498 12351 12352
f 12498 12352 12497
f 12497 12352 12496
f 12496 12352 12353
f 12496 12353 12354
f 12496 12354 12646
f 12646 12354 12355
f 12646 12355 12612
f 12612 12355 12561
f 12357 12369 12356
f 12356 12369 12370
f 12356 12370 12363
f 12363 12370 12371
f 12369 12357 12368
f 12368 12357 12358
f 12368 12358 12367
f 12367 12358 12359
f 12367 12359 12366
f 12366 12359 12697
f 12366 12697 12375
f 12375 12697 12383
f 12375 12383 12374
f 12374 12383 12384
f 12365 12376 12364
f 12364 12376 12377
f 12364 12377 12378
f 12365 12366 12376
f 12376 12366 12375
f 12379 12371 12378
f 12378 12371 12364
f 12381 12392 12380
f 12380 12392 12393
f 12380 12393 12394
f 12381 12382 12392
f 12392 12382 12391
f 12391 12382 12383
f 12391 12383 12697
f 12380 12394 12387
f 12387 12394 12395
f 12387 12395 12560
f 12560 12395 12403
f 12560 12403 12415
f 12415 12403 12414
f 12414 12403 12396
f 12414 12396 12413
f 12413 12396 12412
f 12412 12396 12397
f 12412 12397 12411
f 12411 12397 12410
f 12410 12397 12398
f 12410 12398 12409
f 12409 12398 12399
f 12409 12399 12697
f 12697 12399 12391
f 12389 12400 12388
f 12388 12400 12401
f 12388 12401 12402
f 12389 12390 12400
f 12400 12390 12399
f 12399 12390 12391
f 12403 12395 12402
f 12402 12395 12388
f 12405 12421 12404
f 12404 12421 12422
f 12700 12617 12415
f 12415 12617 12560
f 12405 12406 12421
f 12421 12406 12420
f 12420 12406 12407
f 12420 12407 12702
f 12701 12408 12419
f 12419 12408 12409
f 12419 12409 12697
f 12423 12416 12429
f 12429 12416 12417
f 12429 12417 12428
f 12428 12417 12418
f 12428 12418 12427
f 12427 12418 12698
f 12427 12698 12609
f 12560 12617 12616
f 12430 12422 12423
f 12430 12423 12429
f 12425 12437 12424
f 12424 12437 12438
f 12424 12438 12431
f 12431 12438 12439
f 12431 12439 12430
f 12616 12615 12560
f 12437 12425 12436
f 12436 12425 12426
f 12436 12426 12435
f 12435 12426 12427
f 12435 12427 12609
f 12433 12445 12432
f 12432 12445 12446
f 12432 12446 12439
f 12615 12614 12559
f 12615 12559 12560
f 12445 12433 12444
f 12444 12433 12434
f 12444 12434 12443
f 12443 12434 12435
f 12443 12435 12653
f 12653 12435 12609
f 12653 12609 12533
f 12533 12609 12532
f 12532 12609 12531
f 12447 12440 12453
f 12453 12440 12441
f 12453 12441 12452
f 12452 12441 12442
f 12452 12442 12451
f 12451 12442 12443
f 12451 12443 12653
f 12447 12454 12446
f 12614 12613 12611
f 12614 12611 12559
f 12703 12651 12558
f 12558 12651 12678
f 12558 12678 12557
f 12557 12678 12677
f 12557 12677 12556
f 12556 12677 12650
f 12556 12650 12555
f 12555 12650 12676
f 12555 12676 12554
f 12554 12676 12675
f 12554 12675 12553
f 12553 12675 12674
f 12553 12674 12552
f 12552 12674 12673
f 12552 12673 12551
f 12551 12673 12550
f 12550 12673 12672
f 12550 12672 12549
f 12549 12672 12671
f 12549 12671 12548
f 12548 12671 12670
f 12548 12670 12547
f 12547 12670 12546
f 12546 12670 12619
f 12546 12619 12545
f 12545 12619 12662
f 12545 12662 12544
f 12544 12662 12543
f 12543 12662 12542
f 12542 12662 12661
f 12542 12661 12541
f 12541 12661 12660
f 12541 12660 12540
f 12540 12660 12539
f 12539 12660 12659
f 12539 12659 12538
f 12538 12659 12658
f 12538 12658 12537
f 12537 12658 12657
f 12537 12657 12536
f 12536 12657 12656
f 12536 12656 12535
f 12535 12656 12655
f 12535 12655 12534
f 12534 12655 12654
f 12534 12654 12533
f 12533 12654 12653
f 12454 12447 12453
f 12455 12448 12461
f 12461 12448 12449
f 12461 12449 12460
f 12460 12449 12450
f 12460 12450 12459
f 12459 12450 12653
f 12459 12653 12467
f 12467 12653 12654
f 12467 12654 12475
f 12475 12654 12483
f 12475 12483 12474
f 12474 12483 12484
f 12474 12484 12473
f 12473 12484 12485
f 12473 12485 12472
f 12472 12485 12479
f 12479 12485 12486
f 12479 12486 12478
f 12478 12486 12649
f 12478 12649 12648
f 12648 12649 12470
f 12648 12470 12471
f 12450 12451 12653
f 12611 12613 12652
f 12647 12454 12455
f 12647 12455 12462
f 12462 12455 12461
f 12463 12456 12469
f 12469 12456 12457
f 12469 12457 12468
f 12468 12457 12458
f 12468 12458 12467
f 12467 12458 12459
f 12463 12470 12462
f 12462 12470 12651
f 12462 12651 12647
f 12470 12463 12469
f 12471 12464 12477
f 12477 12464 12465
f 12477 12465 12476
f 12476 12465 12466
f 12476 12466 12475
f 12475 12466 12467
f 12648 12471 12477
f 12477 12478 12648
f 12481 12492 12480
f 12480 12492 12493
f 12480 12493 12487
f 12487 12493 12494
f 12487 12494 12486
f 12486 12494 12650
f 12486 12650 12649
f 12649 12650 12677
f 12649 12677 12651
f 12651 12677 12678
f 12492 12481 12491
f 12491 12481 12482
f 12491 12482 12483
f 12489 12669 12488
f 12488 12669 12650
f 12488 12650 12495
f 12495 12650 12494
f 12669 12489 12655
f 12655 12489 12490
f 12655 12490 12483
f 12483 12490 12491
f 12634 12498 12506
f 12506 12498 12499
f 12506 12499 12505
f 12505 12499 12500
f 12505 12500 12504
f 12504 12500 12501
f 12504 12501 12502
f 12503 12612 12502
f 12502 12612 12511
f 12502 12511 12504
f 12612 12503 12646
f 12646 12503 12496
f 12608 12512 12599
f 12599 12512 12513
f 12599 12513 12618
f 12618 12513 12683
f 12618 12683 12682
f 12682 12683 12684
f 12682 12684 12681
f 12681 12684 12685
f 12681 12685 12680
f 12680 12685 12686
f 12680 12686 12679
f 12679 12686 12687
f 12679 12687 12520
f 12520 12687 12519
f 12519 12687 12518
f 12518 12687 12686
f 12518 12686 12685
f 12513 12514 12683
f 12683 12514 12515
f 12683 12515 12516
f 12683 12516 12684
f 12684 12516 12517
f 12684 12517 12685
f 12685 12517 12518
f 12520 12521 12679
f 12679 12521 12625
f 12679 12625 12624
f 12624 12625 12595
f 12624 12595 12623
f 12623 12595 12596
f 12623 12596 12622
f 12622 12596 12597
f 12622 12597 12621
f 12621 12597 12598
f 12621 12598 12620
f 12620 12598 12599
f 12620 12599 12618
f 12625 12521 12692
f 12692 12521 12522
f 12692 12522 12523
f 12524 12690 12523
f 12523 12690 12691
f 12523 12691 12626
f 12626 12691 12627
f 12626 12627 12642
f 12642 12627 12641
f 12642 12641 12576
f 12576 12641 12575
f 12575 12641 12574
f 12574 12641 12640
f 12574 12640 12573
f 12573 12640 12639
f 12573 12639 12572
f 12572 12639 12571
f 12571 12639 12638
f 12571 12638 12570
f 12570 12638 12637
f 12570 12637 12569
f 12569 12637 12568
f 12568 12637 12636
f 12690 12524 12689
f 12689 12524 12525
f 12689 12525 12688
f 12688 12525 12693
f 12688 12693 12526
f 12526 12693 12525
f 12566 12567 12635
f 12576 12577 12642
f 12642 12577 12643
f 12642 12643 12626
f 12626 12643 12625
f 12626 12625 12692
f 12577 12578 12643
f 12643 12578 12645
f 12643 12645 12583
f 12583 12645 12582
f 12582 12645 12581
f 12581 12645 12580
f 12580 12645 12579
f 12579 12645 12578
f 12583 12584 12643
f 12643 12584 12585
f 12643 12585 12586
f 12643 12586 12625
f 12625 12586 12587
f 12625 12587 12588
f 12588 12589 12625
f 12625 12589 12590
f 12625 12590 12591
f 12591 12592 12625
f 12625 12592 12593
f 12625 12593 12594
f 12594 12595 12625
f 12599 12600 12608
f 12608 12600 12601
f 12608 12601 12602
f 12602 12603 12608
f 12608 12603 12604
f 12608 12604 12605
f 12606 12607 12605
f 12605 12607 12608
f 12651 12470 12649
f 12526 12694 12630
f 12620 12618 12621
f 12621 12618 12682
f 12621 12682 12622
f 12622 12682 12681
f 12622 12681 12623
f 12623 12681 12680
f 12623 12680 12624
f 12624 12680 12679
f 12523 12626 12692
f 12640 12641 12628
f 12628 12641 12627
f 12628 12627 12690
f 12690 12627 12691
f 12639 12640 12629
f 12629 12640 12628
f 12629 12628 12689
f 12689 12628 12690
f 12638 12639 12630
f 12630 12639 12629
f 12630 12629 12526
f 12526 12629 12688
f 12688 12629 12689
f 12637 12638 12631
f 12631 12638 12630
f 12636 12637 12632
f 12632 12637 12631
f 12632 12633 12636
f 12654 12655 12483
f 12655 12656 12669
f 12669 12656 12668
f 12669 12668 12650
f 12650 12668 12676
f 12656 12657 12668
f 12668 12657 12667
f 12668 12667 12676
f 12676 12667 12675
f 12657 12658 12667
f 12667 12658 12666
f 12667 12666 12675
f 12675 12666 12674
f 12658 12659 12666
f 12666 12659 12665
f 12666 12665 12674
f 12674 12665 12673
f 12659 12660 12665
f 12665 12660 12664
f 12665 12664 12673
f 12673 12664 12672
f 12660 12661 12664
f 12664 12661 12663
f 12664 12663 12672
f 12672 12663 12671
f 12661 12662 12663
f 12663 12662 12619
f 12663 12619 12671
f 12671 12619 12670
f 12705 12706 12704
f 12704 12706 12711
f 12711 12706 12707
f 12711 12707 12710
f 12710 12707 12708
f 12710 12708 12709
f 12713 12714 12712
f 12712 12714 12719
f 12719 12714 12718
f 12718 12714 12715
f 12718 12715 12717
f 12717 12715 12716
f 12721 12729 12720
f 12720 12729 12730
f 12720 12730 12728
f 12728 12730 12731
f 12728 12731 12727
f 12727 12731 12732
f 12727 12732 12726
f 12726 12732 12739
f 12726 12739 12725
f 12738 12733 12734
f 12738 12734 12724
f 12724 12734 12735
f 12724 12735 12723
f 12723 12735 12736
f 12723 12736 12722
f 12722 12736 12737
f 12722 12737 12721
f 12721 12737 12729
f 12745 12740 12746
f 12746 12740 12741
f 12746 12741 12750
f 12750 12741 12742
f 12750 12742 12749
f 12749 12742 12743
f 12749 12743 12748
f 12748 12743 12744
f 12748 12744 12747
f 12747 12744 12745
f 12747 12745 12746
f 12751 12752 12758
f 12758 12752 12753
f 12758 12753 12757
f 12757 12753 12754
f 12757 12754 12756
f 12756 12754 12755
f 12759 12760 12766
f 12766 12760 12761
f 12766 12761 12765
f 12765 12761 12762
f 12765 12762 12764
f 12764 12762 12763
f 12767 12768 12774
f 12774 12768 12769
f 12774 12769 12773
f 12773 12769 12770
f 12773 12770 12772
f 12772 12770 12771
f 12782 12775 12781
f 12781 12775 12776
f 12781 12776 12777
f 12778 12779 12777
f 12777 12779 12780
f 12777 12780 12781
f 12783 12784 12787
f 12787 12784 12785
f 12787 12785 12786
f 12789 12802 12788
f 12788 12802 12796
f 12788 12796 12795
f 12795 12796 12797
f 12795 12797 12794
f 12794 12797 12798
f 12794 12798 12793
f 12793 12798 12799
f 12793 12799 12792
f 12792 12799 12800
f 12792 12800 12791
f 12791 12800 12790
f 12790 12800 12801
f 12790 12801 12789
f 12789 12801 12802
f 12811 12803 12812
f 12812 12803 12804
f 12812 12804 12820
f 12820 12804 12805
f 12820 12805 12819
f 12819 12805 12818
f 12818 12805 12806
f 12818 12806 12817
f 12817 12806 12807
f 12817 12807 12808
f 12817 12808 12816
f 12816 12808 12809
f 12816 12809 12815
f 12815 12809 12810
f 12815 12810 12814
f 12814 12810 12813
f 12813 12810 12811
f 12813 12811 12812
f 12822 12823 12821
f 12821 12823 12828
f 12828 12823 12827
f 12827 12823 12824
f 12827 12824 12826
f 12826 12824 12825
f 12829 12830 12838
f 12838 12830 12837
f 12837 12830 12831
f 12837 12831 12832
f 12832 12833 12837
f 12837 12833 12836
f 12836 12833 12834
f 12836 12834 12835
f 12840 12841 12839
f 12839 12841 12846
f 12846 12841 12842
f 12846 12842 12845
f 12845 12842 12843
f 12845 12843 12844
f 12848 12849 12847
f 12847 12849 12855
f 12855 12849 12850
f 12855 12850 12854
f 12854 12850 12851
f 12854 12851 12853
f 12853 12851 12852
f 12864 12856 12865
f 12865 12856 12857
f 12865 12857 12873
f 12873 12857 12858
f 12873 12858 12872
f 12872 12858 12871
f 12871 12858 12859
f 12871 12859 12870
f 12870 12859 12860
f 12870 12860 12861
f 12870 12861 12869
f 12869 12861 12862
f 12869 12862 12868
f 12868 12862 12863
f 12868 12863 12867
f 12867 12863 12866
f 12866 12863 12864
f 12866 12864 12865
f 12879 12874 12877
f 12877 12874 12875
f 12877 12875 12876
f 12877 12878 12879
f 12888 12880 12889
f 12889 12880 12881
f 12889 12881 12897
f 12897 12881 12882
f 12897 12882 12896
f 12896 12882 12895
f 12895 12882 12883
f 12895 12883 12894
f 12894 12883 12884
f 12894 12884 12885
f 12894 12885 12893
f 12893 12885 12886
f 12893 12886 12892
f 12892 12886 12887
f 12892 12887 12891
f 12891 12887 12890
f 12890 12887 12888
f 12890 12888 12889
f 12905 12898 12904
f 12904 12898 12899
f 12904 12899 12900
f 12901 12902 12900
f 12900 12902 12903
f 12900 12903 12904
f 12907 12908 12906
f 12906 12908 12913
f 12913 12908 12912
f 12912 12908 12909
f 12912 12909 12911
f 12911 12909 12910
f 12915 12932 12914
f 12914 12932 12923
f 12914 12923 12924
f 12932 12915 12931
f 12931 12915 12916
f 12931 12916 12930
f 12930 12916 12917
f 12930 12917 12929
f 12929 12917 12933
f 12929 12933 12928
f 12934 12918 12919
f 12934 12919 12927
f 12927 12919 12920
f 12927 12920 12926
f 12926 12920 12921
f 12926 12921 12925
f 12925 12921 12922
f 12925 12922 12924
f 12924 12922 12914
f 12936 12946 12935
f 12935 12946 12941
f 12935 12941 12942
f 12946 12936 12945
f 12945 12936 12937
f 12945 12937 12944
f 12944 12937 12948
f 12947 12938 12943
f 12943 12938 12939
f 12943 12939 12942
f 12942 12939 12940
f 12942 12940 12935
f 12950 12951 12949
f 12949 12951 12956
f 12956 12951 12952
f 12956 12952 12955
f 12955 12952 12953
f 12955 12953 12954
f 12958 12968 12957
f 12957 12968 12963
f 12957 12963 12964
f 12958 12959 12968
f 12968 12959 12967
f 12967 12959 12960
f 12967 12960 12966
f 12966 12960 12965
f 12965 12960 12961
f 12965 12961 12962
f 12965 12962 12964
f 12964 12962 12957
f 12970 12971 12969
f 12969 12971 12976
f 12976 12971 12975
f 12975 12971 12972
f 12975 12972 12974
f 12974 12972 12973
f 12978 12979 12977
f 12977 12979 12984
f 12984 12979 12983
f 12983 12979 12980
f 12983 12980 12982
f 12982 12980 12981
f 12985 12986 12987
f 12989 12995 12988
f 12988 12995 12996
f 12988 12996 12994
f 12994 12996 12997
f 12994 12997 12993
f 12993 12997 13003
f 12993 13003 12992
f 13002 12998 12999
f 13002 12999 12991
f 12991 12999 13000
f 12991 13000 12990
f 12990 13000 13001
f 12990 13001 12989
f 12989 13001 12995
f 13005 13006 13004
f 13004 13006 13007
f 13004 13007 13011
f 13011 13007 13008
f 13011 13008 13009
f 13009 13010 13011
f 13013 13014 13012
f 13012 13014 13015
f 13016 13017 13023
f 13023 13017 13018
f 13023 13018 13019
f 13020 13021 13019
f 13019 13021 13022
f 13019 13022 13023
f 13029 13024 13027
f 13027 13024 13025
f 13027 13025 13026
f 13027 13028 13029
f 13038 13030 13037
f 13037 13030 13031
f 13037 13031 13032
f 13037 13032 13036
f 13036 13032 13033
f 13036 13033 13035
f 13035 13033 13034
f 13048 13039 13047
f 13047 13039 13040
f 13047 13040 13046
f 13046 13040 13041
f 13046 13041 13045
f 13045 13041 13042
f 13045 13042 13044
f 13044 13042 13043
f 13049 13050 13051
f 13052 13053 13061
f 13061 13053 13054
f 13061 13054 13060
f 13060 13054 13059
f 13059 13054 13058
f 13058 13054 13055
f 13058 13055 13057
f 13057 13055 13056
f 13062 13063 13065
f 13065 13063 13064
f 13093 13066 13098
f 13098 13066 13067
f 13098 13067 13117
f 13117 13067 13068
f 13117 13068 13096
f 13096 13068 13069
f 13096 13069 13135
f 13135 13069 13136
f 13135 13136 13137
f 13137 13136 13153
f 13137 13153 13152
f 13152 13153 13072
f 13152 13072 13151
f 13151 13072 13073
f 13151 13073 13150
f 13150 13073 13149
f 13150 13149 13140
f 13140 13149 13141
f 13140 13141 13130
f 13140 13130 13131
f 13131 13130 13122
f 13131 13122 13121
f 13121 13122 13112
f 13121 13112 13113
f 13113 13112 13102
f 13102 13112 13103
f 13102 13103 13090
f 13090 13103 13089
f 13089 13103 13104
f 13089 13104 13088
f 13088 13104 13087
f 13087 13104 13105
f 13087 13105 13086
f 13086 13105 13106
f 13086 13106 13085
f 13085 13106 13084
f 13084 13106 13107
f 13084 13107 13083
f 13083 13107 13082
f 13082 13107 13081
f 13081 13107 13108
f 13081 13108 13080
f 13080 13108 13097
f 13080 13097 13079
f 13079 13097 13126
f 13079 13126 13145
f 13145 13126 13127
f 13145 13127 13144
f 13144 13127 13128
f 13144 13128 13143
f 13143 13128 13129
f 13143 13129 13142
f 13142 13129 13130
f 13142 13130 13141
f 13136 13069 13094
f 13094 13069 13070
f 13094 13070 13071
f 13094 13071 13153
f 13153 13071 13072
f 13073 13074 13149
f 13149 13074 13148
f 13149 13148 13141
f 13141 13148 13142
f 13074 13075 13148
f 13148 13075 13147
f 13148 13147 13142
f 13142 13147 13143
f 13075 13076 13147
f 13147 13076 13146
f 13147 13146 13143
f 13143 13146 13144
f 13076 13077 13146
f 13146 13077 13095
f 13146 13095 13144
f 13144 13095 13145
f 13077 13078 13095
f 13095 13078 13079
f 13095 13079 13145
f 13102 13090 13101
f 13101 13090 13091
f 13101 13091 13100
f 13100 13091 13099
f 13100 13099 13115
f 13115 13099 13116
f 13115 13116 13118
f 13115 13118 13119
f 13119 13118 13134
f 13119 13134 13133
f 13133 13134 13137
f 13133 13137 13138
f 13138 13137 13152
f 13091 13092 13099
f 13099 13092 13098
f 13099 13098 13116
f 13116 13098 13117
f 13116 13117 13118
f 13118 13117 13096
f 13118 13096 13134
f 13134 13096 13135
f 13134 13135 13137
f 13092 13093 13098
f 13113 13102 13101
f 13101 13100 13114
f 13114 13100 13115
f 13114 13115 13119
f 13114 13119 13120
f 13120 13119 13133
f 13120 13133 13132
f 13132 13133 13138
f 13132 13138 13139
f 13139 13138 13151
f 13151 13138 13152
f 13104 13103 13111
f 13111 13103 13112
f 13111 13112 13122
f 13111 13122 13123
f 13123 13122 13130
f 13123 13130 13129
f 13105 13104 13110
f 13110 13104 13111
f 13110 13111 13123
f 13110 13123 13124
f 13124 13123 13129
f 13124 13129 13128
f 13108 13107 13106
f 13106 13105 13109
f 13109 13105 13110
f 13109 13110 13124
f 13109 13124 13125
f 13125 13124 13128
f 13125 13128 13127
f 13108 13109 13097
f 13097 13109 13125
f 13097 13125 13126
f 13126 13125 13127
f 13109 13108 13106
f 13113 13114 13120
f 13113 13120 13121
f 13121 13120 13132
f 13121 13132 13131
f 13131 13132 13139
f 13131 13139 13140
f 13140 13139 13150
f 13150 13139 13151
f 13114 13113 13101
f 13094 13153 13136
