# head_v1 head_mid - link-local frame, meters (import_head_v1.py)
o head_mid
v 0.005629 -0.005400 0.000000
v 0.003251 -0.007090 0.000000
v 0.000418 -0.007789 0.000000
v -0.002473 -0.007398 0.000000
v -0.005018 -0.005971 0.000000
v -0.006861 -0.003710 0.000000
v -0.007744 -0.000929 0.000000
v -0.007544 0.001982 0.000000
v -0.006288 0.004615 0.000000
v -0.006171 0.004771 0.000000
v -0.006049 0.004924 0.000000
v -0.003817 0.006802 0.000000
v -0.001050 0.007729 0.000000
v 0.001863 0.007574 0.000000
v 0.004516 0.006360 0.000000
v 0.006537 0.004256 0.000000
v 0.007643 0.001556 0.000000
v 0.007681 -0.001361 0.000000
v 0.006644 -0.004088 0.000000
v 0.006482 -0.004341 0.000000
v 0.006278 -0.004630 0.000000
v 0.006061 -0.004910 0.000000
v 0.005833 -0.005180 0.000000
v 0.004258 -0.004303 0.000000
v 0.005198 -0.004331 0.000000
v 0.005515 -0.003446 0.000000
v 0.004771 -0.002870 0.000000
v 0.003994 -0.003400 0.000000
v -0.004303 -0.004258 0.000000
v -0.004331 -0.005198 0.000000
v -0.003445 -0.005515 0.000000
v -0.002870 -0.004771 0.000000
v -0.003400 -0.003994 0.000000
v -0.004257 0.004303 0.000000
v -0.005197 0.004331 0.000000
v -0.005514 0.003445 0.000000
v -0.004770 0.002870 0.000000
v -0.003993 0.003400 0.000000
v 0.004303 0.004257 0.000000
v 0.004331 0.005197 0.000000
v 0.003446 0.005514 0.000000
v 0.002871 0.004770 0.000000
v 0.003400 0.003993 0.000000
v -0.003414 0.002640 0.000000
v -0.004312 -0.000173 0.000000
v -0.003192 -0.002904 0.000000
v -0.000579 -0.004277 0.000000
v 0.002306 -0.003649 0.000000
v 0.004112 -0.001313 0.000000
v 0.003994 0.001637 0.000000
v 0.002007 0.003821 0.000000
v -0.000919 0.004217 0.000000
v 0.005833 -0.005180 0.000000
v 0.006061 -0.004910 0.000000
v 0.006278 -0.004630 0.000000
v 0.006482 -0.004341 0.000000
v 0.006649 -0.004449 0.000200
v 0.006439 -0.004748 0.000200
v 0.006216 -0.005037 0.000200
v 0.005979 -0.005315 0.000200
v 0.005776 -0.005536 0.000200
v 0.002402 -0.007631 0.000200
v -0.001565 -0.007846 0.000200
v -0.005145 -0.006126 0.000200
v -0.007457 -0.002896 0.000200
v -0.007931 0.001048 0.000200
v -0.006449 0.004733 0.000200
v -0.006293 0.004613 0.000003
v -0.006252 0.004665 0.000001
v -0.006211 0.004718 0.000000
v -0.006171 0.004771 0.000000
v -0.006288 0.004615 0.000000
v -0.007544 0.001982 0.000000
v -0.007744 -0.000929 0.000000
v -0.006861 -0.003710 0.000000
v -0.005018 -0.005971 0.000000
v -0.002473 -0.007398 0.000000
v 0.000418 -0.007789 0.000000
v 0.003251 -0.007090 0.000000
v 0.005629 -0.005400 0.000000
v 0.006644 -0.004088 0.000000
v 0.007681 -0.001361 0.000000
v 0.007643 0.001556 0.000000
v 0.006537 0.004256 0.000000
v 0.004516 0.006360 0.000000
v 0.001863 0.007574 0.000000
v -0.001050 0.007729 0.000000
v -0.003817 0.006802 0.000000
v -0.006049 0.004924 0.000000
v -0.006171 0.004771 0.000000
v -0.006130 0.004824 0.000000
v -0.006089 0.004876 0.000001
v -0.006048 0.004929 0.000003
v -0.006204 0.005050 0.000200
v -0.003011 0.007412 0.000200
v 0.000925 0.007946 0.000200
v 0.004633 0.006522 0.000200
v 0.007199 0.003490 0.000200
v 0.007990 -0.000403 0.000200
v 0.006811 -0.004196 0.000200
v 0.005979 -0.005315 0.000200
v 0.005979 -0.005315 0.002700
v 0.005833 -0.005180 0.002900
v 0.005833 -0.005180 0.000000
v -0.006449 0.004733 0.000200
v -0.007931 0.001048 0.000200
v -0.007457 -0.002896 0.000200
v -0.005145 -0.006126 0.000200
v -0.001565 -0.007846 0.000200
v 0.002402 -0.007631 0.000200
v 0.005776 -0.005536 0.000200
v 0.005776 -0.005536 0.002700
v 0.002402 -0.007631 0.002700
v -0.001565 -0.007846 0.002700
v -0.005145 -0.006126 0.002700
v -0.007457 -0.002896 0.002700
v -0.007931 0.001048 0.002700
v -0.006449 0.004733 0.002700
v 0.006649 -0.004449 0.002700
v 0.006439 -0.004748 0.002700
v 0.006216 -0.005037 0.002700
v 0.005979 -0.005315 0.002700
v 0.005979 -0.005315 0.000200
v 0.006216 -0.005037 0.000200
v 0.006439 -0.004748 0.000200
v 0.006649 -0.004449 0.000200
v 0.004258 -0.004303 0.000000
v 0.003994 -0.003400 0.000000
v 0.004771 -0.002870 0.000000
v 0.005515 -0.003446 0.000000
v 0.005198 -0.004331 0.000000
v 0.004258 -0.004303 0.002900
v 0.005198 -0.004331 0.002900
v 0.005515 -0.003446 0.002900
v 0.004771 -0.002870 0.002900
v 0.003994 -0.003400 0.002900
v 0.005515 -0.003446 0.000000
v 0.005515 -0.003446 0.002900
v 0.005833 -0.005180 0.002900
v 0.005629 -0.005400 0.002900
v 0.005629 -0.005400 0.000000
v 0.005833 -0.005180 0.000000
v -0.006204 0.005050 0.002700
v -0.003011 0.007412 0.002700
v 0.000925 0.007946 0.002700
v 0.004633 0.006522 0.002700
v 0.007199 0.003490 0.002700
v 0.007990 -0.000403 0.002700
v 0.006811 -0.004196 0.002700
v 0.006811 -0.004196 0.000200
v 0.007990 -0.000403 0.000200
v 0.007199 0.003490 0.000200
v 0.004633 0.006522 0.000200
v 0.000925 0.007946 0.000200
v -0.003011 0.007412 0.000200
v -0.006204 0.005050 0.000200
v 0.006649 -0.004449 0.002700
v 0.006649 -0.004449 0.000200
v 0.006482 -0.004341 0.000000
v 0.006482 -0.004341 0.002900
v -0.004303 -0.004258 0.000000
v -0.003400 -0.003994 0.000000
v -0.002870 -0.004771 0.000000
v -0.003445 -0.005515 0.000000
v -0.004331 -0.005198 0.000000
v -0.004303 -0.004258 0.002900
v -0.004331 -0.005198 0.002900
v -0.003445 -0.005515 0.002900
v -0.002870 -0.004771 0.002900
v -0.003400 -0.003994 0.002900
v -0.003445 -0.005515 0.000000
v -0.003445 -0.005515 0.002900
v 0.006644 -0.004088 0.002900
v 0.006482 -0.004341 0.002900
v 0.006482 -0.004341 0.000000
v 0.006644 -0.004088 0.000000
v 0.005776 -0.005536 0.002700
v 0.005776 -0.005536 0.000200
v 0.005629 -0.005400 0.000000
v 0.005629 -0.005400 0.002900
v -0.006047 0.004928 0.002900
v -0.006048 0.004929 0.000003
v -0.006089 0.004876 0.000001
v -0.006130 0.004824 0.000000
v -0.006171 0.004771 0.000000
v -0.006211 0.004718 0.000000
v -0.006252 0.004665 0.000001
v -0.006293 0.004613 0.000003
v -0.006293 0.004613 0.002898
v -0.006252 0.004665 0.002899
v -0.006211 0.004718 0.002900
v -0.006171 0.004771 0.002900
v -0.006449 0.004733 0.000200
v -0.006449 0.004733 0.002700
v -0.006293 0.004613 0.002898
v -0.006293 0.004613 0.000003
v -0.004257 0.004303 0.000000
v -0.003993 0.003400 0.000000
v -0.004770 0.002870 0.000000
v -0.005514 0.003445 0.000000
v -0.005197 0.004331 0.000000
v -0.004257 0.004303 0.002900
v -0.005197 0.004331 0.002900
v -0.005514 0.003445 0.002900
v -0.004770 0.002870 0.002900
v -0.003993 0.003400 0.002900
v -0.005514 0.003445 0.000000
v -0.005514 0.003445 0.002900
v 0.006811 -0.004196 0.000200
v 0.006811 -0.004196 0.002700
v 0.006644 -0.004088 0.002900
v 0.006644 -0.004088 0.000000
v -0.006204 0.005050 0.002700
v -0.006204 0.005050 0.000200
v -0.006048 0.004929 0.000003
v -0.006047 0.004928 0.002900
v 0.004303 0.004257 0.000000
v 0.003400 0.003993 0.000000
v 0.002871 0.004770 0.000000
v 0.003446 0.005514 0.000000
v 0.004331 0.005197 0.000000
v 0.004303 0.004257 0.002900
v 0.004331 0.005197 0.002900
v 0.003446 0.005514 0.002900
v 0.002871 0.004770 0.002900
v 0.003400 0.003993 0.002900
v 0.003446 0.005514 0.000000
v 0.003446 0.005514 0.002900
v 0.006644 -0.004088 0.002900
v 0.007790 -0.000391 0.002900
v 0.007019 0.003403 0.002900
v 0.004518 0.006358 0.002900
v 0.000904 0.007747 0.002900
v -0.002932 0.007228 0.002900
v -0.006047 0.004928 0.002900
v -0.006171 0.004771 0.002900
v -0.006288 0.004615 0.002900
v -0.007544 0.001982 0.002900
v -0.007744 -0.000929 0.002900
v -0.006861 -0.003710 0.002900
v -0.005018 -0.005971 0.002900
v -0.002473 -0.007398 0.002900
v 0.000418 -0.007789 0.002900
v 0.003251 -0.007090 0.002900
v 0.005629 -0.005400 0.002900
v 0.005833 -0.005180 0.002900
v 0.006061 -0.004910 0.002900
v 0.006278 -0.004630 0.002900
v 0.006482 -0.004341 0.002900
v -0.001835 -0.002374 0.002900
v -0.002976 -0.000381 0.002900
v -0.002373 0.001835 0.002900
v -0.000380 0.002976 0.002900
v 0.001835 0.002373 0.002900
v 0.002976 0.000381 0.002900
v 0.002374 -0.001835 0.002900
v 0.000381 -0.002976 0.002900
v 0.004258 -0.004303 0.002900
v 0.003994 -0.003400 0.002900
v 0.004771 -0.002870 0.002900
v 0.005515 -0.003446 0.002900
v 0.005198 -0.004331 0.002900
v -0.004303 -0.004258 0.002900
v -0.003400 -0.003994 0.002900
v -0.002870 -0.004771 0.002900
v -0.003445 -0.005515 0.002900
v -0.004331 -0.005198 0.002900
v -0.004257 0.004303 0.002900
v -0.003993 0.003400 0.002900
v -0.004770 0.002870 0.002900
v -0.005514 0.003445 0.002900
v -0.005197 0.004331 0.002900
v 0.004303 0.004257 0.002900
v 0.003400 0.003993 0.002900
v 0.002871 0.004770 0.002900
v 0.003446 0.005514 0.002900
v 0.004331 0.005197 0.002900
v 0.006482 -0.004341 0.002900
v 0.006278 -0.004630 0.002900
v 0.006061 -0.004910 0.002900
v 0.005833 -0.005180 0.002900
v 0.005979 -0.005315 0.002700
v 0.006216 -0.005037 0.002700
v 0.006439 -0.004748 0.002700
v 0.006649 -0.004449 0.002700
v 0.005629 -0.005400 0.002900
v 0.003251 -0.007090 0.002900
v 0.000418 -0.007789 0.002900
v -0.002473 -0.007398 0.002900
v -0.005018 -0.005971 0.002900
v -0.006861 -0.003710 0.002900
v -0.007744 -0.000929 0.002900
v -0.007544 0.001982 0.002900
v -0.006288 0.004615 0.002900
v -0.006171 0.004771 0.002900
v -0.006211 0.004718 0.002900
v -0.006252 0.004665 0.002899
v -0.006293 0.004613 0.002898
v -0.006449 0.004733 0.002700
v -0.007931 0.001048 0.002700
v -0.007457 -0.002896 0.002700
v -0.005145 -0.006126 0.002700
v -0.001565 -0.007846 0.002700
v 0.002402 -0.007631 0.002700
v 0.005776 -0.005536 0.002700
v -0.003414 0.002640 0.000000
v -0.000919 0.004217 0.000000
v 0.002007 0.003821 0.000000
v 0.003994 0.001637 0.000000
v 0.004112 -0.001313 0.000000
v 0.002306 -0.003649 0.000000
v -0.000579 -0.004277 0.000000
v -0.003192 -0.002904 0.000000
v -0.004312 -0.000173 0.000000
v -0.003019 0.002334 -0.000474
v -0.003786 -0.000484 -0.000474
v -0.002334 -0.003020 -0.000474
v 0.000485 -0.003786 -0.000474
v 0.003020 -0.002335 -0.000474
v 0.003786 0.000484 -0.000474
v 0.002335 0.003019 -0.000474
v -0.000484 0.003786 -0.000474
v 0.003020 -0.002335 -0.000474
v 0.002306 -0.003649 0.000000
v -0.001835 -0.002374 0.002900
v 0.000381 -0.002976 0.002900
v 0.002374 -0.001835 0.002900
v 0.002976 0.000381 0.002900
v 0.001835 0.002373 0.002900
v -0.000380 0.002976 0.002900
v -0.002373 0.001835 0.002900
v -0.002976 -0.000381 0.002900
v -0.001712 -0.002215 0.002700
v -0.002799 -0.000042 0.002700
v -0.001778 0.002162 0.002700
v 0.000582 0.002739 0.002700
v 0.002504 0.001253 0.002700
v 0.002541 -0.001177 0.002700
v 0.000664 -0.002720 0.002700
v -0.002799 -0.000042 0.002700
v -0.002373 0.001835 0.002900
v 0.006811 -0.004196 0.002700
v 0.007990 -0.000403 0.002700
v 0.007199 0.003490 0.002700
v 0.004633 0.006522 0.002700
v 0.000925 0.007946 0.002700
v -0.003011 0.007412 0.002700
v -0.006204 0.005050 0.002700
v -0.006047 0.004928 0.002900
v -0.002932 0.007228 0.002900
v 0.000904 0.007747 0.002900
v 0.004518 0.006358 0.002900
v 0.007019 0.003403 0.002900
v 0.007790 -0.000391 0.002900
v 0.006644 -0.004088 0.002900
v -0.001297 0.000086 -0.000050
v -0.001300 0.000025 -0.000100
v -0.001977 0.000549 -0.000100
v -0.001946 0.000588 -0.000050
v -0.001712 -0.002215 0.002700
v 0.000664 -0.002720 0.002700
v 0.002541 -0.001177 0.002700
v 0.002504 0.001253 0.002700
v 0.000582 0.002739 0.002700
v -0.001778 0.002162 0.002700
v -0.002799 -0.000042 0.002700
v 0.001713 0.002215 0.001300
v 0.002800 0.000042 0.001300
v 0.001779 -0.002163 0.001300
v -0.000582 -0.002739 0.001300
v -0.002504 -0.001253 0.001300
v -0.002540 0.001177 0.001300
v -0.000664 0.002720 0.001300
v -0.000582 -0.002739 0.001300
v -0.001712 -0.002215 0.002700
v -0.001300 0.000025 -0.000100
v -0.001297 0.000086 -0.000050
v -0.001297 0.000086 0.001300
v -0.000461 -0.001216 0.001300
v 0.001029 -0.000795 0.001300
v 0.001061 0.000752 0.001300
v -0.000410 0.001233 0.001300
v -0.000410 0.001233 -0.000050
v -0.000351 0.001251 -0.000100
v 0.001078 0.000727 -0.000100
v 0.001029 -0.000795 -0.000100
v -0.000432 -0.001226 -0.000100
v 0.001713 0.002215 0.001300
v -0.000664 0.002720 0.001300
v -0.002540 0.001177 0.001300
v -0.002504 -0.001253 0.001300
v -0.000582 -0.002739 0.001300
v 0.001779 -0.002163 0.001300
v 0.002800 0.000042 0.001300
v -0.001982 0.000869 0.001300
v -0.001340 0.001700 0.001300
v -0.001258 0.001762 0.001300
v -0.001155 0.001776 0.001300
v -0.001059 0.001736 0.001300
v -0.000410 0.001233 0.001300
v 0.001061 0.000752 0.001300
v 0.001029 -0.000795 0.001300
v -0.000461 -0.001216 0.001300
v -0.001297 0.000086 0.001300
v -0.001946 0.000588 0.001300
v -0.002009 0.000671 0.001300
v -0.002022 0.000773 0.001300
v -0.000351 0.001251 -0.000100
v -0.000410 0.001233 -0.000050
v -0.001059 0.001736 -0.000050
v -0.001029 0.001775 -0.000100
v -0.001982 0.000869 -0.000050
v -0.001340 0.001700 -0.000050
v -0.001340 0.001700 0.001300
v -0.001982 0.000869 0.001300
v -0.003019 0.002334 -0.000474
v -0.000484 0.003786 -0.000474
v 0.002335 0.003019 -0.000474
v 0.003786 0.000484 -0.000474
v 0.003020 -0.002335 -0.000474
v 0.000485 -0.003786 -0.000474
v -0.002334 -0.003020 -0.000474
v -0.003786 -0.000484 -0.000474
v -0.002947 0.002278 -0.002226
v -0.003694 -0.000473 -0.002226
v -0.002278 -0.002947 -0.002226
v 0.000473 -0.003695 -0.002226
v 0.002947 -0.002278 -0.002226
v 0.003695 0.000473 -0.002226
v 0.002279 0.002947 -0.002226
v -0.000472 0.003695 -0.002226
v 0.002947 -0.002278 -0.002226
v 0.003020 -0.002335 -0.000474
v -0.001380 0.001730 -0.000100
v -0.001277 0.001809 -0.000100
v -0.001148 0.001825 -0.000100
v -0.001029 0.001775 -0.000100
v -0.001059 0.001736 -0.000050
v -0.001155 0.001776 -0.000050
v -0.001258 0.001762 -0.000050
v -0.001340 0.001700 -0.000050
v -0.002022 0.000900 -0.000100
v -0.001380 0.001730 -0.000100
v -0.001340 0.001700 -0.000050
v -0.001982 0.000869 -0.000050
v -0.001340 0.001700 -0.000050
v -0.001258 0.001762 -0.000050
v -0.001155 0.001776 -0.000050
v -0.001059 0.001736 -0.000050
v -0.001059 0.001736 0.001300
v -0.001155 0.001776 0.001300
v -0.001258 0.001762 0.001300
v -0.001340 0.001700 0.001300
v -0.001978 0.001529 -0.000100
v -0.001781 0.001754 -0.000100
v -0.001558 0.001955 -0.000100
v 0.000131 0.002496 -0.000100
v 0.001755 0.001781 -0.000100
v 0.002495 0.000168 -0.000100
v 0.001978 -0.001529 -0.000100
v 0.000465 -0.002457 -0.000100
v -0.001282 -0.002146 -0.000100
v -0.002383 -0.000755 -0.000100
v -0.002284 0.001016 -0.000100
v -0.002219 0.001151 -0.000100
v -0.002146 0.001282 -0.000100
v -0.002066 0.001408 -0.000100
v -0.001977 0.000549 -0.000100
v -0.001300 0.000025 -0.000100
v -0.000432 -0.001226 -0.000100
v 0.001029 -0.000795 -0.000100
v 0.001078 0.000727 -0.000100
v -0.000351 0.001251 -0.000100
v -0.001029 0.001775 -0.000100
v -0.001148 0.001825 -0.000100
v -0.001277 0.001809 -0.000100
v -0.001380 0.001730 -0.000100
v -0.002022 0.000900 -0.000100
v -0.002072 0.000780 -0.000100
v -0.002055 0.000652 -0.000100
v -0.001059 0.001736 -0.000050
v -0.000410 0.001233 -0.000050
v -0.000410 0.001233 0.001300
v -0.001059 0.001736 0.001300
v -0.001978 0.001529 -0.002400
v -0.000037 0.002500 -0.002400
v 0.001931 0.001588 -0.002400
v 0.002446 -0.000520 -0.002400
v 0.001119 -0.002236 -0.002400
v -0.001050 -0.002269 -0.002400
v -0.002428 -0.000593 -0.002400
v -0.001978 0.001529 -0.000100
v -0.002066 0.001408 -0.000100
v -0.002146 0.001282 -0.000100
v -0.002219 0.001151 -0.000100
v -0.002284 0.001016 -0.000100
v -0.002383 -0.000755 -0.000100
v -0.001282 -0.002146 -0.000100
v 0.000465 -0.002457 -0.000100
v 0.001978 -0.001529 -0.000100
v 0.002495 0.000168 -0.000100
v 0.001755 0.001781 -0.000100
v 0.000131 0.002496 -0.000100
v -0.001558 0.001955 -0.000100
v -0.001781 0.001754 -0.000100
v 0.002446 -0.000520 -0.002400
v 0.001978 -0.001529 -0.000100
v -0.001297 0.000086 -0.000050
v -0.001946 0.000588 -0.000050
v -0.001946 0.000588 0.001300
v -0.001297 0.000086 0.001300
v -0.002215 0.001712 -0.002700
v -0.000042 0.002800 -0.002700
v 0.002163 0.001778 -0.002700
v 0.002739 -0.000582 -0.002700
v 0.001253 -0.002504 -0.002700
v -0.001177 -0.002541 -0.002700
v -0.002720 -0.000664 -0.002700
v -0.001978 0.001529 -0.002400
v -0.002428 -0.000593 -0.002400
v -0.001050 -0.002269 -0.002400
v 0.001119 -0.002236 -0.002400
v 0.002446 -0.000520 -0.002400
v 0.001931 0.001588 -0.002400
v -0.000037 0.002500 -0.002400
v -0.002215 0.001712 -0.002700
v -0.001978 0.001529 -0.002400
v -0.002552 0.001973 -0.002700
v -0.003199 -0.000409 -0.002700
v -0.001973 -0.002552 -0.002700
v 0.000410 -0.003200 -0.002700
v 0.002552 -0.001973 -0.002700
v 0.003200 0.000409 -0.002700
v 0.001973 0.002552 -0.002700
v -0.000409 0.003199 -0.002700
v -0.002947 0.002278 -0.002226
v -0.000472 0.003695 -0.002226
v 0.002279 0.002947 -0.002226
v 0.003695 0.000473 -0.002226
v 0.002947 -0.002278 -0.002226
v 0.000473 -0.003695 -0.002226
v -0.002278 -0.002947 -0.002226
v -0.003694 -0.000473 -0.002226
v -0.003199 -0.000409 -0.002700
v -0.003694 -0.000473 -0.002226
v -0.001946 0.000588 -0.000050
v -0.002009 0.000671 -0.000050
v -0.002022 0.000773 -0.000050
v -0.001982 0.000869 -0.000050
v -0.001982 0.000869 0.001300
v -0.002022 0.000773 0.001300
v -0.002009 0.000671 0.001300
v -0.001946 0.000588 0.001300
v -0.001977 0.000549 -0.000100
v -0.002055 0.000652 -0.000100
v -0.002072 0.000780 -0.000100
v -0.002022 0.000900 -0.000100
v -0.001982 0.000869 -0.000050
v -0.002022 0.000773 -0.000050
v -0.002009 0.000671 -0.000050
v -0.001946 0.000588 -0.000050
v -0.002552 0.001973 -0.002700
v -0.000409 0.003199 -0.002700
v 0.001973 0.002552 -0.002700
v 0.003200 0.000409 -0.002700
v 0.002552 -0.001973 -0.002700
v 0.000410 -0.003200 -0.002700
v -0.001973 -0.002552 -0.002700
v -0.003199 -0.000409 -0.002700
v -0.002215 0.001712 -0.002700
v -0.002720 -0.000664 -0.002700
v -0.001177 -0.002541 -0.002700
v 0.001253 -0.002504 -0.002700
v 0.002739 -0.000582 -0.002700
v 0.002163 0.001778 -0.002700
v -0.000042 0.002800 -0.002700
v 0.000000 0.001075 -0.006700
v 0.001023 0.000332 -0.006700
v 0.000632 -0.000870 -0.006700
v -0.000632 -0.000870 -0.006700
v -0.001022 0.000332 -0.006700
v 0.000000 0.001075 -0.006700
v -0.001022 0.000332 -0.006700
v -0.000632 -0.000870 -0.006700
v 0.000632 -0.000870 -0.006700
v 0.001023 0.000332 -0.006700
v 0.000000 0.001300 -0.006475
v 0.001237 0.000402 -0.006475
v 0.000764 -0.001052 -0.006475
v -0.000764 -0.001052 -0.006475
v -0.001236 0.000402 -0.006475
v 0.000764 -0.001052 -0.006475
v 0.000632 -0.000870 -0.006700
v 0.000000 0.001300 -0.006475
v -0.001236 0.000402 -0.006475
v -0.000764 -0.001052 -0.006475
v 0.000764 -0.001052 -0.006475
v 0.001237 0.000402 -0.006475
v 0.000000 -0.001300 0.001300
v -0.001236 -0.000402 0.001300
v -0.000764 0.001052 0.001300
v 0.000764 0.001052 0.001300
v 0.001237 -0.000402 0.001300
v -0.000764 0.001052 0.001300
v 0.000000 0.001300 -0.006475
v 0.000000 -0.002378 0.001300
v -0.001859 -0.001483 0.001300
v -0.002318 0.000529 0.001300
v -0.001032 0.002142 0.001300
v 0.001032 0.002142 0.001300
v 0.002319 0.000529 0.001300
v 0.001860 -0.001483 0.001300
v 0.000000 -0.001300 0.001300
v 0.001237 -0.000402 0.001300
v 0.000764 0.001052 0.001300
v -0.000764 0.001052 0.001300
v -0.001236 -0.000402 0.001300
v 0.000000 -0.002378 0.001300
v 0.001860 -0.001483 0.001300
v 0.002319 0.000529 0.001300
v 0.001032 0.002142 0.001300
v -0.001032 0.002142 0.001300
v -0.002318 0.000529 0.001300
v -0.001859 -0.001483 0.001300
v 0.000000 -0.002378 0.002420
v -0.001859 -0.001483 0.002420
v -0.002318 0.000529 0.002420
v -0.001032 0.002142 0.002420
v 0.001032 0.002142 0.002420
v 0.002319 0.000529 0.002420
v 0.001860 -0.001483 0.002420
v -0.001193 -0.002478 0.001860
v 0.001193 -0.002478 0.001860
v 0.002681 -0.000612 0.001860
v 0.002150 0.001714 0.001860
v 0.000000 0.002750 0.001860
v 0.000000 0.002750 0.001860
v -0.002150 0.001714 0.001860
v -0.002681 -0.000612 0.001860
v 0.001032 0.002142 0.001300
v -0.001032 0.002142 0.002420
v 0.000269 -0.001527 0.002701
v 0.000090 -0.001548 0.002701
v -0.000090 -0.001548 0.002701
v -0.000269 -0.001527 0.002701
v -0.000269 -0.001326 0.002749
v -0.000269 -0.001123 0.002790
v -0.000269 -0.000919 0.002825
v -0.000459 -0.000460 0.002866
v -0.000919 -0.000269 0.002825
v -0.001123 -0.000269 0.002790
v -0.001325 -0.000269 0.002749
v -0.001526 -0.000269 0.002701
v -0.001547 -0.000090 0.002701
v -0.001547 0.000090 0.002701
v -0.001526 0.000269 0.002701
v -0.001325 0.000269 0.002749
v -0.001123 0.000269 0.002790
v -0.000919 0.000269 0.002825
v -0.000459 0.000459 0.002866
v -0.000269 0.000919 0.002825
v -0.000269 0.001123 0.002790
v -0.000269 0.001325 0.002749
v -0.000269 0.001526 0.002701
v -0.000090 0.001547 0.002701
v 0.000090 0.001547 0.002701
v 0.000269 0.001526 0.002701
v 0.000269 0.001325 0.002749
v 0.000269 0.001123 0.002790
v 0.000269 0.000919 0.002825
v 0.000460 0.000459 0.002866
v 0.000919 0.000269 0.002825
v 0.001123 0.000269 0.002790
v 0.001326 0.000269 0.002749
v 0.001527 0.000269 0.002701
v 0.001548 0.000090 0.002701
v 0.001548 -0.000090 0.002701
v 0.001527 -0.000269 0.002701
v 0.001326 -0.000269 0.002749
v 0.001123 -0.000269 0.002790
v 0.000919 -0.000269 0.002825
v 0.000460 -0.000460 0.002866
v 0.000269 -0.000919 0.002825
v 0.000269 -0.001123 0.002790
v 0.000269 -0.001326 0.002749
v 0.000000 -0.002378 0.002420
v 0.001860 -0.001483 0.002420
v 0.002319 0.000529 0.002420
v 0.001032 0.002142 0.002420
v -0.001032 0.002142 0.002420
v -0.002318 0.000529 0.002420
v -0.001859 -0.001483 0.002420
v 0.001032 0.002142 0.002420
v 0.000269 0.001526 0.002701
v -0.000269 -0.001527 0.002701
v -0.000090 -0.001548 0.002701
v 0.000090 -0.001548 0.002701
v 0.000269 -0.001527 0.002701
v 0.000269 -0.001527 0.002100
v 0.000090 -0.001548 0.002100
v -0.000090 -0.001548 0.002100
v -0.000269 -0.001527 0.002100
v 0.000269 -0.001527 0.002701
v 0.000269 -0.001326 0.002749
v 0.000269 -0.001123 0.002790
v 0.000269 -0.000919 0.002825
v 0.000269 -0.000919 0.002100
v 0.000269 -0.001527 0.002100
v 0.000269 -0.001527 0.002100
v 0.000269 -0.000919 0.002100
v 0.000357 -0.000594 0.002100
v 0.000594 -0.000356 0.002100
v 0.000919 -0.000269 0.002100
v 0.001527 -0.000269 0.002100
v 0.001548 -0.000090 0.002100
v 0.001548 0.000090 0.002100
v 0.001527 0.000269 0.002100
v 0.000919 0.000269 0.002100
v 0.000594 0.000356 0.002100
v 0.000357 0.000594 0.002100
v 0.000269 0.000919 0.002100
v 0.000269 0.001526 0.002100
v 0.000090 0.001547 0.002100
v -0.000090 0.001547 0.002100
v -0.000269 0.001526 0.002100
v -0.000269 0.000919 0.002100
v -0.000356 0.000594 0.002100
v -0.000594 0.000356 0.002100
v -0.000919 0.000269 0.002100
v -0.001526 0.000269 0.002100
v -0.001547 0.000090 0.002100
v -0.001547 -0.000090 0.002100
v -0.001526 -0.000269 0.002100
v -0.000919 -0.000269 0.002100
v -0.000594 -0.000356 0.002100
v -0.000356 -0.000594 0.002100
v -0.000269 -0.000919 0.002100
v -0.000269 -0.001527 0.002100
v -0.000090 -0.001548 0.002100
v 0.000090 -0.001548 0.002100
v -0.000269 -0.000919 0.002825
v -0.000269 -0.001123 0.002790
v -0.000269 -0.001326 0.002749
v -0.000269 -0.001527 0.002701
v -0.000269 -0.001527 0.002100
v -0.000269 -0.000919 0.002100
v -0.000919 -0.000269 0.002825
v -0.000459 -0.000460 0.002866
v -0.000269 -0.000919 0.002825
v -0.000269 -0.000919 0.002100
v -0.000356 -0.000594 0.002100
v -0.000594 -0.000356 0.002100
v -0.000919 -0.000269 0.002100
v -0.001526 -0.000269 0.002701
v -0.001325 -0.000269 0.002749
v -0.001123 -0.000269 0.002790
v -0.000919 -0.000269 0.002825
v -0.000919 -0.000269 0.002100
v -0.001526 -0.000269 0.002100
v -0.001526 0.000269 0.002701
v -0.001547 0.000090 0.002701
v -0.001547 -0.000090 0.002701
v -0.001526 -0.000269 0.002701
v -0.001526 -0.000269 0.002100
v -0.001547 -0.000090 0.002100
v -0.001547 0.000090 0.002100
v -0.001526 0.000269 0.002100
v 0.000269 -0.000919 0.002825
v 0.000460 -0.000460 0.002866
v 0.000919 -0.000269 0.002825
v 0.000919 -0.000269 0.002100
v 0.000594 -0.000356 0.002100
v 0.000357 -0.000594 0.002100
v 0.000269 -0.000919 0.002100
v -0.000919 0.000269 0.002825
v -0.001123 0.000269 0.002790
v -0.001325 0.000269 0.002749
v -0.001526 0.000269 0.002701
v -0.001526 0.000269 0.002100
v -0.000919 0.000269 0.002100
v 0.000919 -0.000269 0.002825
v 0.001123 -0.000269 0.002790
v 0.001326 -0.000269 0.002749
v 0.001527 -0.000269 0.002701
v 0.001527 -0.000269 0.002100
v 0.000919 -0.000269 0.002100
v -0.000269 0.000919 0.002825
v -0.000459 0.000459 0.002866
v -0.000919 0.000269 0.002825
v -0.000919 0.000269 0.002100
v -0.000594 0.000356 0.002100
v -0.000356 0.000594 0.002100
v -0.000269 0.000919 0.002100
v 0.001527 -0.000269 0.002701
v 0.001548 -0.000090 0.002701
v 0.001548 0.000090 0.002701
v 0.001527 0.000269 0.002701
v 0.001527 0.000269 0.002100
v 0.001548 0.000090 0.002100
v 0.001548 -0.000090 0.002100
v 0.001527 -0.000269 0.002100
v -0.000269 0.001526 0.002701
v -0.000269 0.001325 0.002749
v -0.000269 0.001123 0.002790
v -0.000269 0.000919 0.002825
v -0.000269 0.000919 0.002100
v -0.000269 0.001526 0.002100
v 0.001527 0.000269 0.002701
v 0.001326 0.000269 0.002749
v 0.001123 0.000269 0.002790
v 0.000919 0.000269 0.002825
v 0.000919 0.000269 0.002100
v 0.001527 0.000269 0.002100
v 0.000269 0.001526 0.002701
v 0.000090 0.001547 0.002701
v -0.000090 0.001547 0.002701
v -0.000269 0.001526 0.002701
v -0.000269 0.001526 0.002100
v -0.000090 0.001547 0.002100
v 0.000090 0.001547 0.002100
v 0.000269 0.001526 0.002100
v 0.000919 0.000269 0.002825
v 0.000460 0.000459 0.002866
v 0.000269 0.000919 0.002825
v 0.000269 0.000919 0.002100
v 0.000357 0.000594 0.002100
v 0.000594 0.000356 0.002100
v 0.000919 0.000269 0.002100
v 0.000269 0.000919 0.002825
v 0.000269 0.001123 0.002790
v 0.000269 0.001325 0.002749
v 0.000269 0.001526 0.002701
v 0.000269 0.001526 0.002100
v 0.000269 0.000919 0.002100
v 0.000000 -0.007834 -0.023203
v 0.003900 -0.006789 -0.023203
v 0.006755 -0.003934 -0.023203
v 0.007800 -0.000034 -0.023203
v 0.006755 0.003866 -0.023203
v 0.003900 0.006721 -0.023203
v 0.000000 0.007766 -0.023203
v -0.003900 0.006721 -0.023203
v -0.006755 0.003866 -0.023203
v -0.007800 -0.000034 -0.023203
v -0.006755 -0.003934 -0.023203
v -0.003900 -0.006789 -0.023203
v -0.006000 0.000766 -0.023203
v -0.005239 0.000213 -0.023203
v -0.005530 -0.000681 -0.023203
v -0.006470 -0.000681 -0.023203
v -0.006761 0.000213 -0.023203
v 0.000800 0.005966 -0.023203
v 0.000247 0.005205 -0.023203
v -0.000647 0.005496 -0.023203
v -0.000647 0.006436 -0.023203
v 0.000247 0.006727 -0.023203
v 0.006000 -0.000834 -0.023203
v 0.005239 -0.000281 -0.023203
v 0.005530 0.000613 -0.023203
v 0.006470 0.000613 -0.023203
v 0.006761 -0.000281 -0.023203
v -0.000800 -0.006034 -0.023203
v -0.000247 -0.005273 -0.023203
v 0.000647 -0.005564 -0.023203
v 0.000647 -0.006504 -0.023203
v -0.000247 -0.006795 -0.023203
v 0.000000 0.003516 -0.023203
v 0.002510 0.002476 -0.023203
v 0.003550 -0.000034 -0.023203
v 0.002510 -0.002544 -0.023203
v 0.000000 -0.003584 -0.023203
v -0.002510 -0.002544 -0.023203
v -0.003550 -0.000034 -0.023203
v -0.002510 0.002476 -0.023203
v 0.000000 -0.007834 -0.023203
v -0.003900 -0.006789 -0.023203
v -0.006755 -0.003934 -0.023203
v -0.007800 -0.000034 -0.023203
v -0.006755 0.003866 -0.023203
v -0.003900 0.006721 -0.023203
v 0.000000 0.007766 -0.023203
v 0.003900 0.006721 -0.023203
v 0.006755 0.003866 -0.023203
v 0.007800 -0.000034 -0.023203
v 0.006755 -0.003934 -0.023203
v 0.003900 -0.006789 -0.023203
v 0.000000 -0.008034 -0.023403
v 0.004000 -0.006962 -0.023403
v 0.006928 -0.004034 -0.023403
v 0.008000 -0.000034 -0.023403
v 0.006928 0.003966 -0.023403
v 0.004000 0.006894 -0.023403
v 0.000000 0.007966 -0.023403
v -0.004000 0.006894 -0.023403
v -0.006928 0.003966 -0.023403
v -0.008000 -0.000034 -0.023403
v -0.006928 -0.004034 -0.023403
v -0.004000 -0.006962 -0.023403
v -0.007800 -0.000034 -0.023203
v -0.008000 -0.000034 -0.023403
v 0.000000 -0.008034 -0.025903
v 0.004000 -0.006962 -0.025903
v 0.006928 -0.004034 -0.025903
v 0.008000 -0.000034 -0.025903
v 0.006928 0.003966 -0.025903
v 0.004000 0.006894 -0.025903
v 0.000000 0.007966 -0.025903
v -0.004000 0.006894 -0.025903
v -0.006928 0.003966 -0.025903
v -0.008000 -0.000034 -0.025903
v -0.006928 -0.004034 -0.025903
v -0.004000 -0.006962 -0.025903
v 0.000000 -0.008034 -0.023403
v -0.004000 -0.006962 -0.023403
v -0.006928 -0.004034 -0.023403
v -0.008000 -0.000034 -0.023403
v -0.006928 0.003966 -0.023403
v -0.004000 0.006894 -0.023403
v 0.000000 0.007966 -0.023403
v 0.004000 0.006894 -0.023403
v 0.006928 0.003966 -0.023403
v 0.008000 -0.000034 -0.023403
v 0.006928 -0.004034 -0.023403
v 0.004000 -0.006962 -0.023403
v 0.000000 0.007966 -0.023403
v 0.000000 0.007966 -0.025903
v 0.000000 -0.007834 -0.026103
v 0.003900 -0.006789 -0.026103
v 0.006755 -0.003934 -0.026103
v 0.007800 -0.000034 -0.026103
v 0.006755 0.003866 -0.026103
v 0.003900 0.006721 -0.026103
v 0.000000 0.007766 -0.026103
v -0.003900 0.006721 -0.026103
v -0.006755 0.003866 -0.026103
v -0.007800 -0.000034 -0.026103
v -0.006755 -0.003934 -0.026103
v -0.003900 -0.006789 -0.026103
v 0.000000 -0.008034 -0.025903
v -0.004000 -0.006962 -0.025903
v -0.006928 -0.004034 -0.025903
v -0.008000 -0.000034 -0.025903
v -0.006928 0.003966 -0.025903
v -0.004000 0.006894 -0.025903
v 0.000000 0.007966 -0.025903
v 0.004000 0.006894 -0.025903
v 0.006928 0.003966 -0.025903
v 0.008000 -0.000034 -0.025903
v 0.006928 -0.004034 -0.025903
v 0.004000 -0.006962 -0.025903
v -0.007800 -0.000034 -0.026103
v -0.008000 -0.000034 -0.025903
v 0.000000 -0.007834 -0.026103
v -0.003900 -0.006789 -0.026103
v -0.006755 -0.003934 -0.026103
v -0.007800 -0.000034 -0.026103
v -0.006755 0.003866 -0.026103
v -0.003900 0.006721 -0.026103
v 0.000000 0.007766 -0.026103
v 0.003900 0.006721 -0.026103
v 0.006755 0.003866 -0.026103
v 0.007800 -0.000034 -0.026103
v 0.006755 -0.003934 -0.026103
v 0.003900 -0.006789 -0.026103
v 0.000800 0.005966 -0.026103
v 0.000247 0.006727 -0.026103
v -0.000647 0.006436 -0.026103
v -0.000647 0.005496 -0.026103
v 0.000247 0.005205 -0.026103
v 0.006000 -0.000834 -0.026103
v 0.006761 -0.000281 -0.026103
v 0.006470 0.000613 -0.026103
v 0.005530 0.000613 -0.026103
v 0.005239 -0.000281 -0.026103
v -0.000800 -0.006034 -0.026103
v -0.000247 -0.006795 -0.026103
v 0.000647 -0.006504 -0.026103
v 0.000647 -0.005564 -0.026103
v -0.000247 -0.005273 -0.026103
v -0.006000 0.000766 -0.026103
v -0.006761 0.000213 -0.026103
v -0.006470 -0.000681 -0.026103
v -0.005530 -0.000681 -0.026103
v -0.005239 0.000213 -0.026103
v 0.000000 0.003766 -0.026103
v -0.002687 0.002653 -0.026103
v -0.003800 -0.000034 -0.026103
v -0.002687 -0.002721 -0.026103
v 0.000000 -0.003834 -0.026103
v 0.002687 -0.002721 -0.026103
v 0.003800 -0.000034 -0.026103
v 0.002687 0.002653 -0.026103
v -0.006000 0.000766 -0.023203
v -0.006761 0.000213 -0.023203
v -0.006470 -0.000681 -0.023203
v -0.005530 -0.000681 -0.023203
v -0.005239 0.000213 -0.023203
v -0.006000 0.000766 -0.026103
v -0.005239 0.000213 -0.026103
v -0.005530 -0.000681 -0.026103
v -0.006470 -0.000681 -0.026103
v -0.006761 0.000213 -0.026103
v -0.006000 0.000766 -0.026103
v -0.006000 0.000766 -0.023203
v 0.000800 0.005966 -0.023203
v 0.000247 0.006727 -0.023203
v -0.000647 0.006436 -0.023203
v -0.000647 0.005496 -0.023203
v 0.000247 0.005205 -0.023203
v 0.000800 0.005966 -0.026103
v 0.000247 0.005205 -0.026103
v -0.000647 0.005496 -0.026103
v -0.000647 0.006436 -0.026103
v 0.000247 0.006727 -0.026103
v 0.000800 0.005966 -0.026103
v 0.000800 0.005966 -0.023203
v 0.006000 -0.000834 -0.023203
v 0.006761 -0.000281 -0.023203
v 0.006470 0.000613 -0.023203
v 0.005530 0.000613 -0.023203
v 0.005239 -0.000281 -0.023203
v 0.006000 -0.000834 -0.026103
v 0.005239 -0.000281 -0.026103
v 0.005530 0.000613 -0.026103
v 0.006470 0.000613 -0.026103
v 0.006761 -0.000281 -0.026103
v 0.006000 -0.000834 -0.026103
v 0.006000 -0.000834 -0.023203
v -0.000800 -0.006034 -0.023203
v -0.000247 -0.006795 -0.023203
v 0.000647 -0.006504 -0.023203
v 0.000647 -0.005564 -0.023203
v -0.000247 -0.005273 -0.023203
v -0.000800 -0.006034 -0.026103
v -0.000247 -0.005273 -0.026103
v 0.000647 -0.005564 -0.026103
v 0.000647 -0.006504 -0.026103
v -0.000247 -0.006795 -0.026103
v -0.000800 -0.006034 -0.026103
v -0.000800 -0.006034 -0.023203
v 0.000000 0.003766 -0.026103
v 0.002687 0.002653 -0.026103
v 0.003800 -0.000034 -0.026103
v 0.002687 -0.002721 -0.026103
v 0.000000 -0.003834 -0.026103
v -0.002687 -0.002721 -0.026103
v -0.003800 -0.000034 -0.026103
v -0.002687 0.002653 -0.026103
v 0.000000 0.003566 -0.025903
v -0.002546 0.002512 -0.025903
v -0.003600 -0.000034 -0.025903
v -0.002546 -0.002580 -0.025903
v 0.000000 -0.003634 -0.025903
v 0.002546 -0.002580 -0.025903
v 0.003600 -0.000034 -0.025903
v 0.002546 0.002512 -0.025903
v -0.003800 -0.000034 -0.026103
v -0.003600 -0.000034 -0.025903
v 0.000000 0.003566 -0.025903
v 0.002546 0.002512 -0.025903
v 0.003600 -0.000034 -0.025903
v 0.002546 -0.002580 -0.025903
v 0.000000 -0.003634 -0.025903
v -0.002546 -0.002580 -0.025903
v -0.003600 -0.000034 -0.025903
v -0.002546 0.002512 -0.025903
v 0.000000 -0.003634 -0.023603
v 0.002546 -0.002580 -0.023603
v 0.003600 -0.000034 -0.023603
v 0.002546 0.002512 -0.023603
v 0.000000 0.003566 -0.023603
v -0.002546 0.002512 -0.023603
v -0.003600 -0.000034 -0.023603
v -0.002546 -0.002580 -0.023603
v 0.000000 0.003566 -0.025903
v 0.000000 0.003566 -0.023603
v 0.000000 0.003516 -0.023203
v -0.002510 0.002476 -0.023203
v -0.003550 -0.000034 -0.023203
v -0.002510 -0.002544 -0.023203
v 0.000000 -0.003584 -0.023203
v 0.002510 -0.002544 -0.023203
v 0.003550 -0.000034 -0.023203
v 0.002510 0.002476 -0.023203
v 0.000000 0.003216 -0.022903
v 0.002298 0.002264 -0.022903
v 0.003250 -0.000034 -0.022903
v 0.002298 -0.002332 -0.022903
v 0.000000 -0.003284 -0.022903
v -0.002298 -0.002332 -0.022903
v -0.003250 -0.000034 -0.022903
v -0.002298 0.002264 -0.022903
v 0.000000 -0.003584 -0.023203
v 0.000000 -0.003284 -0.022903
v 0.000000 -0.003634 -0.023603
v -0.002546 -0.002580 -0.023603
v -0.003600 -0.000034 -0.023603
v -0.002546 0.002512 -0.023603
v 0.000000 0.003566 -0.023603
v 0.002546 0.002512 -0.023603
v 0.003600 -0.000034 -0.023603
v 0.002546 -0.002580 -0.023603
v 0.000000 -0.002734 -0.023603
v 0.002111 -0.001717 -0.023603
v 0.002632 0.000567 -0.023603
v 0.001171 0.002399 -0.023603
v -0.001171 0.002399 -0.023603
v -0.002632 0.000567 -0.023603
v -0.002111 -0.001717 -0.023603
v 0.000000 -0.002534 -0.023403
v 0.001955 -0.001593 -0.023403
v 0.002437 0.000522 -0.023403
v 0.001085 0.002218 -0.023403
v -0.001085 0.002218 -0.023403
v -0.002437 0.000522 -0.023403
v -0.001955 -0.001593 -0.023403
v 0.000000 -0.002734 -0.023603
v -0.002111 -0.001717 -0.023603
v -0.002632 0.000567 -0.023603
v -0.001171 0.002399 -0.023603
v 0.001171 0.002399 -0.023603
v 0.002632 0.000567 -0.023603
v 0.002111 -0.001717 -0.023603
v -0.002111 -0.001717 -0.023603
v -0.001955 -0.001593 -0.023403
v 0.000000 -0.002534 -0.023403
v -0.001955 -0.001593 -0.023403
v -0.002437 0.000522 -0.023403
v -0.001085 0.002218 -0.023403
v 0.001085 0.002218 -0.023403
v 0.002437 0.000522 -0.023403
v 0.001955 -0.001593 -0.023403
v 0.000000 0.002466 -0.021953
v -0.001955 0.001525 -0.021953
v -0.002437 -0.000590 -0.021953
v -0.001085 -0.002286 -0.021953
v 0.001085 -0.002286 -0.021953
v 0.002437 -0.000590 -0.021953
v 0.001955 0.001525 -0.021953
v -0.001085 0.002218 -0.023403
v 0.000000 0.002466 -0.021953
v 0.000000 0.003216 -0.021953
v -0.002298 0.002264 -0.021953
v -0.003250 -0.000034 -0.021953
v -0.002298 -0.002332 -0.021953
v 0.000000 -0.003284 -0.021953
v 0.002298 -0.002332 -0.021953
v 0.003250 -0.000034 -0.021953
v 0.002298 0.002264 -0.021953
v 0.000000 0.002466 -0.021953
v 0.001955 0.001525 -0.021953
v 0.002437 -0.000590 -0.021953
v 0.001085 -0.002286 -0.021953
v -0.001085 -0.002286 -0.021953
v -0.002437 -0.000590 -0.021953
v -0.001955 0.001525 -0.021953
v 0.000000 0.003216 -0.022903
v -0.002298 0.002264 -0.022903
v -0.003250 -0.000034 -0.022903
v -0.002298 -0.002332 -0.022903
v 0.000000 -0.003284 -0.022903
v 0.002298 -0.002332 -0.022903
v 0.003250 -0.000034 -0.022903
v 0.002298 0.002264 -0.022903
v 0.000000 0.003216 -0.021953
v 0.002298 0.002264 -0.021953
v 0.003250 -0.000034 -0.021953
v 0.002298 -0.002332 -0.021953
v 0.000000 -0.003284 -0.021953
v -0.002298 -0.002332 -0.021953
v -0.003250 -0.000034 -0.021953
v -0.002298 0.002264 -0.021953
v 0.000000 -0.003284 -0.022903
v 0.000000 -0.003284 -0.021953
v 0.000000 -0.003434 -0.025903
v -0.002404 -0.002438 -0.025903
v -0.003400 -0.000034 -0.025903
v -0.002404 0.002370 -0.025903
v 0.000000 0.003366 -0.025903
v 0.002404 0.002370 -0.025903
v 0.003400 -0.000034 -0.025903
v 0.002404 -0.002438 -0.025903
v 0.000000 -0.002834 -0.025903
v 0.002189 -0.001780 -0.025903
v 0.002730 0.000589 -0.025903
v 0.001215 0.002489 -0.025903
v -0.001215 0.002489 -0.025903
v -0.002730 0.000589 -0.025903
v -0.002189 -0.001780 -0.025903
v 0.000000 -0.003434 -0.023703
v -0.002404 -0.002438 -0.023703
v -0.003400 -0.000034 -0.023703
v -0.002404 0.002370 -0.023703
v 0.000000 0.003366 -0.023703
v 0.002404 0.002370 -0.023703
v 0.003400 -0.000034 -0.023703
v 0.002404 -0.002438 -0.023703
v 0.000000 -0.003434 -0.025903
v 0.002404 -0.002438 -0.025903
v 0.003400 -0.000034 -0.025903
v 0.002404 0.002370 -0.025903
v 0.000000 0.003366 -0.025903
v -0.002404 0.002370 -0.025903
v -0.003400 -0.000034 -0.025903
v -0.002404 -0.002438 -0.025903
v 0.000000 0.003366 -0.023703
v 0.000000 0.003366 -0.025903
v 0.000000 -0.003434 -0.023703
v 0.002404 -0.002438 -0.023703
v 0.003400 -0.000034 -0.023703
v 0.002404 0.002370 -0.023703
v 0.000000 0.003366 -0.023703
v -0.002404 0.002370 -0.023703
v -0.003400 -0.000034 -0.023703
v -0.002404 -0.002438 -0.023703
v 0.000000 -0.002634 -0.023703
v -0.002033 -0.001655 -0.023703
v -0.002535 0.000545 -0.023703
v -0.001128 0.002309 -0.023703
v 0.001128 0.002309 -0.023703
v 0.002535 0.000545 -0.023703
v 0.002033 -0.001655 -0.023703
v 0.000000 -0.002434 -0.023503
v -0.001876 -0.001530 -0.023503
v -0.002340 0.000500 -0.023503
v -0.001041 0.002128 -0.023503
v 0.001041 0.002128 -0.023503
v 0.002340 0.000500 -0.023503
v 0.001876 -0.001530 -0.023503
v 0.000000 -0.002634 -0.023703
v 0.002033 -0.001655 -0.023703
v 0.002535 0.000545 -0.023703
v 0.001128 0.002309 -0.023703
v -0.001128 0.002309 -0.023703
v -0.002535 0.000545 -0.023703
v -0.002033 -0.001655 -0.023703
v 0.001041 0.002128 -0.023503
v 0.001128 0.002309 -0.023703
v 0.000000 -0.002434 -0.023503
v 0.001876 -0.001530 -0.023503
v 0.002340 0.000500 -0.023503
v 0.001041 0.002128 -0.023503
v -0.001041 0.002128 -0.023503
v -0.002340 0.000500 -0.023503
v -0.001876 -0.001530 -0.023503
v 0.000000 0.002366 -0.021303
v 0.001876 0.001462 -0.021303
v 0.002340 -0.000568 -0.021303
v 0.001041 -0.002196 -0.021303
v -0.001041 -0.002196 -0.021303
v -0.002340 -0.000568 -0.021303
v -0.001876 0.001462 -0.021303
v 0.001041 -0.002196 -0.021303
v 0.000000 -0.002434 -0.023503
v 0.000000 0.002366 -0.021303
v -0.001876 0.001462 -0.021303
v -0.002340 -0.000568 -0.021303
v -0.001041 -0.002196 -0.021303
v 0.001041 -0.002196 -0.021303
v 0.002340 -0.000568 -0.021303
v 0.001876 0.001462 -0.021303
v 0.000000 -0.001434 -0.021303
v -0.001331 -0.000467 -0.021303
v -0.000823 0.001099 -0.021303
v 0.000823 0.001099 -0.021303
v 0.001331 -0.000467 -0.021303
v 0.000000 -0.001434 -0.024103
v -0.000990 -0.001024 -0.024103
v -0.001400 -0.000034 -0.024103
v -0.000990 0.000956 -0.024103
v 0.000000 0.001366 -0.024103
v 0.000990 0.000956 -0.024103
v 0.001400 -0.000034 -0.024103
v 0.000990 -0.001024 -0.024103
v 0.000000 -0.001434 -0.021303
v 0.001331 -0.000467 -0.021303
v 0.000823 0.001099 -0.021303
v -0.000823 0.001099 -0.021303
v -0.001331 -0.000467 -0.021303
v 0.000823 0.001099 -0.021303
v 0.000000 0.001366 -0.024103
v 0.000000 -0.002834 -0.025903
v -0.002189 -0.001780 -0.025903
v -0.002730 0.000589 -0.025903
v -0.001215 0.002489 -0.025903
v 0.001215 0.002489 -0.025903
v 0.002730 0.000589 -0.025903
v 0.002189 -0.001780 -0.025903
v 0.000000 -0.002834 -0.024303
v 0.002189 -0.001780 -0.024303
v 0.002730 0.000589 -0.024303
v 0.001215 0.002489 -0.024303
v -0.001215 0.002489 -0.024303
v -0.002730 0.000589 -0.024303
v -0.002189 -0.001780 -0.024303
v 0.001215 0.002489 -0.025903
v 0.001215 0.002489 -0.024303
v 0.000000 -0.001434 -0.024103
v 0.000990 -0.001024 -0.024103
v 0.001400 -0.000034 -0.024103
v 0.000990 0.000956 -0.024103
v 0.000000 0.001366 -0.024103
v -0.000990 0.000956 -0.024103
v -0.001400 -0.000034 -0.024103
v -0.000990 -0.001024 -0.024103
v 0.000000 0.001566 -0.024303
v 0.001131 0.001097 -0.024303
v 0.001600 -0.000034 -0.024303
v 0.001131 -0.001165 -0.024303
v 0.000000 -0.001634 -0.024303
v -0.001131 -0.001165 -0.024303
v -0.001600 -0.000034 -0.024303
v -0.001131 0.001097 -0.024303
v 0.001600 -0.000034 -0.024303
v 0.001400 -0.000034 -0.024103
v 0.000000 -0.002834 -0.024303
v -0.002189 -0.001780 -0.024303
v -0.002730 0.000589 -0.024303
v -0.001215 0.002489 -0.024303
v 0.001215 0.002489 -0.024303
v 0.002730 0.000589 -0.024303
v 0.002189 -0.001780 -0.024303
v 0.000000 0.001566 -0.024303
v -0.001131 0.001097 -0.024303
v -0.001600 -0.000034 -0.024303
v -0.001131 -0.001165 -0.024303
v 0.000000 -0.001634 -0.024303
v 0.001131 -0.001165 -0.024303
v 0.001600 -0.000034 -0.024303
v 0.001131 0.001097 -0.024303
v 0.000000 -0.001109 -0.016303
v 0.001022 -0.000366 -0.016303
v 0.000632 0.000836 -0.016303
v -0.000632 0.000836 -0.016303
v -0.001022 -0.000366 -0.016303
v 0.000000 -0.001109 -0.016303
v -0.001022 -0.000366 -0.016303
v -0.000632 0.000836 -0.016303
v 0.000632 0.000836 -0.016303
v 0.001022 -0.000366 -0.016303
v 0.000000 -0.001334 -0.016528
v 0.001236 -0.000436 -0.016528
v 0.000764 0.001018 -0.016528
v -0.000764 0.001018 -0.016528
v -0.001236 -0.000436 -0.016528
v 0.000764 0.001018 -0.016528
v 0.000632 0.000836 -0.016303
v 0.000000 -0.001334 -0.016528
v -0.001236 -0.000436 -0.016528
v -0.000764 0.001018 -0.016528
v 0.000764 0.001018 -0.016528
v 0.001236 -0.000436 -0.016528
v 0.000000 0.001266 -0.024303
v -0.001236 0.000368 -0.024303
v -0.000764 -0.001086 -0.024303
v 0.000764 -0.001086 -0.024303
v 0.001236 0.000368 -0.024303
v -0.000764 -0.001086 -0.024303
v 0.000000 -0.001334 -0.016528
v 0.000000 0.002344 -0.024303
v -0.001859 0.001449 -0.024303
v -0.002318 -0.000563 -0.024303
v -0.001032 -0.002177 -0.024303
v 0.001032 -0.002177 -0.024303
v 0.002318 -0.000563 -0.024303
v 0.001859 0.001449 -0.024303
v 0.000000 0.001266 -0.024303
v 0.001236 0.000368 -0.024303
v 0.000764 -0.001086 -0.024303
v -0.000764 -0.001086 -0.024303
v -0.001236 0.000368 -0.024303
v 0.000000 0.002344 -0.024303
v 0.001859 0.001449 -0.024303
v 0.002318 -0.000563 -0.024303
v 0.001032 -0.002177 -0.024303
v -0.001032 -0.002177 -0.024303
v -0.002318 -0.000563 -0.024303
v -0.001859 0.001449 -0.024303
v 0.000000 0.002344 -0.025423
v -0.001859 0.001449 -0.025423
v -0.002318 -0.000563 -0.025423
v -0.001032 -0.002177 -0.025423
v 0.001032 -0.002177 -0.025423
v 0.002318 -0.000563 -0.025423
v 0.001859 0.001449 -0.025423
v -0.001193 0.002444 -0.024863
v 0.001193 0.002444 -0.024863
v 0.002681 0.000578 -0.024863
v 0.002150 -0.001749 -0.024863
v 0.000000 -0.002784 -0.024863
v 0.000000 -0.002784 -0.024863
v -0.002150 -0.001749 -0.024863
v -0.002681 0.000578 -0.024863
v 0.001032 -0.002177 -0.024303
v -0.001032 -0.002177 -0.025423
v 0.000269 0.001492 -0.025704
v 0.000090 0.001513 -0.025704
v -0.000090 0.001513 -0.025704
v -0.000269 0.001492 -0.025704
v -0.000269 0.001291 -0.025752
v -0.000269 0.001089 -0.025793
v -0.000269 0.000885 -0.025828
v -0.000460 0.000426 -0.025868
v -0.000919 0.000235 -0.025828
v -0.001123 0.000235 -0.025793
v -0.001325 0.000235 -0.025752
v -0.001526 0.000235 -0.025704
v -0.001547 0.000056 -0.025704
v -0.001547 -0.000124 -0.025704
v -0.001526 -0.000303 -0.025704
v -0.001325 -0.000303 -0.025752
v -0.001123 -0.000303 -0.025793
v -0.000919 -0.000303 -0.025828
v -0.000460 -0.000494 -0.025868
v -0.000269 -0.000953 -0.025828
v -0.000269 -0.001157 -0.025793
v -0.000269 -0.001359 -0.025752
v -0.000269 -0.001560 -0.025704
v -0.000090 -0.001581 -0.025704
v 0.000090 -0.001581 -0.025704
v 0.000269 -0.001560 -0.025704
v 0.000269 -0.001359 -0.025752
v 0.000269 -0.001157 -0.025793
v 0.000269 -0.000953 -0.025828
v 0.000460 -0.000494 -0.025868
v 0.000919 -0.000303 -0.025828
v 0.001123 -0.000303 -0.025793
v 0.001325 -0.000303 -0.025752
v 0.001526 -0.000303 -0.025704
v 0.001547 -0.000124 -0.025704
v 0.001547 0.000056 -0.025704
v 0.001526 0.000235 -0.025704
v 0.001325 0.000235 -0.025752
v 0.001123 0.000235 -0.025793
v 0.000919 0.000235 -0.025828
v 0.000460 0.000426 -0.025868
v 0.000269 0.000885 -0.025828
v 0.000269 0.001089 -0.025793
v 0.000269 0.001291 -0.025752
v 0.000000 0.002344 -0.025423
v 0.001859 0.001449 -0.025423
v 0.002318 -0.000563 -0.025423
v 0.001032 -0.002177 -0.025423
v -0.001032 -0.002177 -0.025423
v -0.002318 -0.000563 -0.025423
v -0.001859 0.001449 -0.025423
v 0.001032 -0.002177 -0.025423
v 0.000269 -0.001560 -0.025704
v -0.000269 0.001492 -0.025704
v -0.000090 0.001513 -0.025704
v 0.000090 0.001513 -0.025704
v 0.000269 0.001492 -0.025704
v 0.000269 0.001492 -0.025103
v 0.000090 0.001513 -0.025103
v -0.000090 0.001513 -0.025103
v -0.000269 0.001492 -0.025103
v 0.000269 0.001492 -0.025704
v 0.000269 0.001291 -0.025752
v 0.000269 0.001089 -0.025793
v 0.000269 0.000885 -0.025828
v 0.000269 0.000885 -0.025103
v 0.000269 0.001492 -0.025103
v 0.000269 0.001492 -0.025103
v 0.000269 0.000885 -0.025103
v 0.000356 0.000560 -0.025103
v 0.000594 0.000322 -0.025103
v 0.000919 0.000235 -0.025103
v 0.001526 0.000235 -0.025103
v 0.001547 0.000056 -0.025103
v 0.001547 -0.000124 -0.025103
v 0.001526 -0.000303 -0.025103
v 0.000919 -0.000303 -0.025103
v 0.000594 -0.000390 -0.025103
v 0.000356 -0.000628 -0.025103
v 0.000269 -0.000953 -0.025103
v 0.000269 -0.001560 -0.025103
v 0.000090 -0.001581 -0.025103
v -0.000090 -0.001581 -0.025103
v -0.000269 -0.001560 -0.025103
v -0.000269 -0.000953 -0.025103
v -0.000356 -0.000628 -0.025103
v -0.000594 -0.000390 -0.025103
v -0.000919 -0.000303 -0.025103
v -0.001526 -0.000303 -0.025103
v -0.001547 -0.000124 -0.025103
v -0.001547 0.000056 -0.025103
v -0.001526 0.000235 -0.025103
v -0.000919 0.000235 -0.025103
v -0.000594 0.000322 -0.025103
v -0.000356 0.000560 -0.025103
v -0.000269 0.000885 -0.025103
v -0.000269 0.001492 -0.025103
v -0.000090 0.001513 -0.025103
v 0.000090 0.001513 -0.025103
v -0.000269 0.000885 -0.025828
v -0.000269 0.001089 -0.025793
v -0.000269 0.001291 -0.025752
v -0.000269 0.001492 -0.025704
v -0.000269 0.001492 -0.025103
v -0.000269 0.000885 -0.025103
v -0.000919 0.000235 -0.025828
v -0.000460 0.000426 -0.025868
v -0.000269 0.000885 -0.025828
v -0.000269 0.000885 -0.025103
v -0.000356 0.000560 -0.025103
v -0.000594 0.000322 -0.025103
v -0.000919 0.000235 -0.025103
v -0.001526 0.000235 -0.025704
v -0.001325 0.000235 -0.025752
v -0.001123 0.000235 -0.025793
v -0.000919 0.000235 -0.025828
v -0.000919 0.000235 -0.025103
v -0.001526 0.000235 -0.025103
v -0.001526 -0.000303 -0.025704
v -0.001547 -0.000124 -0.025704
v -0.001547 0.000056 -0.025704
v -0.001526 0.000235 -0.025704
v -0.001526 0.000235 -0.025103
v -0.001547 0.000056 -0.025103
v -0.001547 -0.000124 -0.025103
v -0.001526 -0.000303 -0.025103
v 0.000269 0.000885 -0.025828
v 0.000460 0.000426 -0.025868
v 0.000919 0.000235 -0.025828
v 0.000919 0.000235 -0.025103
v 0.000594 0.000322 -0.025103
v 0.000356 0.000560 -0.025103
v 0.000269 0.000885 -0.025103
v -0.000919 -0.000303 -0.025828
v -0.001123 -0.000303 -0.025793
v -0.001325 -0.000303 -0.025752
v -0.001526 -0.000303 -0.025704
v -0.001526 -0.000303 -0.025103
v -0.000919 -0.000303 -0.025103
v 0.000919 0.000235 -0.025828
v 0.001123 0.000235 -0.025793
v 0.001325 0.000235 -0.025752
v 0.001526 0.000235 -0.025704
v 0.001526 0.000235 -0.025103
v 0.000919 0.000235 -0.025103
v -0.000269 -0.000953 -0.025828
v -0.000460 -0.000494 -0.025868
v -0.000919 -0.000303 -0.025828
v -0.000919 -0.000303 -0.025103
v -0.000594 -0.000390 -0.025103
v -0.000356 -0.000628 -0.025103
v -0.000269 -0.000953 -0.025103
v 0.001526 0.000235 -0.025704
v 0.001547 0.000056 -0.025704
v 0.001547 -0.000124 -0.025704
v 0.001526 -0.000303 -0.025704
v 0.001526 -0.000303 -0.025103
v 0.001547 -0.000124 -0.025103
v 0.001547 0.000056 -0.025103
v 0.001526 0.000235 -0.025103
v -0.000269 -0.001560 -0.025704
v -0.000269 -0.001359 -0.025752
v -0.000269 -0.001157 -0.025793
v -0.000269 -0.000953 -0.025828
v -0.000269 -0.000953 -0.025103
v -0.000269 -0.001560 -0.025103
v 0.001526 -0.000303 -0.025704
v 0.001325 -0.000303 -0.025752
v 0.001123 -0.000303 -0.025793
v 0.000919 -0.000303 -0.025828
v 0.000919 -0.000303 -0.025103
v 0.001526 -0.000303 -0.025103
v 0.000269 -0.001560 -0.025704
v 0.000090 -0.001581 -0.025704
v -0.000090 -0.001581 -0.025704
v -0.000269 -0.001560 -0.025704
v -0.000269 -0.001560 -0.025103
v -0.000090 -0.001581 -0.025103
v 0.000090 -0.001581 -0.025103
v 0.000269 -0.001560 -0.025103
v 0.000919 -0.000303 -0.025828
v 0.000460 -0.000494 -0.025868
v 0.000269 -0.000953 -0.025828
v 0.000269 -0.000953 -0.025103
v 0.000356 -0.000628 -0.025103
v 0.000594 -0.000390 -0.025103
v 0.000919 -0.000303 -0.025103
v 0.000269 -0.000953 -0.025828
v 0.000269 -0.001157 -0.025793
v 0.000269 -0.001359 -0.025752
v 0.000269 -0.001560 -0.025704
v 0.000269 -0.001560 -0.025103
v 0.000269 -0.000953 -0.025103
v -0.002500 -0.012000 0.005900
v -0.001268 -0.012000 0.005900
v 0.000000 -0.009804 0.005900
v 0.001268 -0.012000 0.005900
v 0.002500 -0.012000 0.005900
v 0.002500 -0.013300 0.005900
v 0.003500 -0.013300 0.005900
v 0.003500 -0.012000 0.005900
v 0.005250 -0.012000 0.005900
v 0.005250 -0.011500 0.005900
v 0.005021 -0.011500 0.005900
v 0.006483 -0.008968 0.005900
v 0.007181 -0.009603 0.005900
v 0.008105 -0.009797 0.005900
v 0.009000 -0.009497 0.005900
v 0.009000 -0.011500 0.005900
v 0.010000 -0.011500 0.005900
v 0.010000 0.011500 0.005900
v 0.009000 0.011500 0.005900
v 0.009000 0.009497 0.005900
v 0.008105 0.009797 0.005900
v 0.007181 0.009603 0.005900
v 0.006483 0.008968 0.005900
v 0.005021 0.011500 0.005900
v 0.005250 0.011500 0.005900
v 0.005250 0.012000 0.005900
v 0.003500 0.012000 0.005900
v 0.003500 0.013300 0.005900
v 0.002500 0.013300 0.005900
v 0.002500 0.012000 0.005900
v 0.001268 0.012000 0.005900
v 0.000000 0.009804 0.005900
v -0.001268 0.012000 0.005900
v -0.002500 0.012000 0.005900
v -0.002500 0.013300 0.005900
v -0.003500 0.013300 0.005900
v -0.003500 0.012000 0.005900
v -0.005250 0.012000 0.005900
v -0.005250 0.011500 0.005900
v -0.005020 0.011500 0.005900
v -0.006482 0.008968 0.005900
v -0.007181 0.009603 0.005900
v -0.008105 0.009797 0.005900
v -0.009000 0.009497 0.005900
v -0.009000 0.011500 0.005900
v -0.010000 0.011500 0.005900
v -0.010000 -0.011500 0.005900
v -0.009000 -0.011500 0.005900
v -0.009000 -0.009497 0.005900
v -0.008105 -0.009797 0.005900
v -0.007181 -0.009603 0.005900
v -0.006482 -0.008968 0.005900
v -0.005020 -0.011500 0.005900
v -0.005250 -0.011500 0.005900
v -0.005250 -0.012000 0.005900
v -0.003500 -0.012000 0.005900
v -0.003500 -0.013300 0.005900
v -0.002500 -0.013300 0.005900
v -0.007200 0.008000 0.005900
v -0.007753 0.007239 0.005900
v -0.008647 0.007530 0.005900
v -0.008647 0.008470 0.005900
v -0.007753 0.008761 0.005900
v 0.008800 0.008000 0.005900
v 0.008247 0.007239 0.005900
v 0.007353 0.007530 0.005900
v 0.007353 0.008470 0.005900
v 0.008247 0.008761 0.005900
v -0.007200 -0.008000 0.005900
v -0.007753 -0.008761 0.005900
v -0.008647 -0.008470 0.005900
v -0.008647 -0.007530 0.005900
v -0.007753 -0.007239 0.005900
v 0.008800 -0.008000 0.005900
v 0.008247 -0.008761 0.005900
v 0.007353 -0.008470 0.005900
v 0.007353 -0.007530 0.005900
v 0.008247 -0.007239 0.005900
v 0.009000 0.001732 0.005900
v 0.006646 0.003091 0.005900
v 0.007704 0.003820 0.005900
v 0.008315 0.004950 0.005900
v 0.008346 0.006233 0.005900
v 0.008575 0.006294 0.005900
v 0.008795 0.006385 0.005900
v 0.009000 0.006503 0.005900
v -0.008345 0.006233 0.005900
v -0.008314 0.004950 0.005900
v -0.007703 0.003820 0.005900
v -0.006646 0.003091 0.005900
v -0.009000 0.001732 0.005900
v -0.009000 0.006503 0.005900
v -0.008794 0.006385 0.005900
v -0.008575 0.006294 0.005900
v 0.008346 -0.006234 0.005900
v 0.008315 -0.004950 0.005900
v 0.007704 -0.003820 0.005900
v 0.006646 -0.003091 0.005900
v 0.009000 -0.001732 0.005900
v 0.009000 -0.006503 0.005900
v 0.008795 -0.006385 0.005900
v 0.008575 -0.006294 0.005900
v -0.009000 -0.001732 0.005900
v -0.006646 -0.003091 0.005900
v -0.007703 -0.003820 0.005900
v -0.008314 -0.004950 0.005900
v -0.008345 -0.006234 0.005900
v -0.008575 -0.006294 0.005900
v -0.008794 -0.006385 0.005900
v -0.009000 -0.006503 0.005900
v -0.001327 -0.004300 0.005900
v -0.001645 -0.004189 0.005900
v -0.001953 -0.004054 0.005900
v -0.002250 -0.003897 0.005900
v -0.002959 -0.005125 0.005900
v -0.003369 -0.004130 0.005900
v -0.004130 -0.003370 0.005900
v -0.005125 -0.002959 0.005900
v -0.003897 -0.002250 0.005900
v -0.004054 -0.001953 0.005900
v -0.004188 -0.001645 0.005900
v -0.004299 -0.001328 0.005900
v -0.004783 -0.001607 0.005900
v -0.005216 -0.001857 0.005900
v -0.006000 -0.002310 0.005900
v -0.008000 -0.001155 0.005900
v -0.008000 -0.000250 0.005900
v -0.008000 0.000250 0.005900
v -0.008000 0.001155 0.005900
v -0.006000 0.002309 0.005900
v -0.005216 0.001857 0.005900
v -0.004783 0.001607 0.005900
v -0.004299 0.001328 0.005900
v -0.004188 0.001645 0.005900
v -0.004054 0.001953 0.005900
v -0.003897 0.002250 0.005900
v -0.005125 0.002959 0.005900
v -0.004130 0.003369 0.005900
v -0.003369 0.004130 0.005900
v -0.002959 0.005125 0.005900
v -0.002250 0.003897 0.005900
v -0.001953 0.004054 0.005900
v -0.001645 0.004188 0.005900
v -0.001327 0.004300 0.005900
v -0.001607 0.004783 0.005900
v -0.001857 0.005216 0.005900
v -0.002309 0.006000 0.005900
v -0.001992 0.006550 0.005900
v -0.001956 0.006752 0.005900
v -0.002059 0.006930 0.005900
v -0.002251 0.007000 0.005900
v -0.002750 0.007000 0.005900
v -0.003250 0.007000 0.005900
v -0.004154 0.007000 0.005900
v -0.004322 0.006789 0.005900
v -0.003974 0.005176 0.005900
v -0.005122 0.003990 0.005900
v -0.006745 0.004287 0.005900
v -0.007401 0.005801 0.005900
v -0.006505 0.007187 0.005900
v -0.004855 0.007212 0.005900
v -0.004520 0.007634 0.005900
v -0.005309 0.009000 0.005900
v -0.004857 0.009783 0.005900
v -0.004607 0.010216 0.005900
v -0.004154 0.011000 0.005900
v -0.001845 0.011000 0.005900
v -0.001393 0.010216 0.005900
v -0.001143 0.009783 0.005900
v -0.000690 0.009000 0.005900
v -0.001008 0.008450 0.005900
v -0.001044 0.008248 0.005900
v -0.000941 0.008070 0.005900
v -0.000748 0.008000 0.005900
v -0.000250 0.008000 0.005900
v 0.000250 0.008000 0.005900
v 0.000749 0.008000 0.005900
v 0.000941 0.008070 0.005900
v 0.001044 0.008248 0.005900
v 0.001008 0.008450 0.005900
v 0.000691 0.009000 0.005900
v 0.001143 0.009783 0.005900
v 0.001393 0.010216 0.005900
v 0.001846 0.011000 0.005900
v 0.004155 0.011000 0.005900
v 0.004607 0.010216 0.005900
v 0.004857 0.009783 0.005900
v 0.005310 0.009000 0.005900
v 0.004521 0.007634 0.005900
v 0.004856 0.007212 0.005900
v 0.006506 0.007187 0.005900
v 0.007401 0.005801 0.005900
v 0.006746 0.004287 0.005900
v 0.005122 0.003990 0.005900
v 0.003974 0.005176 0.005900
v 0.004323 0.006789 0.005900
v 0.004155 0.007000 0.005900
v 0.003250 0.007000 0.005900
v 0.002750 0.007000 0.005900
v 0.002252 0.007000 0.005900
v 0.002059 0.006930 0.005900
v 0.001956 0.006752 0.005900
v 0.001992 0.006550 0.005900
v 0.002310 0.006000 0.005900
v 0.001857 0.005216 0.005900
v 0.001607 0.004783 0.005900
v 0.001328 0.004300 0.005900
v 0.001645 0.004188 0.005900
v 0.001953 0.004054 0.005900
v 0.002250 0.003897 0.005900
v 0.002959 0.005125 0.005900
v 0.003370 0.004130 0.005900
v 0.004131 0.003369 0.005900
v 0.005125 0.002959 0.005900
v 0.003897 0.002250 0.005900
v 0.004054 0.001953 0.005900
v 0.004189 0.001645 0.005900
v 0.004300 0.001328 0.005900
v 0.004784 0.001607 0.005900
v 0.005217 0.001857 0.005900
v 0.006000 0.002309 0.005900
v 0.008000 0.001155 0.005900
v 0.008000 0.000250 0.005900
v 0.008000 -0.000250 0.005900
v 0.008000 -0.001155 0.005900
v 0.006000 -0.002310 0.005900
v 0.005217 -0.001857 0.005900
v 0.004784 -0.001607 0.005900
v 0.004300 -0.001328 0.005900
v 0.004189 -0.001645 0.005900
v 0.004054 -0.001953 0.005900
v 0.003897 -0.002250 0.005900
v 0.005125 -0.002959 0.005900
v 0.004131 -0.003370 0.005900
v 0.003370 -0.004130 0.005900
v 0.002959 -0.005125 0.005900
v 0.002250 -0.003897 0.005900
v 0.001953 -0.004054 0.005900
v 0.001645 -0.004189 0.005900
v 0.001328 -0.004300 0.005900
v 0.001607 -0.004784 0.005900
v 0.001857 -0.005217 0.005900
v 0.002310 -0.006000 0.005900
v 0.001992 -0.006550 0.005900
v 0.001956 -0.006752 0.005900
v 0.002059 -0.006930 0.005900
v 0.002252 -0.007000 0.005900
v 0.002750 -0.007000 0.005900
v 0.003250 -0.007000 0.005900
v 0.004155 -0.007000 0.005900
v 0.004323 -0.006789 0.005900
v 0.003974 -0.005176 0.005900
v 0.005122 -0.003991 0.005900
v 0.006746 -0.004287 0.005900
v 0.007401 -0.005802 0.005900
v 0.006506 -0.007188 0.005900
v 0.004856 -0.007213 0.005900
v 0.004521 -0.007634 0.005900
v 0.005310 -0.009000 0.005900
v 0.004857 -0.009784 0.005900
v 0.004607 -0.010217 0.005900
v 0.004155 -0.011000 0.005900
v 0.001846 -0.011000 0.005900
v 0.001393 -0.010217 0.005900
v 0.001143 -0.009784 0.005900
v 0.000691 -0.009000 0.005900
v 0.001008 -0.008450 0.005900
v 0.001044 -0.008248 0.005900
v 0.000941 -0.008070 0.005900
v 0.000749 -0.008000 0.005900
v 0.000250 -0.008000 0.005900
v -0.000250 -0.008000 0.005900
v -0.000748 -0.008000 0.005900
v -0.000941 -0.008070 0.005900
v -0.001044 -0.008248 0.005900
v -0.001008 -0.008450 0.005900
v -0.000690 -0.009000 0.005900
v -0.001143 -0.009784 0.005900
v -0.001393 -0.010217 0.005900
v -0.001845 -0.011000 0.005900
v -0.004154 -0.011000 0.005900
v -0.004607 -0.010217 0.005900
v -0.004857 -0.009784 0.005900
v -0.005309 -0.009000 0.005900
v -0.004520 -0.007634 0.005900
v -0.004855 -0.007213 0.005900
v -0.006505 -0.007188 0.005900
v -0.007401 -0.005802 0.005900
v -0.006745 -0.004287 0.005900
v -0.005122 -0.003991 0.005900
v -0.003974 -0.005176 0.005900
v -0.004322 -0.006789 0.005900
v -0.004154 -0.007000 0.005900
v -0.003250 -0.007000 0.005900
v -0.002750 -0.007000 0.005900
v -0.002251 -0.007000 0.005900
v -0.002059 -0.006930 0.005900
v -0.001956 -0.006752 0.005900
v -0.001992 -0.006550 0.005900
v -0.002309 -0.006000 0.005900
v -0.001857 -0.005217 0.005900
v -0.001607 -0.004784 0.005900
v -0.005250 -0.012000 0.004400
v -0.003500 -0.012000 0.004400
v -0.003500 -0.012000 0.005900
v -0.005250 -0.012000 0.005900
v -0.002500 -0.012000 0.005900
v -0.002500 -0.012000 0.004400
v -0.001268 -0.012000 0.004400
v -0.001268 -0.012000 0.005900
v 0.002000 0.003464 0.004400
v 0.002571 0.003064 0.004400
v 0.003064 0.002571 0.004400
v 0.003464 0.002000 0.004400
v 0.005125 0.002959 0.004400
v 0.004131 0.003369 0.004400
v 0.003370 0.004130 0.004400
v 0.002959 0.005125 0.004400
v -0.003464 0.002000 0.004400
v -0.003064 0.002571 0.004400
v -0.002571 0.003064 0.004400
v -0.002000 0.003464 0.004400
v -0.002959 0.005125 0.004400
v -0.003369 0.004130 0.004400
v -0.004130 0.003369 0.004400
v -0.005125 0.002959 0.004400
v -0.002000 -0.003464 0.004400
v -0.002571 -0.003064 0.004400
v -0.003064 -0.002571 0.004400
v -0.003464 -0.002000 0.004400
v -0.005125 -0.002959 0.004400
v -0.004130 -0.003370 0.004400
v -0.003369 -0.004130 0.004400
v -0.002959 -0.005125 0.004400
v 0.003464 -0.002000 0.004400
v 0.003064 -0.002571 0.004400
v 0.002571 -0.003064 0.004400
v 0.002000 -0.003464 0.004400
v 0.002959 -0.005125 0.004400
v 0.003370 -0.004130 0.004400
v 0.004131 -0.003370 0.004400
v 0.005125 -0.002959 0.004400
v -0.003500 -0.012000 0.004400
v -0.005250 -0.012000 0.004400
v -0.005250 -0.013300 0.004400
v -0.003500 -0.013300 0.004400
v -0.007200 0.008000 0.005900
v -0.007753 0.008761 0.005900
v -0.008647 0.008470 0.005900
v -0.008647 0.007530 0.005900
v -0.007753 0.007239 0.005900
v -0.007200 0.008000 0.002900
v -0.007753 0.007239 0.002900
v -0.008647 0.007530 0.002900
v -0.008647 0.008470 0.002900
v -0.007753 0.008761 0.002900
v -0.007200 0.008000 0.005900
v -0.007200 0.008000 0.002900
v 0.000000 -0.009804 0.005900
v -0.001268 -0.012000 0.005900
v -0.001268 -0.012000 0.004400
v 0.000000 -0.009804 0.004400
v -0.002500 -0.013300 0.004400
v -0.002500 -0.012000 0.004400
v -0.002500 -0.012000 0.005900
v -0.002500 -0.013300 0.005900
v -0.006646 -0.003091 0.004400
v -0.009000 -0.001732 0.004400
v -0.009000 -0.006503 0.004400
v -0.008794 -0.006385 0.004400
v -0.008575 -0.006294 0.004400
v -0.008345 -0.006234 0.004400
v -0.008314 -0.004950 0.004400
v -0.007703 -0.003820 0.004400
v -0.003500 -0.012000 0.004400
v -0.003500 -0.013300 0.004400
v -0.003500 -0.013300 0.005900
v -0.003500 -0.012000 0.005900
v -0.005250 -0.012000 0.005900
v -0.005250 -0.011500 0.005900
v -0.005250 -0.011500 0.008971
v -0.005250 -0.013300 0.008971
v -0.005250 -0.013300 0.004400
v -0.005250 -0.012000 0.004400
v 0.003830 -0.001155 0.004100
v 0.003981 -0.000390 0.004100
v 0.003981 0.000390 0.004100
v 0.003830 0.001155 0.004100
v 0.003830 0.001155 0.005400
v 0.003730 0.001445 0.005400
v 0.003608 0.001728 0.005400
v 0.003464 0.002000 0.005400
v 0.003464 0.002000 0.004400
v 0.003064 0.002571 0.004400
v 0.002571 0.003064 0.004400
v 0.002000 0.003464 0.004400
v 0.002000 0.003464 0.005400
v 0.001728 0.003607 0.005400
v 0.001446 0.003730 0.005400
v 0.001155 0.003830 0.005400
v 0.001155 0.003830 0.004100
v 0.000390 0.003981 0.004100
v -0.000390 0.003981 0.004100
v -0.001154 0.003830 0.004100
v -0.001154 0.003830 0.005400
v -0.001445 0.003730 0.005400
v -0.001728 0.003607 0.005400
v -0.002000 0.003464 0.005400
v -0.002000 0.003464 0.004400
v -0.002571 0.003064 0.004400
v -0.003064 0.002571 0.004400
v -0.003464 0.002000 0.004400
v -0.003464 0.002000 0.005400
v -0.003607 0.001728 0.005400
v -0.003729 0.001445 0.005400
v -0.003829 0.001155 0.005400
v -0.003829 0.001155 0.004100
v -0.003981 0.000390 0.004100
v -0.003981 -0.000390 0.004100
v -0.003829 -0.001155 0.004100
v -0.003829 -0.001155 0.005400
v -0.003729 -0.001446 0.005400
v -0.003607 -0.001728 0.005400
v -0.003464 -0.002000 0.005400
v -0.003464 -0.002000 0.004400
v -0.003064 -0.002571 0.004400
v -0.002571 -0.003064 0.004400
v -0.002000 -0.003464 0.004400
v -0.002000 -0.003464 0.005400
v -0.001728 -0.003608 0.005400
v -0.001445 -0.003730 0.005400
v -0.001154 -0.003830 0.005400
v -0.001154 -0.003830 0.004100
v -0.000390 -0.003981 0.004100
v 0.000390 -0.003981 0.004100
v 0.001155 -0.003830 0.004100
v 0.001155 -0.003830 0.005400
v 0.001446 -0.003730 0.005400
v 0.001728 -0.003608 0.005400
v 0.002000 -0.003464 0.005400
v 0.002000 -0.003464 0.004400
v 0.002571 -0.003064 0.004400
v 0.003064 -0.002571 0.004400
v 0.003464 -0.002000 0.004400
v 0.003464 -0.002000 0.005400
v 0.003608 -0.001728 0.005400
v 0.003730 -0.001446 0.005400
v 0.003830 -0.001155 0.005400
v 0.004000 0.000000 0.002900
v 0.003064 -0.002571 0.002900
v 0.000695 -0.003939 0.002900
v -0.002000 -0.003464 0.002900
v -0.003759 -0.001368 0.002900
v -0.003759 0.001368 0.002900
v -0.002000 0.003464 0.002900
v 0.000695 0.003939 0.002900
v 0.003064 0.002571 0.002900
v -0.003981 -0.000390 0.004100
v -0.003759 -0.001368 0.002900
v 0.008800 0.008000 0.005900
v 0.008247 0.008761 0.005900
v 0.007353 0.008470 0.005900
v 0.007353 0.007530 0.005900
v 0.008247 0.007239 0.005900
v 0.008800 0.008000 0.002900
v 0.008247 0.007239 0.002900
v 0.007353 0.007530 0.002900
v 0.007353 0.008470 0.002900
v 0.008247 0.008761 0.002900
v 0.008800 0.008000 0.005900
v 0.008800 0.008000 0.002900
v 0.003830 -0.001155 0.004100
v 0.003830 -0.001155 0.005400
v 0.004000 -0.001155 0.005770
v 0.004000 -0.001155 0.004100
v 0.001268 -0.012000 0.005900
v 0.000000 -0.009804 0.005900
v 0.000000 -0.009804 0.004400
v 0.001268 -0.012000 0.004400
v -0.002500 -0.013300 0.005900
v -0.003500 -0.013300 0.005900
v -0.003500 -0.013300 0.004400
v -0.005250 -0.013300 0.004400
v -0.005250 -0.013300 0.008971
v -0.001878 -0.013300 0.007315
v 0.001878 -0.013300 0.007315
v 0.005250 -0.013300 0.008971
v 0.005250 -0.013300 0.004400
v 0.003500 -0.013300 0.004400
v 0.003500 -0.013300 0.005900
v 0.002500 -0.013300 0.005900
v 0.002500 -0.013300 0.004400
v -0.002500 -0.013300 0.004400
v 0.002500 -0.012000 0.004400
v 0.002500 -0.013300 0.004400
v 0.002500 -0.013300 0.005900
v 0.002500 -0.012000 0.005900
v 0.006646 -0.003091 0.004400
v 0.007704 -0.003820 0.004400
v 0.008315 -0.004950 0.004400
v 0.008346 -0.006234 0.004400
v 0.008575 -0.006294 0.004400
v 0.008795 -0.006385 0.004400
v 0.009000 -0.006503 0.004400
v 0.009000 -0.001732 0.004400
v 0.002500 -0.013300 0.004400
v 0.002500 -0.012000 0.004400
v 0.001268 -0.012000 0.004400
v 0.000000 -0.009804 0.004400
v -0.001268 -0.012000 0.004400
v -0.002500 -0.012000 0.004400
v -0.002500 -0.013300 0.004400
v 0.005021 -0.011500 0.005900
v 0.005021 -0.011500 0.004400
v 0.006483 -0.008968 0.004400
v 0.006483 -0.008968 0.005900
v 0.003830 0.001155 0.004100
v 0.003981 0.000390 0.004100
v 0.003981 -0.000390 0.004100
v 0.003830 -0.001155 0.004100
v 0.004000 -0.001155 0.004100
v 0.004784 -0.001607 0.004100
v 0.004844 -0.001503 0.004100
v 0.005277 -0.001753 0.004100
v 0.005217 -0.001857 0.004100
v 0.006000 -0.002310 0.004100
v 0.008000 -0.001155 0.004100
v 0.008000 -0.000250 0.004100
v 0.007880 -0.000250 0.004100
v 0.007880 0.000250 0.004100
v 0.008000 0.000250 0.004100
v 0.008000 0.001155 0.004100
v 0.006000 0.002309 0.004100
v 0.005217 0.001857 0.004100
v 0.005277 0.001753 0.004100
v 0.004844 0.001503 0.004100
v 0.004784 0.001607 0.004100
v 0.004000 0.001155 0.004100
v 0.006000 -0.001025 0.004100
v 0.005025 -0.000317 0.004100
v 0.005398 0.000829 0.004100
v 0.006603 0.000829 0.004100
v 0.006975 -0.000317 0.004100
v -0.007200 -0.008000 0.005900
v -0.007753 -0.007239 0.005900
v -0.008647 -0.007530 0.005900
v -0.008647 -0.008470 0.005900
v -0.007753 -0.008761 0.005900
v -0.007200 -0.008000 0.002900
v -0.007753 -0.008761 0.002900
v -0.008647 -0.008470 0.002900
v -0.008647 -0.007530 0.002900
v -0.007753 -0.007239 0.002900
v -0.007200 -0.008000 0.005900
v -0.007200 -0.008000 0.002900
v 0.004000 -0.001155 0.004100
v 0.004000 -0.001155 0.005770
v 0.004090 -0.001206 0.005841
v 0.004192 -0.001265 0.005885
v 0.004300 -0.001328 0.005900
v 0.004784 -0.001607 0.005900
v 0.004784 -0.001607 0.004100
v 0.002500 -0.012000 0.004400
v 0.002500 -0.012000 0.005900
v 0.001268 -0.012000 0.005900
v 0.001268 -0.012000 0.004400
v 0.005250 -0.012000 0.005900
v 0.003500 -0.012000 0.005900
v 0.003500 -0.012000 0.004400
v 0.005250 -0.012000 0.004400
v -0.006646 0.003091 0.004400
v -0.007703 0.003820 0.004400
v -0.008314 0.004950 0.004400
v -0.008345 0.006233 0.004400
v -0.008575 0.006294 0.004400
v -0.008794 0.006385 0.004400
v -0.009000 0.006503 0.004400
v -0.009000 0.001732 0.004400
v 0.003464 0.002000 0.005400
v 0.003522 0.002033 0.005650
v 0.003681 0.002125 0.005833
v 0.003897 0.002250 0.005900
v 0.005125 0.002959 0.005900
v 0.005125 0.002959 0.004400
v 0.003464 0.002000 0.004400
v 0.002250 0.003897 0.005900
v 0.002125 0.003680 0.005833
v 0.002034 0.003522 0.005650
v 0.002000 0.003464 0.005400
v 0.002000 0.003464 0.004400
v 0.002959 0.005125 0.004400
v 0.002959 0.005125 0.005900
v -0.009000 -0.011500 0.004400
v -0.005020 -0.011500 0.004400
v -0.006482 -0.008968 0.004400
v -0.007181 -0.009603 0.004400
v -0.008105 -0.009797 0.004400
v -0.009000 -0.009497 0.004400
v 0.009000 -0.009497 0.005900
v 0.008105 -0.009797 0.005900
v 0.007181 -0.009603 0.005900
v 0.006483 -0.008968 0.005900
v 0.006483 -0.008968 0.004400
v 0.007181 -0.009603 0.004400
v 0.008105 -0.009797 0.004400
v 0.009000 -0.009497 0.004400
v 0.001155 -0.003830 0.004100
v 0.000390 -0.003981 0.004100
v -0.000390 -0.003981 0.004100
v -0.001154 -0.003830 0.004100
v -0.001154 -0.004000 0.004100
v -0.001607 -0.004784 0.004100
v -0.001503 -0.004844 0.004100
v -0.001753 -0.005277 0.004100
v -0.001857 -0.005217 0.004100
v -0.002309 -0.006000 0.004100
v -0.001992 -0.006550 0.004100
v -0.001956 -0.006752 0.004100
v -0.002059 -0.006930 0.004100
v -0.002251 -0.007000 0.004100
v -0.002750 -0.007000 0.004100
v -0.002750 -0.007120 0.004100
v -0.003250 -0.007120 0.004100
v -0.003250 -0.007000 0.004100
v -0.004154 -0.007000 0.004100
v -0.004322 -0.006789 0.004100
v -0.003974 -0.005176 0.004100
v -0.005122 -0.003991 0.004100
v -0.006745 -0.004287 0.004100
v -0.007401 -0.005802 0.004100
v -0.006505 -0.007188 0.004100
v -0.004855 -0.007213 0.004100
v -0.004520 -0.007634 0.004100
v -0.005309 -0.009000 0.004100
v -0.004857 -0.009784 0.004100
v -0.004753 -0.009724 0.004100
v -0.004503 -0.010157 0.004100
v -0.004607 -0.010217 0.004100
v -0.004154 -0.011000 0.004100
v -0.001845 -0.011000 0.004100
v -0.001393 -0.010217 0.004100
v -0.001497 -0.010157 0.004100
v -0.001247 -0.009724 0.004100
v -0.001143 -0.009784 0.004100
v -0.000690 -0.009000 0.004100
v -0.001008 -0.008450 0.004100
v -0.001044 -0.008248 0.004100
v -0.000941 -0.008070 0.004100
v -0.000748 -0.008000 0.004100
v -0.000250 -0.008000 0.004100
v -0.000250 -0.007880 0.004100
v 0.000250 -0.007880 0.004100
v 0.000250 -0.008000 0.004100
v 0.000749 -0.008000 0.004100
v 0.000941 -0.008070 0.004100
v 0.001044 -0.008248 0.004100
v 0.001008 -0.008450 0.004100
v 0.000691 -0.009000 0.004100
v 0.001143 -0.009784 0.004100
v 0.001247 -0.009724 0.004100
v 0.001497 -0.010157 0.004100
v 0.001393 -0.010217 0.004100
v 0.001846 -0.011000 0.004100
v 0.004155 -0.011000 0.004100
v 0.004607 -0.010217 0.004100
v 0.004503 -0.010157 0.004100
v 0.004753 -0.009724 0.004100
v 0.004857 -0.009784 0.004100
v 0.005310 -0.009000 0.004100
v 0.004521 -0.007634 0.004100
v 0.004856 -0.007213 0.004100
v 0.006506 -0.007188 0.004100
v 0.007401 -0.005802 0.004100
v 0.006746 -0.004287 0.004100
v 0.005122 -0.003991 0.004100
v 0.003974 -0.005176 0.004100
v 0.004323 -0.006789 0.004100
v 0.004155 -0.007000 0.004100
v 0.003250 -0.007000 0.004100
v 0.003250 -0.007120 0.004100
v 0.002750 -0.007120 0.004100
v 0.002750 -0.007000 0.004100
v 0.002252 -0.007000 0.004100
v 0.002059 -0.006930 0.004100
v 0.001956 -0.006752 0.004100
v 0.001992 -0.006550 0.004100
v 0.002310 -0.006000 0.004100
v 0.001857 -0.005217 0.004100
v 0.001753 -0.005277 0.004100
v 0.001503 -0.004844 0.004100
v 0.001607 -0.004784 0.004100
v 0.001155 -0.004000 0.004100
v -0.001025 -0.006000 0.004100
v -0.000317 -0.005025 0.004100
v 0.000829 -0.005398 0.004100
v 0.000829 -0.006603 0.004100
v -0.000317 -0.006975 0.004100
v -0.006682 -0.005657 0.004100
v -0.005973 -0.004682 0.004100
v -0.004827 -0.005055 0.004100
v -0.004827 -0.006259 0.004100
v -0.005973 -0.006632 0.004100
v 0.005657 -0.006682 0.004100
v 0.004682 -0.005974 0.004100
v 0.005055 -0.004828 0.004100
v 0.006260 -0.004828 0.004100
v 0.006632 -0.005974 0.004100
v 0.003000 -0.010025 0.004100
v 0.002025 -0.009317 0.004100
v 0.002398 -0.008171 0.004100
v 0.003603 -0.008171 0.004100
v 0.003975 -0.009317 0.004100
v -0.003000 -0.010025 0.004100
v -0.003975 -0.009317 0.004100
v -0.003602 -0.008171 0.004100
v -0.002397 -0.008171 0.004100
v -0.002025 -0.009317 0.004100
v 0.008800 -0.008000 0.005900
v 0.008247 -0.007239 0.005900
v 0.007353 -0.007530 0.005900
v 0.007353 -0.008470 0.005900
v 0.008247 -0.008761 0.005900
v 0.008800 -0.008000 0.002900
v 0.008247 -0.008761 0.002900
v 0.007353 -0.008470 0.002900
v 0.007353 -0.007530 0.002900
v 0.008247 -0.007239 0.002900
v 0.008800 -0.008000 0.005900
v 0.008800 -0.008000 0.002900
v 0.005217 -0.001857 0.004100
v 0.005217 -0.001857 0.005900
v 0.006000 -0.002310 0.005900
v 0.006000 -0.002310 0.004100
v 0.003500 -0.013300 0.004400
v 0.003500 -0.012000 0.004400
v 0.003500 -0.012000 0.005900
v 0.003500 -0.013300 0.005900
v 0.006646 0.003091 0.004400
v 0.009000 0.001732 0.004400
v 0.009000 0.006503 0.004400
v 0.008795 0.006385 0.004400
v 0.008575 0.006294 0.004400
v 0.008346 0.006233 0.004400
v 0.008315 0.004950 0.004400
v 0.007704 0.003820 0.004400
v -0.002000 0.003464 0.005400
v -0.002033 0.003522 0.005650
v -0.002125 0.003680 0.005833
v -0.002250 0.003897 0.005900
v -0.002959 0.005125 0.005900
v -0.002959 0.005125 0.004400
v -0.002000 0.003464 0.004400
v -0.003897 0.002250 0.005900
v -0.003680 0.002125 0.005833
v -0.003522 0.002033 0.005650
v -0.003464 0.002000 0.005400
v -0.003464 0.002000 0.004400
v -0.005125 0.002959 0.004400
v -0.005125 0.002959 0.005900
v 0.005125 0.002959 0.005900
v 0.004131 0.003369 0.005900
v 0.003370 0.004130 0.005900
v 0.002959 0.005125 0.005900
v 0.002959 0.005125 0.004400
v 0.003370 0.004130 0.004400
v 0.004131 0.003369 0.004400
v 0.005125 0.002959 0.004400
v 0.004000 0.001155 0.005770
v 0.004090 0.001206 0.005841
v 0.004192 0.001265 0.005885
v 0.004300 0.001328 0.005900
v 0.004189 0.001645 0.005900
v 0.004054 0.001953 0.005900
v 0.003897 0.002250 0.005900
v 0.003681 0.002125 0.005833
v 0.003522 0.002033 0.005650
v 0.003464 0.002000 0.005400
v 0.003608 0.001728 0.005400
v 0.003730 0.001445 0.005400
v 0.003830 0.001155 0.005400
v 0.009000 -0.011500 0.005900
v 0.009000 -0.009497 0.005900
v 0.009000 -0.009497 0.004400
v 0.009000 -0.011500 0.004400
v -0.005020 -0.011500 0.004400
v -0.009000 -0.011500 0.004400
v -0.009000 -0.011500 0.005900
v -0.010000 -0.011500 0.005900
v -0.010000 -0.011500 0.007900
v -0.009732 -0.011500 0.008900
v -0.009000 -0.011500 0.009632
v -0.008000 -0.011500 0.009900
v -0.006651 -0.011500 0.009900
v -0.006389 -0.011500 0.009865
v -0.006144 -0.011500 0.009762
v -0.005936 -0.011500 0.009599
v -0.005715 -0.011500 0.009381
v -0.005486 -0.011500 0.009172
v -0.005250 -0.011500 0.008971
v -0.005250 -0.011500 0.005900
v -0.005020 -0.011500 0.005900
v -0.009025 -0.011500 0.007900
v -0.008317 -0.011500 0.006925
v -0.007171 -0.011500 0.007298
v -0.007171 -0.011500 0.008503
v -0.008317 -0.011500 0.008875
v -0.003829 -0.001155 0.004100
v -0.003981 -0.000390 0.004100
v -0.003981 0.000390 0.004100
v -0.003829 0.001155 0.004100
v -0.004000 0.001155 0.004100
v -0.004783 0.001607 0.004100
v -0.004843 0.001503 0.004100
v -0.005276 0.001753 0.004100
v -0.005216 0.001857 0.004100
v -0.006000 0.002309 0.004100
v -0.008000 0.001155 0.004100
v -0.008000 0.000250 0.004100
v -0.007880 0.000250 0.004100
v -0.007880 -0.000250 0.004100
v -0.008000 -0.000250 0.004100
v -0.008000 -0.001155 0.004100
v -0.006000 -0.002310 0.004100
v -0.005216 -0.001857 0.004100
v -0.005276 -0.001753 0.004100
v -0.004843 -0.001503 0.004100
v -0.004783 -0.001607 0.004100
v -0.004000 -0.001155 0.004100
v -0.006000 0.001025 0.004100
v -0.005025 0.000317 0.004100
v -0.005397 -0.000829 0.004100
v -0.006602 -0.000829 0.004100
v -0.006975 0.000317 0.004100
v 0.006646 0.003091 0.005900
v 0.009000 0.001732 0.005900
v 0.009000 0.001732 0.004400
v 0.006646 0.003091 0.004400
v -0.009800 -0.013300 0.002900
v -0.009800 0.013300 0.002900
v 0.009800 0.013300 0.002900
v 0.009800 -0.013300 0.002900
v -0.007200 -0.008000 0.002900
v -0.007753 -0.007239 0.002900
v -0.008647 -0.007530 0.002900
v -0.008647 -0.008470 0.002900
v -0.007753 -0.008761 0.002900
v 0.008800 0.008000 0.002900
v 0.008247 0.008761 0.002900
v 0.007353 0.008470 0.002900
v 0.007353 0.007530 0.002900
v 0.008247 0.007239 0.002900
v -0.007200 0.008000 0.002900
v -0.007753 0.008761 0.002900
v -0.008647 0.008470 0.002900
v -0.008647 0.007530 0.002900
v -0.007753 0.007239 0.002900
v 0.004000 0.000000 0.002900
v 0.003064 0.002571 0.002900
v 0.000695 0.003939 0.002900
v -0.002000 0.003464 0.002900
v -0.003759 0.001368 0.002900
v -0.003759 -0.001368 0.002900
v -0.002000 -0.003464 0.002900
v 0.000695 -0.003939 0.002900
v 0.003064 -0.002571 0.002900
v -0.001025 -0.006000 0.002900
v -0.000317 -0.006975 0.002900
v 0.000829 -0.006603 0.002900
v 0.000829 -0.005398 0.002900
v -0.000317 -0.005025 0.002900
v -0.006000 0.001025 0.002900
v -0.006975 0.000317 0.002900
v -0.006602 -0.000829 0.002900
v -0.005397 -0.000829 0.002900
v -0.005025 0.000317 0.002900
v 0.001025 0.006000 0.002900
v 0.000317 0.006975 0.002900
v -0.000829 0.006602 0.002900
v -0.000829 0.005397 0.002900
v 0.000317 0.005025 0.002900
v 0.006000 -0.001025 0.002900
v 0.006975 -0.000317 0.002900
v 0.006603 0.000829 0.002900
v 0.005398 0.000829 0.002900
v 0.005025 -0.000317 0.002900
v -0.006682 -0.005657 0.002900
v -0.005973 -0.006632 0.002900
v -0.004827 -0.006259 0.002900
v -0.004827 -0.005055 0.002900
v -0.005973 -0.004682 0.002900
v -0.005657 0.006682 0.002900
v -0.006631 0.005973 0.002900
v -0.006259 0.004827 0.002900
v -0.005054 0.004827 0.002900
v -0.004682 0.005973 0.002900
v 0.006682 0.005657 0.002900
v 0.005974 0.006632 0.002900
v 0.004828 0.006259 0.002900
v 0.004828 0.005054 0.002900
v 0.005974 0.004682 0.002900
v 0.005657 -0.006682 0.002900
v 0.006632 -0.005974 0.002900
v 0.006260 -0.004828 0.002900
v 0.005055 -0.004828 0.002900
v 0.004682 -0.005974 0.002900
v 0.003000 -0.010025 0.002900
v 0.003975 -0.009317 0.002900
v 0.003603 -0.008171 0.002900
v 0.002398 -0.008171 0.002900
v 0.002025 -0.009317 0.002900
v -0.003000 -0.010025 0.002900
v -0.002025 -0.009317 0.002900
v -0.002397 -0.008171 0.002900
v -0.003602 -0.008171 0.002900
v -0.003975 -0.009317 0.002900
v 0.003000 0.007975 0.002900
v 0.003975 0.008683 0.002900
v 0.003603 0.009829 0.002900
v 0.002398 0.009829 0.002900
v 0.002025 0.008683 0.002900
v -0.003000 0.007975 0.002900
v -0.002025 0.008683 0.002900
v -0.002397 0.009829 0.002900
v -0.003602 0.009829 0.002900
v -0.003975 0.008683 0.002900
v 0.008800 -0.008000 0.002900
v 0.008247 -0.007239 0.002900
v 0.007353 -0.007530 0.002900
v 0.007353 -0.008470 0.002900
v 0.008247 -0.008761 0.002900
v 0.004784 -0.001607 0.004100
v 0.004784 -0.001607 0.005900
v 0.004844 -0.001503 0.004400
v 0.004844 -0.001503 0.004100
v 0.009000 0.011500 0.004400
v 0.005021 0.011500 0.004400
v 0.006483 0.008968 0.004400
v 0.007181 0.009603 0.004400
v 0.008105 0.009797 0.004400
v 0.009000 0.009497 0.004400
v -0.003464 -0.002000 0.005400
v -0.003522 -0.002034 0.005650
v -0.003680 -0.002125 0.005833
v -0.003897 -0.002250 0.005900
v -0.005125 -0.002959 0.005900
v -0.005125 -0.002959 0.004400
v -0.003464 -0.002000 0.004400
v -0.002250 -0.003897 0.005900
v -0.002125 -0.003681 0.005833
v -0.002033 -0.003522 0.005650
v -0.002000 -0.003464 0.005400
v -0.002000 -0.003464 0.004400
v -0.002959 -0.005125 0.004400
v -0.002959 -0.005125 0.005900
v -0.002959 0.005125 0.005900
v -0.003369 0.004130 0.005900
v -0.004130 0.003369 0.005900
v -0.005125 0.002959 0.005900
v -0.005125 0.002959 0.004400
v -0.004130 0.003369 0.004400
v -0.003369 0.004130 0.004400
v -0.002959 0.005125 0.004400
v -0.001154 0.004000 0.005770
v -0.001206 0.004089 0.005841
v -0.001265 0.004191 0.005885
v -0.001327 0.004300 0.005900
v -0.001645 0.004188 0.005900
v -0.001953 0.004054 0.005900
v -0.002250 0.003897 0.005900
v -0.002125 0.003680 0.005833
v -0.002033 0.003522 0.005650
v -0.002000 0.003464 0.005400
v -0.001728 0.003607 0.005400
v -0.001445 0.003730 0.005400
v -0.001154 0.003830 0.005400
v 0.006000 0.002309 0.004100
v 0.006000 0.002309 0.005900
v 0.005217 0.001857 0.005900
v 0.005217 0.001857 0.004100
v 0.002000 0.003464 0.005400
v 0.002034 0.003522 0.005650
v 0.002125 0.003680 0.005833
v 0.002250 0.003897 0.005900
v 0.001953 0.004054 0.005900
v 0.001645 0.004188 0.005900
v 0.001328 0.004300 0.005900
v 0.001265 0.004191 0.005885
v 0.001207 0.004089 0.005841
v 0.001155 0.004000 0.005770
v 0.001155 0.003830 0.005400
v 0.001446 0.003730 0.005400
v 0.001728 0.003607 0.005400
v -0.005020 -0.011500 0.004400
v -0.005020 -0.011500 0.005900
v -0.006482 -0.008968 0.005900
v -0.006482 -0.008968 0.004400
v -0.005423 -0.014100 0.009117
v -0.001951 -0.014100 0.007333
v 0.001952 -0.014100 0.007333
v 0.005424 -0.014100 0.009117
v 0.005424 -0.012800 0.009117
v 0.005599 -0.012800 0.009273
v 0.005770 -0.012800 0.009434
v 0.005936 -0.012800 0.009599
v 0.005936 -0.011500 0.009599
v 0.005716 -0.011500 0.009381
v 0.005487 -0.011500 0.009172
v 0.005250 -0.011500 0.008971
v 0.005250 -0.013300 0.008971
v 0.001878 -0.013300 0.007315
v -0.001878 -0.013300 0.007315
v -0.005250 -0.013300 0.008971
v -0.005250 -0.011500 0.008971
v -0.005486 -0.011500 0.009172
v -0.005715 -0.011500 0.009381
v -0.005936 -0.011500 0.009599
v -0.005936 -0.012800 0.009599
v -0.005770 -0.012800 0.009434
v -0.005599 -0.012800 0.009273
v -0.005423 -0.012800 0.009117
v -0.009025 -0.012800 0.007900
v -0.008317 -0.012800 0.006925
v -0.007171 -0.012800 0.007298
v -0.007171 -0.012800 0.008503
v -0.008317 -0.012800 0.008875
v -0.009025 -0.011500 0.007900
v -0.008317 -0.011500 0.008875
v -0.007171 -0.011500 0.008503
v -0.007171 -0.011500 0.007298
v -0.008317 -0.011500 0.006925
v -0.009025 -0.011500 0.007900
v -0.009025 -0.012800 0.007900
v -0.001154 0.003830 0.004100
v -0.000390 0.003981 0.004100
v 0.000390 0.003981 0.004100
v 0.001155 0.003830 0.004100
v 0.001155 0.004000 0.004100
v 0.001607 0.004783 0.004100
v 0.001503 0.004843 0.004100
v 0.001753 0.005276 0.004100
v 0.001857 0.005216 0.004100
v 0.002310 0.006000 0.004100
v 0.001992 0.006550 0.004100
v 0.001956 0.006752 0.004100
v 0.002059 0.006930 0.004100
v 0.002252 0.007000 0.004100
v 0.002750 0.007000 0.004100
v 0.002750 0.007120 0.004100
v 0.003250 0.007120 0.004100
v 0.003250 0.007000 0.004100
v 0.004155 0.007000 0.004100
v 0.004323 0.006789 0.004100
v 0.003974 0.005176 0.004100
v 0.005122 0.003990 0.004100
v 0.006746 0.004287 0.004100
v 0.007401 0.005801 0.004100
v 0.006506 0.007187 0.004100
v 0.004856 0.007212 0.004100
v 0.004521 0.007634 0.004100
v 0.005310 0.009000 0.004100
v 0.004857 0.009783 0.004100
v 0.004753 0.009723 0.004100
v 0.004503 0.010156 0.004100
v 0.004607 0.010216 0.004100
v 0.004155 0.011000 0.004100
v 0.001846 0.011000 0.004100
v 0.001393 0.010216 0.004100
v 0.001497 0.010156 0.004100
v 0.001247 0.009723 0.004100
v 0.001143 0.009783 0.004100
v 0.000691 0.009000 0.004100
v 0.001008 0.008450 0.004100
v 0.001044 0.008248 0.004100
v 0.000941 0.008070 0.004100
v 0.000749 0.008000 0.004100
v 0.000250 0.008000 0.004100
v 0.000250 0.007880 0.004100
v -0.000250 0.007880 0.004100
v -0.000250 0.008000 0.004100
v -0.000748 0.008000 0.004100
v -0.000941 0.008070 0.004100
v -0.001044 0.008248 0.004100
v -0.001008 0.008450 0.004100
v -0.000690 0.009000 0.004100
v -0.001143 0.009783 0.004100
v -0.001247 0.009723 0.004100
v -0.001497 0.010156 0.004100
v -0.001393 0.010216 0.004100
v -0.001845 0.011000 0.004100
v -0.004154 0.011000 0.004100
v -0.004607 0.010216 0.004100
v -0.004503 0.010156 0.004100
v -0.004753 0.009723 0.004100
v -0.004857 0.009783 0.004100
v -0.005309 0.009000 0.004100
v -0.004520 0.007634 0.004100
v -0.004855 0.007212 0.004100
v -0.006505 0.007187 0.004100
v -0.007401 0.005801 0.004100
v -0.006745 0.004287 0.004100
v -0.005122 0.003990 0.004100
v -0.003974 0.005176 0.004100
v -0.004322 0.006789 0.004100
v -0.004154 0.007000 0.004100
v -0.003250 0.007000 0.004100
v -0.003250 0.007120 0.004100
v -0.002750 0.007120 0.004100
v -0.002750 0.007000 0.004100
v -0.002251 0.007000 0.004100
v -0.002059 0.006930 0.004100
v -0.001956 0.006752 0.004100
v -0.001992 0.006550 0.004100
v -0.002309 0.006000 0.004100
v -0.001857 0.005216 0.004100
v -0.001753 0.005276 0.004100
v -0.001503 0.004843 0.004100
v -0.001607 0.004783 0.004100
v -0.001154 0.004000 0.004100
v 0.001025 0.006000 0.004100
v 0.000317 0.005025 0.004100
v -0.000829 0.005397 0.004100
v -0.000829 0.006602 0.004100
v 0.000317 0.006975 0.004100
v -0.005657 0.006682 0.004100
v -0.004682 0.005973 0.004100
v -0.005054 0.004827 0.004100
v -0.006259 0.004827 0.004100
v -0.006631 0.005973 0.004100
v 0.006682 0.005657 0.004100
v 0.005974 0.004682 0.004100
v 0.004828 0.005054 0.004100
v 0.004828 0.006259 0.004100
v 0.005974 0.006632 0.004100
v 0.003000 0.007975 0.004100
v 0.002025 0.008683 0.004100
v 0.002398 0.009829 0.004100
v 0.003603 0.009829 0.004100
v 0.003975 0.008683 0.004100
v -0.003000 0.007975 0.004100
v -0.003975 0.008683 0.004100
v -0.003602 0.009829 0.004100
v -0.002397 0.009829 0.004100
v -0.002025 0.008683 0.004100
v -0.006646 0.003091 0.005900
v -0.007703 0.003820 0.005900
v -0.008314 0.004950 0.005900
v -0.008345 0.006233 0.005900
v -0.008345 0.006233 0.004400
v -0.008314 0.004950 0.004400
v -0.007703 0.003820 0.004400
v -0.006646 0.003091 0.004400
v 0.008346 0.006233 0.005900
v 0.008315 0.004950 0.005900
v 0.007704 0.003820 0.005900
v 0.006646 0.003091 0.005900
v 0.006646 0.003091 0.004400
v 0.007704 0.003820 0.004400
v 0.008315 0.004950 0.004400
v 0.008346 0.006233 0.004400
v 0.009000 0.001732 0.005900
v 0.009000 0.006503 0.005900
v 0.009000 0.006503 0.004400
v 0.009000 0.001732 0.004400
v 0.004844 -0.001503 0.004400
v 0.005277 -0.001753 0.004400
v 0.005277 -0.001753 0.004100
v 0.004844 -0.001503 0.004100
v 0.003500 0.012000 0.004400
v 0.005250 0.012000 0.004400
v 0.005250 0.013300 0.004400
v 0.003500 0.013300 0.004400
v -0.006646 -0.003091 0.005900
v -0.009000 -0.001732 0.005900
v -0.009000 -0.001732 0.004400
v -0.006646 -0.003091 0.004400
v 0.002000 -0.003464 0.005400
v 0.002034 -0.003522 0.005650
v 0.002125 -0.003681 0.005833
v 0.002250 -0.003897 0.005900
v 0.002959 -0.005125 0.005900
v 0.002959 -0.005125 0.004400
v 0.002000 -0.003464 0.004400
v 0.003897 -0.002250 0.005900
v 0.003681 -0.002125 0.005833
v 0.003522 -0.002034 0.005650
v 0.003464 -0.002000 0.005400
v 0.003464 -0.002000 0.004400
v 0.005125 -0.002959 0.004400
v 0.005125 -0.002959 0.005900
v -0.005125 -0.002959 0.005900
v -0.004130 -0.003370 0.005900
v -0.003369 -0.004130 0.005900
v -0.002959 -0.005125 0.005900
v -0.002959 -0.005125 0.004400
v -0.003369 -0.004130 0.004400
v -0.004130 -0.003370 0.004400
v -0.005125 -0.002959 0.004400
v -0.004000 -0.001155 0.005770
v -0.004089 -0.001206 0.005841
v -0.004191 -0.001265 0.005885
v -0.004299 -0.001328 0.005900
v -0.004188 -0.001645 0.005900
v -0.004054 -0.001953 0.005900
v -0.003897 -0.002250 0.005900
v -0.003680 -0.002125 0.005833
v -0.003522 -0.002034 0.005650
v -0.003464 -0.002000 0.005400
v -0.003607 -0.001728 0.005400
v -0.003729 -0.001446 0.005400
v -0.003829 -0.001155 0.005400
v -0.002309 0.006000 0.004100
v -0.002309 0.006000 0.005900
v -0.001857 0.005216 0.005900
v -0.001857 0.005216 0.004100
v -0.003464 0.002000 0.005400
v -0.003522 0.002033 0.005650
v -0.003680 0.002125 0.005833
v -0.003897 0.002250 0.005900
v -0.004054 0.001953 0.005900
v -0.004188 0.001645 0.005900
v -0.004299 0.001328 0.005900
v -0.004191 0.001265 0.005885
v -0.004089 0.001206 0.005841
v -0.004000 0.001155 0.005770
v -0.003829 0.001155 0.005400
v -0.003729 0.001445 0.005400
v -0.003607 0.001728 0.005400
v 0.004784 0.001607 0.004100
v 0.004784 0.001607 0.005900
v 0.004300 0.001328 0.005900
v 0.004192 0.001265 0.005885
v 0.004090 0.001206 0.005841
v 0.004000 0.001155 0.005770
v 0.004000 0.001155 0.004100
v 0.001155 0.003830 0.004100
v 0.001155 0.003830 0.005400
v 0.001155 0.004000 0.005770
v 0.001155 0.004000 0.004100
v 0.004000 0.001155 0.004100
v 0.004000 0.001155 0.005770
v 0.003830 0.001155 0.005400
v 0.003830 0.001155 0.004100
v -0.006482 -0.008968 0.005900
v -0.007181 -0.009603 0.005900
v -0.008105 -0.009797 0.005900
v -0.009000 -0.009497 0.005900
v -0.009000 -0.009497 0.004400
v -0.008105 -0.009797 0.004400
v -0.007181 -0.009603 0.004400
v -0.006482 -0.008968 0.004400
v -0.005554 -0.014300 0.008966
v -0.001998 -0.014300 0.007138
v 0.001999 -0.014300 0.007138
v 0.005554 -0.014300 0.008966
v 0.005424 -0.014100 0.009117
v 0.001952 -0.014100 0.007333
v -0.001951 -0.014100 0.007333
v -0.005423 -0.014100 0.009117
v 0.005250 -0.011500 0.005900
v 0.005250 -0.012000 0.005900
v 0.005250 -0.012000 0.004400
v 0.005250 -0.013300 0.004400
v 0.005250 -0.013300 0.008971
v 0.005250 -0.011500 0.008971
v -0.001025 -0.006000 0.004100
v -0.000317 -0.006975 0.004100
v 0.000829 -0.006603 0.004100
v 0.000829 -0.005398 0.004100
v -0.000317 -0.005025 0.004100
v -0.001025 -0.006000 0.002900
v -0.000317 -0.005025 0.002900
v 0.000829 -0.005398 0.002900
v 0.000829 -0.006603 0.002900
v -0.000317 -0.006975 0.002900
v -0.001025 -0.006000 0.002900
v -0.001025 -0.006000 0.004100
v 0.006646 -0.003091 0.005900
v 0.007704 -0.003820 0.005900
v 0.008315 -0.004950 0.005900
v 0.008346 -0.006234 0.005900
v 0.008346 -0.006234 0.004400
v 0.008315 -0.004950 0.004400
v 0.007704 -0.003820 0.004400
v 0.006646 -0.003091 0.004400
v -0.009000 0.001732 0.005900
v -0.006646 0.003091 0.005900
v -0.006646 0.003091 0.004400
v -0.009000 0.001732 0.004400
v -0.008345 0.006233 0.005900
v -0.008575 0.006294 0.005900
v -0.008794 0.006385 0.005900
v -0.009000 0.006503 0.005900
v -0.009000 0.006503 0.004400
v -0.008794 0.006385 0.004400
v -0.008575 0.006294 0.004400
v -0.008345 0.006233 0.004400
v 0.009000 0.006503 0.005900
v 0.008795 0.006385 0.005900
v 0.008575 0.006294 0.005900
v 0.008346 0.006233 0.005900
v 0.008346 0.006233 0.004400
v 0.008575 0.006294 0.004400
v 0.008795 0.006385 0.004400
v 0.009000 0.006503 0.004400
v 0.005277 -0.001753 0.004400
v 0.004844 -0.001503 0.004400
v 0.004784 -0.001607 0.005900
v 0.005217 -0.001857 0.005900
v 0.002500 0.012000 0.004400
v 0.002500 0.013300 0.004400
v -0.002500 0.013300 0.004400
v -0.002500 0.012000 0.004400
v -0.001268 0.012000 0.004400
v 0.000000 0.009804 0.004400
v 0.001268 0.012000 0.004400
v -0.009000 -0.001732 0.005900
v -0.009000 -0.006503 0.005900
v -0.009000 -0.006503 0.004400
v -0.009000 -0.001732 0.004400
v -0.008345 -0.006234 0.005900
v -0.008314 -0.004950 0.005900
v -0.007703 -0.003820 0.005900
v -0.006646 -0.003091 0.005900
v -0.006646 -0.003091 0.004400
v -0.007703 -0.003820 0.004400
v -0.008314 -0.004950 0.004400
v -0.008345 -0.006234 0.004400
v 0.002959 -0.005125 0.005900
v 0.003370 -0.004130 0.005900
v 0.004131 -0.003370 0.005900
v 0.005125 -0.002959 0.005900
v 0.005125 -0.002959 0.004400
v 0.004131 -0.003370 0.004400
v 0.003370 -0.004130 0.004400
v 0.002959 -0.005125 0.004400
v 0.001155 -0.004000 0.005770
v 0.001207 -0.004090 0.005841
v 0.001265 -0.004191 0.005885
v 0.001328 -0.004300 0.005900
v 0.001645 -0.004189 0.005900
v 0.001953 -0.004054 0.005900
v 0.002250 -0.003897 0.005900
v 0.002125 -0.003681 0.005833
v 0.002034 -0.003522 0.005650
v 0.002000 -0.003464 0.005400
v 0.001728 -0.003608 0.005400
v 0.001446 -0.003730 0.005400
v 0.001155 -0.003830 0.005400
v -0.006000 -0.002310 0.004100
v -0.006000 -0.002310 0.005900
v -0.005216 -0.001857 0.005900
v -0.005216 -0.001857 0.004100
v -0.002000 -0.003464 0.005400
v -0.002033 -0.003522 0.005650
v -0.002125 -0.003681 0.005833
v -0.002250 -0.003897 0.005900
v -0.001953 -0.004054 0.005900
v -0.001645 -0.004189 0.005900
v -0.001327 -0.004300 0.005900
v -0.001265 -0.004191 0.005885
v -0.001206 -0.004090 0.005841
v -0.001154 -0.004000 0.005770
v -0.001154 -0.003830 0.005400
v -0.001445 -0.003730 0.005400
v -0.001728 -0.003608 0.005400
v -0.001607 0.004783 0.004100
v -0.001607 0.004783 0.005900
v -0.001327 0.004300 0.005900
v -0.001265 0.004191 0.005885
v -0.001206 0.004089 0.005841
v -0.001154 0.004000 0.005770
v -0.001154 0.004000 0.004100
v -0.003829 0.001155 0.004100
v -0.003829 0.001155 0.005400
v -0.004000 0.001155 0.005770
v -0.004000 0.001155 0.004100
v -0.001154 0.004000 0.004100
v -0.001154 0.004000 0.005770
v -0.001154 0.003830 0.005400
v -0.001154 0.003830 0.004100
v 0.008000 0.001155 0.004100
v 0.008000 0.001155 0.005900
v 0.006000 0.002309 0.005900
v 0.006000 0.002309 0.004100
v 0.001607 0.004783 0.004100
v 0.001607 0.004783 0.005900
v 0.001503 0.004843 0.004400
v 0.001503 0.004843 0.004100
v 0.003464 -0.002000 0.005400
v 0.003522 -0.002034 0.005650
v 0.003681 -0.002125 0.005833
v 0.003897 -0.002250 0.005900
v 0.004054 -0.001953 0.005900
v 0.004189 -0.001645 0.005900
v 0.004300 -0.001328 0.005900
v 0.004192 -0.001265 0.005885
v 0.004090 -0.001206 0.005841
v 0.004000 -0.001155 0.005770
v 0.003830 -0.001155 0.005400
v 0.003730 -0.001446 0.005400
v 0.003608 -0.001728 0.005400
v -0.009000 -0.009497 0.005900
v -0.009000 -0.011500 0.005900
v -0.009000 -0.011500 0.004400
v -0.009000 -0.009497 0.004400
v 0.005250 -0.011500 0.005900
v 0.005250 -0.011500 0.008971
v 0.005487 -0.011500 0.009172
v 0.005716 -0.011500 0.009381
v 0.005936 -0.011500 0.009599
v 0.006145 -0.011500 0.009762
v 0.006389 -0.011500 0.009865
v 0.006652 -0.011500 0.009900
v 0.008000 -0.011500 0.009900
v 0.009000 -0.011500 0.009632
v 0.009732 -0.011500 0.008900
v 0.010000 -0.011500 0.007900
v 0.010000 -0.011500 0.005900
v 0.009000 -0.011500 0.005900
v 0.009000 -0.011500 0.004400
v 0.005021 -0.011500 0.004400
v 0.005021 -0.011500 0.005900
v 0.006975 -0.011500 0.007900
v 0.007683 -0.011500 0.006925
v 0.008829 -0.011500 0.007298
v 0.008829 -0.011500 0.008503
v 0.007683 -0.011500 0.008875
v -0.006050 -0.014300 0.008738
v -0.005967 -0.014300 0.008945
v -0.005764 -0.014300 0.009038
v -0.005554 -0.014300 0.008966
v -0.005423 -0.014100 0.009117
v -0.005774 -0.014100 0.009238
v -0.006112 -0.014100 0.009083
v -0.006250 -0.014100 0.008738
v -0.006651 -0.012800 0.009900
v -0.006389 -0.012800 0.009865
v -0.006144 -0.012800 0.009762
v -0.005936 -0.012800 0.009599
v -0.005936 -0.011500 0.009599
v -0.006144 -0.011500 0.009762
v -0.006389 -0.011500 0.009865
v -0.006651 -0.011500 0.009900
v 0.009000 -0.001732 0.005900
v 0.006646 -0.003091 0.005900
v 0.006646 -0.003091 0.004400
v 0.009000 -0.001732 0.004400
v 0.008346 -0.006234 0.005900
v 0.008575 -0.006294 0.005900
v 0.008795 -0.006385 0.005900
v 0.009000 -0.006503 0.005900
v 0.009000 -0.006503 0.004400
v 0.008795 -0.006385 0.004400
v 0.008575 -0.006294 0.004400
v 0.008346 -0.006234 0.004400
v -0.009000 0.006503 0.005900
v -0.009000 0.001732 0.005900
v -0.009000 0.001732 0.004400
v -0.009000 0.006503 0.004400
v 0.005277 -0.001753 0.004400
v 0.005217 -0.001857 0.005900
v 0.005217 -0.001857 0.004100
v 0.005277 -0.001753 0.004100
v 0.005250 -0.012000 0.004400
v 0.003500 -0.012000 0.004400
v 0.003500 -0.013300 0.004400
v 0.005250 -0.013300 0.004400
v -0.005250 0.012000 0.004400
v -0.003500 0.012000 0.004400
v -0.003500 0.013300 0.004400
v -0.005250 0.013300 0.004400
v -0.009000 -0.006503 0.005900
v -0.008794 -0.006385 0.005900
v -0.008575 -0.006294 0.005900
v -0.008345 -0.006234 0.005900
v -0.008345 -0.006234 0.004400
v -0.008575 -0.006294 0.004400
v -0.008794 -0.006385 0.004400
v -0.009000 -0.006503 0.004400
v 0.002310 -0.006000 0.004100
v 0.002310 -0.006000 0.005900
v 0.001857 -0.005217 0.005900
v 0.001857 -0.005217 0.004100
v -0.004783 -0.001607 0.004100
v -0.004783 -0.001607 0.005900
v -0.004299 -0.001328 0.005900
v -0.004191 -0.001265 0.005885
v -0.004089 -0.001206 0.005841
v -0.004000 -0.001155 0.005770
v -0.004000 -0.001155 0.004100
v -0.001154 -0.003830 0.004100
v -0.001154 -0.003830 0.005400
v -0.001154 -0.004000 0.005770
v -0.001154 -0.004000 0.004100
v -0.004000 -0.001155 0.004100
v -0.004000 -0.001155 0.005770
v -0.003829 -0.001155 0.005400
v -0.003829 -0.001155 0.004100
v -0.001992 0.006550 0.004100
v -0.001992 0.006550 0.005900
v -0.002309 0.006000 0.005900
v -0.002309 0.006000 0.004100
v -0.004783 0.001607 0.004100
v -0.004783 0.001607 0.005900
v -0.004843 0.001503 0.004400
v -0.004843 0.001503 0.004100
v 0.008000 -0.001155 0.004100
v 0.008000 -0.001155 0.005900
v 0.008000 -0.000250 0.005900
v 0.008000 -0.000250 0.004100
v 0.001155 0.004000 0.004100
v 0.001155 0.004000 0.005770
v 0.001207 0.004089 0.005841
v 0.001265 0.004191 0.005885
v 0.001328 0.004300 0.005900
v 0.001607 0.004783 0.005900
v 0.001607 0.004783 0.004100
v 0.001503 0.004843 0.004400
v 0.001753 0.005276 0.004400
v 0.001753 0.005276 0.004100
v 0.001503 0.004843 0.004100
v 0.005021 -0.011500 0.004400
v 0.009000 -0.011500 0.004400
v 0.009000 -0.009497 0.004400
v 0.008105 -0.009797 0.004400
v 0.007181 -0.009603 0.004400
v 0.006483 -0.008968 0.004400
v -0.006050 -0.014300 0.007900
v -0.006050 -0.014300 0.008738
v -0.006250 -0.014100 0.008738
v -0.006250 -0.014100 0.007900
v -0.008000 -0.012800 0.009900
v -0.006651 -0.012800 0.009900
v -0.006651 -0.011500 0.009900
v -0.008000 -0.011500 0.009900
v 0.005936 -0.012800 0.009599
v 0.006145 -0.012800 0.009762
v 0.006389 -0.012800 0.009865
v 0.006652 -0.012800 0.009900
v 0.006652 -0.011500 0.009900
v 0.006389 -0.011500 0.009865
v 0.006145 -0.011500 0.009762
v 0.005936 -0.011500 0.009599
v 0.006000 -0.001025 0.004100
v 0.006975 -0.000317 0.004100
v 0.006603 0.000829 0.004100
v 0.005398 0.000829 0.004100
v 0.005025 -0.000317 0.004100
v 0.006000 -0.001025 0.002900
v 0.005025 -0.000317 0.002900
v 0.005398 0.000829 0.002900
v 0.006603 0.000829 0.002900
v 0.006975 -0.000317 0.002900
v 0.006000 -0.001025 0.002900
v 0.006000 -0.001025 0.004100
v 0.009000 -0.006503 0.005900
v 0.009000 -0.001732 0.005900
v 0.009000 -0.001732 0.004400
v 0.009000 -0.006503 0.004400
v -0.005020 0.011500 0.004400
v -0.009000 0.011500 0.004400
v -0.009000 0.009497 0.004400
v -0.008105 0.009797 0.004400
v -0.007181 0.009603 0.004400
v -0.006482 0.008968 0.004400
v 0.001607 -0.004784 0.004100
v 0.001607 -0.004784 0.005900
v 0.001328 -0.004300 0.005900
v 0.001265 -0.004191 0.005885
v 0.001207 -0.004090 0.005841
v 0.001155 -0.004000 0.005770
v 0.001155 -0.004000 0.004100
v 0.001155 -0.004000 0.004100
v 0.001155 -0.004000 0.005770
v 0.001155 -0.003830 0.005400
v 0.001155 -0.003830 0.004100
v -0.008000 -0.001155 0.004100
v -0.008000 -0.001155 0.005900
v -0.006000 -0.002310 0.005900
v -0.006000 -0.002310 0.004100
v -0.001607 -0.004784 0.004100
v -0.001607 -0.004784 0.005900
v -0.001503 -0.004844 0.004400
v -0.001503 -0.004844 0.004100
v -0.002251 0.007000 0.004100
v -0.002251 0.007000 0.005900
v -0.002059 0.006930 0.005900
v -0.001956 0.006752 0.005900
v -0.001992 0.006550 0.005900
v -0.001992 0.006550 0.004100
v -0.001956 0.006752 0.004100
v -0.002059 0.006930 0.004100
v -0.004000 0.001155 0.004100
v -0.004000 0.001155 0.005770
v -0.004089 0.001206 0.005841
v -0.004191 0.001265 0.005885
v -0.004299 0.001328 0.005900
v -0.004783 0.001607 0.005900
v -0.004783 0.001607 0.004100
v -0.004843 0.001503 0.004400
v -0.005276 0.001753 0.004400
v -0.005276 0.001753 0.004100
v -0.004843 0.001503 0.004100
v 0.008000 0.000250 0.004100
v 0.008000 0.000250 0.005900
v 0.008000 0.001155 0.005900
v 0.008000 0.001155 0.004100
v 0.001857 0.005216 0.004100
v 0.001857 0.005216 0.005900
v 0.002310 0.006000 0.005900
v 0.002310 0.006000 0.004100
v 0.001753 0.005276 0.004400
v 0.001503 0.004843 0.004400
v 0.001607 0.004783 0.005900
v 0.001857 0.005216 0.005900
v 0.004844 0.001503 0.004400
v 0.004784 0.001607 0.005900
v 0.004784 0.001607 0.004100
v 0.004844 0.001503 0.004100
v -0.009500 -0.012800 0.006150
v -0.008000 -0.012800 0.006150
v -0.007125 -0.012800 0.006385
v -0.006484 -0.012800 0.007025
v -0.006250 -0.012800 0.007900
v -0.006250 -0.012800 0.008738
v -0.006112 -0.012800 0.009083
v -0.005774 -0.012800 0.009238
v -0.005423 -0.012800 0.009117
v -0.005599 -0.012800 0.009273
v -0.005770 -0.012800 0.009434
v -0.005936 -0.012800 0.009599
v -0.006144 -0.012800 0.009762
v -0.006389 -0.012800 0.009865
v -0.006651 -0.012800 0.009900
v -0.008000 -0.012800 0.009900
v -0.009000 -0.012800 0.009632
v -0.009732 -0.012800 0.008900
v -0.010000 -0.012800 0.007900
v -0.010000 -0.012800 0.005650
v -0.009933 -0.012800 0.005900
v -0.009750 -0.012800 0.006083
v -0.009025 -0.012800 0.007900
v -0.008317 -0.012800 0.008875
v -0.007171 -0.012800 0.008503
v -0.007171 -0.012800 0.007298
v -0.008317 -0.012800 0.006925
v -0.008000 -0.014300 0.005950
v -0.007025 -0.014300 0.006211
v -0.006311 -0.014300 0.006925
v -0.006050 -0.014300 0.007900
v -0.006250 -0.014100 0.007900
v -0.006484 -0.014100 0.007025
v -0.007125 -0.014100 0.006385
v -0.008000 -0.014100 0.006150
v 0.005424 -0.014100 0.009117
v 0.005775 -0.014100 0.009238
v 0.006112 -0.014100 0.009083
v 0.006250 -0.014100 0.008738
v 0.006250 -0.012800 0.008738
v 0.006112 -0.012800 0.009083
v 0.005775 -0.012800 0.009238
v 0.005424 -0.012800 0.009117
v -0.006250 -0.014100 0.008738
v -0.006112 -0.014100 0.009083
v -0.005774 -0.014100 0.009238
v -0.005423 -0.014100 0.009117
v -0.005423 -0.012800 0.009117
v -0.005774 -0.012800 0.009238
v -0.006112 -0.012800 0.009083
v -0.006250 -0.012800 0.008738
v -0.010000 -0.012800 0.007900
v -0.009732 -0.012800 0.008900
v -0.009000 -0.012800 0.009632
v -0.008000 -0.012800 0.009900
v -0.008000 -0.011500 0.009900
v -0.009000 -0.011500 0.009632
v -0.009732 -0.011500 0.008900
v -0.010000 -0.011500 0.007900
v 0.008000 -0.012800 0.009900
v 0.008000 -0.011500 0.009900
v 0.006652 -0.011500 0.009900
v 0.006652 -0.012800 0.009900
v -0.006682 -0.005657 0.004100
v -0.005973 -0.006632 0.004100
v -0.004827 -0.006259 0.004100
v -0.004827 -0.005055 0.004100
v -0.005973 -0.004682 0.004100
v -0.006682 -0.005657 0.002900
v -0.005973 -0.004682 0.002900
v -0.004827 -0.005055 0.002900
v -0.004827 -0.006259 0.002900
v -0.005973 -0.006632 0.002900
v -0.006682 -0.005657 0.002900
v -0.006682 -0.005657 0.004100
v -0.001154 -0.004000 0.004100
v -0.001154 -0.004000 0.005770
v -0.001206 -0.004090 0.005841
v -0.001265 -0.004191 0.005885
v -0.001327 -0.004300 0.005900
v -0.001607 -0.004784 0.005900
v -0.001607 -0.004784 0.004100
v -0.010000 -0.013217 0.003100
v -0.010000 0.013217 0.003100
v -0.009800 0.013300 0.002900
v -0.009800 -0.013300 0.002900
v 0.005021 0.011500 0.004400
v 0.009000 0.011500 0.004400
v 0.009000 0.011500 0.005900
v 0.010000 0.011500 0.005900
v 0.010000 0.011500 0.007900
v 0.009732 0.011500 0.008900
v 0.009000 0.011500 0.009632
v 0.008000 0.011500 0.009900
v 0.006652 0.011500 0.009900
v 0.006389 0.011500 0.009865
v 0.006145 0.011500 0.009762
v 0.005936 0.011500 0.009599
v 0.005716 0.011500 0.009381
v 0.005487 0.011500 0.009172
v 0.005250 0.011500 0.008971
v 0.005250 0.011500 0.005900
v 0.005021 0.011500 0.005900
v 0.009025 0.011500 0.007900
v 0.008317 0.011500 0.006925
v 0.007171 0.011500 0.007298
v 0.007171 0.011500 0.008503
v 0.008317 0.011500 0.008875
v 0.001992 -0.006550 0.004100
v 0.001992 -0.006550 0.005900
v 0.002310 -0.006000 0.005900
v 0.002310 -0.006000 0.004100
v -0.006000 0.001025 0.004100
v -0.006975 0.000317 0.004100
v -0.006602 -0.000829 0.004100
v -0.005397 -0.000829 0.004100
v -0.005025 0.000317 0.004100
v -0.006000 0.001025 0.002900
v -0.005025 0.000317 0.002900
v -0.005397 -0.000829 0.002900
v -0.006602 -0.000829 0.002900
v -0.006975 0.000317 0.002900
v -0.006000 0.001025 0.002900
v -0.006000 0.001025 0.004100
v -0.008000 0.001155 0.004100
v -0.008000 0.001155 0.005900
v -0.008000 0.000250 0.005900
v -0.008000 0.000250 0.004100
v -0.001503 -0.004844 0.004400
v -0.001753 -0.005277 0.004400
v -0.001753 -0.005277 0.004100
v -0.001503 -0.004844 0.004100
v -0.004154 0.007000 0.004100
v -0.004154 0.007000 0.005900
v -0.003250 0.007000 0.005900
v -0.003250 0.007000 0.004100
v -0.005216 0.001857 0.004100
v -0.005216 0.001857 0.005900
v -0.006000 0.002309 0.005900
v -0.006000 0.002309 0.004100
v -0.005276 0.001753 0.004400
v -0.004843 0.001503 0.004400
v -0.004783 0.001607 0.005900
v -0.005216 0.001857 0.005900
v 0.004844 0.001503 0.004400
v 0.005277 0.001753 0.004400
v 0.005217 0.001857 0.005900
v 0.004784 0.001607 0.005900
v 0.006000 -0.002310 0.004100
v 0.006000 -0.002310 0.005900
v 0.008000 -0.001155 0.005900
v 0.008000 -0.001155 0.004100
v 0.001753 0.005276 0.004400
v 0.001857 0.005216 0.005900
v 0.001857 0.005216 0.004100
v 0.001753 0.005276 0.004100
v 0.005277 0.001753 0.004400
v 0.004844 0.001503 0.004400
v 0.004844 0.001503 0.004100
v 0.005277 0.001753 0.004100
v -0.010000 -0.013217 0.003100
v -0.010000 -0.014100 0.003983
v -0.010000 -0.014100 0.005650
v -0.010000 -0.012800 0.005650
v -0.010000 -0.012800 0.007900
v -0.010000 -0.011500 0.007900
v -0.010000 -0.011500 0.005900
v -0.010000 0.011500 0.005900
v -0.010000 0.011500 0.007900
v -0.010000 0.012800 0.007900
v -0.010000 0.012800 0.005650
v -0.010000 0.014100 0.005650
v -0.010000 0.014100 0.003983
v -0.010000 0.013217 0.003100
v 0.010000 -0.012800 0.005650
v 0.010000 -0.012800 0.007900
v 0.009732 -0.012800 0.008900
v 0.009000 -0.012800 0.009632
v 0.008000 -0.012800 0.009900
v 0.006652 -0.012800 0.009900
v 0.006389 -0.012800 0.009865
v 0.006145 -0.012800 0.009762
v 0.005936 -0.012800 0.009599
v 0.005770 -0.012800 0.009434
v 0.005599 -0.012800 0.009273
v 0.005424 -0.012800 0.009117
v 0.005775 -0.012800 0.009238
v 0.006112 -0.012800 0.009083
v 0.006250 -0.012800 0.008738
v 0.006250 -0.012800 0.007900
v 0.006485 -0.012800 0.007025
v 0.007125 -0.012800 0.006385
v 0.008000 -0.012800 0.006150
v 0.009500 -0.012800 0.006150
v 0.009750 -0.012800 0.006083
v 0.009933 -0.012800 0.005900
v 0.006975 -0.012800 0.007900
v 0.007683 -0.012800 0.008875
v 0.008829 -0.012800 0.008503
v 0.008829 -0.012800 0.007298
v 0.007683 -0.012800 0.006925
v -0.009500 -0.014300 0.005950
v -0.008000 -0.014300 0.005950
v -0.008000 -0.014100 0.006150
v -0.009500 -0.014100 0.006150
v 0.006250 -0.014100 0.008738
v 0.006250 -0.014100 0.007900
v 0.006250 -0.012800 0.007900
v 0.006250 -0.012800 0.008738
v 0.005554 -0.014300 0.008966
v 0.005765 -0.014300 0.009038
v 0.005967 -0.014300 0.008945
v 0.006050 -0.014300 0.008738
v 0.006250 -0.014100 0.008738
v 0.006112 -0.014100 0.009083
v 0.005775 -0.014100 0.009238
v 0.005424 -0.014100 0.009117
v -0.005657 0.006682 0.004100
v -0.006631 0.005973 0.004100
v -0.006259 0.004827 0.004100
v -0.005054 0.004827 0.004100
v -0.004682 0.005973 0.004100
v -0.005657 0.006682 0.002900
v -0.004682 0.005973 0.002900
v -0.005054 0.004827 0.002900
v -0.006259 0.004827 0.002900
v -0.006631 0.005973 0.002900
v -0.005657 0.006682 0.002900
v -0.005657 0.006682 0.004100
v -0.001753 -0.005277 0.004400
v -0.001503 -0.004844 0.004400
v -0.001607 -0.004784 0.005900
v -0.001857 -0.005217 0.005900
v -0.001857 -0.005217 0.004100
v -0.001857 -0.005217 0.005900
v -0.002309 -0.006000 0.005900
v -0.002309 -0.006000 0.004100
v -0.009800 0.013300 0.002900
v -0.009800 0.014300 0.003900
v 0.009800 0.014300 0.003900
v 0.009800 0.013300 0.002900
v -0.009800 -0.014300 0.003900
v -0.009800 -0.013300 0.002900
v 0.009800 -0.013300 0.002900
v 0.009800 -0.014300 0.003900
v 0.005250 0.012000 0.004400
v 0.003500 0.012000 0.004400
v 0.003500 0.012000 0.005900
v 0.005250 0.012000 0.005900
v 0.005021 0.011500 0.004400
v 0.005021 0.011500 0.005900
v 0.006483 0.008968 0.005900
v 0.006483 0.008968 0.004400
v 0.009000 0.009497 0.005900
v 0.009000 0.011500 0.005900
v 0.009000 0.011500 0.004400
v 0.009000 0.009497 0.004400
v -0.005250 0.011500 0.005900
v -0.005250 0.011500 0.008971
v -0.005486 0.011500 0.009172
v -0.005715 0.011500 0.009381
v -0.005936 0.011500 0.009599
v -0.006144 0.011500 0.009762
v -0.006389 0.011500 0.009865
v -0.006651 0.011500 0.009900
v -0.008000 0.011500 0.009900
v -0.009000 0.011500 0.009632
v -0.009732 0.011500 0.008900
v -0.010000 0.011500 0.007900
v -0.010000 0.011500 0.005900
v -0.009000 0.011500 0.005900
v -0.009000 0.011500 0.004400
v -0.005020 0.011500 0.004400
v -0.005020 0.011500 0.005900
v -0.006975 0.011500 0.007900
v -0.007683 0.011500 0.006925
v -0.008829 0.011500 0.007298
v -0.008829 0.011500 0.008503
v -0.007683 0.011500 0.008875
v 0.002252 -0.007000 0.004100
v 0.002252 -0.007000 0.005900
v 0.002059 -0.006930 0.005900
v 0.001956 -0.006752 0.005900
v 0.001992 -0.006550 0.005900
v 0.001992 -0.006550 0.004100
v 0.001956 -0.006752 0.004100
v 0.002059 -0.006930 0.004100
v 0.001025 0.006000 0.004100
v 0.000317 0.006975 0.004100
v -0.000829 0.006602 0.004100
v -0.000829 0.005397 0.004100
v 0.000317 0.005025 0.004100
v 0.001025 0.006000 0.002900
v 0.000317 0.005025 0.002900
v -0.000829 0.005397 0.002900
v -0.000829 0.006602 0.002900
v 0.000317 0.006975 0.002900
v 0.001025 0.006000 0.002900
v 0.001025 0.006000 0.004100
v -0.008000 -0.000250 0.004100
v -0.008000 -0.000250 0.005900
v -0.008000 -0.001155 0.005900
v -0.008000 -0.001155 0.004100
v -0.001503 0.004843 0.004400
v -0.001753 0.005276 0.004400
v -0.001857 0.005216 0.005900
v -0.001607 0.004783 0.005900
v -0.002750 0.007000 0.004100
v -0.002750 0.007000 0.005900
v -0.002251 0.007000 0.005900
v -0.002251 0.007000 0.004100
v -0.005276 0.001753 0.004400
v -0.005216 0.001857 0.005900
v -0.005216 0.001857 0.004100
v -0.005276 0.001753 0.004100
v 0.008000 -0.000250 0.004100
v 0.008000 -0.000250 0.005900
v 0.007880 -0.000250 0.004400
v 0.007880 -0.000250 0.004100
v -0.001503 0.004843 0.004400
v -0.001607 0.004783 0.005900
v -0.001607 0.004783 0.004100
v -0.001503 0.004843 0.004100
v 0.002750 0.007000 0.004100
v 0.002750 0.007000 0.005900
v 0.002750 0.007120 0.004400
v 0.002750 0.007120 0.004100
v 0.005217 0.001857 0.004100
v 0.005217 0.001857 0.005900
v 0.005277 0.001753 0.004400
v 0.005277 0.001753 0.004100
v -0.009800 -0.013300 0.002900
v -0.009800 -0.014300 0.003900
v -0.010000 -0.014100 0.003983
v -0.010000 -0.013217 0.003100
v 0.006975 -0.012800 0.007900
v 0.007683 -0.012800 0.006925
v 0.008829 -0.012800 0.007298
v 0.008829 -0.012800 0.008503
v 0.007683 -0.012800 0.008875
v 0.006975 -0.011500 0.007900
v 0.007683 -0.011500 0.008875
v 0.008829 -0.011500 0.008503
v 0.008829 -0.011500 0.007298
v 0.007683 -0.011500 0.006925
v 0.006975 -0.011500 0.007900
v 0.006975 -0.012800 0.007900
v -0.009500 -0.014100 0.006150
v -0.008000 -0.014100 0.006150
v -0.008000 -0.012800 0.006150
v -0.009500 -0.012800 0.006150
v -0.009800 -0.014300 0.005650
v -0.009800 -0.014300 0.003900
v 0.009800 -0.014300 0.003900
v 0.009800 -0.014300 0.005650
v 0.009760 -0.014300 0.005800
v 0.009650 -0.014300 0.005910
v 0.009500 -0.014300 0.005950
v 0.008000 -0.014300 0.005950
v 0.007025 -0.014300 0.006211
v 0.006311 -0.014300 0.006925
v 0.006050 -0.014300 0.007900
v 0.006050 -0.014300 0.008738
v 0.005967 -0.014300 0.008945
v 0.005765 -0.014300 0.009038
v 0.005554 -0.014300 0.008966
v 0.001999 -0.014300 0.007138
v -0.001998 -0.014300 0.007138
v -0.005554 -0.014300 0.008966
v -0.005764 -0.014300 0.009038
v -0.005967 -0.014300 0.008945
v -0.006050 -0.014300 0.008738
v -0.006050 -0.014300 0.007900
v -0.006311 -0.014300 0.006925
v -0.007025 -0.014300 0.006211
v -0.008000 -0.014300 0.005950
v -0.009500 -0.014300 0.005950
v -0.009650 -0.014300 0.005910
v -0.009760 -0.014300 0.005800
v 0.006050 -0.014300 0.008738
v 0.006050 -0.014300 0.007900
v 0.006250 -0.014100 0.007900
v 0.006250 -0.014100 0.008738
v 0.005657 -0.006682 0.004100
v 0.006632 -0.005974 0.004100
v 0.006260 -0.004828 0.004100
v 0.005055 -0.004828 0.004100
v 0.004682 -0.005974 0.004100
v 0.005657 -0.006682 0.002900
v 0.004682 -0.005974 0.002900
v 0.005055 -0.004828 0.002900
v 0.006260 -0.004828 0.002900
v 0.006632 -0.005974 0.002900
v 0.005657 -0.006682 0.002900
v 0.005657 -0.006682 0.004100
v 0.001503 -0.004844 0.004400
v 0.001607 -0.004784 0.005900
v 0.001607 -0.004784 0.004100
v 0.001503 -0.004844 0.004100
v 0.006682 0.005657 0.004100
v 0.005974 0.006632 0.004100
v 0.004828 0.006259 0.004100
v 0.004828 0.005054 0.004100
v 0.005974 0.004682 0.004100
v 0.006682 0.005657 0.002900
v 0.005974 0.004682 0.002900
v 0.004828 0.005054 0.002900
v 0.004828 0.006259 0.002900
v 0.005974 0.006632 0.002900
v 0.006682 0.005657 0.002900
v 0.006682 0.005657 0.004100
v -0.001753 -0.005277 0.004400
v -0.001857 -0.005217 0.005900
v -0.001857 -0.005217 0.004100
v -0.001753 -0.005277 0.004100
v 0.010000 0.013217 0.003100
v 0.010000 -0.013217 0.003100
v 0.009800 -0.013300 0.002900
v 0.009800 0.013300 0.002900
v 0.010000 0.014100 0.003983
v 0.010000 0.013217 0.003100
v 0.009800 0.013300 0.002900
v 0.009800 0.014300 0.003900
v -0.010000 0.013217 0.003100
v -0.010000 0.014100 0.003983
v -0.009800 0.014300 0.003900
v -0.009800 0.013300 0.002900
v 0.002500 0.013300 0.004400
v 0.002500 0.012000 0.004400
v 0.002500 0.012000 0.005900
v 0.002500 0.013300 0.005900
v 0.005250 0.012000 0.005900
v 0.005250 0.011500 0.005900
v 0.005250 0.011500 0.008971
v 0.005250 0.013300 0.008971
v 0.005250 0.013300 0.004400
v 0.005250 0.012000 0.004400
v 0.003500 0.012000 0.004400
v 0.003500 0.013300 0.004400
v 0.003500 0.013300 0.005900
v 0.003500 0.012000 0.005900
v 0.002500 0.012000 0.005900
v 0.002500 0.012000 0.004400
v 0.001268 0.012000 0.004400
v 0.001268 0.012000 0.005900
v 0.006483 0.008968 0.005900
v 0.007181 0.009603 0.005900
v 0.008105 0.009797 0.005900
v 0.009000 0.009497 0.005900
v 0.009000 0.009497 0.004400
v 0.008105 0.009797 0.004400
v 0.007181 0.009603 0.004400
v 0.006483 0.008968 0.004400
v 0.009025 0.012800 0.007900
v 0.008317 0.012800 0.006925
v 0.007171 0.012800 0.007298
v 0.007171 0.012800 0.008503
v 0.008317 0.012800 0.008875
v 0.009025 0.011500 0.007900
v 0.008317 0.011500 0.008875
v 0.007171 0.011500 0.008503
v 0.007171 0.011500 0.007298
v 0.008317 0.011500 0.006925
v 0.007171 0.012800 0.008503
v 0.007171 0.011500 0.008503
v 0.004155 -0.007000 0.004100
v 0.004155 -0.007000 0.005900
v 0.003250 -0.007000 0.005900
v 0.003250 -0.007000 0.004100
v -0.004843 -0.001503 0.004400
v -0.005276 -0.001753 0.004400
v -0.005216 -0.001857 0.005900
v -0.004783 -0.001607 0.005900
v -0.006000 0.002309 0.004100
v -0.006000 0.002309 0.005900
v -0.008000 0.001155 0.005900
v -0.008000 0.001155 0.004100
v 0.002252 0.007000 0.004100
v 0.002252 0.007000 0.005900
v 0.002750 0.007000 0.005900
v 0.002750 0.007000 0.004100
v -0.004843 -0.001503 0.004400
v -0.004783 -0.001607 0.005900
v -0.004783 -0.001607 0.004100
v -0.004843 -0.001503 0.004100
v -0.008000 0.000250 0.004100
v -0.008000 0.000250 0.005900
v -0.007880 0.000250 0.004400
v -0.007880 0.000250 0.004100
v 0.007880 -0.000250 0.004400
v 0.007880 0.000250 0.004400
v 0.007880 0.000250 0.004100
v 0.007880 -0.000250 0.004100
v 0.002310 0.006000 0.004100
v 0.002310 0.006000 0.005900
v 0.001992 0.006550 0.005900
v 0.001992 0.006550 0.004100
v -0.001753 0.005276 0.004400
v -0.001503 0.004843 0.004400
v -0.001503 0.004843 0.004100
v -0.001753 0.005276 0.004100
v 0.002750 0.007120 0.004400
v 0.003250 0.007120 0.004400
v 0.003250 0.007120 0.004100
v 0.002750 0.007120 0.004100
v -0.009000 0.011500 0.005900
v -0.009000 0.009497 0.005900
v -0.009000 0.009497 0.004400
v -0.009000 0.011500 0.004400
v 0.010000 0.014100 0.003983
v 0.010000 0.014100 0.005650
v 0.010000 0.012800 0.005650
v 0.010000 0.012800 0.007900
v 0.010000 0.011500 0.007900
v 0.010000 0.011500 0.005900
v 0.010000 -0.011500 0.005900
v 0.010000 -0.011500 0.007900
v 0.010000 -0.012800 0.007900
v 0.010000 -0.012800 0.005650
v 0.010000 -0.014100 0.005650
v 0.010000 -0.014100 0.003983
v 0.010000 -0.013217 0.003100
v 0.010000 0.013217 0.003100
v -0.006250 -0.014100 0.007900
v -0.006250 -0.014100 0.008738
v -0.006250 -0.012800 0.008738
v -0.006250 -0.012800 0.007900
v -0.008000 -0.014100 0.006150
v -0.007125 -0.014100 0.006385
v -0.006484 -0.014100 0.007025
v -0.006250 -0.014100 0.007900
v -0.006250 -0.012800 0.007900
v -0.006484 -0.012800 0.007025
v -0.007125 -0.012800 0.006385
v -0.008000 -0.012800 0.006150
v -0.010000 -0.014100 0.005650
v -0.010000 -0.014100 0.003983
v -0.009800 -0.014300 0.003900
v -0.009800 -0.014300 0.005650
v 0.006050 -0.014300 0.007900
v 0.006311 -0.014300 0.006925
v 0.007025 -0.014300 0.006211
v 0.008000 -0.014300 0.005950
v 0.008000 -0.014100 0.006150
v 0.007125 -0.014100 0.006385
v 0.006485 -0.014100 0.007025
v 0.006250 -0.014100 0.007900
v 0.003000 -0.010025 0.004100
v 0.003975 -0.009317 0.004100
v 0.003603 -0.008171 0.004100
v 0.002398 -0.008171 0.004100
v 0.002025 -0.009317 0.004100
v 0.003000 -0.010025 0.002900
v 0.002025 -0.009317 0.002900
v 0.002398 -0.008171 0.002900
v 0.003603 -0.008171 0.002900
v 0.003975 -0.009317 0.002900
v 0.003000 -0.010025 0.002900
v 0.003000 -0.010025 0.004100
v 0.001753 -0.005277 0.004400
v 0.001503 -0.004844 0.004400
v 0.001503 -0.004844 0.004100
v 0.001753 -0.005277 0.004100
v -0.002309 -0.006000 0.004100
v -0.002309 -0.006000 0.005900
v -0.001992 -0.006550 0.005900
v -0.001992 -0.006550 0.004100
v -0.002750 -0.007000 0.004100
v -0.002750 -0.007000 0.005900
v -0.002750 -0.007120 0.004400
v -0.002750 -0.007120 0.004100
v 0.010000 -0.013217 0.003100
v 0.010000 -0.014100 0.003983
v 0.009800 -0.014300 0.003900
v 0.009800 -0.013300 0.002900
v -0.005250 0.012000 0.005900
v -0.003500 0.012000 0.005900
v -0.003500 0.012000 0.004400
v -0.005250 0.012000 0.004400
v 0.002500 0.013300 0.005900
v 0.003500 0.013300 0.005900
v 0.003500 0.013300 0.004400
v 0.005250 0.013300 0.004400
v 0.005250 0.013300 0.008971
v 0.001878 0.013300 0.007315
v -0.001878 0.013300 0.007315
v -0.005250 0.013300 0.008971
v -0.005250 0.013300 0.004400
v -0.003500 0.013300 0.004400
v -0.003500 0.013300 0.005900
v -0.002500 0.013300 0.005900
v -0.002500 0.013300 0.004400
v 0.002500 0.013300 0.004400
v -0.002500 0.012000 0.004400
v -0.002500 0.013300 0.004400
v -0.002500 0.013300 0.005900
v -0.002500 0.012000 0.005900
v 0.001503 -0.004844 0.004400
v 0.001753 -0.005277 0.004400
v 0.001857 -0.005217 0.005900
v 0.001607 -0.004784 0.005900
v 0.002750 -0.007000 0.004100
v 0.002750 -0.007000 0.005900
v 0.002252 -0.007000 0.005900
v 0.002252 -0.007000 0.004100
v -0.001857 0.005216 0.004100
v -0.001857 0.005216 0.005900
v -0.001753 0.005276 0.004400
v -0.001753 0.005276 0.004100
v 0.003250 0.007000 0.004100
v 0.003250 0.007000 0.005900
v 0.004155 0.007000 0.005900
v 0.004155 0.007000 0.004100
v -0.005276 -0.001753 0.004400
v -0.004843 -0.001503 0.004400
v -0.004843 -0.001503 0.004100
v -0.005276 -0.001753 0.004100
v -0.007880 0.000250 0.004400
v -0.007880 -0.000250 0.004400
v -0.007880 -0.000250 0.004100
v -0.007880 0.000250 0.004100
v 0.007880 0.000250 0.004400
v 0.007880 -0.000250 0.004400
v 0.008000 -0.000250 0.005900
v 0.008000 0.000250 0.005900
v 0.001992 0.006550 0.004100
v 0.001992 0.006550 0.005900
v 0.001956 0.006752 0.005900
v 0.002059 0.006930 0.005900
v 0.002252 0.007000 0.005900
v 0.002252 0.007000 0.004100
v 0.002059 0.006930 0.004100
v 0.001956 0.006752 0.004100
v 0.003250 0.007120 0.004400
v 0.002750 0.007120 0.004400
v 0.002750 0.007000 0.005900
v 0.003250 0.007000 0.005900
v -0.009000 0.009497 0.005900
v -0.008105 0.009797 0.005900
v -0.007181 0.009603 0.005900
v -0.006482 0.008968 0.005900
v -0.006482 0.008968 0.004400
v -0.007181 0.009603 0.004400
v -0.008105 0.009797 0.004400
v -0.009000 0.009497 0.004400
v 0.008000 -0.012800 0.009900
v 0.009000 -0.012800 0.009632
v 0.009732 -0.012800 0.008900
v 0.010000 -0.012800 0.007900
v 0.010000 -0.011500 0.007900
v 0.009732 -0.011500 0.008900
v 0.009000 -0.011500 0.009632
v 0.008000 -0.011500 0.009900
v -0.008000 0.012800 0.009900
v -0.009000 0.012800 0.009632
v -0.009732 0.012800 0.008900
v -0.010000 0.012800 0.007900
v -0.010000 0.011500 0.007900
v -0.009732 0.011500 0.008900
v -0.009000 0.011500 0.009632
v -0.008000 0.011500 0.009900
v 0.010000 0.014100 0.005650
v 0.010000 0.014100 0.003983
v 0.009800 0.014300 0.003900
v 0.009800 0.014300 0.005650
v -0.010000 -0.014100 0.005650
v -0.009933 -0.014100 0.005900
v -0.009750 -0.014100 0.006083
v -0.009500 -0.014100 0.006150
v -0.009500 -0.012800 0.006150
v -0.009750 -0.012800 0.006083
v -0.009933 -0.012800 0.005900
v -0.010000 -0.012800 0.005650
v -0.009800 -0.014300 0.005650
v -0.009760 -0.014300 0.005800
v -0.009650 -0.014300 0.005910
v -0.009500 -0.014300 0.005950
v -0.009500 -0.014100 0.006150
v -0.009750 -0.014100 0.006083
v -0.009933 -0.014100 0.005900
v -0.010000 -0.014100 0.005650
v 0.006250 -0.014100 0.007900
v 0.006485 -0.014100 0.007025
v 0.007125 -0.014100 0.006385
v 0.008000 -0.014100 0.006150
v 0.008000 -0.012800 0.006150
v 0.007125 -0.012800 0.006385
v 0.006485 -0.012800 0.007025
v 0.006250 -0.012800 0.007900
v -0.003000 -0.010025 0.004100
v -0.002025 -0.009317 0.004100
v -0.002397 -0.008171 0.004100
v -0.003602 -0.008171 0.004100
v -0.003975 -0.009317 0.004100
v -0.003000 -0.010025 0.002900
v -0.003975 -0.009317 0.002900
v -0.003602 -0.008171 0.002900
v -0.002397 -0.008171 0.002900
v -0.002025 -0.009317 0.002900
v -0.003000 -0.010025 0.002900
v -0.003000 -0.010025 0.004100
v 0.001857 -0.005217 0.004100
v 0.001857 -0.005217 0.005900
v 0.001753 -0.005277 0.004400
v 0.001753 -0.005277 0.004100
v -0.001992 -0.006550 0.004100
v -0.001992 -0.006550 0.005900
v -0.001956 -0.006752 0.005900
v -0.002059 -0.006930 0.005900
v -0.002251 -0.007000 0.005900
v -0.002251 -0.007000 0.004100
v -0.002059 -0.006930 0.004100
v -0.001956 -0.006752 0.004100
v -0.002750 -0.007120 0.004400
v -0.003250 -0.007120 0.004400
v -0.003250 -0.007120 0.004100
v -0.002750 -0.007120 0.004100
v 0.009800 -0.014300 0.005650
v 0.009800 -0.014300 0.003900
v 0.010000 -0.014100 0.003983
v 0.010000 -0.014100 0.005650
v 0.009800 0.014300 0.005650
v 0.009800 0.014300 0.003900
v -0.009800 0.014300 0.003900
v -0.009800 0.014300 0.005650
v -0.009760 0.014300 0.005800
v -0.009650 0.014300 0.005910
v -0.009500 0.014300 0.005950
v -0.008000 0.014300 0.005950
v -0.007025 0.014300 0.006211
v -0.006311 0.014300 0.006925
v -0.006050 0.014300 0.007900
v -0.006050 0.014300 0.008738
v -0.005967 0.014300 0.008945
v -0.005764 0.014300 0.009038
v -0.005554 0.014300 0.008966
v -0.001998 0.014300 0.007138
v 0.001999 0.014300 0.007138
v 0.005554 0.014300 0.008966
v 0.005765 0.014300 0.009038
v 0.005967 0.014300 0.008945
v 0.006050 0.014300 0.008738
v 0.006050 0.014300 0.007900
v 0.006311 0.014300 0.006925
v 0.007025 0.014300 0.006211
v 0.008000 0.014300 0.005950
v 0.009500 0.014300 0.005950
v 0.009650 0.014300 0.005910
v 0.009760 0.014300 0.005800
v -0.003500 0.013300 0.004400
v -0.003500 0.012000 0.004400
v -0.003500 0.012000 0.005900
v -0.003500 0.013300 0.005900
v -0.005250 0.011500 0.005900
v -0.005250 0.012000 0.005900
v -0.005250 0.012000 0.004400
v -0.005250 0.013300 0.004400
v -0.005250 0.013300 0.008971
v -0.005250 0.011500 0.008971
v -0.002500 0.012000 0.004400
v -0.002500 0.012000 0.005900
v -0.001268 0.012000 0.005900
v -0.001268 0.012000 0.004400
v 0.000000 0.009804 0.005900
v 0.001268 0.012000 0.005900
v 0.001268 0.012000 0.004400
v 0.000000 0.009804 0.004400
v -0.002251 -0.007000 0.004100
v -0.002251 -0.007000 0.005900
v -0.002750 -0.007000 0.005900
v -0.002750 -0.007000 0.004100
v -0.005216 -0.001857 0.004100
v -0.005216 -0.001857 0.005900
v -0.005276 -0.001753 0.004400
v -0.005276 -0.001753 0.004100
v -0.004322 0.006789 0.004100
v -0.004322 0.006789 0.005900
v -0.004154 0.007000 0.005900
v -0.004154 0.007000 0.004100
v -0.007880 -0.000250 0.004400
v -0.007880 0.000250 0.004400
v -0.008000 0.000250 0.005900
v -0.008000 -0.000250 0.005900
v 0.007880 0.000250 0.004400
v 0.008000 0.000250 0.005900
v 0.008000 0.000250 0.004100
v 0.007880 0.000250 0.004100
v 0.003000 0.007975 0.004100
v 0.003975 0.008683 0.004100
v 0.003603 0.009829 0.004100
v 0.002398 0.009829 0.004100
v 0.002025 0.008683 0.004100
v 0.003000 0.007975 0.002900
v 0.002025 0.008683 0.002900
v 0.002398 0.009829 0.002900
v 0.003603 0.009829 0.002900
v 0.003975 0.008683 0.002900
v 0.003000 0.007975 0.002900
v 0.003000 0.007975 0.004100
v 0.003250 0.007120 0.004400
v 0.003250 0.007000 0.005900
v 0.003250 0.007000 0.004100
v 0.003250 0.007120 0.004100
v -0.005020 0.011500 0.005900
v -0.005020 0.011500 0.004400
v -0.006482 0.008968 0.004400
v -0.006482 0.008968 0.005900
v -0.010000 0.012800 0.005650
v -0.010000 0.012800 0.007900
v -0.009732 0.012800 0.008900
v -0.009000 0.012800 0.009632
v -0.008000 0.012800 0.009900
v -0.006651 0.012800 0.009900
v -0.006389 0.012800 0.009865
v -0.006144 0.012800 0.009762
v -0.005936 0.012800 0.009599
v -0.005770 0.012800 0.009434
v -0.005599 0.012800 0.009273
v -0.005423 0.012800 0.009117
v -0.005774 0.012800 0.009238
v -0.006112 0.012800 0.009083
v -0.006250 0.012800 0.008738
v -0.006250 0.012800 0.007900
v -0.006484 0.012800 0.007025
v -0.007125 0.012800 0.006385
v -0.008000 0.012800 0.006150
v -0.009500 0.012800 0.006150
v -0.009750 0.012800 0.006083
v -0.009933 0.012800 0.005900
v -0.006975 0.012800 0.007900
v -0.007683 0.012800 0.008875
v -0.008829 0.012800 0.008503
v -0.008829 0.012800 0.007298
v -0.007683 0.012800 0.006925
v 0.010000 0.012800 0.007900
v 0.009732 0.012800 0.008900
v 0.009000 0.012800 0.009632
v 0.008000 0.012800 0.009900
v 0.008000 0.011500 0.009900
v 0.009000 0.011500 0.009632
v 0.009732 0.011500 0.008900
v 0.010000 0.011500 0.007900
v 0.009800 0.014300 0.005650
v 0.009760 0.014300 0.005800
v 0.009650 0.014300 0.005910
v 0.009500 0.014300 0.005950
v 0.009500 0.014100 0.006150
v 0.009750 0.014100 0.006083
v 0.009933 0.014100 0.005900
v 0.010000 0.014100 0.005650
v 0.009500 -0.014100 0.006150
v 0.009750 -0.014100 0.006083
v 0.009933 -0.014100 0.005900
v 0.010000 -0.014100 0.005650
v 0.010000 -0.012800 0.005650
v 0.009933 -0.012800 0.005900
v 0.009750 -0.012800 0.006083
v 0.009500 -0.012800 0.006150
v 0.008000 -0.014100 0.006150
v 0.009500 -0.014100 0.006150
v 0.009500 -0.012800 0.006150
v 0.008000 -0.012800 0.006150
v -0.003250 -0.007120 0.004400
v -0.002750 -0.007120 0.004400
v -0.002750 -0.007000 0.005900
v -0.003250 -0.007000 0.005900
v 0.006652 0.012800 0.009900
v 0.006389 0.012800 0.009865
v 0.006145 0.012800 0.009762
v 0.005936 0.012800 0.009599
v 0.005936 0.011500 0.009599
v 0.006145 0.011500 0.009762
v 0.006389 0.011500 0.009865
v 0.006652 0.011500 0.009900
v 0.009500 0.014300 0.005950
v 0.008000 0.014300 0.005950
v 0.008000 0.014100 0.006150
v 0.009500 0.014100 0.006150
v -0.009800 0.014300 0.005650
v -0.009800 0.014300 0.003900
v -0.010000 0.014100 0.003983
v -0.010000 0.014100 0.005650
v -0.001268 0.012000 0.005900
v 0.000000 0.009804 0.005900
v 0.000000 0.009804 0.004400
v -0.001268 0.012000 0.004400
v 0.005424 0.014100 0.009117
v 0.001952 0.014100 0.007333
v -0.001951 0.014100 0.007333
v -0.005423 0.014100 0.009117
v -0.005423 0.012800 0.009117
v -0.005599 0.012800 0.009273
v -0.005770 0.012800 0.009434
v -0.005936 0.012800 0.009599
v -0.005936 0.011500 0.009599
v -0.005715 0.011500 0.009381
v -0.005486 0.011500 0.009172
v -0.005250 0.011500 0.008971
v -0.005250 0.013300 0.008971
v -0.001878 0.013300 0.007315
v 0.001878 0.013300 0.007315
v 0.005250 0.013300 0.008971
v 0.005250 0.011500 0.008971
v 0.005487 0.011500 0.009172
v 0.005716 0.011500 0.009381
v 0.005936 0.011500 0.009599
v 0.005936 0.012800 0.009599
v 0.005770 0.012800 0.009434
v 0.005599 0.012800 0.009273
v 0.005424 0.012800 0.009117
v -0.003250 -0.007000 0.004100
v -0.003250 -0.007000 0.005900
v -0.004154 -0.007000 0.005900
v -0.004154 -0.007000 0.004100
v -0.004855 0.007212 0.004100
v -0.004855 0.007212 0.005900
v -0.006505 0.007187 0.005900
v -0.007401 0.005801 0.005900
v -0.006745 0.004287 0.005900
v -0.005122 0.003990 0.005900
v -0.003974 0.005176 0.005900
v -0.004322 0.006789 0.005900
v -0.004322 0.006789 0.004100
v -0.003974 0.005176 0.004100
v -0.005122 0.003990 0.004100
v -0.006745 0.004287 0.004100
v -0.007401 0.005801 0.004100
v -0.006505 0.007187 0.004100
v -0.007880 -0.000250 0.004400
v -0.008000 -0.000250 0.005900
v -0.008000 -0.000250 0.004100
v -0.007880 -0.000250 0.004100
v -0.003000 0.007975 0.004100
v -0.002025 0.008683 0.004100
v -0.002397 0.009829 0.004100
v -0.003602 0.009829 0.004100
v -0.003975 0.008683 0.004100
v -0.003000 0.007975 0.002900
v -0.003975 0.008683 0.002900
v -0.003602 0.009829 0.002900
v -0.002397 0.009829 0.002900
v -0.002025 0.008683 0.002900
v -0.003000 0.007975 0.002900
v -0.003000 0.007975 0.004100
v -0.006651 0.012800 0.009900
v -0.008000 0.012800 0.009900
v -0.008000 0.011500 0.009900
v -0.006651 0.011500 0.009900
v -0.006975 0.012800 0.007900
v -0.007683 0.012800 0.006925
v -0.008829 0.012800 0.007298
v -0.008829 0.012800 0.008503
v -0.007683 0.012800 0.008875
v -0.006975 0.011500 0.007900
v -0.007683 0.011500 0.008875
v -0.008829 0.011500 0.008503
v -0.008829 0.011500 0.007298
v -0.007683 0.011500 0.006925
v -0.008829 0.012800 0.008503
v -0.008829 0.011500 0.008503
v -0.009500 0.014100 0.006150
v -0.009750 0.014100 0.006083
v -0.009933 0.014100 0.005900
v -0.010000 0.014100 0.005650
v -0.010000 0.012800 0.005650
v -0.009933 0.012800 0.005900
v -0.009750 0.012800 0.006083
v -0.009500 0.012800 0.006150
v 0.008000 -0.014300 0.005950
v 0.009500 -0.014300 0.005950
v 0.009500 -0.014100 0.006150
v 0.008000 -0.014100 0.006150
v -0.003250 -0.007120 0.004400
v -0.003250 -0.007000 0.005900
v -0.003250 -0.007000 0.004100
v -0.003250 -0.007120 0.004100
v 0.009500 0.014100 0.006150
v 0.008000 0.014100 0.006150
v 0.008000 0.012800 0.006150
v 0.009500 0.012800 0.006150
v 0.005554 0.014300 0.008966
v 0.001999 0.014300 0.007138
v -0.001998 0.014300 0.007138
v -0.005554 0.014300 0.008966
v -0.005423 0.014100 0.009117
v -0.001951 0.014100 0.007333
v 0.001952 0.014100 0.007333
v 0.005424 0.014100 0.009117
v 0.008000 0.012800 0.009900
v 0.006652 0.012800 0.009900
v 0.006652 0.011500 0.009900
v 0.008000 0.011500 0.009900
v 0.004323 -0.006789 0.004100
v 0.004323 -0.006789 0.005900
v 0.004155 -0.007000 0.005900
v 0.004155 -0.007000 0.004100
v -0.002750 0.007120 0.004400
v -0.003250 0.007120 0.004400
v -0.003250 0.007000 0.005900
v -0.002750 0.007000 0.005900
v -0.004520 0.007634 0.004100
v -0.004520 0.007634 0.005900
v -0.004855 0.007212 0.005900
v -0.004855 0.007212 0.004100
v -0.002750 0.007120 0.004400
v -0.002750 0.007000 0.005900
v -0.002750 0.007000 0.004100
v -0.002750 0.007120 0.004100
v -0.005936 0.012800 0.009599
v -0.006144 0.012800 0.009762
v -0.006389 0.012800 0.009865
v -0.006651 0.012800 0.009900
v -0.006651 0.011500 0.009900
v -0.006389 0.011500 0.009865
v -0.006144 0.011500 0.009762
v -0.005936 0.011500 0.009599
v 0.009500 0.012800 0.006150
v 0.008000 0.012800 0.006150
v 0.007125 0.012800 0.006385
v 0.006485 0.012800 0.007025
v 0.006250 0.012800 0.007900
v 0.006250 0.012800 0.008738
v 0.006112 0.012800 0.009083
v 0.005775 0.012800 0.009238
v 0.005424 0.012800 0.009117
v 0.005599 0.012800 0.009273
v 0.005770 0.012800 0.009434
v 0.005936 0.012800 0.009599
v 0.006145 0.012800 0.009762
v 0.006389 0.012800 0.009865
v 0.006652 0.012800 0.009900
v 0.008000 0.012800 0.009900
v 0.009000 0.012800 0.009632
v 0.009732 0.012800 0.008900
v 0.010000 0.012800 0.007900
v 0.010000 0.012800 0.005650
v 0.009933 0.012800 0.005900
v 0.009750 0.012800 0.006083
v 0.009025 0.012800 0.007900
v 0.008317 0.012800 0.008875
v 0.007171 0.012800 0.008503
v 0.007171 0.012800 0.007298
v 0.008317 0.012800 0.006925
v 0.010000 0.014100 0.005650
v 0.009933 0.014100 0.005900
v 0.009750 0.014100 0.006083
v 0.009500 0.014100 0.006150
v 0.009500 0.012800 0.006150
v 0.009750 0.012800 0.006083
v 0.009933 0.012800 0.005900
v 0.010000 0.012800 0.005650
v 0.009500 -0.014300 0.005950
v 0.009650 -0.014300 0.005910
v 0.009760 -0.014300 0.005800
v 0.009800 -0.014300 0.005650
v 0.010000 -0.014100 0.005650
v 0.009933 -0.014100 0.005900
v 0.009750 -0.014100 0.006083
v 0.009500 -0.014100 0.006150
v -0.009500 0.014300 0.005950
v -0.009650 0.014300 0.005910
v -0.009760 0.014300 0.005800
v -0.009800 0.014300 0.005650
v -0.010000 0.014100 0.005650
v -0.009933 0.014100 0.005900
v -0.009750 0.014100 0.006083
v -0.009500 0.014100 0.006150
v 0.006050 0.014300 0.008738
v 0.005967 0.014300 0.008945
v 0.005765 0.014300 0.009038
v 0.005554 0.014300 0.008966
v 0.005424 0.014100 0.009117
v 0.005775 0.014100 0.009238
v 0.006112 0.014100 0.009083
v 0.006250 0.014100 0.008738
v 0.004856 -0.007213 0.004100
v 0.004856 -0.007213 0.005900
v 0.006506 -0.007188 0.005900
v 0.007401 -0.005802 0.005900
v 0.006746 -0.004287 0.005900
v 0.005122 -0.003991 0.005900
v 0.003974 -0.005176 0.005900
v 0.004323 -0.006789 0.005900
v 0.004323 -0.006789 0.004100
v 0.003974 -0.005176 0.004100
v 0.005122 -0.003991 0.004100
v 0.006746 -0.004287 0.004100
v 0.007401 -0.005802 0.004100
v 0.006506 -0.007188 0.004100
v -0.005309 0.009000 0.004100
v -0.005309 0.009000 0.005900
v -0.004520 0.007634 0.005900
v -0.004520 0.007634 0.004100
v -0.003250 0.007000 0.004100
v -0.003250 0.007000 0.005900
v -0.003250 0.007120 0.004400
v -0.003250 0.007120 0.004100
v 0.004155 0.007000 0.004100
v 0.004155 0.007000 0.005900
v 0.004323 0.006789 0.005900
v 0.004323 0.006789 0.004100
v -0.008000 0.014100 0.006150
v -0.009500 0.014100 0.006150
v -0.009500 0.012800 0.006150
v -0.008000 0.012800 0.006150
v -0.004154 -0.007000 0.004100
v -0.004154 -0.007000 0.005900
v -0.004322 -0.006789 0.005900
v -0.004322 -0.006789 0.004100
v -0.008000 0.014300 0.005950
v -0.009500 0.014300 0.005950
v -0.009500 0.014100 0.006150
v -0.008000 0.014100 0.006150
v 0.006050 0.014300 0.007900
v 0.006050 0.014300 0.008738
v 0.006250 0.014100 0.008738
v 0.006250 0.014100 0.007900
v 0.002750 -0.007120 0.004400
v 0.003250 -0.007120 0.004400
v 0.003250 -0.007000 0.005900
v 0.002750 -0.007000 0.005900
v 0.004521 -0.007634 0.004100
v 0.004521 -0.007634 0.005900
v 0.004856 -0.007213 0.005900
v 0.004856 -0.007213 0.004100
v 0.002750 -0.007120 0.004400
v 0.002750 -0.007000 0.005900
v 0.002750 -0.007000 0.004100
v 0.002750 -0.007120 0.004100
v -0.004154 0.011000 0.004100
v -0.004154 0.011000 0.005900
v -0.004607 0.010216 0.005900
v -0.004607 0.010216 0.004100
v -0.003250 0.007120 0.004400
v -0.002750 0.007120 0.004400
v -0.002750 0.007120 0.004100
v -0.003250 0.007120 0.004100
v 0.004323 0.006789 0.004100
v 0.004323 0.006789 0.005900
v 0.003974 0.005176 0.005900
v 0.005122 0.003990 0.005900
v 0.006746 0.004287 0.005900
v 0.007401 0.005801 0.005900
v 0.006506 0.007187 0.005900
v 0.004856 0.007212 0.005900
v 0.004856 0.007212 0.004100
v 0.006506 0.007187 0.004100
v 0.007401 0.005801 0.004100
v 0.006746 0.004287 0.004100
v 0.005122 0.003990 0.004100
v 0.003974 0.005176 0.004100
v 0.004857 0.009783 0.004100
v 0.004857 0.009783 0.005900
v 0.004753 0.009723 0.004400
v 0.004753 0.009723 0.004100
v -0.006250 0.014100 0.007900
v -0.006484 0.014100 0.007025
v -0.007125 0.014100 0.006385
v -0.008000 0.014100 0.006150
v -0.008000 0.012800 0.006150
v -0.007125 0.012800 0.006385
v -0.006484 0.012800 0.007025
v -0.006250 0.012800 0.007900
v -0.004322 -0.006789 0.004100
v -0.004322 -0.006789 0.005900
v -0.003974 -0.005176 0.005900
v -0.005122 -0.003991 0.005900
v -0.006745 -0.004287 0.005900
v -0.007401 -0.005802 0.005900
v -0.006505 -0.007188 0.005900
v -0.004855 -0.007213 0.005900
v -0.004855 -0.007213 0.004100
v -0.006505 -0.007188 0.004100
v -0.007401 -0.005802 0.004100
v -0.006745 -0.004287 0.004100
v -0.005122 -0.003991 0.004100
v -0.003974 -0.005176 0.004100
v -0.004857 -0.009784 0.004100
v -0.004857 -0.009784 0.005900
v -0.004753 -0.009724 0.004400
v -0.004753 -0.009724 0.004100
v -0.006050 0.014300 0.007900
v -0.006311 0.014300 0.006925
v -0.007025 0.014300 0.006211
v -0.008000 0.014300 0.005950
v -0.008000 0.014100 0.006150
v -0.007125 0.014100 0.006385
v -0.006484 0.014100 0.007025
v -0.006250 0.014100 0.007900
v 0.008000 0.014300 0.005950
v 0.007025 0.014300 0.006211
v 0.006311 0.014300 0.006925
v 0.006050 0.014300 0.007900
v 0.006250 0.014100 0.007900
v 0.006485 0.014100 0.007025
v 0.007125 0.014100 0.006385
v 0.008000 0.014100 0.006150
v -0.005423 0.014100 0.009117
v -0.005774 0.014100 0.009238
v -0.006112 0.014100 0.009083
v -0.006250 0.014100 0.008738
v -0.006250 0.012800 0.008738
v -0.006112 0.012800 0.009083
v -0.005774 0.012800 0.009238
v -0.005423 0.012800 0.009117
v 0.006250 0.014100 0.008738
v 0.006112 0.014100 0.009083
v 0.005775 0.014100 0.009238
v 0.005424 0.014100 0.009117
v 0.005424 0.012800 0.009117
v 0.005775 0.012800 0.009238
v 0.006112 0.012800 0.009083
v 0.006250 0.012800 0.008738
v 0.005310 -0.009000 0.004100
v 0.005310 -0.009000 0.005900
v 0.004521 -0.007634 0.005900
v 0.004521 -0.007634 0.004100
v 0.003250 -0.007000 0.004100
v 0.003250 -0.007000 0.005900
v 0.003250 -0.007120 0.004400
v 0.003250 -0.007120 0.004100
v -0.004857 0.009783 0.004100
v -0.004857 0.009783 0.005900
v -0.005309 0.009000 0.005900
v -0.005309 0.009000 0.004100
v 0.004856 0.007212 0.004100
v 0.004856 0.007212 0.005900
v 0.004521 0.007634 0.005900
v 0.004521 0.007634 0.004100
v 0.004753 0.009723 0.004400
v 0.004503 0.010156 0.004400
v 0.004503 0.010156 0.004100
v 0.004753 0.009723 0.004100
v -0.006250 0.014100 0.008738
v -0.006250 0.014100 0.007900
v -0.006250 0.012800 0.007900
v -0.006250 0.012800 0.008738
v 0.003250 -0.007120 0.004400
v 0.002750 -0.007120 0.004400
v 0.002750 -0.007120 0.004100
v 0.003250 -0.007120 0.004100
v -0.004855 -0.007213 0.004100
v -0.004855 -0.007213 0.005900
v -0.004520 -0.007634 0.005900
v -0.004520 -0.007634 0.004100
v -0.004753 -0.009724 0.004400
v -0.004503 -0.010157 0.004400
v -0.004503 -0.010157 0.004100
v -0.004753 -0.009724 0.004100
v -0.006050 0.014300 0.008738
v -0.006050 0.014300 0.007900
v -0.006250 0.014100 0.007900
v -0.006250 0.014100 0.008738
v 0.008000 0.014100 0.006150
v 0.007125 0.014100 0.006385
v 0.006485 0.014100 0.007025
v 0.006250 0.014100 0.007900
v 0.006250 0.012800 0.007900
v 0.006485 0.012800 0.007025
v 0.007125 0.012800 0.006385
v 0.008000 0.012800 0.006150
v -0.005554 0.014300 0.008966
v -0.005764 0.014300 0.009038
v -0.005967 0.014300 0.008945
v -0.006050 0.014300 0.008738
v -0.006250 0.014100 0.008738
v -0.006112 0.014100 0.009083
v -0.005774 0.014100 0.009238
v -0.005423 0.014100 0.009117
v 0.004155 -0.011000 0.004100
v 0.004155 -0.011000 0.005900
v 0.004607 -0.010217 0.005900
v 0.004607 -0.010217 0.004100
v -0.001845 0.011000 0.004100
v -0.001845 0.011000 0.005900
v -0.004154 0.011000 0.005900
v -0.004154 0.011000 0.004100
v 0.004521 0.007634 0.004100
v 0.004521 0.007634 0.005900
v 0.005310 0.009000 0.005900
v 0.005310 0.009000 0.004100
v 0.004503 0.010156 0.004400
v 0.004753 0.009723 0.004400
v 0.004857 0.009783 0.005900
v 0.004607 0.010216 0.005900
v -0.004520 -0.007634 0.004100
v -0.004520 -0.007634 0.005900
v -0.005309 -0.009000 0.005900
v -0.005309 -0.009000 0.004100
v -0.004503 -0.010157 0.004400
v -0.004753 -0.009724 0.004400
v -0.004857 -0.009784 0.005900
v -0.004607 -0.010217 0.005900
v 0.006250 0.014100 0.007900
v 0.006250 0.014100 0.008738
v 0.006250 0.012800 0.008738
v 0.006250 0.012800 0.007900
v 0.004857 -0.009784 0.004100
v 0.004857 -0.009784 0.005900
v 0.005310 -0.009000 0.005900
v 0.005310 -0.009000 0.004100
v -0.000690 0.009000 0.004100
v -0.000690 0.009000 0.005900
v -0.001143 0.009783 0.005900
v -0.001143 0.009783 0.004100
v 0.005310 0.009000 0.004100
v 0.005310 0.009000 0.005900
v 0.004857 0.009783 0.005900
v 0.004857 0.009783 0.004100
v 0.004503 0.010156 0.004400
v 0.004607 0.010216 0.005900
v 0.004607 0.010216 0.004100
v 0.004503 0.010156 0.004100
v -0.005309 -0.009000 0.004100
v -0.005309 -0.009000 0.005900
v -0.004857 -0.009784 0.005900
v -0.004857 -0.009784 0.004100
v -0.004503 -0.010157 0.004400
v -0.004607 -0.010217 0.005900
v -0.004607 -0.010217 0.004100
v -0.004503 -0.010157 0.004100
v 0.001846 -0.011000 0.004100
v 0.001846 -0.011000 0.005900
v 0.004155 -0.011000 0.005900
v 0.004155 -0.011000 0.004100
v -0.001393 0.010216 0.004100
v -0.001393 0.010216 0.005900
v -0.001845 0.011000 0.005900
v -0.001845 0.011000 0.004100
v 0.004607 0.010216 0.004100
v 0.004607 0.010216 0.005900
v 0.004155 0.011000 0.005900
v 0.004155 0.011000 0.004100
v 0.001393 0.010216 0.004100
v 0.001393 0.010216 0.005900
v 0.001497 0.010156 0.004400
v 0.001497 0.010156 0.004100
v -0.004607 -0.010217 0.004100
v -0.004607 -0.010217 0.005900
v -0.004154 -0.011000 0.005900
v -0.004154 -0.011000 0.004100
v -0.001393 -0.010217 0.004100
v -0.001393 -0.010217 0.005900
v -0.001497 -0.010157 0.004400
v -0.001497 -0.010157 0.004100
v 0.000691 -0.009000 0.004100
v 0.000691 -0.009000 0.005900
v 0.001143 -0.009784 0.005900
v 0.001143 -0.009784 0.004100
v -0.004753 0.009723 0.004400
v -0.004503 0.010156 0.004400
v -0.004607 0.010216 0.005900
v -0.004857 0.009783 0.005900
v -0.001008 0.008450 0.004100
v -0.001008 0.008450 0.005900
v -0.000690 0.009000 0.005900
v -0.000690 0.009000 0.004100
v -0.004753 0.009723 0.004400
v -0.004857 0.009783 0.005900
v -0.004857 0.009783 0.004100
v -0.004753 0.009723 0.004100
v 0.001497 0.010156 0.004400
v 0.001247 0.009723 0.004400
v 0.001247 0.009723 0.004100
v 0.001497 0.010156 0.004100
v -0.001497 -0.010157 0.004400
v -0.001247 -0.009724 0.004400
v -0.001247 -0.009724 0.004100
v -0.001497 -0.010157 0.004100
v 0.001393 -0.010217 0.004100
v 0.001393 -0.010217 0.005900
v 0.001846 -0.011000 0.005900
v 0.001846 -0.011000 0.004100
v -0.000748 0.008000 0.004100
v -0.000748 0.008000 0.005900
v -0.000941 0.008070 0.005900
v -0.001044 0.008248 0.005900
v -0.001008 0.008450 0.005900
v -0.001008 0.008450 0.004100
v -0.001044 0.008248 0.004100
v -0.000941 0.008070 0.004100
v -0.004503 0.010156 0.004400
v -0.004753 0.009723 0.004400
v -0.004753 0.009723 0.004100
v -0.004503 0.010156 0.004100
v 0.004155 0.011000 0.004100
v 0.004155 0.011000 0.005900
v 0.001846 0.011000 0.005900
v 0.001846 0.011000 0.004100
v 0.001247 0.009723 0.004400
v 0.001497 0.010156 0.004400
v 0.001393 0.010216 0.005900
v 0.001143 0.009783 0.005900
v -0.004154 -0.011000 0.004100
v -0.004154 -0.011000 0.005900
v -0.001845 -0.011000 0.005900
v -0.001845 -0.011000 0.004100
v -0.001247 -0.009724 0.004400
v -0.001497 -0.010157 0.004400
v -0.001393 -0.010217 0.005900
v -0.001143 -0.009784 0.005900
v 0.004753 -0.009724 0.004400
v 0.004503 -0.010157 0.004400
v 0.004607 -0.010217 0.005900
v 0.004857 -0.009784 0.005900
v 0.001008 -0.008450 0.004100
v 0.001008 -0.008450 0.005900
v 0.000691 -0.009000 0.005900
v 0.000691 -0.009000 0.004100
v 0.004753 -0.009724 0.004400
v 0.004857 -0.009784 0.005900
v 0.004857 -0.009784 0.004100
v 0.004753 -0.009724 0.004100
v -0.004607 0.010216 0.004100
v -0.004607 0.010216 0.005900
v -0.004503 0.010156 0.004400
v -0.004503 0.010156 0.004100
v 0.000749 0.008000 0.004100
v 0.000749 0.008000 0.005900
v 0.000250 0.008000 0.005900
v 0.000250 0.008000 0.004100
v 0.001846 0.011000 0.004100
v 0.001846 0.011000 0.005900
v 0.001393 0.010216 0.005900
v 0.001393 0.010216 0.004100
v 0.001247 0.009723 0.004400
v 0.001143 0.009783 0.005900
v 0.001143 0.009783 0.004100
v 0.001247 0.009723 0.004100
v -0.001845 -0.011000 0.004100
v -0.001845 -0.011000 0.005900
v -0.001393 -0.010217 0.005900
v -0.001393 -0.010217 0.004100
v -0.001247 -0.009724 0.004400
v -0.001143 -0.009784 0.005900
v -0.001143 -0.009784 0.004100
v -0.001247 -0.009724 0.004100
v 0.000749 -0.008000 0.004100
v 0.000749 -0.008000 0.005900
v 0.000941 -0.008070 0.005900
v 0.001044 -0.008248 0.005900
v 0.001008 -0.008450 0.005900
v 0.001008 -0.008450 0.004100
v 0.001044 -0.008248 0.004100
v 0.000941 -0.008070 0.004100
v 0.004503 -0.010157 0.004400
v 0.004753 -0.009724 0.004400
v 0.004753 -0.009724 0.004100
v 0.004503 -0.010157 0.004100
v -0.000250 0.008000 0.004100
v -0.000250 0.008000 0.005900
v -0.000748 0.008000 0.005900
v -0.000748 0.008000 0.004100
v 0.001143 0.009783 0.004100
v 0.001143 0.009783 0.005900
v 0.000691 0.009000 0.005900
v 0.000691 0.009000 0.004100
v 0.000250 0.008000 0.004100
v 0.000250 0.008000 0.005900
v 0.000250 0.007880 0.004400
v 0.000250 0.007880 0.004100
v -0.001143 -0.009784 0.004100
v -0.001143 -0.009784 0.005900
v -0.000690 -0.009000 0.005900
v -0.000690 -0.009000 0.004100
v -0.000250 -0.008000 0.004100
v -0.000250 -0.008000 0.005900
v -0.000250 -0.007880 0.004400
v -0.000250 -0.007880 0.004100
v 0.004607 -0.010217 0.004100
v 0.004607 -0.010217 0.005900
v 0.004503 -0.010157 0.004400
v 0.004503 -0.010157 0.004100
v -0.000748 -0.008000 0.004100
v -0.000748 -0.008000 0.005900
v -0.000250 -0.008000 0.005900
v -0.000250 -0.008000 0.004100
v -0.001497 0.010156 0.004400
v -0.001247 0.009723 0.004400
v -0.001143 0.009783 0.005900
v -0.001393 0.010216 0.005900
v 0.001008 0.008450 0.004100
v 0.001008 0.008450 0.005900
v 0.001044 0.008248 0.005900
v 0.000941 0.008070 0.005900
v 0.000749 0.008000 0.005900
v 0.000749 0.008000 0.004100
v 0.000941 0.008070 0.004100
v 0.001044 0.008248 0.004100
v -0.001497 0.010156 0.004400
v -0.001393 0.010216 0.005900
v -0.001393 0.010216 0.004100
v -0.001497 0.010156 0.004100
v 0.000250 0.007880 0.004400
v -0.000250 0.007880 0.004400
v -0.000250 0.007880 0.004100
v 0.000250 0.007880 0.004100
v -0.000250 -0.007880 0.004400
v 0.000250 -0.007880 0.004400
v 0.000250 -0.007880 0.004100
v -0.000250 -0.007880 0.004100
v 0.000250 -0.008000 0.004100
v 0.000250 -0.008000 0.005900
v 0.000749 -0.008000 0.005900
v 0.000749 -0.008000 0.004100
v 0.000691 0.009000 0.004100
v 0.000691 0.009000 0.005900
v 0.001008 0.008450 0.005900
v 0.001008 0.008450 0.004100
v -0.001143 0.009783 0.004100
v -0.001143 0.009783 0.005900
v -0.001247 0.009723 0.004400
v -0.001247 0.009723 0.004100
v -0.000250 0.007880 0.004400
v 0.000250 0.007880 0.004400
v 0.000250 0.008000 0.005900
v -0.000250 0.008000 0.005900
v -0.000690 -0.009000 0.004100
v -0.000690 -0.009000 0.005900
v -0.001008 -0.008450 0.005900
v -0.001008 -0.008450 0.004100
v 0.000250 -0.007880 0.004400
v -0.000250 -0.007880 0.004400
v -0.000250 -0.008000 0.005900
v 0.000250 -0.008000 0.005900
v 0.001497 -0.010157 0.004400
v 0.001247 -0.009724 0.004400
v 0.001143 -0.009784 0.005900
v 0.001393 -0.010217 0.005900
v -0.001008 -0.008450 0.004100
v -0.001008 -0.008450 0.005900
v -0.001044 -0.008248 0.005900
v -0.000941 -0.008070 0.005900
v -0.000748 -0.008000 0.005900
v -0.000748 -0.008000 0.004100
v -0.000941 -0.008070 0.004100
v -0.001044 -0.008248 0.004100
v 0.001497 -0.010157 0.004400
v 0.001393 -0.010217 0.005900
v 0.001393 -0.010217 0.004100
v 0.001497 -0.010157 0.004100
v -0.001247 0.009723 0.004400
v -0.001497 0.010156 0.004400
v -0.001497 0.010156 0.004100
v -0.001247 0.009723 0.004100
v -0.000250 0.007880 0.004400
v -0.000250 0.008000 0.005900
v -0.000250 0.008000 0.004100
v -0.000250 0.007880 0.004100
v 0.000250 -0.007880 0.004400
v 0.000250 -0.008000 0.005900
v 0.000250 -0.008000 0.004100
v 0.000250 -0.007880 0.004100
v 0.001143 -0.009784 0.004100
v 0.001143 -0.009784 0.005900
v 0.001247 -0.009724 0.004400
v 0.001247 -0.009724 0.004100
v 0.001247 -0.009724 0.004400
v 0.001497 -0.010157 0.004400
v 0.001497 -0.010157 0.004100
v 0.001247 -0.009724 0.004100
v 0.009550 -0.008000 0.007087
v 0.009550 -0.008000 0.038714
v 0.008814 -0.008000 0.039450
v -0.008813 -0.008000 0.039450
v -0.009550 -0.008000 0.038714
v -0.009550 -0.008000 0.007087
v -0.008813 -0.008000 0.006350
v 0.008814 -0.008000 0.006350
v 0.008800 -0.008000 0.037900
v 0.008247 -0.008000 0.037139
v 0.007353 -0.008000 0.037430
v 0.007353 -0.008000 0.038370
v 0.008247 -0.008000 0.038661
v -0.007200 -0.008000 0.037900
v -0.007753 -0.008000 0.037139
v -0.008647 -0.008000 0.037430
v -0.008647 -0.008000 0.038370
v -0.007753 -0.008000 0.038661
v 0.005700 -0.008000 0.007500
v 0.005147 -0.008000 0.006739
v 0.004253 -0.008000 0.007030
v 0.004253 -0.008000 0.007970
v 0.005147 -0.008000 0.008261
v -0.007600 -0.008000 0.011000
v -0.008153 -0.008000 0.010239
v -0.009047 -0.008000 0.010530
v -0.009047 -0.008000 0.011470
v -0.008153 -0.008000 0.011761
v 0.009200 -0.008000 0.034900
v 0.008647 -0.008000 0.034139
v 0.007753 -0.008000 0.034430
v 0.007753 -0.008000 0.035370
v 0.008647 -0.008000 0.035661
v -0.007600 -0.008000 0.034900
v -0.008153 -0.008000 0.034139
v -0.009047 -0.008000 0.034430
v -0.009047 -0.008000 0.035370
v -0.008153 -0.008000 0.035661
v -0.007200 -0.008000 0.007900
v -0.007753 -0.008000 0.007139
v -0.008647 -0.008000 0.007430
v -0.008647 -0.008000 0.008370
v -0.007753 -0.008000 0.008661
v 0.008800 -0.008000 0.007900
v 0.008247 -0.008000 0.007139
v 0.007353 -0.008000 0.007430
v 0.007353 -0.008000 0.008370
v 0.008247 -0.008000 0.008661
v 0.002500 -0.008000 0.030400
v 0.001559 -0.008000 0.028446
v -0.000556 -0.008000 0.027963
v -0.002252 -0.008000 0.029315
v -0.002252 -0.008000 0.031485
v -0.000556 -0.008000 0.032837
v 0.001559 -0.008000 0.032355
v 0.009550 -0.008000 0.038714
v 0.009550 -0.008000 0.007087
v 0.009550 -0.007450 0.007087
v 0.009550 -0.007450 0.038714
v 0.008814 -0.008000 0.039450
v 0.009550 -0.008000 0.038714
v 0.009550 -0.007450 0.038714
v 0.008814 -0.007450 0.039450
v -0.008813 -0.008000 0.039450
v 0.008814 -0.008000 0.039450
v 0.008814 -0.007450 0.039450
v -0.008813 -0.007450 0.039450
v -0.009550 -0.008000 0.038714
v -0.008813 -0.008000 0.039450
v -0.008813 -0.007450 0.039450
v -0.009550 -0.007450 0.038714
v -0.009550 -0.008000 0.007087
v -0.009550 -0.008000 0.038714
v -0.009550 -0.007450 0.038714
v -0.009550 -0.007450 0.007087
v -0.008813 -0.008000 0.006350
v -0.009550 -0.008000 0.007087
v -0.009550 -0.007450 0.007087
v -0.008813 -0.007450 0.006350
v 0.008800 -0.008000 0.037900
v 0.008247 -0.008000 0.038661
v 0.007353 -0.008000 0.038370
v 0.007353 -0.008000 0.037430
v 0.008247 -0.008000 0.037139
v 0.008800 0.007000 0.037900
v 0.008247 0.007000 0.037139
v 0.007353 0.007000 0.037430
v 0.007353 0.007000 0.038370
v 0.008247 0.007000 0.038661
v 0.007353 -0.008000 0.037430
v 0.007353 0.007000 0.037430
v 0.009550 -0.008000 0.007087
v 0.008814 -0.008000 0.006350
v 0.008814 -0.007450 0.006350
v 0.009550 -0.007450 0.007087
v 0.008814 -0.008000 0.006350
v -0.008813 -0.008000 0.006350
v -0.008813 -0.007450 0.006350
v 0.008814 -0.007450 0.006350
v -0.007200 -0.008000 0.037900
v -0.007753 -0.008000 0.038661
v -0.008647 -0.008000 0.038370
v -0.008647 -0.008000 0.037430
v -0.007753 -0.008000 0.037139
v -0.007200 0.007000 0.037900
v -0.007753 0.007000 0.037139
v -0.008647 0.007000 0.037430
v -0.008647 0.007000 0.038370
v -0.007753 0.007000 0.038661
v -0.008647 -0.008000 0.037430
v -0.008647 0.007000 0.037430
v -0.009000 -0.007450 0.005900
v 0.009000 -0.007450 0.005900
v 0.010000 -0.007450 0.006900
v 0.010000 -0.007450 0.038900
v 0.009000 -0.007450 0.039900
v -0.009000 -0.007450 0.039900
v -0.010000 -0.007450 0.038900
v -0.010000 -0.007450 0.006900
v 0.009550 -0.007450 0.038714
v 0.009550 -0.007450 0.007087
v 0.008814 -0.007450 0.006350
v -0.008813 -0.007450 0.006350
v -0.009550 -0.007450 0.007087
v -0.009550 -0.007450 0.038714
v -0.008813 -0.007450 0.039450
v 0.008814 -0.007450 0.039450
v 0.005700 -0.008000 0.007500
v 0.005147 -0.008000 0.008261
v 0.004253 -0.008000 0.007970
v 0.004253 -0.008000 0.007030
v 0.005147 -0.008000 0.006739
v 0.005700 0.007000 0.007500
v 0.005147 0.007000 0.006739
v 0.004253 0.007000 0.007030
v 0.004253 0.007000 0.007970
v 0.005147 0.007000 0.008261
v 0.004253 -0.008000 0.007030
v 0.004253 0.007000 0.007030
v -0.009000 0.006450 0.005900
v 0.009000 0.006450 0.005900
v 0.009000 -0.007450 0.005900
v -0.009000 -0.007450 0.005900
v -0.007600 -0.008000 0.011000
v -0.008153 -0.008000 0.011761
v -0.009047 -0.008000 0.011470
v -0.009047 -0.008000 0.010530
v -0.008153 -0.008000 0.010239
v -0.007600 0.007000 0.011000
v -0.008153 0.007000 0.010239
v -0.009047 0.007000 0.010530
v -0.009047 0.007000 0.011470
v -0.008153 0.007000 0.011761
v -0.009047 -0.008000 0.010530
v -0.009047 0.007000 0.010530
v -0.009550 0.006450 0.026650
v -0.010000 0.006450 0.026650
v -0.010000 0.006450 0.038900
v -0.009000 0.006450 0.039900
v 0.009000 0.006450 0.039900
v 0.010000 0.006450 0.038900
v 0.010000 0.006450 0.026650
v 0.009550 0.006450 0.026650
v 0.009550 0.006450 0.038714
v 0.008814 0.006450 0.039450
v -0.008813 0.006450 0.039450
v -0.009550 0.006450 0.038714
v 0.009200 -0.008000 0.034900
v 0.008647 -0.008000 0.035661
v 0.007753 -0.008000 0.035370
v 0.007753 -0.008000 0.034430
v 0.008647 -0.008000 0.034139
v 0.009200 0.007000 0.034900
v 0.008647 0.007000 0.034139
v 0.007753 0.007000 0.034430
v 0.007753 0.007000 0.035370
v 0.008647 0.007000 0.035661
v 0.007753 -0.008000 0.034430
v 0.007753 0.007000 0.034430
v -0.006300 0.007000 0.026650
v -0.009550 0.007000 0.026650
v -0.009550 0.007000 0.038714
v -0.008813 0.007000 0.039450
v 0.008814 0.007000 0.039450
v 0.009550 0.007000 0.038714
v 0.009550 0.007000 0.026650
v 0.006300 0.007000 0.026650
v 0.006000 0.007000 0.026350
v 0.006000 0.007000 0.016450
v 0.006300 0.007000 0.016150
v 0.009550 0.007000 0.016150
v 0.009550 0.007000 0.007087
v 0.008814 0.007000 0.006350
v -0.008813 0.007000 0.006350
v -0.009550 0.007000 0.007087
v -0.009550 0.007000 0.016150
v -0.006300 0.007000 0.016150
v -0.006000 0.007000 0.016450
v -0.006000 0.007000 0.026350
v 0.008800 0.007000 0.037900
v 0.008247 0.007000 0.038661
v 0.007353 0.007000 0.038370
v 0.007353 0.007000 0.037430
v 0.008247 0.007000 0.037139
v -0.007200 0.007000 0.037900
v -0.007753 0.007000 0.038661
v -0.008647 0.007000 0.038370
v -0.008647 0.007000 0.037430
v -0.007753 0.007000 0.037139
v 0.005700 0.007000 0.007500
v 0.005147 0.007000 0.008261
v 0.004253 0.007000 0.007970
v 0.004253 0.007000 0.007030
v 0.005147 0.007000 0.006739
v -0.007600 0.007000 0.011000
v -0.008153 0.007000 0.011761
v -0.009047 0.007000 0.011470
v -0.009047 0.007000 0.010530
v -0.008153 0.007000 0.010239
v 0.009200 0.007000 0.034900
v 0.008647 0.007000 0.035661
v 0.007753 0.007000 0.035370
v 0.007753 0.007000 0.034430
v 0.008647 0.007000 0.034139
v -0.007600 0.007000 0.034900
v -0.008153 0.007000 0.035661
v -0.009047 0.007000 0.035370
v -0.009047 0.007000 0.034430
v -0.008153 0.007000 0.034139
v -0.007200 0.007000 0.007900
v -0.007753 0.007000 0.008661
v -0.008647 0.007000 0.008370
v -0.008647 0.007000 0.007430
v -0.007753 0.007000 0.007139
v 0.008800 0.007000 0.007900
v 0.008247 0.007000 0.008661
v 0.007353 0.007000 0.008370
v 0.007353 0.007000 0.007430
v 0.008247 0.007000 0.007139
v -0.001100 0.007000 0.030400
v -0.000340 0.007000 0.029354
v 0.000890 0.007000 0.029754
v 0.000890 0.007000 0.031047
v -0.000340 0.007000 0.031446
v -0.010000 0.006450 0.016150
v -0.009550 0.006450 0.016150
v -0.009550 0.006450 0.007087
v -0.008813 0.006450 0.006350
v 0.008814 0.006450 0.006350
v 0.009550 0.006450 0.007087
v 0.009550 0.006450 0.016150
v 0.010000 0.006450 0.016150
v 0.010000 0.006450 0.006900
v 0.009000 0.006450 0.005900
v -0.009000 0.006450 0.005900
v -0.010000 0.006450 0.006900
v -0.007600 -0.008000 0.034900
v -0.008153 -0.008000 0.035661
v -0.009047 -0.008000 0.035370
v -0.009047 -0.008000 0.034430
v -0.008153 -0.008000 0.034139
v -0.007600 0.007000 0.034900
v -0.008153 0.007000 0.034139
v -0.009047 0.007000 0.034430
v -0.009047 0.007000 0.035370
v -0.008153 0.007000 0.035661
v -0.009047 -0.008000 0.034430
v -0.009047 0.007000 0.034430
v -0.006000 0.007000 0.016450
v -0.006000 0.002200 0.016450
v -0.006000 0.002200 0.026350
v -0.006000 0.007000 0.026350
v -0.006300 0.007000 0.026650
v -0.006300 0.002200 0.026650
v -0.010000 0.002200 0.026650
v -0.010000 0.006450 0.026650
v -0.009550 0.006450 0.026650
v -0.009550 0.007000 0.026650
v -0.007200 -0.008000 0.007900
v -0.007753 -0.008000 0.008661
v -0.008647 -0.008000 0.008370
v -0.008647 -0.008000 0.007430
v -0.007753 -0.008000 0.007139
v -0.007200 0.007000 0.007900
v -0.007753 0.007000 0.007139
v -0.008647 0.007000 0.007430
v -0.008647 0.007000 0.008370
v -0.007753 0.007000 0.008661
v -0.008647 -0.008000 0.007430
v -0.008647 0.007000 0.007430
v -0.006000 0.002200 0.016450
v -0.006000 0.007000 0.016450
v -0.006300 0.007000 0.016150
v -0.006300 0.002200 0.016150
v -0.006300 0.002200 0.026650
v -0.006300 0.007000 0.026650
v -0.006000 0.007000 0.026350
v -0.006000 0.002200 0.026350
v 0.008800 -0.008000 0.007900
v 0.008247 -0.008000 0.008661
v 0.007353 -0.008000 0.008370
v 0.007353 -0.008000 0.007430
v 0.008247 -0.008000 0.007139
v 0.008800 0.007000 0.007900
v 0.008247 0.007000 0.007139
v 0.007353 0.007000 0.007430
v 0.007353 0.007000 0.008370
v 0.008247 0.007000 0.008661
v 0.007353 -0.008000 0.007430
v 0.007353 0.007000 0.007430
v -0.006300 0.002200 0.016150
v -0.006300 0.007000 0.016150
v -0.009550 0.007000 0.016150
v -0.009550 0.006450 0.016150
v -0.010000 0.006450 0.016150
v -0.010000 0.002200 0.016150
v 0.006300 0.002200 0.016150
v 0.006000 0.002200 0.016450
v 0.006000 0.002200 0.026350
v 0.006300 0.002200 0.026650
v 0.010000 0.002200 0.026650
v 0.010000 0.002200 0.016150
v 0.009000 0.006450 0.005900
v 0.010000 0.006450 0.006900
v 0.010000 -0.007450 0.006900
v 0.009000 -0.007450 0.005900
v -0.010000 0.006450 0.006900
v -0.009000 0.006450 0.005900
v -0.009000 -0.007450 0.005900
v -0.010000 -0.007450 0.006900
v 0.002500 -0.008000 0.030400
v 0.001559 -0.008000 0.032355
v -0.000556 -0.008000 0.032837
v -0.002252 -0.008000 0.031485
v -0.002252 -0.008000 0.029315
v -0.000556 -0.008000 0.027963
v 0.001559 -0.008000 0.028446
v 0.002500 -0.011500 0.030400
v 0.001559 -0.011500 0.028446
v -0.000556 -0.011500 0.027963
v -0.002252 -0.011500 0.029315
v -0.002252 -0.011500 0.031485
v -0.000556 -0.011500 0.032837
v 0.001559 -0.011500 0.032355
v -0.002252 -0.008000 0.029315
v -0.002252 -0.011500 0.029315
v -0.001100 0.007000 0.030400
v -0.000340 0.007000 0.031446
v 0.000890 0.007000 0.031047
v 0.000890 0.007000 0.029754
v -0.000340 0.007000 0.029354
v -0.001100 0.006300 0.030400
v -0.000340 0.006300 0.029354
v 0.000890 0.006300 0.029754
v 0.000890 0.006300 0.031047
v -0.000340 0.006300 0.031446
v 0.000890 0.006300 0.029754
v 0.000890 0.007000 0.029754
v -0.010000 0.002200 0.016150
v -0.010000 0.006450 0.016150
v -0.010000 0.006450 0.006900
v -0.010000 -0.007450 0.006900
v -0.010000 -0.007450 0.038900
v -0.010000 0.006450 0.038900
v -0.010000 0.006450 0.026650
v -0.010000 0.002200 0.026650
v -0.006000 0.002200 0.016450
v -0.006300 0.002200 0.016150
v -0.010000 0.002200 0.016150
v -0.010000 0.002200 0.026650
v -0.006300 0.002200 0.026650
v -0.006000 0.002200 0.026350
v 0.010000 0.002200 0.026650
v 0.010000 0.006450 0.026650
v 0.010000 0.006450 0.038900
v 0.010000 -0.007450 0.038900
v 0.010000 -0.007450 0.006900
v 0.010000 0.006450 0.006900
v 0.010000 0.006450 0.016150
v 0.010000 0.002200 0.016150
v -0.009550 0.006450 0.016150
v -0.009550 0.007000 0.016150
v -0.009550 0.007000 0.007087
v -0.009550 0.006450 0.007087
v 0.002500 -0.011500 0.030400
v 0.001559 -0.011500 0.032355
v -0.000556 -0.011500 0.032837
v -0.002252 -0.011500 0.031485
v -0.002252 -0.011500 0.029315
v -0.000556 -0.011500 0.027963
v 0.001559 -0.011500 0.028446
v -0.001100 0.006300 0.030400
v -0.000340 0.006300 0.031446
v 0.000890 0.006300 0.031047
v 0.000890 0.006300 0.029754
v -0.000340 0.006300 0.029354
v -0.009000 0.006450 0.039900
v -0.010000 0.006450 0.038900
v -0.010000 -0.007450 0.038900
v -0.009000 -0.007450 0.039900
v 0.006000 0.002200 0.016450
v 0.006300 0.002200 0.016150
v 0.006300 0.007000 0.016150
v 0.006000 0.007000 0.016450
v -0.009550 0.007000 0.026650
v -0.009550 0.006450 0.026650
v -0.009550 0.006450 0.038714
v -0.009550 0.007000 0.038714
v 0.010000 0.006450 0.038900
v 0.009000 0.006450 0.039900
v 0.009000 -0.007450 0.039900
v 0.010000 -0.007450 0.038900
v 0.006300 0.007000 0.016150
v 0.006300 0.002200 0.016150
v 0.010000 0.002200 0.016150
v 0.010000 0.006450 0.016150
v 0.009550 0.006450 0.016150
v 0.009550 0.007000 0.016150
v 0.009000 0.006450 0.039900
v -0.009000 0.006450 0.039900
v -0.009000 -0.007450 0.039900
v 0.009000 -0.007450 0.039900
v 0.006000 0.002200 0.016450
v 0.006000 0.007000 0.016450
v 0.006000 0.007000 0.026350
v 0.006000 0.002200 0.026350
v -0.008813 0.007000 0.039450
v -0.009550 0.007000 0.038714
v -0.009550 0.006450 0.038714
v -0.008813 0.006450 0.039450
v -0.009550 0.007000 0.007087
v -0.008813 0.007000 0.006350
v -0.008813 0.006450 0.006350
v -0.009550 0.006450 0.007087
v 0.006300 0.002200 0.026650
v 0.006000 0.002200 0.026350
v 0.006000 0.007000 0.026350
v 0.006300 0.007000 0.026650
v 0.008814 0.007000 0.039450
v -0.008813 0.007000 0.039450
v -0.008813 0.006450 0.039450
v 0.008814 0.006450 0.039450
v -0.008813 0.007000 0.006350
v 0.008814 0.007000 0.006350
v 0.008814 0.006450 0.006350
v -0.008813 0.006450 0.006350
v 0.006300 0.002200 0.026650
v 0.006300 0.007000 0.026650
v 0.009550 0.007000 0.026650
v 0.009550 0.006450 0.026650
v 0.010000 0.006450 0.026650
v 0.010000 0.002200 0.026650
v 0.009550 0.007000 0.038714
v 0.008814 0.007000 0.039450
v 0.008814 0.006450 0.039450
v 0.009550 0.006450 0.038714
v 0.008814 0.007000 0.006350
v 0.009550 0.007000 0.007087
v 0.009550 0.006450 0.007087
v 0.008814 0.006450 0.006350
v 0.009550 0.007000 0.016150
v 0.009550 0.006450 0.016150
v 0.009550 0.006450 0.007087
v 0.009550 0.007000 0.007087
v 0.009550 0.006450 0.026650
v 0.009550 0.007000 0.026650
v 0.009550 0.007000 0.038714
v 0.009550 0.006450 0.038714
v 0.005000 -0.011500 0.030400
v 0.004620 -0.011500 0.032314
v 0.003536 -0.011500 0.033936
v 0.001914 -0.011500 0.035020
v 0.000000 -0.011500 0.035400
v -0.001913 -0.011500 0.035020
v -0.003535 -0.011500 0.033936
v -0.004619 -0.011500 0.032314
v -0.005000 -0.011500 0.030400
v -0.004619 -0.011500 0.028487
v -0.003535 -0.011500 0.026865
v -0.001913 -0.011500 0.025781
v 0.000000 -0.011500 0.025400
v 0.001914 -0.011500 0.025781
v 0.003536 -0.011500 0.026865
v 0.004620 -0.011500 0.028487
v 0.004500 -0.011500 0.030400
v 0.003447 -0.011500 0.027508
v 0.000782 -0.011500 0.025968
v -0.002250 -0.011500 0.026503
v -0.004228 -0.011500 0.028861
v -0.004228 -0.011500 0.031939
v -0.002250 -0.011500 0.034297
v 0.000782 -0.011500 0.034832
v 0.003447 -0.011500 0.033293
v -0.000250 -0.011500 0.037396
v -0.000250 -0.011500 0.039700
v -0.008917 -0.011500 0.039700
v -0.009800 -0.011500 0.038817
v -0.009800 -0.011500 0.036700
v -0.008400 -0.011500 0.036700
v -0.006841 -0.011500 0.035800
v -0.006841 -0.011500 0.034000
v -0.008400 -0.011500 0.033100
v -0.009800 -0.011500 0.033100
v -0.009800 -0.011500 0.012800
v -0.008400 -0.011500 0.012800
v -0.006841 -0.011500 0.011900
v -0.006841 -0.011500 0.010100
v -0.008400 -0.011500 0.009200
v -0.009800 -0.011500 0.009200
v -0.009800 -0.011500 0.006983
v -0.008917 -0.011500 0.006100
v 0.003100 -0.011500 0.006100
v 0.003100 -0.011500 0.007500
v 0.004000 -0.011500 0.009059
v 0.005800 -0.011500 0.009059
v 0.006700 -0.011500 0.007500
v 0.006700 -0.011500 0.006100
v 0.008917 -0.011500 0.006100
v 0.009800 -0.011500 0.006983
v 0.009800 -0.011500 0.033100
v 0.008400 -0.011500 0.033100
v 0.006841 -0.011500 0.034000
v 0.006841 -0.011500 0.035800
v 0.008400 -0.011500 0.036700
v 0.009800 -0.011500 0.036700
v 0.009800 -0.011500 0.038817
v 0.008917 -0.011500 0.039700
v 0.000250 -0.011500 0.039700
v 0.000250 -0.011500 0.037396
v 0.003955 -0.011500 0.036176
v 0.006432 -0.011500 0.033163
v 0.006912 -0.011500 0.029292
v 0.005246 -0.011500 0.025765
v 0.001951 -0.011500 0.023677
v -0.001950 -0.011500 0.023677
v -0.005245 -0.011500 0.025765
v -0.006911 -0.011500 0.029292
v -0.006432 -0.011500 0.033163
v -0.003955 -0.011500 0.036176
v -0.006650 -0.011500 0.012600
v -0.006650 -0.011500 0.017400
v -0.006583 -0.011500 0.017650
v -0.006400 -0.011500 0.017833
v -0.006150 -0.011500 0.017900
v 0.006150 -0.011500 0.017900
v 0.006400 -0.011500 0.017833
v 0.006583 -0.011500 0.017650
v 0.006650 -0.011500 0.017400
v 0.006650 -0.011500 0.012600
v 0.006583 -0.011500 0.012350
v 0.006400 -0.011500 0.012167
v 0.006150 -0.011500 0.012100
v -0.006150 -0.011500 0.012100
v -0.006400 -0.011500 0.012167
v -0.006583 -0.011500 0.012350
v -0.007000 -0.011500 0.037900
v -0.007415 -0.011500 0.037089
v -0.008316 -0.011500 0.036951
v -0.008988 -0.011500 0.037749
v -0.008584 -0.011500 0.038711
v -0.007544 -0.011500 0.038790
v 0.009000 -0.011500 0.037900
v 0.008811 -0.011500 0.037315
v 0.008316 -0.011500 0.036951
v 0.007195 -0.011500 0.037308
v 0.007189 -0.011500 0.038485
v 0.008307 -0.011500 0.038852
v -0.007000 -0.011500 0.007900
v -0.007691 -0.011500 0.006949
v -0.008809 -0.011500 0.007312
v -0.008809 -0.011500 0.008488
v -0.007691 -0.011500 0.008851
v 0.009000 -0.011500 0.007900
v 0.008309 -0.011500 0.006949
v 0.007191 -0.011500 0.007312
v 0.007191 -0.011500 0.008488
v 0.008309 -0.011500 0.008851
v -0.006650 -0.011500 0.017400
v -0.006650 -0.011500 0.012600
v -0.006650 -0.011300 0.012600
v -0.006650 -0.011300 0.017400
v -0.006150 -0.011500 0.017900
v -0.006400 -0.011500 0.017833
v -0.006583 -0.011500 0.017650
v -0.006650 -0.011500 0.017400
v -0.006650 -0.011300 0.017400
v -0.006583 -0.011300 0.017650
v -0.006400 -0.011300 0.017833
v -0.006150 -0.011300 0.017900
v 0.006150 -0.011500 0.017900
v -0.006150 -0.011500 0.017900
v -0.006150 -0.011300 0.017900
v 0.006150 -0.011300 0.017900
v 0.006650 -0.011500 0.017400
v 0.006583 -0.011500 0.017650
v 0.006400 -0.011500 0.017833
v 0.006150 -0.011500 0.017900
v 0.006150 -0.011300 0.017900
v 0.006400 -0.011300 0.017833
v 0.006583 -0.011300 0.017650
v 0.006650 -0.011300 0.017400
v 0.005000 -0.011500 0.030400
v 0.004620 -0.011500 0.028487
v 0.003536 -0.011500 0.026865
v 0.001914 -0.011500 0.025781
v 0.000000 -0.011500 0.025400
v -0.001913 -0.011500 0.025781
v -0.003535 -0.011500 0.026865
v -0.004619 -0.011500 0.028487
v -0.005000 -0.011500 0.030400
v -0.004619 -0.011500 0.032314
v -0.003535 -0.011500 0.033936
v -0.001913 -0.011500 0.035020
v 0.000000 -0.011500 0.035400
v 0.001914 -0.011500 0.035020
v 0.003536 -0.011500 0.033936
v 0.004620 -0.011500 0.032314
v 0.005000 -0.011200 0.030400
v 0.004045 -0.011200 0.033339
v 0.001545 -0.011200 0.035155
v -0.001545 -0.011200 0.035155
v -0.004045 -0.011200 0.033339
v -0.005000 -0.011200 0.030400
v -0.004045 -0.011200 0.027461
v -0.001545 -0.011200 0.025645
v 0.001545 -0.011200 0.025645
v 0.004045 -0.011200 0.027461
v -0.005000 -0.011200 0.030400
v -0.005000 -0.011500 0.030400
v 0.006650 -0.011500 0.012600
v 0.006650 -0.011500 0.017400
v 0.006650 -0.011300 0.017400
v 0.006650 -0.011300 0.012600
v -0.000250 -0.011100 0.039700
v -0.000250 -0.007500 0.039700
v -0.000250 -0.007500 0.039900
v -0.000250 -0.011300 0.039900
v -0.000250 -0.011500 0.039700
v -0.000250 -0.011500 0.037396
v -0.000250 -0.011300 0.037396
v -0.000250 -0.011300 0.039500
v 0.004500 -0.011500 0.030400
v 0.003447 -0.011500 0.033293
v 0.000782 -0.011500 0.034832
v -0.002250 -0.011500 0.034297
v -0.004228 -0.011500 0.031939
v -0.004228 -0.011500 0.028861
v -0.002250 -0.011500 0.026503
v 0.000782 -0.011500 0.025968
v 0.003447 -0.011500 0.027508
v 0.003900 -0.010900 0.030400
v 0.002988 -0.010900 0.027893
v 0.000677 -0.010900 0.026559
v -0.001950 -0.010900 0.027023
v -0.003665 -0.010900 0.029066
v -0.003665 -0.010900 0.031734
v -0.001950 -0.010900 0.033778
v 0.000677 -0.010900 0.034241
v 0.002988 -0.010900 0.032907
v -0.002250 -0.011500 0.034297
v -0.001950 -0.010900 0.033778
v 0.007000 -0.011200 0.030400
v 0.006491 -0.011200 0.033021
v 0.005038 -0.011200 0.035261
v 0.002851 -0.011200 0.036793
v 0.000250 -0.011200 0.037396
v 0.000000 -0.011200 0.037400
v -0.000250 -0.011200 0.037396
v -0.004069 -0.011200 0.036096
v -0.006536 -0.011200 0.032905
v -0.006833 -0.011200 0.028882
v -0.004860 -0.011200 0.025363
v -0.001273 -0.011200 0.023517
v 0.002737 -0.011200 0.023957
v 0.005838 -0.011200 0.026537
v 0.005000 -0.011200 0.030400
v 0.004045 -0.011200 0.027461
v 0.001545 -0.011200 0.025645
v -0.001545 -0.011200 0.025645
v -0.004045 -0.011200 0.027461
v -0.005000 -0.011200 0.030400
v -0.004045 -0.011200 0.033339
v -0.001545 -0.011200 0.035155
v 0.001545 -0.011200 0.035155
v 0.004045 -0.011200 0.033339
v 0.006150 -0.011500 0.012100
v 0.006400 -0.011500 0.012167
v 0.006583 -0.011500 0.012350
v 0.006650 -0.011500 0.012600
v 0.006650 -0.011300 0.012600
v 0.006583 -0.011300 0.012350
v 0.006400 -0.011300 0.012167
v 0.006150 -0.011300 0.012100
v -0.000250 -0.011500 0.039700
v -0.000250 -0.011300 0.039900
v -0.009000 -0.011300 0.039900
v -0.008917 -0.011500 0.039700
v -0.000250 -0.011500 0.037396
v -0.003955 -0.011500 0.036176
v -0.006432 -0.011500 0.033163
v -0.006911 -0.011500 0.029292
v -0.005245 -0.011500 0.025765
v -0.001950 -0.011500 0.023677
v 0.001951 -0.011500 0.023677
v 0.005246 -0.011500 0.025765
v 0.006912 -0.011500 0.029292
v 0.006432 -0.011500 0.033163
v 0.003955 -0.011500 0.036176
v 0.000250 -0.011500 0.037396
v 0.000250 -0.011300 0.037396
v 0.000084 -0.011300 0.037400
v -0.000083 -0.011300 0.037400
v -0.000250 -0.011300 0.037396
v 0.007000 -0.011200 0.030400
v 0.005838 -0.011200 0.026537
v 0.002737 -0.011200 0.023957
v -0.001273 -0.011200 0.023517
v -0.004860 -0.011200 0.025363
v -0.006833 -0.011200 0.028882
v -0.006536 -0.011200 0.032905
v -0.004069 -0.011200 0.036096
v -0.000250 -0.011200 0.037396
v 0.000000 -0.011200 0.037400
v 0.000250 -0.011200 0.037396
v 0.002851 -0.011200 0.036793
v 0.005038 -0.011200 0.035261
v 0.006491 -0.011200 0.033021
v -0.006833 -0.011200 0.028882
v -0.006911 -0.011500 0.029292
v -0.000250 -0.011100 0.039700
v 0.000250 -0.011100 0.039700
v 0.000250 -0.007500 0.039700
v -0.000250 -0.007500 0.039700
v 0.009300 -0.010000 0.034900
v 0.008678 -0.010000 0.035756
v 0.007672 -0.010000 0.035429
v 0.007672 -0.010000 0.034371
v 0.008678 -0.010000 0.034044
v 0.009300 -0.008000 0.034900
v 0.008678 -0.008000 0.034044
v 0.007672 -0.008000 0.034371
v 0.007672 -0.008000 0.035429
v 0.008678 -0.008000 0.035756
v 0.009300 -0.008000 0.034900
v 0.009300 -0.010000 0.034900
v -0.006150 -0.011500 0.012100
v 0.006150 -0.011500 0.012100
v 0.006150 -0.011300 0.012100
v -0.006150 -0.011300 0.012100
v -0.006650 -0.011500 0.012600
v -0.006583 -0.011500 0.012350
v -0.006400 -0.011500 0.012167
v -0.006150 -0.011500 0.012100
v -0.006150 -0.011300 0.012100
v -0.006400 -0.011300 0.012167
v -0.006583 -0.011300 0.012350
v -0.006650 -0.011300 0.012600
v -0.007000 -0.011500 0.037900
v -0.007544 -0.011500 0.038790
v -0.008584 -0.011500 0.038711
v -0.008988 -0.011500 0.037749
v -0.008316 -0.011500 0.036951
v -0.007415 -0.011500 0.037089
v -0.007000 -0.008000 0.037900
v -0.007691 -0.008000 0.036949
v -0.008809 -0.008000 0.037312
v -0.008809 -0.008000 0.038488
v -0.007691 -0.008000 0.038851
v -0.007000 -0.008000 0.037900
v -0.007000 -0.011500 0.037900
v -0.009800 -0.011500 0.038817
v -0.008917 -0.011500 0.039700
v -0.009000 -0.011300 0.039900
v -0.010000 -0.011300 0.038900
v 0.000250 -0.011300 0.039900
v 0.000250 -0.011500 0.039700
v 0.008917 -0.011500 0.039700
v 0.009000 -0.011300 0.039900
v 0.000250 -0.011300 0.039500
v 0.000250 -0.011300 0.037396
v 0.000250 -0.011500 0.037396
v 0.000250 -0.011500 0.039700
v 0.000250 -0.011300 0.039900
v 0.000250 -0.007500 0.039900
v 0.000250 -0.007500 0.039700
v 0.000250 -0.011100 0.039700
v -0.000250 -0.011300 0.039500
v 0.000250 -0.011300 0.039500
v 0.000250 -0.011100 0.039700
v -0.000250 -0.011100 0.039700
v 0.008400 -0.010000 0.033300
v 0.010000 -0.010000 0.033300
v 0.010000 -0.010000 0.036500
v 0.008400 -0.010000 0.036500
v 0.007015 -0.010000 0.035700
v 0.007015 -0.010000 0.034100
v 0.009300 -0.010000 0.034900
v 0.008678 -0.010000 0.034044
v 0.007672 -0.010000 0.034371
v 0.007672 -0.010000 0.035429
v 0.008678 -0.010000 0.035756
v -0.006150 -0.011300 0.017900
v -0.006400 -0.011300 0.017833
v -0.006583 -0.011300 0.017650
v -0.006650 -0.011300 0.017400
v -0.006650 -0.011300 0.012600
v -0.006583 -0.011300 0.012350
v -0.006400 -0.011300 0.012167
v -0.006150 -0.011300 0.012100
v 0.006150 -0.011300 0.012100
v 0.006400 -0.011300 0.012167
v 0.006583 -0.011300 0.012350
v 0.006650 -0.011300 0.012600
v 0.006650 -0.011300 0.017400
v 0.006583 -0.011300 0.017650
v 0.006400 -0.011300 0.017833
v 0.006150 -0.011300 0.017900
v 0.009000 -0.011500 0.037900
v 0.008307 -0.011500 0.038852
v 0.007189 -0.011500 0.038485
v 0.007195 -0.011500 0.037308
v 0.008316 -0.011500 0.036951
v 0.008811 -0.011500 0.037315
v 0.009000 -0.008000 0.037900
v 0.008309 -0.008000 0.036949
v 0.007191 -0.008000 0.037312
v 0.007191 -0.008000 0.038488
v 0.008309 -0.008000 0.038851
v 0.009000 -0.008000 0.037900
v 0.009000 -0.011500 0.037900
v -0.010000 -0.011300 0.038900
v -0.010000 -0.011300 0.036500
v -0.009800 -0.011500 0.036700
v -0.009800 -0.011500 0.038817
v -0.000250 -0.007500 0.039900
v -0.000250 -0.007500 0.039700
v 0.000250 -0.007500 0.039700
v 0.000250 -0.007500 0.039900
v 0.009000 -0.007500 0.039900
v 0.010000 -0.007500 0.038900
v 0.010000 -0.007500 0.006900
v 0.009000 -0.007500 0.005900
v -0.009000 -0.007500 0.005900
v -0.010000 -0.007500 0.006900
v -0.010000 -0.007500 0.038900
v -0.009000 -0.007500 0.039900
v 0.008420 -0.007500 0.039500
v -0.008420 -0.007500 0.039500
v -0.008679 -0.007500 0.039466
v -0.008920 -0.007500 0.039366
v -0.009127 -0.007500 0.039207
v -0.009307 -0.007500 0.039027
v -0.009466 -0.007500 0.038820
v -0.009566 -0.007500 0.038579
v -0.009600 -0.007500 0.038320
v -0.009600 -0.007500 0.007480
v -0.009566 -0.007500 0.007221
v -0.009466 -0.007500 0.006980
v -0.009307 -0.007500 0.006773
v -0.009127 -0.007500 0.006593
v -0.008920 -0.007500 0.006434
v -0.008679 -0.007500 0.006334
v -0.008420 -0.007500 0.006300
v 0.008420 -0.007500 0.006300
v 0.008679 -0.007500 0.006334
v 0.008920 -0.007500 0.006434
v 0.009127 -0.007500 0.006593
v 0.009307 -0.007500 0.006773
v 0.009466 -0.007500 0.006980
v 0.009566 -0.007500 0.007221
v 0.009600 -0.007500 0.007480
v 0.009600 -0.007500 0.038320
v 0.009566 -0.007500 0.038579
v 0.009466 -0.007500 0.038820
v 0.009307 -0.007500 0.039027
v 0.009127 -0.007500 0.039207
v 0.008920 -0.007500 0.039366
v 0.008679 -0.007500 0.039466
v 0.000250 -0.011300 0.039500
v -0.000250 -0.011300 0.039500
v -0.000250 -0.011300 0.037396
v -0.000083 -0.011300 0.037400
v 0.000084 -0.011300 0.037400
v 0.000250 -0.011300 0.037396
v -0.000250 -0.011300 0.039900
v -0.000250 -0.007500 0.039900
v -0.009000 -0.007500 0.039900
v -0.009000 -0.011300 0.039900
v -0.008400 -0.010000 0.036500
v -0.010000 -0.010000 0.036500
v -0.010000 -0.010000 0.033300
v -0.008400 -0.010000 0.033300
v -0.007014 -0.010000 0.034100
v -0.007014 -0.010000 0.035700
v -0.007500 -0.010000 0.034900
v -0.008122 -0.010000 0.034044
v -0.009128 -0.010000 0.034371
v -0.009128 -0.010000 0.035429
v -0.008122 -0.010000 0.035756
v -0.007000 -0.011500 0.007900
v -0.007691 -0.011500 0.008851
v -0.008809 -0.011500 0.008488
v -0.008809 -0.011500 0.007312
v -0.007691 -0.011500 0.006949
v -0.007000 -0.008000 0.007900
v -0.007691 -0.008000 0.006949
v -0.008809 -0.008000 0.007312
v -0.008809 -0.008000 0.008488
v -0.007691 -0.008000 0.008851
v -0.007000 -0.008000 0.007900
v -0.007000 -0.011500 0.007900
v -0.008400 -0.011500 0.036700
v -0.009800 -0.011500 0.036700
v -0.010000 -0.011300 0.036500
v -0.008400 -0.011300 0.036500
v -0.010000 -0.011300 0.006900
v -0.010000 -0.011300 0.009400
v -0.010000 -0.010000 0.009400
v -0.010000 -0.010000 0.012600
v -0.010000 -0.011300 0.012600
v -0.010000 -0.011300 0.033300
v -0.010000 -0.010000 0.033300
v -0.010000 -0.010000 0.036500
v -0.010000 -0.011300 0.036500
v -0.010000 -0.011300 0.038900
v -0.010000 -0.007500 0.038900
v -0.010000 -0.007500 0.006900
v 0.010000 -0.011300 0.038900
v 0.009000 -0.011300 0.039900
v 0.008917 -0.011500 0.039700
v 0.009800 -0.011500 0.038817
v 0.008420 -0.007500 0.039500
v 0.008420 -0.008000 0.039500
v -0.008420 -0.008000 0.039500
v -0.008420 -0.007500 0.039500
v 0.000250 -0.007500 0.039900
v 0.000250 -0.011300 0.039900
v 0.009000 -0.011300 0.039900
v 0.009000 -0.007500 0.039900
v 0.003900 -0.010900 0.030400
v 0.002988 -0.010900 0.032907
v 0.000677 -0.010900 0.034241
v -0.001950 -0.010900 0.033778
v -0.003665 -0.010900 0.031734
v -0.003665 -0.010900 0.029066
v -0.001950 -0.010900 0.027023
v 0.000677 -0.010900 0.026559
v 0.002988 -0.010900 0.027893
v 0.003900 -0.008500 0.030400
v 0.002988 -0.008500 0.027893
v 0.000677 -0.008500 0.026559
v -0.001950 -0.008500 0.027023
v -0.003665 -0.008500 0.029066
v -0.003665 -0.008500 0.031734
v -0.001950 -0.008500 0.033778
v 0.000677 -0.008500 0.034241
v 0.002988 -0.008500 0.032907
v -0.003665 -0.010900 0.029066
v -0.003665 -0.008500 0.029066
v 0.003300 -0.010000 0.007500
v 0.003300 -0.010000 0.005900
v 0.006500 -0.010000 0.005900
v 0.006500 -0.010000 0.007500
v 0.005700 -0.010000 0.008886
v 0.004100 -0.010000 0.008886
v 0.005800 -0.010000 0.007500
v 0.005178 -0.010000 0.006644
v 0.004172 -0.010000 0.006971
v 0.004172 -0.010000 0.008029
v 0.005178 -0.010000 0.008356
v 0.009000 -0.011500 0.007900
v 0.008309 -0.011500 0.008851
v 0.007191 -0.011500 0.008488
v 0.007191 -0.011500 0.007312
v 0.008309 -0.011500 0.006949
v 0.009000 -0.008000 0.007900
v 0.008309 -0.008000 0.006949
v 0.007191 -0.008000 0.007312
v 0.007191 -0.008000 0.008488
v 0.008309 -0.008000 0.008851
v 0.009000 -0.008000 0.007900
v 0.009000 -0.011500 0.007900
v -0.008400 -0.011500 0.033100
v -0.006841 -0.011500 0.034000
v -0.006841 -0.011500 0.035800
v -0.008400 -0.011500 0.036700
v -0.008400 -0.011300 0.036500
v -0.007014 -0.011300 0.035700
v -0.007014 -0.011300 0.034100
v -0.008400 -0.011300 0.033300
v -0.010000 -0.011300 0.009400
v -0.010000 -0.011300 0.006900
v -0.009800 -0.011500 0.006983
v -0.009800 -0.011500 0.009200
v -0.010000 -0.011300 0.038900
v -0.009000 -0.011300 0.039900
v -0.009000 -0.007500 0.039900
v -0.010000 -0.007500 0.038900
v 0.010000 -0.011300 0.036500
v 0.010000 -0.011300 0.038900
v 0.009800 -0.011500 0.038817
v 0.009800 -0.011500 0.036700
v 0.009000 -0.011300 0.039900
v 0.010000 -0.011300 0.038900
v 0.010000 -0.007500 0.038900
v 0.009000 -0.007500 0.039900
v 0.008420 -0.008000 0.039500
v 0.008420 -0.007500 0.039500
v 0.008679 -0.007500 0.039466
v 0.008920 -0.007500 0.039366
v 0.009127 -0.007500 0.039207
v 0.009127 -0.008000 0.039207
v 0.008920 -0.008000 0.039366
v 0.008679 -0.008000 0.039466
v -0.008400 -0.010000 0.012600
v -0.010000 -0.010000 0.012600
v -0.010000 -0.010000 0.009400
v -0.008400 -0.010000 0.009400
v -0.007014 -0.010000 0.010200
v -0.007014 -0.010000 0.011800
v -0.007500 -0.010000 0.011000
v -0.008122 -0.010000 0.010144
v -0.009128 -0.010000 0.010471
v -0.009128 -0.010000 0.011529
v -0.008122 -0.010000 0.011856
v 0.009307 -0.008000 0.039027
v 0.009466 -0.008000 0.038820
v 0.009566 -0.008000 0.038579
v 0.009600 -0.008000 0.038320
v 0.009600 -0.008000 0.007480
v 0.009566 -0.008000 0.007221
v 0.009466 -0.008000 0.006980
v 0.009307 -0.008000 0.006773
v 0.009127 -0.008000 0.006593
v 0.008920 -0.008000 0.006434
v 0.008679 -0.008000 0.006334
v 0.008420 -0.008000 0.006300
v -0.008420 -0.008000 0.006300
v -0.008679 -0.008000 0.006334
v -0.008920 -0.008000 0.006434
v -0.009127 -0.008000 0.006593
v -0.009307 -0.008000 0.006773
v -0.009466 -0.008000 0.006980
v -0.009566 -0.008000 0.007221
v -0.009600 -0.008000 0.007480
v -0.009600 -0.008000 0.038320
v -0.009566 -0.008000 0.038579
v -0.009466 -0.008000 0.038820
v -0.009307 -0.008000 0.039027
v -0.009127 -0.008000 0.039207
v -0.008920 -0.008000 0.039366
v -0.008679 -0.008000 0.039466
v -0.008420 -0.008000 0.039500
v 0.008420 -0.008000 0.039500
v 0.008679 -0.008000 0.039466
v 0.008920 -0.008000 0.039366
v 0.009127 -0.008000 0.039207
v 0.009300 -0.008000 0.034900
v 0.008678 -0.008000 0.035756
v 0.007672 -0.008000 0.035429
v 0.007672 -0.008000 0.034371
v 0.008678 -0.008000 0.034044
v -0.007500 -0.008000 0.034900
v -0.008122 -0.008000 0.035756
v -0.009128 -0.008000 0.035429
v -0.009128 -0.008000 0.034371
v -0.008122 -0.008000 0.034044
v 0.005800 -0.008000 0.007500
v 0.005178 -0.008000 0.008356
v 0.004172 -0.008000 0.008029
v 0.004172 -0.008000 0.006971
v 0.005178 -0.008000 0.006644
v -0.007500 -0.008000 0.011000
v -0.008122 -0.008000 0.011856
v -0.009128 -0.008000 0.011529
v -0.009128 -0.008000 0.010471
v -0.008122 -0.008000 0.010144
v -0.003000 -0.008000 0.030400
v -0.002121 -0.008000 0.028279
v 0.000000 -0.008000 0.027400
v 0.002122 -0.008000 0.028279
v 0.003000 -0.008000 0.030400
v 0.002122 -0.008000 0.032521
v 0.000000 -0.008000 0.033400
v -0.002121 -0.008000 0.032521
v -0.007000 -0.008000 0.037900
v -0.007691 -0.008000 0.038851
v -0.008809 -0.008000 0.038488
v -0.008809 -0.008000 0.037312
v -0.007691 -0.008000 0.036949
v 0.009000 -0.008000 0.037900
v 0.008309 -0.008000 0.038851
v 0.007191 -0.008000 0.038488
v 0.007191 -0.008000 0.037312
v 0.008309 -0.008000 0.036949
v -0.007000 -0.008000 0.007900
v -0.007691 -0.008000 0.008851
v -0.008809 -0.008000 0.008488
v -0.008809 -0.008000 0.007312
v -0.007691 -0.008000 0.006949
v 0.009000 -0.008000 0.007900
v 0.008309 -0.008000 0.008851
v 0.007191 -0.008000 0.008488
v 0.007191 -0.008000 0.007312
v 0.008309 -0.008000 0.006949
v -0.008400 -0.011300 0.033300
v -0.010000 -0.011300 0.033300
v -0.009800 -0.011500 0.033100
v -0.008400 -0.011500 0.033100
v -0.010000 -0.011300 0.006900
v -0.009000 -0.011300 0.005900
v -0.008917 -0.011500 0.006100
v -0.009800 -0.011500 0.006983
v -0.008400 -0.011300 0.009400
v -0.010000 -0.011300 0.009400
v -0.009800 -0.011500 0.009200
v -0.008400 -0.011500 0.009200
v 0.009307 -0.008000 0.039027
v 0.009307 -0.007500 0.039027
v 0.009466 -0.007500 0.038820
v 0.009566 -0.007500 0.038579
v 0.009600 -0.007500 0.038320
v 0.009600 -0.008000 0.038320
v 0.009566 -0.008000 0.038579
v 0.009466 -0.008000 0.038820
v 0.008400 -0.011300 0.036500
v 0.010000 -0.011300 0.036500
v 0.009800 -0.011500 0.036700
v 0.008400 -0.011500 0.036700
v -0.007500 -0.010000 0.011000
v -0.008122 -0.010000 0.011856
v -0.009128 -0.010000 0.011529
v -0.009128 -0.010000 0.010471
v -0.008122 -0.010000 0.010144
v -0.007500 -0.008000 0.011000
v -0.008122 -0.008000 0.010144
v -0.009128 -0.008000 0.010471
v -0.009128 -0.008000 0.011529
v -0.008122 -0.008000 0.011856
v -0.007500 -0.008000 0.011000
v -0.007500 -0.010000 0.011000
v -0.003000 -0.008500 0.030400
v -0.002121 -0.008500 0.028279
v 0.000000 -0.008500 0.027400
v 0.002122 -0.008500 0.028279
v 0.003000 -0.008500 0.030400
v 0.002122 -0.008500 0.032521
v 0.000000 -0.008500 0.033400
v -0.002121 -0.008500 0.032521
v -0.003000 -0.008000 0.030400
v -0.002121 -0.008000 0.032521
v 0.000000 -0.008000 0.033400
v 0.002122 -0.008000 0.032521
v 0.003000 -0.008000 0.030400
v 0.002122 -0.008000 0.028279
v 0.000000 -0.008000 0.027400
v -0.002121 -0.008000 0.028279
v -0.003000 -0.008500 0.030400
v -0.003000 -0.008000 0.030400
v -0.010000 -0.011300 0.033300
v -0.010000 -0.011300 0.012600
v -0.009800 -0.011500 0.012800
v -0.009800 -0.011500 0.033100
v -0.008400 -0.010000 0.033300
v -0.010000 -0.010000 0.033300
v -0.010000 -0.011300 0.033300
v -0.008400 -0.011300 0.033300
v -0.009000 -0.011300 0.005900
v -0.010000 -0.011300 0.006900
v -0.010000 -0.007500 0.006900
v -0.009000 -0.007500 0.005900
v -0.008400 -0.010000 0.036500
v -0.008400 -0.011300 0.036500
v -0.010000 -0.011300 0.036500
v -0.010000 -0.010000 0.036500
v -0.008400 -0.010000 0.009400
v -0.010000 -0.010000 0.009400
v -0.010000 -0.011300 0.009400
v -0.008400 -0.011300 0.009400
v 0.009307 -0.007500 0.039027
v 0.009307 -0.008000 0.039027
v 0.009127 -0.008000 0.039207
v 0.009127 -0.007500 0.039207
v 0.008400 -0.011500 0.036700
v 0.006841 -0.011500 0.035800
v 0.006841 -0.011500 0.034000
v 0.008400 -0.011500 0.033100
v 0.008400 -0.011300 0.033300
v 0.007015 -0.011300 0.034100
v 0.007015 -0.011300 0.035700
v 0.008400 -0.011300 0.036500
v 0.005800 -0.010000 0.007500
v 0.005178 -0.010000 0.008356
v 0.004172 -0.010000 0.008029
v 0.004172 -0.010000 0.006971
v 0.005178 -0.010000 0.006644
v 0.005800 -0.008000 0.007500
v 0.005178 -0.008000 0.006644
v 0.004172 -0.008000 0.006971
v 0.004172 -0.008000 0.008029
v 0.005178 -0.008000 0.008356
v 0.005800 -0.008000 0.007500
v 0.005800 -0.010000 0.007500
v 0.008400 -0.010000 0.033300
v 0.008400 -0.011300 0.033300
v 0.010000 -0.011300 0.033300
v 0.010000 -0.010000 0.033300
v 0.003900 -0.008500 0.030400
v 0.002988 -0.008500 0.032907
v 0.000677 -0.008500 0.034241
v -0.001950 -0.008500 0.033778
v -0.003665 -0.008500 0.031734
v -0.003665 -0.008500 0.029066
v -0.001950 -0.008500 0.027023
v 0.000677 -0.008500 0.026559
v 0.002988 -0.008500 0.027893
v -0.003000 -0.008500 0.030400
v -0.002121 -0.008500 0.032521
v 0.000000 -0.008500 0.033400
v 0.002122 -0.008500 0.032521
v 0.003000 -0.008500 0.030400
v 0.002122 -0.008500 0.028279
v 0.000000 -0.008500 0.027400
v -0.002121 -0.008500 0.028279
v -0.008400 -0.011500 0.012800
v -0.009800 -0.011500 0.012800
v -0.010000 -0.011300 0.012600
v -0.008400 -0.011300 0.012600
v -0.008400 -0.010000 0.033300
v -0.008400 -0.011300 0.033300
v -0.007014 -0.011300 0.034100
v -0.007014 -0.011300 0.035700
v -0.008400 -0.011300 0.036500
v -0.008400 -0.010000 0.036500
v -0.007014 -0.010000 0.035700
v -0.007014 -0.010000 0.034100
v 0.003300 -0.011300 0.005900
v -0.009000 -0.011300 0.005900
v -0.009000 -0.007500 0.005900
v 0.009000 -0.007500 0.005900
v 0.009000 -0.011300 0.005900
v 0.006500 -0.011300 0.005900
v 0.006500 -0.010000 0.005900
v 0.003300 -0.010000 0.005900
v -0.008400 -0.010000 0.009400
v -0.008400 -0.011300 0.009400
v -0.007014 -0.011300 0.010200
v -0.007014 -0.011300 0.011800
v -0.008400 -0.011300 0.012600
v -0.008400 -0.010000 0.012600
v -0.007014 -0.010000 0.011800
v -0.007014 -0.010000 0.010200
v 0.009600 -0.008000 0.038320
v 0.009600 -0.007500 0.038320
v 0.009600 -0.007500 0.007480
v 0.009600 -0.008000 0.007480
v 0.008400 -0.011500 0.033100
v 0.009800 -0.011500 0.033100
v 0.010000 -0.011300 0.033300
v 0.008400 -0.011300 0.033300
v 0.010000 -0.011300 0.038900
v 0.010000 -0.011300 0.036500
v 0.010000 -0.010000 0.036500
v 0.010000 -0.010000 0.033300
v 0.010000 -0.011300 0.033300
v 0.010000 -0.011300 0.006900
v 0.010000 -0.007500 0.006900
v 0.010000 -0.007500 0.038900
v -0.007500 -0.010000 0.034900
v -0.008122 -0.010000 0.035756
v -0.009128 -0.010000 0.035429
v -0.009128 -0.010000 0.034371
v -0.008122 -0.010000 0.034044
v -0.007500 -0.008000 0.034900
v -0.008122 -0.008000 0.034044
v -0.009128 -0.008000 0.034371
v -0.009128 -0.008000 0.035429
v -0.008122 -0.008000 0.035756
v -0.007500 -0.008000 0.034900
v -0.007500 -0.010000 0.034900
v 0.008400 -0.010000 0.036500
v 0.008400 -0.011300 0.036500
v 0.007015 -0.011300 0.035700
v 0.007015 -0.011300 0.034100
v 0.008400 -0.011300 0.033300
v 0.008400 -0.010000 0.033300
v 0.007015 -0.010000 0.034100
v 0.007015 -0.010000 0.035700
v -0.008400 -0.011500 0.009200
v -0.006841 -0.011500 0.010100
v -0.006841 -0.011500 0.011900
v -0.008400 -0.011500 0.012800
v -0.008400 -0.011300 0.012600
v -0.007014 -0.011300 0.011800
v -0.007014 -0.011300 0.010200
v -0.008400 -0.011300 0.009400
v -0.009000 -0.011300 0.005900
v 0.003300 -0.011300 0.005900
v 0.003100 -0.011500 0.006100
v -0.008917 -0.011500 0.006100
v -0.008400 -0.010000 0.012600
v -0.008400 -0.011300 0.012600
v -0.010000 -0.011300 0.012600
v -0.010000 -0.010000 0.012600
v 0.009600 -0.008000 0.007480
v 0.009600 -0.007500 0.007480
v 0.009566 -0.007500 0.007221
v 0.009466 -0.007500 0.006980
v 0.009307 -0.007500 0.006773
v 0.009307 -0.008000 0.006773
v 0.009466 -0.008000 0.006980
v 0.009566 -0.008000 0.007221
v 0.010000 -0.011300 0.006900
v 0.010000 -0.011300 0.033300
v 0.009800 -0.011500 0.033100
v 0.009800 -0.011500 0.006983
v 0.008400 -0.010000 0.036500
v 0.010000 -0.010000 0.036500
v 0.010000 -0.011300 0.036500
v 0.008400 -0.011300 0.036500
v -0.009127 -0.008000 0.039207
v -0.009127 -0.007500 0.039207
v -0.008920 -0.007500 0.039366
v -0.008679 -0.007500 0.039466
v -0.008420 -0.007500 0.039500
v -0.008420 -0.008000 0.039500
v -0.008679 -0.008000 0.039466
v -0.008920 -0.008000 0.039366
v 0.003300 -0.010000 0.007500
v 0.003300 -0.011300 0.007500
v 0.003300 -0.011300 0.005900
v 0.003300 -0.010000 0.005900
v 0.003100 -0.011500 0.007500
v 0.003100 -0.011500 0.006100
v 0.003300 -0.011300 0.005900
v 0.003300 -0.011300 0.007500
v 0.009307 -0.008000 0.006773
v 0.009307 -0.007500 0.006773
v 0.009127 -0.007500 0.006593
v 0.009127 -0.008000 0.006593
v 0.009000 -0.011300 0.005900
v 0.010000 -0.011300 0.006900
v 0.009800 -0.011500 0.006983
v 0.008917 -0.011500 0.006100
v -0.009127 -0.007500 0.039207
v -0.009127 -0.008000 0.039207
v -0.009307 -0.008000 0.039027
v -0.009307 -0.007500 0.039027
v 0.006500 -0.010000 0.007500
v 0.006500 -0.011300 0.007500
v 0.005700 -0.011300 0.008886
v 0.004100 -0.011300 0.008886
v 0.003300 -0.011300 0.007500
v 0.003300 -0.010000 0.007500
v 0.004100 -0.010000 0.008886
v 0.005700 -0.010000 0.008886
v 0.006500 -0.011300 0.005900
v 0.009000 -0.011300 0.005900
v 0.008917 -0.011500 0.006100
v 0.006700 -0.011500 0.006100
v 0.006700 -0.011500 0.007500
v 0.005800 -0.011500 0.009059
v 0.004000 -0.011500 0.009059
v 0.003100 -0.011500 0.007500
v 0.003300 -0.011300 0.007500
v 0.004100 -0.011300 0.008886
v 0.005700 -0.011300 0.008886
v 0.006500 -0.011300 0.007500
v 0.009127 -0.008000 0.006593
v 0.009127 -0.007500 0.006593
v 0.008920 -0.007500 0.006434
v 0.008679 -0.007500 0.006334
v 0.008420 -0.007500 0.006300
v 0.008420 -0.008000 0.006300
v 0.008679 -0.008000 0.006334
v 0.008920 -0.008000 0.006434
v 0.010000 -0.011300 0.006900
v 0.009000 -0.011300 0.005900
v 0.009000 -0.007500 0.005900
v 0.010000 -0.007500 0.006900
v -0.009600 -0.008000 0.038320
v -0.009600 -0.007500 0.038320
v -0.009566 -0.007500 0.038579
v -0.009466 -0.007500 0.038820
v -0.009307 -0.007500 0.039027
v -0.009307 -0.008000 0.039027
v -0.009466 -0.008000 0.038820
v -0.009566 -0.008000 0.038579
v 0.006500 -0.010000 0.007500
v 0.006500 -0.010000 0.005900
v 0.006500 -0.011300 0.005900
v 0.006500 -0.011300 0.007500
v 0.006500 -0.011300 0.007500
v 0.006500 -0.011300 0.005900
v 0.006700 -0.011500 0.006100
v 0.006700 -0.011500 0.007500
v -0.008420 -0.007500 0.006300
v -0.008420 -0.008000 0.006300
v 0.008420 -0.008000 0.006300
v 0.008420 -0.007500 0.006300
v -0.009600 -0.007500 0.038320
v -0.009600 -0.008000 0.038320
v -0.009600 -0.008000 0.007480
v -0.009600 -0.007500 0.007480
v -0.008420 -0.008000 0.006300
v -0.008420 -0.007500 0.006300
v -0.008679 -0.007500 0.006334
v -0.008920 -0.007500 0.006434
v -0.009127 -0.007500 0.006593
v -0.009127 -0.008000 0.006593
v -0.008920 -0.008000 0.006434
v -0.008679 -0.008000 0.006334
v -0.009307 -0.008000 0.006773
v -0.009307 -0.007500 0.006773
v -0.009466 -0.007500 0.006980
v -0.009566 -0.007500 0.007221
v -0.009600 -0.007500 0.007480
v -0.009600 -0.008000 0.007480
v -0.009566 -0.008000 0.007221
v -0.009466 -0.008000 0.006980
v -0.009307 -0.007500 0.006773
v -0.009307 -0.008000 0.006773
v -0.009127 -0.008000 0.006593
v -0.009127 -0.007500 0.006593
v -0.008883 0.011523 0.039700
v -0.002666 0.011523 0.039700
v -0.002666 0.011523 0.037700
v 0.002734 0.011523 0.037700
v 0.002734 0.011523 0.039700
v 0.008951 0.011523 0.039700
v 0.009834 0.011523 0.038817
v 0.009834 0.011523 0.026850
v 0.006251 0.011523 0.026850
v 0.005834 0.011523 0.026433
v 0.005834 0.011523 0.016367
v 0.006251 0.011523 0.015950
v 0.009834 0.011523 0.015950
v 0.009834 0.011523 0.006983
v 0.008951 0.011523 0.006100
v -0.008883 0.011523 0.006100
v -0.009766 0.011523 0.006983
v -0.009766 0.011523 0.015950
v -0.006183 0.011523 0.015950
v -0.005766 0.011523 0.016367
v -0.005766 0.011523 0.026433
v -0.006183 0.011523 0.026850
v -0.009766 0.011523 0.026850
v -0.009766 0.011523 0.038817
v 0.009034 0.011523 0.037900
v 0.008343 0.011523 0.038851
v 0.007225 0.011523 0.038488
v 0.007225 0.011523 0.037312
v 0.008343 0.011523 0.036949
v -0.006966 0.011523 0.037900
v -0.007657 0.011523 0.038851
v -0.008775 0.011523 0.038488
v -0.008775 0.011523 0.037312
v -0.007657 0.011523 0.036949
v 0.009034 0.011523 0.007900
v 0.008343 0.011523 0.008851
v 0.007225 0.011523 0.008488
v 0.007225 0.011523 0.007312
v 0.008343 0.011523 0.006949
v -0.006966 0.011523 0.007900
v -0.007657 0.011523 0.008851
v -0.008775 0.011523 0.008488
v -0.008775 0.011523 0.007312
v -0.007657 0.011523 0.006949
v -0.006966 0.011523 0.030400
v -0.006907 0.011523 0.029494
v -0.006732 0.011523 0.028604
v -0.006443 0.011523 0.027744
v -0.006045 0.011523 0.026929
v -0.005899 0.011523 0.026685
v -0.005744 0.011523 0.026448
v -0.003232 0.011523 0.024209
v 0.000034 0.011523 0.023400
v 0.003300 0.011523 0.024209
v 0.005812 0.011523 0.026448
v 0.005967 0.011523 0.026685
v 0.006113 0.011523 0.026929
v 0.007021 0.011523 0.029971
v 0.006492 0.011523 0.033102
v 0.004634 0.011523 0.035677
v 0.001830 0.011523 0.037166
v -0.001344 0.011523 0.037263
v -0.004234 0.011523 0.035948
v -0.006246 0.011523 0.033492
v -0.004966 0.011523 0.030400
v -0.004585 0.011523 0.032313
v -0.003501 0.011523 0.033935
v -0.001879 0.011523 0.035019
v 0.000034 0.011523 0.035400
v 0.001948 0.011523 0.035019
v 0.003570 0.011523 0.033935
v 0.004653 0.011523 0.032313
v 0.005034 0.011523 0.030400
v 0.004653 0.011523 0.028486
v 0.003570 0.011523 0.026864
v 0.001948 0.011523 0.025780
v 0.000034 0.011523 0.025400
v -0.001879 0.011523 0.025780
v -0.003501 0.011523 0.026864
v -0.004585 0.011523 0.028486
v 0.003584 0.011523 0.030400
v 0.002544 0.011523 0.032910
v 0.000034 0.011523 0.033950
v -0.002476 0.011523 0.032910
v -0.003516 0.011523 0.030400
v -0.002476 0.011523 0.027890
v 0.000034 0.011523 0.026850
v 0.002544 0.011523 0.027890
v 0.009034 0.007023 0.037900
v 0.008343 0.007023 0.038851
v 0.007225 0.007023 0.038488
v 0.007225 0.007023 0.037312
v 0.008343 0.007023 0.036949
v 0.009034 0.011523 0.037900
v 0.008343 0.011523 0.036949
v 0.007225 0.011523 0.037312
v 0.007225 0.011523 0.038488
v 0.008343 0.011523 0.038851
v 0.007225 0.007023 0.037312
v 0.007225 0.011523 0.037312
v -0.006149 0.007023 0.015450
v -0.009566 0.007023 0.015450
v -0.009566 0.007023 0.007066
v -0.008800 0.007023 0.006300
v 0.008868 0.007023 0.006300
v 0.009634 0.007023 0.007066
v 0.009634 0.007023 0.015450
v 0.005334 0.007023 0.015450
v 0.005334 0.007023 0.027350
v 0.009634 0.007023 0.027350
v 0.009634 0.007023 0.038734
v 0.008868 0.007023 0.039500
v -0.008800 0.007023 0.039500
v -0.009566 0.007023 0.038734
v -0.009566 0.007023 0.027279
v -0.005266 0.007023 0.027279
v -0.005266 0.007023 0.016769
v -0.005599 0.007023 0.016356
v -0.005894 0.007023 0.015915
v 0.002534 0.007023 0.030400
v 0.001593 0.007023 0.028445
v -0.000522 0.007023 0.027963
v -0.002218 0.007023 0.029315
v -0.002218 0.007023 0.031485
v -0.000522 0.007023 0.032837
v 0.001593 0.007023 0.032354
v 0.009034 0.007023 0.037900
v 0.008343 0.007023 0.036949
v 0.007225 0.007023 0.037312
v 0.007225 0.007023 0.038488
v 0.008343 0.007023 0.038851
v -0.006966 0.007023 0.037900
v -0.007657 0.007023 0.036949
v -0.008775 0.007023 0.037312
v -0.008775 0.007023 0.038488
v -0.007657 0.007023 0.038851
v 0.009034 0.007023 0.007900
v 0.008343 0.007023 0.006949
v 0.007225 0.007023 0.007312
v 0.007225 0.007023 0.008488
v 0.008343 0.007023 0.008851
v -0.006966 0.007023 0.007900
v -0.007657 0.007023 0.006949
v -0.008775 0.007023 0.007312
v -0.008775 0.007023 0.008488
v -0.007657 0.007023 0.008851
v -0.002466 0.007023 0.038900
v 0.002534 0.007023 0.038900
v 0.002534 0.007023 0.037900
v -0.002466 0.007023 0.037900
v -0.007666 0.007023 0.034900
v -0.008150 0.007023 0.034234
v -0.008932 0.007023 0.034488
v -0.008932 0.007023 0.035311
v -0.008150 0.007023 0.035566
v 0.009134 0.007023 0.034900
v 0.008650 0.007023 0.034234
v 0.007868 0.007023 0.034488
v 0.007868 0.007023 0.035311
v 0.008650 0.007023 0.035566
v 0.005634 0.007023 0.007500
v 0.005150 0.007023 0.006834
v 0.004368 0.007023 0.007088
v 0.004368 0.007023 0.007911
v 0.005150 0.007023 0.008166
v -0.007666 0.007023 0.011000
v -0.008150 0.007023 0.010334
v -0.008932 0.007023 0.010588
v -0.008932 0.007023 0.011411
v -0.008150 0.007023 0.011666
v 0.002534 0.009523 0.038900
v 0.002534 0.007023 0.038900
v -0.002466 0.007023 0.038900
v -0.002466 0.009523 0.038900
v 0.002534 0.009523 0.038900
v 0.002534 0.009523 0.039700
v 0.002534 0.011323 0.039700
v 0.002534 0.011323 0.037900
v 0.002534 0.007023 0.037900
v 0.002534 0.007023 0.038900
v -0.008966 0.011323 0.039900
v -0.002666 0.011323 0.039900
v -0.002566 0.011423 0.039800
v -0.002666 0.011523 0.039700
v -0.008883 0.011523 0.039700
v 0.002534 0.009523 0.038900
v -0.002466 0.009523 0.038900
v -0.002466 0.009523 0.039700
v 0.002534 0.009523 0.039700
v -0.004966 0.011523 0.030400
v -0.004585 0.011523 0.028486
v -0.003501 0.011523 0.026864
v -0.001879 0.011523 0.025780
v 0.000034 0.011523 0.025400
v 0.001948 0.011523 0.025780
v 0.003570 0.011523 0.026864
v 0.004653 0.011523 0.028486
v 0.005034 0.011523 0.030400
v 0.004653 0.011523 0.032313
v 0.003570 0.011523 0.033935
v 0.001948 0.011523 0.035019
v 0.000034 0.011523 0.035400
v -0.001879 0.011523 0.035019
v -0.003501 0.011523 0.033935
v -0.004585 0.011523 0.032313
v -0.004966 0.011223 0.030400
v -0.004011 0.011223 0.033339
v -0.001511 0.011223 0.035155
v 0.001579 0.011223 0.035155
v 0.004079 0.011223 0.033339
v 0.005034 0.011223 0.030400
v 0.004079 0.011223 0.027461
v 0.001579 0.011223 0.025645
v -0.001511 0.011223 0.025645
v -0.004011 0.011223 0.027461
v 0.005034 0.011223 0.030400
v 0.005034 0.011523 0.030400
v -0.002466 0.011323 0.039700
v -0.002466 0.011323 0.037900
v -0.002666 0.011523 0.037700
v -0.002666 0.011523 0.039700
v -0.002566 0.011423 0.039800
v -0.009966 0.011323 0.038900
v -0.008966 0.011323 0.039900
v -0.008883 0.011523 0.039700
v -0.009766 0.011523 0.038817
v 0.002534 0.009523 0.039700
v -0.002466 0.009523 0.039700
v -0.002666 0.009323 0.039900
v 0.002734 0.009323 0.039900
v 0.003584 0.011523 0.030400
v 0.002544 0.011523 0.027890
v 0.000034 0.011523 0.026850
v -0.002476 0.011523 0.027890
v -0.003516 0.011523 0.030400
v -0.002476 0.011523 0.032910
v 0.000034 0.011523 0.033950
v 0.002544 0.011523 0.032910
v 0.003384 0.011323 0.030400
v 0.002403 0.011323 0.032769
v 0.000034 0.011323 0.033750
v -0.002335 0.011323 0.032769
v -0.003316 0.011323 0.030400
v -0.002335 0.011323 0.028031
v 0.000034 0.011323 0.027050
v 0.002403 0.011323 0.028031
v 0.000034 0.011523 0.033950
v 0.000034 0.011323 0.033750
v -0.006966 0.011223 0.030400
v -0.005855 0.011223 0.034184
v -0.002874 0.011223 0.036767
v 0.001030 0.011223 0.037329
v 0.004618 0.011223 0.035690
v 0.006751 0.011223 0.032372
v 0.006751 0.011223 0.028428
v 0.004618 0.011223 0.025110
v 0.001030 0.011223 0.023471
v -0.002874 0.011223 0.024032
v -0.005855 0.011223 0.026615
v -0.004966 0.011223 0.030400
v -0.004011 0.011223 0.027461
v -0.001511 0.011223 0.025645
v 0.001579 0.011223 0.025645
v 0.004079 0.011223 0.027461
v 0.005034 0.011223 0.030400
v 0.004079 0.011223 0.033339
v 0.001579 0.011223 0.035155
v -0.001511 0.011223 0.035155
v -0.004011 0.011223 0.033339
v -0.006966 0.007023 0.037900
v -0.007657 0.007023 0.038851
v -0.008775 0.007023 0.038488
v -0.008775 0.007023 0.037312
v -0.007657 0.007023 0.036949
v -0.006966 0.011523 0.037900
v -0.007657 0.011523 0.036949
v -0.008775 0.011523 0.037312
v -0.008775 0.011523 0.038488
v -0.007657 0.011523 0.038851
v -0.008775 0.007023 0.037312
v -0.008775 0.011523 0.037312
v 0.002734 0.011523 0.037700
v -0.002666 0.011523 0.037700
v -0.002466 0.011323 0.037900
v 0.002534 0.011323 0.037900
v -0.002466 0.007023 0.037900
v -0.002466 0.011323 0.037900
v -0.002466 0.011323 0.039700
v -0.002466 0.009523 0.039700
v -0.002466 0.009523 0.038900
v -0.002466 0.007023 0.038900
v -0.009966 0.011323 0.026650
v -0.009966 0.011323 0.038900
v -0.009766 0.011523 0.038817
v -0.009766 0.011523 0.026850
v -0.008966 0.011323 0.039900
v -0.009966 0.011323 0.038900
v -0.009966 0.006523 0.038900
v -0.008966 0.006523 0.039900
v 0.002534 0.011323 0.039700
v 0.002534 0.009523 0.039700
v 0.002734 0.009323 0.039900
v 0.002734 0.011323 0.039900
v 0.002634 0.011423 0.039800
v -0.006149 0.007023 0.015450
v -0.006149 0.003923 0.015450
v -0.009110 0.003923 0.015450
v -0.009110 0.006523 0.015450
v -0.009566 0.006523 0.015450
v -0.009566 0.007023 0.015450
v 0.003384 0.011323 0.030400
v 0.002403 0.011323 0.028031
v 0.000034 0.011323 0.027050
v -0.002335 0.011323 0.028031
v -0.003316 0.011323 0.030400
v -0.002335 0.011323 0.032769
v 0.000034 0.011323 0.033750
v 0.002403 0.011323 0.032769
v -0.003316 0.010323 0.030400
v -0.002335 0.010323 0.028031
v 0.000034 0.010323 0.027050
v 0.002403 0.010323 0.028031
v 0.003384 0.010323 0.030400
v 0.002403 0.010323 0.032769
v 0.000034 0.010323 0.033750
v -0.002335 0.010323 0.032769
v 0.003384 0.011323 0.030400
v 0.003384 0.010323 0.030400
v -0.006966 0.011523 0.030400
v -0.006246 0.011523 0.033492
v -0.004234 0.011523 0.035948
v -0.001344 0.011523 0.037263
v 0.001830 0.011523 0.037166
v 0.004634 0.011523 0.035677
v 0.006492 0.011523 0.033102
v 0.007021 0.011523 0.029971
v 0.006113 0.011523 0.026929
v 0.005967 0.011523 0.026685
v 0.005812 0.011523 0.026448
v 0.003300 0.011523 0.024209
v 0.000034 0.011523 0.023400
v -0.003232 0.011523 0.024209
v -0.005744 0.011523 0.026448
v -0.005899 0.011523 0.026685
v -0.006045 0.011523 0.026929
v -0.006443 0.011523 0.027744
v -0.006732 0.011523 0.028604
v -0.006907 0.011523 0.029494
v -0.006966 0.011223 0.030400
v -0.005855 0.011223 0.026615
v -0.002874 0.011223 0.024032
v 0.001030 0.011223 0.023471
v 0.004618 0.011223 0.025110
v 0.006751 0.011223 0.028428
v 0.006751 0.011223 0.032372
v 0.004618 0.011223 0.035690
v 0.001030 0.011223 0.037329
v -0.002874 0.011223 0.036767
v -0.005855 0.011223 0.034184
v 0.007021 0.011523 0.029971
v 0.006751 0.011223 0.028428
v 0.009034 0.007023 0.007900
v 0.008343 0.007023 0.008851
v 0.007225 0.007023 0.008488
v 0.007225 0.007023 0.007312
v 0.008343 0.007023 0.006949
v 0.009034 0.011523 0.007900
v 0.008343 0.011523 0.006949
v 0.007225 0.011523 0.007312
v 0.007225 0.011523 0.008488
v 0.008343 0.011523 0.008851
v 0.007225 0.007023 0.007312
v 0.007225 0.011523 0.007312
v 0.002734 0.011523 0.039700
v 0.002734 0.011523 0.037700
v 0.002534 0.011323 0.037900
v 0.002534 0.011323 0.039700
v 0.002634 0.011423 0.039800
v -0.002666 0.011323 0.039900
v -0.002666 0.009323 0.039900
v -0.002466 0.009523 0.039700
v -0.002466 0.011323 0.039700
v -0.002566 0.011423 0.039800
v 0.002534 0.007023 0.037900
v 0.002534 0.011323 0.037900
v -0.002466 0.011323 0.037900
v -0.002466 0.007023 0.037900
v -0.009766 0.011523 0.026850
v -0.006183 0.011523 0.026850
v -0.006266 0.011323 0.026650
v -0.009966 0.011323 0.026650
v -0.009966 0.011323 0.038900
v -0.009966 0.011323 0.026650
v -0.009966 0.006523 0.026650
v -0.009966 0.006523 0.038900
v -0.009410 0.006523 0.015750
v -0.009410 0.006523 0.016150
v -0.009966 0.006523 0.016150
v -0.009966 0.006523 0.006900
v -0.008966 0.006523 0.005900
v 0.009034 0.006523 0.005900
v 0.010034 0.006523 0.006900
v 0.010034 0.006523 0.016150
v 0.009534 0.006523 0.016150
v 0.009534 0.006523 0.015750
v 0.009234 0.006523 0.015450
v 0.009634 0.006523 0.015450
v 0.009634 0.006523 0.007066
v 0.008868 0.006523 0.006300
v -0.008800 0.006523 0.006300
v -0.009566 0.006523 0.007066
v -0.009566 0.006523 0.015450
v -0.009110 0.006523 0.015450
v -0.002666 0.011323 0.039900
v -0.008966 0.011323 0.039900
v -0.008966 0.006523 0.039900
v 0.009034 0.006523 0.039900
v 0.009034 0.011323 0.039900
v 0.002734 0.011323 0.039900
v 0.002734 0.009323 0.039900
v -0.002666 0.009323 0.039900
v 0.002534 0.007023 0.030400
v 0.001593 0.007023 0.032354
v -0.000522 0.007023 0.032837
v -0.002218 0.007023 0.031485
v -0.002218 0.007023 0.029315
v -0.000522 0.007023 0.027963
v 0.001593 0.007023 0.028445
v 0.002534 0.005523 0.030400
v 0.001593 0.005523 0.028445
v -0.000522 0.005523 0.027963
v -0.002218 0.005523 0.029315
v -0.002218 0.005523 0.031485
v -0.000522 0.005523 0.032837
v 0.001593 0.005523 0.032354
v -0.002218 0.007023 0.029315
v -0.002218 0.005523 0.029315
v -0.009566 0.007023 0.015450
v -0.009566 0.006523 0.015450
v -0.009566 0.006523 0.007066
v -0.009566 0.007023 0.007066
v -0.006149 0.007023 0.015450
v -0.005894 0.007023 0.015915
v -0.005599 0.007023 0.016356
v -0.005266 0.007023 0.016769
v -0.005266 0.003923 0.016769
v -0.005599 0.003923 0.016356
v -0.005894 0.003923 0.015915
v -0.006149 0.003923 0.015450
v -0.003316 0.010323 0.030400
v -0.002335 0.010323 0.032769
v 0.000034 0.010323 0.033750
v 0.002403 0.010323 0.032769
v 0.003384 0.010323 0.030400
v 0.002403 0.010323 0.028031
v 0.000034 0.010323 0.027050
v -0.002335 0.010323 0.028031
v 0.002834 0.010323 0.030400
v 0.001780 0.010323 0.032589
v -0.000589 0.010323 0.033130
v -0.002489 0.010323 0.031615
v -0.002489 0.010323 0.029185
v -0.000589 0.010323 0.027670
v 0.001780 0.010323 0.028211
v -0.006966 0.007023 0.007900
v -0.007657 0.007023 0.008851
v -0.008775 0.007023 0.008488
v -0.008775 0.007023 0.007312
v -0.007657 0.007023 0.006949
v -0.006966 0.011523 0.007900
v -0.007657 0.011523 0.006949
v -0.008775 0.011523 0.007312
v -0.008775 0.011523 0.008488
v -0.007657 0.011523 0.008851
v -0.008775 0.007023 0.007312
v -0.008775 0.011523 0.007312
v 0.002734 0.011323 0.039900
v 0.009034 0.011323 0.039900
v 0.008951 0.011523 0.039700
v 0.002734 0.011523 0.039700
v 0.002634 0.011423 0.039800
v -0.006183 0.011523 0.026850
v -0.005766 0.011523 0.026433
v -0.005966 0.011323 0.026350
v -0.006266 0.011323 0.026650
v -0.009966 0.011323 0.016150
v -0.009966 0.011323 0.006900
v -0.009966 0.006523 0.006900
v -0.009966 0.006523 0.016150
v 0.009534 0.006523 0.027050
v 0.009534 0.006523 0.026650
v 0.010034 0.006523 0.026650
v 0.010034 0.006523 0.038900
v 0.009034 0.006523 0.039900
v -0.008966 0.006523 0.039900
v -0.009966 0.006523 0.038900
v -0.009966 0.006523 0.026650
v -0.009166 0.006523 0.026650
v -0.009466 0.006523 0.026950
v -0.009466 0.006523 0.027279
v -0.009566 0.006523 0.027279
v -0.009566 0.006523 0.038734
v -0.008800 0.006523 0.039500
v 0.008868 0.006523 0.039500
v 0.009634 0.006523 0.038734
v 0.009634 0.006523 0.027350
v 0.009234 0.006523 0.027350
v 0.002534 0.005523 0.030400
v 0.001593 0.005523 0.032354
v -0.000522 0.005523 0.032837
v -0.002218 0.005523 0.031485
v -0.002218 0.005523 0.029315
v -0.000522 0.005523 0.027963
v 0.001593 0.005523 0.028445
v -0.008800 0.007023 0.006300
v -0.009566 0.007023 0.007066
v -0.009566 0.006523 0.007066
v -0.008800 0.006523 0.006300
v -0.005266 0.007023 0.016769
v -0.005266 0.007023 0.027279
v -0.005266 0.003923 0.027279
v -0.005266 0.003923 0.016769
v 0.002834 0.010323 0.030400
v 0.001780 0.010323 0.028211
v -0.000589 0.010323 0.027670
v -0.002489 0.010323 0.029185
v -0.002489 0.010323 0.031615
v -0.000589 0.010323 0.033130
v 0.001780 0.010323 0.032589
v 0.002634 0.010123 0.030400
v 0.001655 0.010123 0.032433
v -0.000544 0.010123 0.032935
v -0.002308 0.010123 0.031528
v -0.002308 0.010123 0.029272
v -0.000544 0.010123 0.027865
v 0.001655 0.010123 0.028367
v 0.001655 0.010123 0.032433
v 0.001780 0.010323 0.032589
v -0.007666 0.007023 0.034900
v -0.008150 0.007023 0.035566
v -0.008932 0.007023 0.035311
v -0.008932 0.007023 0.034488
v -0.008150 0.007023 0.034234
v -0.007666 0.010823 0.034900
v -0.008150 0.010823 0.034234
v -0.008932 0.010823 0.034488
v -0.008932 0.010823 0.035311
v -0.008150 0.010823 0.035566
v -0.008932 0.007023 0.034488
v -0.008932 0.010823 0.034488
v 0.009834 0.011523 0.038817
v 0.008951 0.011523 0.039700
v 0.009034 0.011323 0.039900
v 0.010034 0.011323 0.038900
v -0.005966 0.011323 0.016450
v -0.005966 0.011323 0.026350
v -0.005766 0.011523 0.026433
v -0.005766 0.011523 0.016367
v -0.006266 0.009223 0.026650
v -0.005966 0.009523 0.026350
v -0.005966 0.009523 0.025150
v -0.006466 0.009023 0.025150
v -0.006466 0.009023 0.026650
v -0.009966 0.011323 0.006900
v -0.009966 0.011323 0.016150
v -0.009766 0.011523 0.015950
v -0.009766 0.011523 0.006983
v -0.009410 0.006523 0.015750
v -0.009410 0.003923 0.015750
v -0.009410 0.003923 0.016150
v -0.009410 0.006523 0.016150
v 0.008868 0.007023 0.006300
v -0.008800 0.007023 0.006300
v -0.008800 0.006523 0.006300
v 0.008868 0.006523 0.006300
v -0.009466 0.006523 0.027279
v -0.009466 0.003923 0.027279
v -0.005266 0.003923 0.027279
v -0.005266 0.007023 0.027279
v -0.009566 0.007023 0.027279
v -0.009566 0.006523 0.027279
v -0.009466 0.003923 0.026950
v -0.009166 0.003923 0.026650
v -0.006266 0.003923 0.026650
v -0.005966 0.003923 0.026350
v -0.005966 0.003923 0.016450
v -0.006266 0.003923 0.016150
v -0.009410 0.003923 0.016150
v -0.009410 0.003923 0.015750
v -0.009110 0.003923 0.015450
v -0.006149 0.003923 0.015450
v -0.005894 0.003923 0.015915
v -0.005599 0.003923 0.016356
v -0.005266 0.003923 0.016769
v -0.005266 0.003923 0.027279
v -0.009466 0.003923 0.027279
v 0.002634 0.010123 0.030400
v 0.001655 0.010123 0.028367
v -0.000544 0.010123 0.027865
v -0.002308 0.010123 0.029272
v -0.002308 0.010123 0.031528
v -0.000544 0.010123 0.032935
v 0.001655 0.010123 0.032433
v -0.002566 0.009723 0.030400
v -0.001587 0.009723 0.028367
v 0.000613 0.009723 0.027865
v 0.002377 0.009723 0.029272
v 0.002377 0.009723 0.031528
v 0.000613 0.009723 0.032935
v -0.001587 0.009723 0.032433
v 0.002377 0.009723 0.029272
v 0.002634 0.010123 0.030400
v -0.007666 0.010823 0.034900
v -0.008150 0.010823 0.035566
v -0.008932 0.010823 0.035311
v -0.008932 0.010823 0.034488
v -0.008150 0.010823 0.034234
v 0.010034 0.011323 0.038900
v 0.010034 0.011323 0.026650
v 0.009834 0.011523 0.026850
v 0.009834 0.011523 0.038817
v 0.010034 0.011323 0.038900
v 0.009034 0.011323 0.039900
v 0.009034 0.006523 0.039900
v 0.010034 0.006523 0.038900
v -0.005766 0.011523 0.016367
v -0.006183 0.011523 0.015950
v -0.006266 0.011323 0.016150
v -0.005966 0.011323 0.016450
v -0.005966 0.011323 0.026350
v -0.005966 0.011323 0.016450
v -0.005966 0.009523 0.016450
v -0.005966 0.009523 0.017650
v -0.005966 0.008423 0.017650
v -0.005966 0.008423 0.016450
v -0.005966 0.003923 0.016450
v -0.005966 0.003923 0.026350
v -0.005966 0.008423 0.026350
v -0.005966 0.008423 0.025150
v -0.005966 0.009523 0.025150
v -0.005966 0.009523 0.026350
v -0.006466 0.009023 0.026650
v -0.006466 0.009023 0.025150
v -0.006466 0.008423 0.025150
v -0.006466 0.008423 0.026650
v -0.009966 0.011323 0.026650
v -0.006266 0.011323 0.026650
v -0.006266 0.009223 0.026650
v -0.006466 0.009023 0.026650
v -0.006466 0.008423 0.026650
v -0.006266 0.008423 0.026650
v -0.006266 0.003923 0.026650
v -0.009166 0.003923 0.026650
v -0.009166 0.006523 0.026650
v -0.009966 0.006523 0.026650
v -0.009766 0.011523 0.006983
v -0.008883 0.011523 0.006100
v -0.008966 0.011323 0.005900
v -0.009966 0.011323 0.006900
v -0.009410 0.003923 0.015750
v -0.009410 0.006523 0.015750
v -0.009110 0.006523 0.015450
v -0.009110 0.003923 0.015450
v 0.009634 0.007023 0.007066
v 0.008868 0.007023 0.006300
v 0.008868 0.006523 0.006300
v 0.009634 0.006523 0.007066
v -0.009566 0.006523 0.027279
v -0.009566 0.007023 0.027279
v -0.009566 0.007023 0.038734
v -0.009566 0.006523 0.038734
v -0.009466 0.006523 0.026950
v -0.009466 0.003923 0.026950
v -0.009466 0.003923 0.027279
v -0.009466 0.006523 0.027279
v 0.009234 0.003923 0.015450
v 0.009234 0.006523 0.015450
v 0.009534 0.006523 0.015750
v 0.009534 0.003923 0.015750
v -0.002566 0.009723 0.030400
v -0.001587 0.009723 0.032433
v 0.000613 0.009723 0.032935
v 0.002377 0.009723 0.031528
v 0.002377 0.009723 0.029272
v 0.000613 0.009723 0.027865
v -0.001587 0.009723 0.028367
v 0.001334 0.009723 0.030400
v 0.000436 0.009723 0.031636
v -0.001018 0.009723 0.031164
v -0.001018 0.009723 0.029636
v 0.000436 0.009723 0.029164
v 0.009134 0.010823 0.034900
v 0.008650 0.010823 0.035566
v 0.007868 0.010823 0.035311
v 0.007868 0.010823 0.034488
v 0.008650 0.010823 0.034234
v 0.010034 0.011323 0.026650
v 0.006334 0.011323 0.026650
v 0.006251 0.011523 0.026850
v 0.009834 0.011523 0.026850
v 0.009534 0.006523 0.027050
v 0.009534 0.003923 0.027050
v 0.009534 0.003923 0.026650
v 0.009534 0.006523 0.026650
v -0.009966 0.011323 0.016150
v -0.006266 0.011323 0.016150
v -0.006183 0.011523 0.015950
v -0.009766 0.011523 0.015950
v -0.006266 0.011323 0.026650
v -0.005966 0.011323 0.026350
v -0.005966 0.009523 0.026350
v -0.006266 0.009223 0.026650
v -0.006466 0.009023 0.017650
v -0.006466 0.009023 0.016150
v -0.006466 0.008423 0.016150
v -0.006466 0.008423 0.017650
v -0.009966 0.011323 0.006900
v -0.008966 0.011323 0.005900
v -0.008966 0.006523 0.005900
v -0.009966 0.006523 0.006900
v 0.009234 0.003923 0.015450
v 0.009534 0.003923 0.015750
v 0.009534 0.003923 0.016150
v 0.006334 0.003923 0.016150
v 0.006034 0.003923 0.016450
v 0.006034 0.003923 0.026350
v 0.006334 0.003923 0.026650
v 0.009534 0.003923 0.026650
v 0.009534 0.003923 0.027050
v 0.009234 0.003923 0.027350
v 0.005334 0.003923 0.027350
v 0.005334 0.003923 0.015450
v 0.009634 0.006523 0.015450
v 0.009634 0.007023 0.015450
v 0.009634 0.007023 0.007066
v 0.009634 0.006523 0.007066
v -0.009566 0.007023 0.038734
v -0.008800 0.007023 0.039500
v -0.008800 0.006523 0.039500
v -0.009566 0.006523 0.038734
v 0.006334 0.009223 0.016150
v 0.006034 0.009523 0.016450
v 0.006034 0.009523 0.017650
v 0.006534 0.009023 0.017650
v 0.006534 0.009023 0.016150
v -0.009466 0.003923 0.026950
v -0.009466 0.006523 0.026950
v -0.009166 0.006523 0.026650
v -0.009166 0.003923 0.026650
v 0.009234 0.006523 0.015450
v 0.009234 0.003923 0.015450
v 0.005334 0.003923 0.015450
v 0.005334 0.007023 0.015450
v 0.009634 0.007023 0.015450
v 0.009634 0.006523 0.015450
v 0.001334 0.009723 0.030400
v 0.000436 0.009723 0.029164
v -0.001018 0.009723 0.029636
v -0.001018 0.009723 0.031164
v 0.000436 0.009723 0.031636
v 0.001134 0.009523 0.030400
v 0.000374 0.009523 0.031446
v -0.000856 0.009523 0.031046
v -0.000856 0.009523 0.029753
v 0.000374 0.009523 0.029354
v 0.000374 0.009523 0.031446
v 0.000436 0.009723 0.031636
v 0.005634 0.010823 0.007500
v 0.005150 0.010823 0.008166
v 0.004368 0.010823 0.007911
v 0.004368 0.010823 0.007088
v 0.005150 0.010823 0.006834
v 0.005834 0.011523 0.026433
v 0.006251 0.011523 0.026850
v 0.006334 0.011323 0.026650
v 0.006034 0.011323 0.026350
v 0.009534 0.003923 0.027050
v 0.009534 0.006523 0.027050
v 0.009234 0.006523 0.027350
v 0.009234 0.003923 0.027350
v -0.006266 0.011323 0.016150
v -0.009966 0.011323 0.016150
v -0.009966 0.006523 0.016150
v -0.009410 0.006523 0.016150
v -0.009410 0.003923 0.016150
v -0.006266 0.003923 0.016150
v -0.006266 0.008423 0.016150
v -0.006466 0.008423 0.016150
v -0.006466 0.009023 0.016150
v -0.006266 0.009223 0.016150
v -0.005966 0.008423 0.026350
v -0.006266 0.008423 0.026650
v -0.006466 0.008423 0.026650
v -0.006466 0.008423 0.025150
v -0.005966 0.008423 0.025150
v -0.008966 0.011323 0.005900
v 0.009034 0.011323 0.005900
v 0.009034 0.006523 0.005900
v -0.008966 0.006523 0.005900
v -0.008800 0.007023 0.039500
v 0.008868 0.007023 0.039500
v 0.008868 0.006523 0.039500
v -0.008800 0.006523 0.039500
v 0.006334 0.011323 0.016150
v 0.006034 0.011323 0.016450
v 0.006034 0.009523 0.016450
v 0.006334 0.009223 0.016150
v 0.001134 0.009523 0.030400
v 0.000374 0.009523 0.029354
v -0.000856 0.009523 0.029753
v -0.000856 0.009523 0.031046
v 0.000374 0.009523 0.031446
v -0.001066 0.006323 0.030400
v -0.000306 0.006323 0.029354
v 0.000924 0.006323 0.029753
v 0.000924 0.006323 0.031046
v -0.000306 0.006323 0.031446
v 0.000924 0.006323 0.029753
v 0.001134 0.009523 0.030400
v -0.007666 0.010823 0.011000
v -0.008150 0.010823 0.011666
v -0.008932 0.010823 0.011411
v -0.008932 0.010823 0.010588
v -0.008150 0.010823 0.010334
v 0.006034 0.011323 0.026350
v 0.006034 0.011323 0.016450
v 0.005834 0.011523 0.016367
v 0.005834 0.011523 0.026433
v 0.006034 0.011323 0.026350
v 0.006334 0.011323 0.026650
v 0.006334 0.009223 0.026650
v 0.006034 0.009523 0.026350
v 0.010034 0.011323 0.026650
v 0.010034 0.011323 0.038900
v 0.010034 0.006523 0.038900
v 0.010034 0.006523 0.026650
v 0.009234 0.003923 0.027350
v 0.009234 0.006523 0.027350
v 0.009634 0.006523 0.027350
v 0.009634 0.007023 0.027350
v 0.005334 0.007023 0.027350
v 0.005334 0.003923 0.027350
v -0.005966 0.011323 0.016450
v -0.006266 0.011323 0.016150
v -0.006266 0.009223 0.016150
v -0.005966 0.009523 0.016450
v -0.005966 0.008423 0.026350
v -0.005966 0.003923 0.026350
v -0.006266 0.003923 0.026650
v -0.006266 0.008423 0.026650
v 0.009034 0.011323 0.005900
v -0.008966 0.011323 0.005900
v -0.008883 0.011523 0.006100
v 0.008951 0.011523 0.006100
v 0.009134 0.007023 0.034900
v 0.008650 0.007023 0.035566
v 0.007868 0.007023 0.035311
v 0.007868 0.007023 0.034488
v 0.008650 0.007023 0.034234
v 0.009134 0.010823 0.034900
v 0.008650 0.010823 0.034234
v 0.007868 0.010823 0.034488
v 0.007868 0.010823 0.035311
v 0.008650 0.010823 0.035566
v 0.007868 0.007023 0.034488
v 0.007868 0.010823 0.034488
v 0.005334 0.007023 0.027350
v 0.005334 0.007023 0.015450
v 0.005334 0.003923 0.015450
v 0.005334 0.003923 0.027350
v 0.008868 0.007023 0.039500
v 0.009634 0.007023 0.038734
v 0.009634 0.006523 0.038734
v 0.008868 0.006523 0.039500
v 0.006251 0.011523 0.015950
v 0.005834 0.011523 0.016367
v 0.006034 0.011323 0.016450
v 0.006334 0.011323 0.016150
v -0.001066 0.006323 0.030400
v -0.000306 0.006323 0.031446
v 0.000924 0.006323 0.031046
v 0.000924 0.006323 0.029753
v -0.000306 0.006323 0.029354
v 0.006034 0.009523 0.026350
v 0.006334 0.009223 0.026650
v 0.006534 0.009023 0.026650
v 0.006534 0.009023 0.025150
v 0.006034 0.009523 0.025150
v 0.006334 0.011323 0.026650
v 0.010034 0.011323 0.026650
v 0.010034 0.006523 0.026650
v 0.009534 0.006523 0.026650
v 0.009534 0.003923 0.026650
v 0.006334 0.003923 0.026650
v 0.006334 0.008423 0.026650
v 0.006534 0.008423 0.026650
v 0.006534 0.009023 0.026650
v 0.006334 0.009223 0.026650
v 0.010034 0.011323 0.016150
v 0.010034 0.011323 0.006900
v 0.009834 0.011523 0.006983
v 0.009834 0.011523 0.015950
v -0.005966 0.009523 0.025150
v -0.005966 0.008423 0.025150
v -0.006466 0.008423 0.025150
v -0.006466 0.009023 0.025150
v 0.008951 0.011523 0.006100
v 0.009834 0.011523 0.006983
v 0.010034 0.011323 0.006900
v 0.009034 0.011323 0.005900
v 0.005634 0.007023 0.007500
v 0.005150 0.007023 0.008166
v 0.004368 0.007023 0.007911
v 0.004368 0.007023 0.007088
v 0.005150 0.007023 0.006834
v 0.005634 0.010823 0.007500
v 0.005150 0.010823 0.006834
v 0.004368 0.010823 0.007088
v 0.004368 0.010823 0.007911
v 0.005150 0.010823 0.008166
v 0.004368 0.007023 0.007088
v 0.004368 0.010823 0.007088
v 0.009634 0.007023 0.027350
v 0.009634 0.006523 0.027350
v 0.009634 0.006523 0.038734
v 0.009634 0.007023 0.038734
v 0.006034 0.009523 0.017650
v 0.006034 0.008423 0.017650
v 0.006534 0.008423 0.017650
v 0.006534 0.009023 0.017650
v -0.006266 0.008423 0.016150
v -0.006266 0.003923 0.016150
v -0.005966 0.003923 0.016450
v -0.005966 0.008423 0.016450
v 0.009834 0.011523 0.015950
v 0.006251 0.011523 0.015950
v 0.006334 0.011323 0.016150
v 0.010034 0.011323 0.016150
v 0.006534 0.009023 0.025150
v 0.006534 0.008423 0.025150
v 0.006034 0.008423 0.025150
v 0.006034 0.009523 0.025150
v -0.005966 0.009523 0.016450
v -0.006266 0.009223 0.016150
v -0.006466 0.009023 0.016150
v -0.006466 0.009023 0.017650
v -0.005966 0.009523 0.017650
v 0.009034 0.011323 0.005900
v 0.010034 0.011323 0.006900
v 0.010034 0.006523 0.006900
v 0.009034 0.006523 0.005900
v -0.007666 0.007023 0.011000
v -0.008150 0.007023 0.011666
v -0.008932 0.007023 0.011411
v -0.008932 0.007023 0.010588
v -0.008150 0.007023 0.010334
v -0.007666 0.010823 0.011000
v -0.008150 0.010823 0.010334
v -0.008932 0.010823 0.010588
v -0.008932 0.010823 0.011411
v -0.008150 0.010823 0.011666
v -0.008932 0.007023 0.010588
v -0.008932 0.010823 0.010588
v 0.006034 0.008423 0.016450
v 0.006334 0.008423 0.016150
v 0.006534 0.008423 0.016150
v 0.006534 0.008423 0.017650
v 0.006034 0.008423 0.017650
v 0.010034 0.011323 0.016150
v 0.006334 0.011323 0.016150
v 0.006334 0.009223 0.016150
v 0.006534 0.009023 0.016150
v 0.006534 0.008423 0.016150
v 0.006334 0.008423 0.016150
v 0.006334 0.003923 0.016150
v 0.009534 0.003923 0.016150
v 0.009534 0.006523 0.016150
v 0.010034 0.006523 0.016150
v 0.006034 0.011323 0.016450
v 0.006034 0.011323 0.026350
v 0.006034 0.009523 0.026350
v 0.006034 0.009523 0.025150
v 0.006034 0.008423 0.025150
v 0.006034 0.008423 0.026350
v 0.006034 0.003923 0.026350
v 0.006034 0.003923 0.016450
v 0.006034 0.008423 0.016450
v 0.006034 0.008423 0.017650
v 0.006034 0.009523 0.017650
v 0.006034 0.009523 0.016450
v 0.006534 0.009023 0.025150
v 0.006534 0.009023 0.026650
v 0.006534 0.008423 0.026650
v 0.006534 0.008423 0.025150
v -0.006466 0.009023 0.017650
v -0.006466 0.008423 0.017650
v -0.005966 0.008423 0.017650
v -0.005966 0.009523 0.017650
v 0.010034 0.011323 0.006900
v 0.010034 0.011323 0.016150
v 0.010034 0.006523 0.016150
v 0.010034 0.006523 0.006900
v -0.006266 0.008423 0.016150
v -0.005966 0.008423 0.016450
v -0.005966 0.008423 0.017650
v -0.006466 0.008423 0.017650
v -0.006466 0.008423 0.016150
v 0.009534 0.003923 0.015750
v 0.009534 0.006523 0.015750
v 0.009534 0.006523 0.016150
v 0.009534 0.003923 0.016150
v 0.006534 0.009023 0.016150
v 0.006534 0.009023 0.017650
v 0.006534 0.008423 0.017650
v 0.006534 0.008423 0.016150
v 0.006034 0.008423 0.016450
v 0.006034 0.003923 0.016450
v 0.006334 0.003923 0.016150
v 0.006334 0.008423 0.016150
v 0.006334 0.008423 0.026650
v 0.006034 0.008423 0.026350
v 0.006034 0.008423 0.025150
v 0.006534 0.008423 0.025150
v 0.006534 0.008423 0.026650
v 0.006334 0.008423 0.026650
v 0.006334 0.003923 0.026650
v 0.006034 0.003923 0.026350
v 0.006034 0.008423 0.026350
v 0.002534 0.009623 0.039700
v -0.002466 0.009623 0.039700
v -0.002466 0.009623 0.038900
v 0.002534 0.009623 0.038900
v -0.002466 0.009823 0.039900
v -0.002466 0.009623 0.039700
v 0.002534 0.009623 0.039700
v 0.002534 0.009823 0.039900
v -0.002466 0.007023 0.038006
v -0.002466 0.007023 0.038900
v -0.002466 0.009623 0.038900
v -0.002466 0.009623 0.039700
v -0.002466 0.009823 0.039900
v -0.002466 0.011323 0.039900
v -0.002466 0.011523 0.039700
v -0.002466 0.011523 0.037900
v -0.002466 0.007624 0.037900
v -0.002466 0.007023 0.038900
v -0.002466 0.007023 0.038006
v 0.002534 0.007023 0.038006
v 0.002534 0.007023 0.038900
v -0.002466 0.007023 0.038900
v 0.002534 0.007023 0.038900
v 0.002534 0.009623 0.038900
v -0.002466 0.009623 0.038900
v 0.002534 0.007023 0.038900
v 0.002534 0.007023 0.038006
v 0.002534 0.007624 0.037900
v 0.002534 0.011523 0.037900
v 0.002534 0.011523 0.039700
v 0.002534 0.011323 0.039900
v 0.002534 0.009823 0.039900
v 0.002534 0.009623 0.039700
v 0.002534 0.009623 0.038900
v 0.002534 0.011323 0.039900
v -0.002466 0.011323 0.039900
v -0.002466 0.009823 0.039900
v 0.002534 0.009823 0.039900
v 0.002534 0.011323 0.039900
v 0.002534 0.011523 0.039700
v -0.002466 0.011523 0.039700
v -0.002466 0.011323 0.039900
v -0.002466 0.011523 0.039700
v 0.002534 0.011523 0.039700
v 0.002534 0.011523 0.037900
v -0.002466 0.011523 0.037900
v 0.002534 0.007023 0.038006
v -0.002466 0.007023 0.038006
v -0.002466 0.007624 0.037900
v 0.002534 0.007624 0.037900
v 0.002534 0.007624 0.037900
v -0.002466 0.007624 0.037900
v -0.002466 0.011523 0.037900
v 0.002534 0.011523 0.037900
v 0.007734 0.010523 0.034900
v 0.008218 0.010523 0.035566
v 0.009000 0.010523 0.035311
v 0.009000 0.010523 0.034488
v 0.008218 0.010523 0.034234
v 0.007734 0.010523 0.034900
v 0.008218 0.010523 0.034234
v 0.009000 0.010523 0.034488
v 0.009000 0.010523 0.035311
v 0.008218 0.010523 0.035566
v 0.007584 0.010373 0.034900
v 0.008171 0.010373 0.035708
v 0.009122 0.010373 0.035400
v 0.009122 0.010373 0.034400
v 0.008171 0.010373 0.034091
v 0.009000 0.010523 0.035311
v 0.009122 0.010373 0.035400
v 0.007584 0.006523 0.034900
v 0.008109 0.006523 0.035685
v 0.009035 0.006523 0.035501
v 0.009219 0.006523 0.034575
v 0.008434 0.006523 0.034050
v 0.007833 0.006523 0.034299
v 0.007584 0.010373 0.034900
v 0.008171 0.010373 0.034091
v 0.009122 0.010373 0.034400
v 0.009122 0.010373 0.035400
v 0.008171 0.010373 0.035708
v 0.007584 0.006523 0.034900
v 0.007584 0.010373 0.034900
v 0.007584 0.006523 0.034900
v 0.007833 0.006523 0.034299
v 0.008434 0.006523 0.034050
v 0.009219 0.006523 0.034575
v 0.009035 0.006523 0.035501
v 0.008109 0.006523 0.035685
v 0.008434 0.006523 0.034200
v 0.008166 0.006523 0.034253
v 0.007939 0.006523 0.034405
v 0.007787 0.006523 0.034632
v 0.007734 0.006523 0.034900
v 0.008166 0.006523 0.035547
v 0.008929 0.006523 0.035395
v 0.009081 0.006523 0.034632
v 0.008434 -0.009977 0.034200
v 0.007768 -0.009977 0.034684
v 0.008023 -0.009977 0.035466
v 0.008846 -0.009977 0.035466
v 0.009100 -0.009977 0.034684
v 0.008434 0.006523 0.034200
v 0.009081 0.006523 0.034632
v 0.008929 0.006523 0.035395
v 0.008166 0.006523 0.035547
v 0.007734 0.006523 0.034900
v 0.007787 0.006523 0.034632
v 0.007939 0.006523 0.034405
v 0.008166 0.006523 0.034253
v 0.008434 -0.009977 0.034200
v 0.008434 0.006523 0.034200
v 0.009701 -0.009977 0.034900
v 0.008826 -0.009977 0.033695
v 0.007409 -0.009977 0.034155
v 0.007409 -0.009977 0.035645
v 0.008826 -0.009977 0.036105
v 0.008434 -0.009977 0.034200
v 0.009100 -0.009977 0.034684
v 0.008846 -0.009977 0.035466
v 0.008023 -0.009977 0.035466
v 0.007768 -0.009977 0.034684
v 0.009701 -0.009977 0.034900
v 0.008826 -0.009977 0.036105
v 0.007409 -0.009977 0.035645
v 0.007409 -0.009977 0.034155
v 0.008826 -0.009977 0.033695
v 0.009701 -0.010876 0.034900
v 0.009399 -0.010876 0.034079
v 0.008637 -0.010876 0.033649
v 0.008434 -0.010876 0.033633
v 0.008231 -0.010876 0.033649
v 0.007538 -0.010876 0.034004
v 0.007184 -0.010876 0.034697
v 0.007167 -0.010876 0.034900
v 0.007184 -0.010876 0.035103
v 0.007538 -0.010876 0.035796
v 0.008231 -0.010876 0.036150
v 0.008434 -0.010876 0.036167
v 0.008637 -0.010876 0.036150
v 0.009056 -0.010876 0.036004
v 0.009399 -0.010876 0.035721
v 0.009623 -0.010876 0.035337
v 0.007167 -0.010876 0.034900
v 0.006934 -0.010426 0.034900
v 0.009648 -0.010426 0.034018
v 0.009648 -0.010426 0.035782
v 0.007971 -0.010426 0.036326
v 0.006934 -0.010426 0.034900
v 0.007971 -0.010426 0.033473
v 0.007409 -0.009977 0.035645
v 0.009520 -0.010982 0.035076
v 0.009533 -0.010982 0.034959
v 0.009533 -0.010982 0.034841
v 0.009520 -0.010982 0.034724
v 0.009364 -0.011063 0.034724
v 0.009202 -0.011131 0.034724
v 0.009035 -0.011186 0.034724
v 0.008735 -0.011236 0.034599
v 0.008610 -0.011186 0.034299
v 0.008610 -0.011131 0.034132
v 0.008610 -0.011063 0.033970
v 0.008610 -0.010982 0.033814
v 0.008493 -0.010982 0.033801
v 0.008375 -0.010982 0.033801
v 0.008258 -0.010982 0.033814
v 0.008258 -0.011063 0.033970
v 0.008258 -0.011131 0.034132
v 0.008258 -0.011186 0.034299
v 0.008134 -0.011236 0.034599
v 0.007833 -0.011186 0.034724
v 0.007666 -0.011131 0.034724
v 0.007504 -0.011063 0.034724
v 0.007348 -0.010982 0.034724
v 0.007336 -0.010982 0.034841
v 0.007336 -0.010982 0.034959
v 0.007348 -0.010982 0.035076
v 0.007504 -0.011063 0.035076
v 0.007666 -0.011131 0.035076
v 0.007833 -0.011186 0.035076
v 0.008134 -0.011236 0.035200
v 0.008258 -0.011186 0.035501
v 0.008258 -0.011131 0.035668
v 0.008258 -0.011063 0.035830
v 0.008258 -0.010982 0.035986
v 0.008375 -0.010982 0.035998
v 0.008493 -0.010982 0.035998
v 0.008610 -0.010982 0.035986
v 0.008610 -0.011063 0.035830
v 0.008610 -0.011131 0.035668
v 0.008610 -0.011186 0.035501
v 0.008735 -0.011236 0.035200
v 0.009035 -0.011186 0.035076
v 0.009202 -0.011131 0.035076
v 0.009364 -0.011063 0.035076
v 0.009701 -0.010876 0.034900
v 0.009623 -0.010876 0.035337
v 0.009399 -0.010876 0.035721
v 0.009056 -0.010876 0.036004
v 0.008637 -0.010876 0.036150
v 0.008434 -0.010876 0.036167
v 0.008231 -0.010876 0.036150
v 0.007538 -0.010876 0.035796
v 0.007184 -0.010876 0.035103
v 0.007167 -0.010876 0.034900
v 0.007184 -0.010876 0.034697
v 0.007538 -0.010876 0.034004
v 0.008231 -0.010876 0.033649
v 0.008434 -0.010876 0.033633
v 0.008637 -0.010876 0.033649
v 0.009399 -0.010876 0.034079
v 0.007336 -0.010982 0.034841
v 0.007167 -0.010876 0.034900
v 0.009520 -0.010982 0.034724
v 0.009533 -0.010982 0.034841
v 0.009533 -0.010982 0.034959
v 0.009520 -0.010982 0.035076
v 0.009520 -0.010627 0.035076
v 0.009533 -0.010627 0.034959
v 0.009533 -0.010627 0.034841
v 0.009520 -0.010627 0.034724
v 0.009520 -0.010982 0.035076
v 0.009364 -0.011063 0.035076
v 0.009202 -0.011131 0.035076
v 0.009035 -0.011186 0.035076
v 0.009035 -0.010627 0.035076
v 0.009520 -0.010627 0.035076
v 0.009520 -0.010627 0.035076
v 0.009035 -0.010627 0.035076
v 0.008823 -0.010627 0.035133
v 0.008667 -0.010627 0.035288
v 0.008610 -0.010627 0.035501
v 0.008610 -0.010627 0.035986
v 0.008493 -0.010627 0.035998
v 0.008375 -0.010627 0.035998
v 0.008258 -0.010627 0.035986
v 0.008258 -0.010627 0.035501
v 0.008201 -0.010627 0.035288
v 0.008046 -0.010627 0.035133
v 0.007833 -0.010627 0.035076
v 0.007348 -0.010627 0.035076
v 0.007336 -0.010627 0.034959
v 0.007336 -0.010627 0.034841
v 0.007348 -0.010627 0.034724
v 0.007833 -0.010627 0.034724
v 0.008046 -0.010627 0.034667
v 0.008201 -0.010627 0.034511
v 0.008258 -0.010627 0.034299
v 0.008258 -0.010627 0.033814
v 0.008375 -0.010627 0.033801
v 0.008493 -0.010627 0.033801
v 0.008610 -0.010627 0.033814
v 0.008610 -0.010627 0.034299
v 0.008667 -0.010627 0.034511
v 0.008823 -0.010627 0.034667
v 0.009035 -0.010627 0.034724
v 0.009520 -0.010627 0.034724
v 0.009533 -0.010627 0.034841
v 0.009533 -0.010627 0.034959
v 0.009035 -0.011186 0.034724
v 0.009202 -0.011131 0.034724
v 0.009364 -0.011063 0.034724
v 0.009520 -0.010982 0.034724
v 0.009520 -0.010627 0.034724
v 0.009035 -0.010627 0.034724
v 0.008610 -0.011186 0.034299
v 0.008735 -0.011236 0.034599
v 0.009035 -0.011186 0.034724
v 0.009035 -0.010627 0.034724
v 0.008823 -0.010627 0.034667
v 0.008667 -0.010627 0.034511
v 0.008610 -0.010627 0.034299
v 0.008610 -0.010982 0.033814
v 0.008610 -0.011063 0.033970
v 0.008610 -0.011131 0.034132
v 0.008610 -0.011186 0.034299
v 0.008610 -0.010627 0.034299
v 0.008610 -0.010627 0.033814
v 0.008258 -0.010982 0.033814
v 0.008375 -0.010982 0.033801
v 0.008493 -0.010982 0.033801
v 0.008610 -0.010982 0.033814
v 0.008610 -0.010627 0.033814
v 0.008493 -0.010627 0.033801
v 0.008375 -0.010627 0.033801
v 0.008258 -0.010627 0.033814
v 0.009035 -0.011186 0.035076
v 0.008735 -0.011236 0.035200
v 0.008610 -0.011186 0.035501
v 0.008610 -0.010627 0.035501
v 0.008667 -0.010627 0.035288
v 0.008823 -0.010627 0.035133
v 0.009035 -0.010627 0.035076
v 0.008258 -0.011186 0.034299
v 0.008258 -0.011131 0.034132
v 0.008258 -0.011063 0.033970
v 0.008258 -0.010982 0.033814
v 0.008258 -0.010627 0.033814
v 0.008258 -0.010627 0.034299
v 0.008610 -0.011186 0.035501
v 0.008610 -0.011131 0.035668
v 0.008610 -0.011063 0.035830
v 0.008610 -0.010982 0.035986
v 0.008610 -0.010627 0.035986
v 0.008610 -0.010627 0.035501
v 0.007833 -0.011186 0.034724
v 0.008134 -0.011236 0.034599
v 0.008258 -0.011186 0.034299
v 0.008258 -0.010627 0.034299
v 0.008201 -0.010627 0.034511
v 0.008046 -0.010627 0.034667
v 0.007833 -0.010627 0.034724
v 0.008610 -0.010982 0.035986
v 0.008493 -0.010982 0.035998
v 0.008375 -0.010982 0.035998
v 0.008258 -0.010982 0.035986
v 0.008258 -0.010627 0.035986
v 0.008375 -0.010627 0.035998
v 0.008493 -0.010627 0.035998
v 0.008610 -0.010627 0.035986
v 0.007348 -0.010982 0.034724
v 0.007504 -0.011063 0.034724
v 0.007666 -0.011131 0.034724
v 0.007833 -0.011186 0.034724
v 0.007833 -0.010627 0.034724
v 0.007348 -0.010627 0.034724
v 0.008258 -0.010982 0.035986
v 0.008258 -0.011063 0.035830
v 0.008258 -0.011131 0.035668
v 0.008258 -0.011186 0.035501
v 0.008258 -0.010627 0.035501
v 0.008258 -0.010627 0.035986
v 0.007348 -0.010982 0.035076
v 0.007336 -0.010982 0.034959
v 0.007336 -0.010982 0.034841
v 0.007348 -0.010982 0.034724
v 0.007348 -0.010627 0.034724
v 0.007336 -0.010627 0.034841
v 0.007336 -0.010627 0.034959
v 0.007348 -0.010627 0.035076
v 0.008258 -0.011186 0.035501
v 0.008134 -0.011236 0.035200
v 0.007833 -0.011186 0.035076
v 0.007833 -0.010627 0.035076
v 0.008046 -0.010627 0.035133
v 0.008201 -0.010627 0.035288
v 0.008258 -0.010627 0.035501
v 0.007833 -0.011186 0.035076
v 0.007666 -0.011131 0.035076
v 0.007504 -0.011063 0.035076
v 0.007348 -0.010982 0.035076
v 0.007348 -0.010627 0.035076
v 0.007833 -0.010627 0.035076
v -0.009066 0.010523 0.034900
v -0.008582 0.010523 0.035566
v -0.007800 0.010523 0.035311
v -0.007800 0.010523 0.034488
v -0.008582 0.010523 0.034234
v -0.009066 0.010523 0.034900
v -0.008582 0.010523 0.034234
v -0.007800 0.010523 0.034488
v -0.007800 0.010523 0.035311
v -0.008582 0.010523 0.035566
v -0.009216 0.010373 0.034900
v -0.008629 0.010373 0.035708
v -0.007678 0.010373 0.035400
v -0.007678 0.010373 0.034400
v -0.008629 0.010373 0.034091
v -0.007800 0.010523 0.035311
v -0.007678 0.010373 0.035400
v -0.009216 0.006523 0.034900
v -0.008691 0.006523 0.035685
v -0.007765 0.006523 0.035501
v -0.007581 0.006523 0.034575
v -0.008366 0.006523 0.034050
v -0.008967 0.006523 0.034299
v -0.009216 0.010373 0.034900
v -0.008629 0.010373 0.034091
v -0.007678 0.010373 0.034400
v -0.007678 0.010373 0.035400
v -0.008629 0.010373 0.035708
v -0.009216 0.006523 0.034900
v -0.009216 0.010373 0.034900
v -0.009216 0.006523 0.034900
v -0.008967 0.006523 0.034299
v -0.008366 0.006523 0.034050
v -0.007581 0.006523 0.034575
v -0.007765 0.006523 0.035501
v -0.008691 0.006523 0.035685
v -0.008366 0.006523 0.034200
v -0.008634 0.006523 0.034253
v -0.008861 0.006523 0.034405
v -0.009013 0.006523 0.034632
v -0.009066 0.006523 0.034900
v -0.008634 0.006523 0.035547
v -0.007871 0.006523 0.035395
v -0.007719 0.006523 0.034632
v -0.008366 -0.009977 0.034200
v -0.009032 -0.009977 0.034684
v -0.008777 -0.009977 0.035466
v -0.007954 -0.009977 0.035466
v -0.007700 -0.009977 0.034684
v -0.008366 0.006523 0.034200
v -0.007719 0.006523 0.034632
v -0.007871 0.006523 0.035395
v -0.008634 0.006523 0.035547
v -0.009066 0.006523 0.034900
v -0.009013 0.006523 0.034632
v -0.008861 0.006523 0.034405
v -0.008634 0.006523 0.034253
v -0.008366 -0.009977 0.034200
v -0.008366 0.006523 0.034200
v -0.007099 -0.009977 0.034900
v -0.007974 -0.009977 0.033695
v -0.009391 -0.009977 0.034155
v -0.009391 -0.009977 0.035645
v -0.007974 -0.009977 0.036105
v -0.008366 -0.009977 0.034200
v -0.007700 -0.009977 0.034684
v -0.007954 -0.009977 0.035466
v -0.008777 -0.009977 0.035466
v -0.009032 -0.009977 0.034684
v -0.007099 -0.009977 0.034900
v -0.007974 -0.009977 0.036105
v -0.009391 -0.009977 0.035645
v -0.009391 -0.009977 0.034155
v -0.007974 -0.009977 0.033695
v -0.007099 -0.010876 0.034900
v -0.007401 -0.010876 0.034079
v -0.008163 -0.010876 0.033649
v -0.008366 -0.010876 0.033633
v -0.008569 -0.010876 0.033649
v -0.009262 -0.010876 0.034004
v -0.009616 -0.010876 0.034697
v -0.009633 -0.010876 0.034900
v -0.009616 -0.010876 0.035103
v -0.009262 -0.010876 0.035796
v -0.008569 -0.010876 0.036150
v -0.008366 -0.010876 0.036167
v -0.008163 -0.010876 0.036150
v -0.007744 -0.010876 0.036004
v -0.007401 -0.010876 0.035721
v -0.007177 -0.010876 0.035337
v -0.009633 -0.010876 0.034900
v -0.009866 -0.010426 0.034900
v -0.007152 -0.010426 0.034018
v -0.007152 -0.010426 0.035782
v -0.008829 -0.010426 0.036326
v -0.009866 -0.010426 0.034900
v -0.008829 -0.010426 0.033473
v -0.009391 -0.009977 0.035645
v -0.007280 -0.010982 0.035076
v -0.007267 -0.010982 0.034959
v -0.007267 -0.010982 0.034841
v -0.007280 -0.010982 0.034724
v -0.007436 -0.011063 0.034724
v -0.007598 -0.011131 0.034724
v -0.007765 -0.011186 0.034724
v -0.008065 -0.011236 0.034599
v -0.008190 -0.011186 0.034299
v -0.008190 -0.011131 0.034132
v -0.008190 -0.011063 0.033970
v -0.008190 -0.010982 0.033814
v -0.008307 -0.010982 0.033801
v -0.008425 -0.010982 0.033801
v -0.008542 -0.010982 0.033814
v -0.008542 -0.011063 0.033970
v -0.008542 -0.011131 0.034132
v -0.008542 -0.011186 0.034299
v -0.008666 -0.011236 0.034599
v -0.008967 -0.011186 0.034724
v -0.009134 -0.011131 0.034724
v -0.009296 -0.011063 0.034724
v -0.009452 -0.010982 0.034724
v -0.009464 -0.010982 0.034841
v -0.009464 -0.010982 0.034959
v -0.009452 -0.010982 0.035076
v -0.009296 -0.011063 0.035076
v -0.009134 -0.011131 0.035076
v -0.008967 -0.011186 0.035076
v -0.008666 -0.011236 0.035200
v -0.008542 -0.011186 0.035501
v -0.008542 -0.011131 0.035668
v -0.008542 -0.011063 0.035830
v -0.008542 -0.010982 0.035986
v -0.008425 -0.010982 0.035998
v -0.008307 -0.010982 0.035998
v -0.008190 -0.010982 0.035986
v -0.008190 -0.011063 0.035830
v -0.008190 -0.011131 0.035668
v -0.008190 -0.011186 0.035501
v -0.008065 -0.011236 0.035200
v -0.007765 -0.011186 0.035076
v -0.007598 -0.011131 0.035076
v -0.007436 -0.011063 0.035076
v -0.007099 -0.010876 0.034900
v -0.007177 -0.010876 0.035337
v -0.007401 -0.010876 0.035721
v -0.007744 -0.010876 0.036004
v -0.008163 -0.010876 0.036150
v -0.008366 -0.010876 0.036167
v -0.008569 -0.010876 0.036150
v -0.009262 -0.010876 0.035796
v -0.009616 -0.010876 0.035103
v -0.009633 -0.010876 0.034900
v -0.009616 -0.010876 0.034697
v -0.009262 -0.010876 0.034004
v -0.008569 -0.010876 0.033649
v -0.008366 -0.010876 0.033633
v -0.008163 -0.010876 0.033649
v -0.007401 -0.010876 0.034079
v -0.009464 -0.010982 0.034841
v -0.009633 -0.010876 0.034900
v -0.007280 -0.010982 0.034724
v -0.007267 -0.010982 0.034841
v -0.007267 -0.010982 0.034959
v -0.007280 -0.010982 0.035076
v -0.007280 -0.010627 0.035076
v -0.007267 -0.010627 0.034959
v -0.007267 -0.010627 0.034841
v -0.007280 -0.010627 0.034724
v -0.007280 -0.010982 0.035076
v -0.007436 -0.011063 0.035076
v -0.007598 -0.011131 0.035076
v -0.007765 -0.011186 0.035076
v -0.007765 -0.010627 0.035076
v -0.007280 -0.010627 0.035076
v -0.007280 -0.010627 0.035076
v -0.007765 -0.010627 0.035076
v -0.007977 -0.010627 0.035133
v -0.008133 -0.010627 0.035288
v -0.008190 -0.010627 0.035501
v -0.008190 -0.010627 0.035986
v -0.008307 -0.010627 0.035998
v -0.008425 -0.010627 0.035998
v -0.008542 -0.010627 0.035986
v -0.008542 -0.010627 0.035501
v -0.008599 -0.010627 0.035288
v -0.008754 -0.010627 0.035133
v -0.008967 -0.010627 0.035076
v -0.009452 -0.010627 0.035076
v -0.009464 -0.010627 0.034959
v -0.009464 -0.010627 0.034841
v -0.009452 -0.010627 0.034724
v -0.008967 -0.010627 0.034724
v -0.008754 -0.010627 0.034667
v -0.008599 -0.010627 0.034511
v -0.008542 -0.010627 0.034299
v -0.008542 -0.010627 0.033814
v -0.008425 -0.010627 0.033801
v -0.008307 -0.010627 0.033801
v -0.008190 -0.010627 0.033814
v -0.008190 -0.010627 0.034299
v -0.008133 -0.010627 0.034511
v -0.007977 -0.010627 0.034667
v -0.007765 -0.010627 0.034724
v -0.007280 -0.010627 0.034724
v -0.007267 -0.010627 0.034841
v -0.007267 -0.010627 0.034959
v -0.007765 -0.011186 0.034724
v -0.007598 -0.011131 0.034724
v -0.007436 -0.011063 0.034724
v -0.007280 -0.010982 0.034724
v -0.007280 -0.010627 0.034724
v -0.007765 -0.010627 0.034724
v -0.008190 -0.011186 0.034299
v -0.008065 -0.011236 0.034599
v -0.007765 -0.011186 0.034724
v -0.007765 -0.010627 0.034724
v -0.007977 -0.010627 0.034667
v -0.008133 -0.010627 0.034511
v -0.008190 -0.010627 0.034299
v -0.008190 -0.010982 0.033814
v -0.008190 -0.011063 0.033970
v -0.008190 -0.011131 0.034132
v -0.008190 -0.011186 0.034299
v -0.008190 -0.010627 0.034299
v -0.008190 -0.010627 0.033814
v -0.008542 -0.010982 0.033814
v -0.008425 -0.010982 0.033801
v -0.008307 -0.010982 0.033801
v -0.008190 -0.010982 0.033814
v -0.008190 -0.010627 0.033814
v -0.008307 -0.010627 0.033801
v -0.008425 -0.010627 0.033801
v -0.008542 -0.010627 0.033814
v -0.007765 -0.011186 0.035076
v -0.008065 -0.011236 0.035200
v -0.008190 -0.011186 0.035501
v -0.008190 -0.010627 0.035501
v -0.008133 -0.010627 0.035288
v -0.007977 -0.010627 0.035133
v -0.007765 -0.010627 0.035076
v -0.008542 -0.011186 0.034299
v -0.008542 -0.011131 0.034132
v -0.008542 -0.011063 0.033970
v -0.008542 -0.010982 0.033814
v -0.008542 -0.010627 0.033814
v -0.008542 -0.010627 0.034299
v -0.008190 -0.011186 0.035501
v -0.008190 -0.011131 0.035668
v -0.008190 -0.011063 0.035830
v -0.008190 -0.010982 0.035986
v -0.008190 -0.010627 0.035986
v -0.008190 -0.010627 0.035501
v -0.008967 -0.011186 0.034724
v -0.008666 -0.011236 0.034599
v -0.008542 -0.011186 0.034299
v -0.008542 -0.010627 0.034299
v -0.008599 -0.010627 0.034511
v -0.008754 -0.010627 0.034667
v -0.008967 -0.010627 0.034724
v -0.008190 -0.010982 0.035986
v -0.008307 -0.010982 0.035998
v -0.008425 -0.010982 0.035998
v -0.008542 -0.010982 0.035986
v -0.008542 -0.010627 0.035986
v -0.008425 -0.010627 0.035998
v -0.008307 -0.010627 0.035998
v -0.008190 -0.010627 0.035986
v -0.009452 -0.010982 0.034724
v -0.009296 -0.011063 0.034724
v -0.009134 -0.011131 0.034724
v -0.008967 -0.011186 0.034724
v -0.008967 -0.010627 0.034724
v -0.009452 -0.010627 0.034724
v -0.008542 -0.010982 0.035986
v -0.008542 -0.011063 0.035830
v -0.008542 -0.011131 0.035668
v -0.008542 -0.011186 0.035501
v -0.008542 -0.010627 0.035501
v -0.008542 -0.010627 0.035986
v -0.009452 -0.010982 0.035076
v -0.009464 -0.010982 0.034959
v -0.009464 -0.010982 0.034841
v -0.009452 -0.010982 0.034724
v -0.009452 -0.010627 0.034724
v -0.009464 -0.010627 0.034841
v -0.009464 -0.010627 0.034959
v -0.009452 -0.010627 0.035076
v -0.008542 -0.011186 0.035501
v -0.008666 -0.011236 0.035200
v -0.008967 -0.011186 0.035076
v -0.008967 -0.010627 0.035076
v -0.008754 -0.010627 0.035133
v -0.008599 -0.010627 0.035288
v -0.008542 -0.010627 0.035501
v -0.008967 -0.011186 0.035076
v -0.009134 -0.011131 0.035076
v -0.009296 -0.011063 0.035076
v -0.009452 -0.010982 0.035076
v -0.009452 -0.010627 0.035076
v -0.008967 -0.010627 0.035076
v 0.004234 0.010523 0.007500
v 0.004718 0.010523 0.008166
v 0.005500 0.010523 0.007911
v 0.005500 0.010523 0.007088
v 0.004718 0.010523 0.006834
v 0.004234 0.010523 0.007500
v 0.004718 0.010523 0.006834
v 0.005500 0.010523 0.007088
v 0.005500 0.010523 0.007911
v 0.004718 0.010523 0.008166
v 0.004084 0.010373 0.007500
v 0.004671 0.010373 0.008308
v 0.005622 0.010373 0.008000
v 0.005622 0.010373 0.007000
v 0.004671 0.010373 0.006691
v 0.005500 0.010523 0.007911
v 0.005622 0.010373 0.008000
v 0.004084 0.006523 0.007500
v 0.004609 0.006523 0.008285
v 0.005535 0.006523 0.008101
v 0.005719 0.006523 0.007175
v 0.004934 0.006523 0.006650
v 0.004333 0.006523 0.006899
v 0.004084 0.010373 0.007500
v 0.004671 0.010373 0.006691
v 0.005622 0.010373 0.007000
v 0.005622 0.010373 0.008000
v 0.004671 0.010373 0.008308
v 0.004084 0.006523 0.007500
v 0.004084 0.010373 0.007500
v 0.004084 0.006523 0.007500
v 0.004333 0.006523 0.006899
v 0.004934 0.006523 0.006650
v 0.005719 0.006523 0.007175
v 0.005535 0.006523 0.008101
v 0.004609 0.006523 0.008285
v 0.004934 0.006523 0.006800
v 0.004666 0.006523 0.006853
v 0.004439 0.006523 0.007005
v 0.004287 0.006523 0.007232
v 0.004234 0.006523 0.007500
v 0.004666 0.006523 0.008147
v 0.005429 0.006523 0.007995
v 0.005581 0.006523 0.007232
v 0.004934 -0.009977 0.006800
v 0.004268 -0.009977 0.007284
v 0.004523 -0.009977 0.008066
v 0.005346 -0.009977 0.008066
v 0.005600 -0.009977 0.007284
v 0.004934 0.006523 0.006800
v 0.005581 0.006523 0.007232
v 0.005429 0.006523 0.007995
v 0.004666 0.006523 0.008147
v 0.004234 0.006523 0.007500
v 0.004287 0.006523 0.007232
v 0.004439 0.006523 0.007005
v 0.004666 0.006523 0.006853
v 0.004934 -0.009977 0.006800
v 0.004934 0.006523 0.006800
v 0.006201 -0.009977 0.007500
v 0.005326 -0.009977 0.006295
v 0.003909 -0.009977 0.006755
v 0.003909 -0.009977 0.008245
v 0.005326 -0.009977 0.008705
v 0.004934 -0.009977 0.006800
v 0.005600 -0.009977 0.007284
v 0.005346 -0.009977 0.008066
v 0.004523 -0.009977 0.008066
v 0.004268 -0.009977 0.007284
v 0.006201 -0.009977 0.007500
v 0.005326 -0.009977 0.008705
v 0.003909 -0.009977 0.008245
v 0.003909 -0.009977 0.006755
v 0.005326 -0.009977 0.006295
v 0.006201 -0.010876 0.007500
v 0.005899 -0.010876 0.006679
v 0.005137 -0.010876 0.006249
v 0.004934 -0.010876 0.006233
v 0.004731 -0.010876 0.006249
v 0.004038 -0.010876 0.006604
v 0.003684 -0.010876 0.007297
v 0.003667 -0.010876 0.007500
v 0.003684 -0.010876 0.007703
v 0.004038 -0.010876 0.008396
v 0.004731 -0.010876 0.008750
v 0.004934 -0.010876 0.008767
v 0.005137 -0.010876 0.008750
v 0.005556 -0.010876 0.008604
v 0.005899 -0.010876 0.008321
v 0.006123 -0.010876 0.007937
v 0.003667 -0.010876 0.007500
v 0.003434 -0.010426 0.007500
v 0.006148 -0.010426 0.006618
v 0.006148 -0.010426 0.008382
v 0.004471 -0.010426 0.008926
v 0.003434 -0.010426 0.007500
v 0.004471 -0.010426 0.006073
v 0.003909 -0.009977 0.008245
v 0.006020 -0.010982 0.007676
v 0.006033 -0.010982 0.007559
v 0.006033 -0.010982 0.007441
v 0.006020 -0.010982 0.007324
v 0.005864 -0.011063 0.007324
v 0.005702 -0.011131 0.007324
v 0.005535 -0.011186 0.007324
v 0.005235 -0.011236 0.007199
v 0.005110 -0.011186 0.006899
v 0.005110 -0.011131 0.006732
v 0.005110 -0.011063 0.006570
v 0.005110 -0.010982 0.006414
v 0.004993 -0.010982 0.006401
v 0.004875 -0.010982 0.006401
v 0.004758 -0.010982 0.006414
v 0.004758 -0.011063 0.006570
v 0.004758 -0.011131 0.006732
v 0.004758 -0.011186 0.006899
v 0.004634 -0.011236 0.007199
v 0.004333 -0.011186 0.007324
v 0.004166 -0.011131 0.007324
v 0.004004 -0.011063 0.007324
v 0.003848 -0.010982 0.007324
v 0.003836 -0.010982 0.007441
v 0.003836 -0.010982 0.007559
v 0.003848 -0.010982 0.007676
v 0.004004 -0.011063 0.007676
v 0.004166 -0.011131 0.007676
v 0.004333 -0.011186 0.007676
v 0.004634 -0.011236 0.007800
v 0.004758 -0.011186 0.008101
v 0.004758 -0.011131 0.008268
v 0.004758 -0.011063 0.008430
v 0.004758 -0.010982 0.008586
v 0.004875 -0.010982 0.008598
v 0.004993 -0.010982 0.008598
v 0.005110 -0.010982 0.008586
v 0.005110 -0.011063 0.008430
v 0.005110 -0.011131 0.008268
v 0.005110 -0.011186 0.008101
v 0.005235 -0.011236 0.007800
v 0.005535 -0.011186 0.007676
v 0.005702 -0.011131 0.007676
v 0.005864 -0.011063 0.007676
v 0.006201 -0.010876 0.007500
v 0.006123 -0.010876 0.007937
v 0.005899 -0.010876 0.008321
v 0.005556 -0.010876 0.008604
v 0.005137 -0.010876 0.008750
v 0.004934 -0.010876 0.008767
v 0.004731 -0.010876 0.008750
v 0.004038 -0.010876 0.008396
v 0.003684 -0.010876 0.007703
v 0.003667 -0.010876 0.007500
v 0.003684 -0.010876 0.007297
v 0.004038 -0.010876 0.006604
v 0.004731 -0.010876 0.006249
v 0.004934 -0.010876 0.006233
v 0.005137 -0.010876 0.006249
v 0.005899 -0.010876 0.006679
v 0.003836 -0.010982 0.007441
v 0.003667 -0.010876 0.007500
v 0.006020 -0.010982 0.007324
v 0.006033 -0.010982 0.007441
v 0.006033 -0.010982 0.007559
v 0.006020 -0.010982 0.007676
v 0.006020 -0.010627 0.007676
v 0.006033 -0.010627 0.007559
v 0.006033 -0.010627 0.007441
v 0.006020 -0.010627 0.007324
v 0.006020 -0.010982 0.007676
v 0.005864 -0.011063 0.007676
v 0.005702 -0.011131 0.007676
v 0.005535 -0.011186 0.007676
v 0.005535 -0.010627 0.007676
v 0.006020 -0.010627 0.007676
v 0.006020 -0.010627 0.007676
v 0.005535 -0.010627 0.007676
v 0.005323 -0.010627 0.007733
v 0.005167 -0.010627 0.007888
v 0.005110 -0.010627 0.008101
v 0.005110 -0.010627 0.008586
v 0.004993 -0.010627 0.008598
v 0.004875 -0.010627 0.008598
v 0.004758 -0.010627 0.008586
v 0.004758 -0.010627 0.008101
v 0.004701 -0.010627 0.007888
v 0.004546 -0.010627 0.007733
v 0.004333 -0.010627 0.007676
v 0.003848 -0.010627 0.007676
v 0.003836 -0.010627 0.007559
v 0.003836 -0.010627 0.007441
v 0.003848 -0.010627 0.007324
v 0.004333 -0.010627 0.007324
v 0.004546 -0.010627 0.007267
v 0.004701 -0.010627 0.007111
v 0.004758 -0.010627 0.006899
v 0.004758 -0.010627 0.006414
v 0.004875 -0.010627 0.006401
v 0.004993 -0.010627 0.006401
v 0.005110 -0.010627 0.006414
v 0.005110 -0.010627 0.006899
v 0.005167 -0.010627 0.007111
v 0.005323 -0.010627 0.007267
v 0.005535 -0.010627 0.007324
v 0.006020 -0.010627 0.007324
v 0.006033 -0.010627 0.007441
v 0.006033 -0.010627 0.007559
v 0.005535 -0.011186 0.007324
v 0.005702 -0.011131 0.007324
v 0.005864 -0.011063 0.007324
v 0.006020 -0.010982 0.007324
v 0.006020 -0.010627 0.007324
v 0.005535 -0.010627 0.007324
v 0.005110 -0.011186 0.006899
v 0.005235 -0.011236 0.007199
v 0.005535 -0.011186 0.007324
v 0.005535 -0.010627 0.007324
v 0.005323 -0.010627 0.007267
v 0.005167 -0.010627 0.007111
v 0.005110 -0.010627 0.006899
v 0.005110 -0.010982 0.006414
v 0.005110 -0.011063 0.006570
v 0.005110 -0.011131 0.006732
v 0.005110 -0.011186 0.006899
v 0.005110 -0.010627 0.006899
v 0.005110 -0.010627 0.006414
v 0.004758 -0.010982 0.006414
v 0.004875 -0.010982 0.006401
v 0.004993 -0.010982 0.006401
v 0.005110 -0.010982 0.006414
v 0.005110 -0.010627 0.006414
v 0.004993 -0.010627 0.006401
v 0.004875 -0.010627 0.006401
v 0.004758 -0.010627 0.006414
v 0.005535 -0.011186 0.007676
v 0.005235 -0.011236 0.007800
v 0.005110 -0.011186 0.008101
v 0.005110 -0.010627 0.008101
v 0.005167 -0.010627 0.007888
v 0.005323 -0.010627 0.007733
v 0.005535 -0.010627 0.007676
v 0.004758 -0.011186 0.006899
v 0.004758 -0.011131 0.006732
v 0.004758 -0.011063 0.006570
v 0.004758 -0.010982 0.006414
v 0.004758 -0.010627 0.006414
v 0.004758 -0.010627 0.006899
v 0.005110 -0.011186 0.008101
v 0.005110 -0.011131 0.008268
v 0.005110 -0.011063 0.008430
v 0.005110 -0.010982 0.008586
v 0.005110 -0.010627 0.008586
v 0.005110 -0.010627 0.008101
v 0.004333 -0.011186 0.007324
v 0.004634 -0.011236 0.007199
v 0.004758 -0.011186 0.006899
v 0.004758 -0.010627 0.006899
v 0.004701 -0.010627 0.007111
v 0.004546 -0.010627 0.007267
v 0.004333 -0.010627 0.007324
v 0.005110 -0.010982 0.008586
v 0.004993 -0.010982 0.008598
v 0.004875 -0.010982 0.008598
v 0.004758 -0.010982 0.008586
v 0.004758 -0.010627 0.008586
v 0.004875 -0.010627 0.008598
v 0.004993 -0.010627 0.008598
v 0.005110 -0.010627 0.008586
v 0.003848 -0.010982 0.007324
v 0.004004 -0.011063 0.007324
v 0.004166 -0.011131 0.007324
v 0.004333 -0.011186 0.007324
v 0.004333 -0.010627 0.007324
v 0.003848 -0.010627 0.007324
v 0.004758 -0.010982 0.008586
v 0.004758 -0.011063 0.008430
v 0.004758 -0.011131 0.008268
v 0.004758 -0.011186 0.008101
v 0.004758 -0.010627 0.008101
v 0.004758 -0.010627 0.008586
v 0.003848 -0.010982 0.007676
v 0.003836 -0.010982 0.007559
v 0.003836 -0.010982 0.007441
v 0.003848 -0.010982 0.007324
v 0.003848 -0.010627 0.007324
v 0.003836 -0.010627 0.007441
v 0.003836 -0.010627 0.007559
v 0.003848 -0.010627 0.007676
v 0.004758 -0.011186 0.008101
v 0.004634 -0.011236 0.007800
v 0.004333 -0.011186 0.007676
v 0.004333 -0.010627 0.007676
v 0.004546 -0.010627 0.007733
v 0.004701 -0.010627 0.007888
v 0.004758 -0.010627 0.008101
v 0.004333 -0.011186 0.007676
v 0.004166 -0.011131 0.007676
v 0.004004 -0.011063 0.007676
v 0.003848 -0.010982 0.007676
v 0.003848 -0.010627 0.007676
v 0.004333 -0.010627 0.007676
v -0.009066 0.010523 0.011000
v -0.008582 0.010523 0.011666
v -0.007800 0.010523 0.011411
v -0.007800 0.010523 0.010588
v -0.008582 0.010523 0.010334
v -0.009066 0.010523 0.011000
v -0.008582 0.010523 0.010334
v -0.007800 0.010523 0.010588
v -0.007800 0.010523 0.011411
v -0.008582 0.010523 0.011666
v -0.009216 0.010373 0.011000
v -0.008629 0.010373 0.011808
v -0.007678 0.010373 0.011500
v -0.007678 0.010373 0.010500
v -0.008629 0.010373 0.010191
v -0.007800 0.010523 0.011411
v -0.007678 0.010373 0.011500
v -0.009216 0.006523 0.011000
v -0.008691 0.006523 0.011785
v -0.007765 0.006523 0.011601
v -0.007581 0.006523 0.010675
v -0.008366 0.006523 0.010150
v -0.008967 0.006523 0.010399
v -0.009216 0.010373 0.011000
v -0.008629 0.010373 0.010191
v -0.007678 0.010373 0.010500
v -0.007678 0.010373 0.011500
v -0.008629 0.010373 0.011808
v -0.009216 0.006523 0.011000
v -0.009216 0.010373 0.011000
v -0.009216 0.006523 0.011000
v -0.008967 0.006523 0.010399
v -0.008366 0.006523 0.010150
v -0.007581 0.006523 0.010675
v -0.007765 0.006523 0.011601
v -0.008691 0.006523 0.011785
v -0.008366 0.006523 0.010300
v -0.008634 0.006523 0.010353
v -0.008861 0.006523 0.010505
v -0.009013 0.006523 0.010732
v -0.009066 0.006523 0.011000
v -0.008634 0.006523 0.011647
v -0.007871 0.006523 0.011495
v -0.007719 0.006523 0.010732
v -0.008366 -0.009977 0.010300
v -0.009032 -0.009977 0.010784
v -0.008777 -0.009977 0.011566
v -0.007954 -0.009977 0.011566
v -0.007700 -0.009977 0.010784
v -0.008366 0.006523 0.010300
v -0.007719 0.006523 0.010732
v -0.007871 0.006523 0.011495
v -0.008634 0.006523 0.011647
v -0.009066 0.006523 0.011000
v -0.009013 0.006523 0.010732
v -0.008861 0.006523 0.010505
v -0.008634 0.006523 0.010353
v -0.008366 -0.009977 0.010300
v -0.008366 0.006523 0.010300
v -0.007099 -0.009977 0.011000
v -0.007974 -0.009977 0.009795
v -0.009391 -0.009977 0.010255
v -0.009391 -0.009977 0.011745
v -0.007974 -0.009977 0.012205
v -0.008366 -0.009977 0.010300
v -0.007700 -0.009977 0.010784
v -0.007954 -0.009977 0.011566
v -0.008777 -0.009977 0.011566
v -0.009032 -0.009977 0.010784
v -0.007099 -0.009977 0.011000
v -0.007974 -0.009977 0.012205
v -0.009391 -0.009977 0.011745
v -0.009391 -0.009977 0.010255
v -0.007974 -0.009977 0.009795
v -0.007099 -0.010876 0.011000
v -0.007401 -0.010876 0.010179
v -0.008163 -0.010876 0.009749
v -0.008366 -0.010876 0.009733
v -0.008569 -0.010876 0.009749
v -0.009262 -0.010876 0.010104
v -0.009616 -0.010876 0.010797
v -0.009633 -0.010876 0.011000
v -0.009616 -0.010876 0.011203
v -0.009262 -0.010876 0.011896
v -0.008569 -0.010876 0.012250
v -0.008366 -0.010876 0.012267
v -0.008163 -0.010876 0.012250
v -0.007744 -0.010876 0.012104
v -0.007401 -0.010876 0.011821
v -0.007177 -0.010876 0.011437
v -0.009633 -0.010876 0.011000
v -0.009866 -0.010426 0.011000
v -0.007152 -0.010426 0.010118
v -0.007152 -0.010426 0.011882
v -0.008829 -0.010426 0.012426
v -0.009866 -0.010426 0.011000
v -0.008829 -0.010426 0.009573
v -0.009391 -0.009977 0.011745
v -0.007280 -0.010982 0.011176
v -0.007267 -0.010982 0.011059
v -0.007267 -0.010982 0.010941
v -0.007280 -0.010982 0.010824
v -0.007436 -0.011063 0.010824
v -0.007598 -0.011131 0.010824
v -0.007765 -0.011186 0.010824
v -0.008065 -0.011236 0.010699
v -0.008190 -0.011186 0.010399
v -0.008190 -0.011131 0.010232
v -0.008190 -0.011063 0.010070
v -0.008190 -0.010982 0.009914
v -0.008307 -0.010982 0.009901
v -0.008425 -0.010982 0.009901
v -0.008542 -0.010982 0.009914
v -0.008542 -0.011063 0.010070
v -0.008542 -0.011131 0.010232
v -0.008542 -0.011186 0.010399
v -0.008666 -0.011236 0.010699
v -0.008967 -0.011186 0.010824
v -0.009134 -0.011131 0.010824
v -0.009296 -0.011063 0.010824
v -0.009452 -0.010982 0.010824
v -0.009464 -0.010982 0.010941
v -0.009464 -0.010982 0.011059
v -0.009452 -0.010982 0.011176
v -0.009296 -0.011063 0.011176
v -0.009134 -0.011131 0.011176
v -0.008967 -0.011186 0.011176
v -0.008666 -0.011236 0.011300
v -0.008542 -0.011186 0.011601
v -0.008542 -0.011131 0.011768
v -0.008542 -0.011063 0.011930
v -0.008542 -0.010982 0.012086
v -0.008425 -0.010982 0.012098
v -0.008307 -0.010982 0.012098
v -0.008190 -0.010982 0.012086
v -0.008190 -0.011063 0.011930
v -0.008190 -0.011131 0.011768
v -0.008190 -0.011186 0.011601
v -0.008065 -0.011236 0.011300
v -0.007765 -0.011186 0.011176
v -0.007598 -0.011131 0.011176
v -0.007436 -0.011063 0.011176
v -0.007099 -0.010876 0.011000
v -0.007177 -0.010876 0.011437
v -0.007401 -0.010876 0.011821
v -0.007744 -0.010876 0.012104
v -0.008163 -0.010876 0.012250
v -0.008366 -0.010876 0.012267
v -0.008569 -0.010876 0.012250
v -0.009262 -0.010876 0.011896
v -0.009616 -0.010876 0.011203
v -0.009633 -0.010876 0.011000
v -0.009616 -0.010876 0.010797
v -0.009262 -0.010876 0.010104
v -0.008569 -0.010876 0.009749
v -0.008366 -0.010876 0.009733
v -0.008163 -0.010876 0.009749
v -0.007401 -0.010876 0.010179
v -0.009464 -0.010982 0.010941
v -0.009633 -0.010876 0.011000
v -0.007280 -0.010982 0.010824
v -0.007267 -0.010982 0.010941
v -0.007267 -0.010982 0.011059
v -0.007280 -0.010982 0.011176
v -0.007280 -0.010627 0.011176
v -0.007267 -0.010627 0.011059
v -0.007267 -0.010627 0.010941
v -0.007280 -0.010627 0.010824
v -0.007280 -0.010982 0.011176
v -0.007436 -0.011063 0.011176
v -0.007598 -0.011131 0.011176
v -0.007765 -0.011186 0.011176
v -0.007765 -0.010627 0.011176
v -0.007280 -0.010627 0.011176
v -0.007280 -0.010627 0.011176
v -0.007765 -0.010627 0.011176
v -0.007977 -0.010627 0.011233
v -0.008133 -0.010627 0.011388
v -0.008190 -0.010627 0.011601
v -0.008190 -0.010627 0.012086
v -0.008307 -0.010627 0.012098
v -0.008425 -0.010627 0.012098
v -0.008542 -0.010627 0.012086
v -0.008542 -0.010627 0.011601
v -0.008599 -0.010627 0.011388
v -0.008754 -0.010627 0.011233
v -0.008967 -0.010627 0.011176
v -0.009452 -0.010627 0.011176
v -0.009464 -0.010627 0.011059
v -0.009464 -0.010627 0.010941
v -0.009452 -0.010627 0.010824
v -0.008967 -0.010627 0.010824
v -0.008754 -0.010627 0.010767
v -0.008599 -0.010627 0.010611
v -0.008542 -0.010627 0.010399
v -0.008542 -0.010627 0.009914
v -0.008425 -0.010627 0.009901
v -0.008307 -0.010627 0.009901
v -0.008190 -0.010627 0.009914
v -0.008190 -0.010627 0.010399
v -0.008133 -0.010627 0.010611
v -0.007977 -0.010627 0.010767
v -0.007765 -0.010627 0.010824
v -0.007280 -0.010627 0.010824
v -0.007267 -0.010627 0.010941
v -0.007267 -0.010627 0.011059
v -0.007765 -0.011186 0.010824
v -0.007598 -0.011131 0.010824
v -0.007436 -0.011063 0.010824
v -0.007280 -0.010982 0.010824
v -0.007280 -0.010627 0.010824
v -0.007765 -0.010627 0.010824
v -0.008190 -0.011186 0.010399
v -0.008065 -0.011236 0.010699
v -0.007765 -0.011186 0.010824
v -0.007765 -0.010627 0.010824
v -0.007977 -0.010627 0.010767
v -0.008133 -0.010627 0.010611
v -0.008190 -0.010627 0.010399
v -0.008190 -0.010982 0.009914
v -0.008190 -0.011063 0.010070
v -0.008190 -0.011131 0.010232
v -0.008190 -0.011186 0.010399
v -0.008190 -0.010627 0.010399
v -0.008190 -0.010627 0.009914
v -0.008542 -0.010982 0.009914
v -0.008425 -0.010982 0.009901
v -0.008307 -0.010982 0.009901
v -0.008190 -0.010982 0.009914
v -0.008190 -0.010627 0.009914
v -0.008307 -0.010627 0.009901
v -0.008425 -0.010627 0.009901
v -0.008542 -0.010627 0.009914
v -0.007765 -0.011186 0.011176
v -0.008065 -0.011236 0.011300
v -0.008190 -0.011186 0.011601
v -0.008190 -0.010627 0.011601
v -0.008133 -0.010627 0.011388
v -0.007977 -0.010627 0.011233
v -0.007765 -0.010627 0.011176
v -0.008542 -0.011186 0.010399
v -0.008542 -0.011131 0.010232
v -0.008542 -0.011063 0.010070
v -0.008542 -0.010982 0.009914
v -0.008542 -0.010627 0.009914
v -0.008542 -0.010627 0.010399
v -0.008190 -0.011186 0.011601
v -0.008190 -0.011131 0.011768
v -0.008190 -0.011063 0.011930
v -0.008190 -0.010982 0.012086
v -0.008190 -0.010627 0.012086
v -0.008190 -0.010627 0.011601
v -0.008967 -0.011186 0.010824
v -0.008666 -0.011236 0.010699
v -0.008542 -0.011186 0.010399
v -0.008542 -0.010627 0.010399
v -0.008599 -0.010627 0.010611
v -0.008754 -0.010627 0.010767
v -0.008967 -0.010627 0.010824
v -0.008190 -0.010982 0.012086
v -0.008307 -0.010982 0.012098
v -0.008425 -0.010982 0.012098
v -0.008542 -0.010982 0.012086
v -0.008542 -0.010627 0.012086
v -0.008425 -0.010627 0.012098
v -0.008307 -0.010627 0.012098
v -0.008190 -0.010627 0.012086
v -0.009452 -0.010982 0.010824
v -0.009296 -0.011063 0.010824
v -0.009134 -0.011131 0.010824
v -0.008967 -0.011186 0.010824
v -0.008967 -0.010627 0.010824
v -0.009452 -0.010627 0.010824
v -0.008542 -0.010982 0.012086
v -0.008542 -0.011063 0.011930
v -0.008542 -0.011131 0.011768
v -0.008542 -0.011186 0.011601
v -0.008542 -0.010627 0.011601
v -0.008542 -0.010627 0.012086
v -0.009452 -0.010982 0.011176
v -0.009464 -0.010982 0.011059
v -0.009464 -0.010982 0.010941
v -0.009452 -0.010982 0.010824
v -0.009452 -0.010627 0.010824
v -0.009464 -0.010627 0.010941
v -0.009464 -0.010627 0.011059
v -0.009452 -0.010627 0.011176
v -0.008542 -0.011186 0.011601
v -0.008666 -0.011236 0.011300
v -0.008967 -0.011186 0.011176
v -0.008967 -0.010627 0.011176
v -0.008754 -0.010627 0.011233
v -0.008599 -0.010627 0.011388
v -0.008542 -0.010627 0.011601
v -0.008967 -0.011186 0.011176
v -0.009134 -0.011131 0.011176
v -0.009296 -0.011063 0.011176
v -0.009452 -0.010982 0.011176
v -0.009452 -0.010627 0.011176
v -0.008967 -0.010627 0.011176
v 0.009934 0.007523 0.025350
v 0.008336 0.007523 0.025350
v 0.008336 0.007523 0.026400
v 0.009934 0.007523 0.026400
v 0.008634 0.003923 0.025350
v 0.008634 0.006623 0.025350
v 0.008336 0.006623 0.025350
v 0.008336 0.007523 0.025350
v 0.009934 0.007523 0.025350
v 0.009934 0.003923 0.025350
v 0.008634 0.003923 0.026400
v 0.008634 0.006623 0.026400
v 0.008634 0.006623 0.025350
v 0.008634 0.003923 0.025350
v 0.009934 0.007523 0.026400
v 0.008336 0.007523 0.026400
v 0.008336 0.006623 0.026400
v 0.008634 0.006623 0.026400
v 0.008634 0.003923 0.026400
v 0.007934 0.003923 0.026400
v 0.007934 0.008423 0.026400
v 0.006134 0.008423 0.026400
v 0.006134 0.002423 0.026400
v 0.009934 0.002423 0.026400
v 0.009934 0.007523 0.016400
v 0.009934 0.007523 0.017450
v 0.009934 0.003923 0.017450
v 0.009934 0.003923 0.025350
v 0.009934 0.007523 0.025350
v 0.009934 0.007523 0.026400
v 0.009934 0.002423 0.026400
v 0.009934 0.002423 0.016400
v 0.009934 0.007523 0.017450
v 0.009934 0.007523 0.016400
v 0.008336 0.007523 0.016400
v 0.008336 0.007523 0.017450
v 0.008634 0.006623 0.017450
v 0.008634 0.003923 0.017450
v 0.009934 0.003923 0.017450
v 0.009934 0.007523 0.017450
v 0.008336 0.007523 0.017450
v 0.008336 0.006623 0.017450
v 0.008336 0.007523 0.025350
v 0.008336 0.006623 0.025350
v 0.008336 0.006623 0.026400
v 0.008336 0.007523 0.026400
v 0.008634 0.006623 0.017450
v 0.008634 0.006623 0.016400
v 0.008634 0.003923 0.016400
v 0.008634 0.003923 0.017450
v 0.008634 0.006623 0.026400
v 0.008336 0.006623 0.026400
v 0.008336 0.006623 0.025350
v 0.008634 0.006623 0.025350
v 0.007236 0.003923 0.025950
v 0.007236 0.003923 0.025350
v 0.007934 0.003923 0.025350
v 0.007934 0.003923 0.026400
v 0.008634 0.003923 0.026400
v 0.008634 0.003923 0.025350
v 0.009934 0.003923 0.025350
v 0.009934 0.003923 0.017450
v 0.008634 0.003923 0.017450
v 0.008634 0.003923 0.016400
v 0.007934 0.003923 0.016400
v 0.007934 0.003923 0.017450
v 0.007236 0.003923 0.017450
v 0.007236 0.003923 0.016850
v 0.006636 0.003923 0.016850
v 0.006636 0.003923 0.025950
v 0.007414 0.003923 0.018580
v 0.008054 0.003923 0.018580
v 0.008054 0.003923 0.019220
v 0.007414 0.003923 0.019220
v 0.007414 0.003923 0.021080
v 0.008054 0.003923 0.021080
v 0.008054 0.003923 0.021720
v 0.007414 0.003923 0.021720
v 0.007414 0.003923 0.023580
v 0.008054 0.003923 0.023580
v 0.008054 0.003923 0.024220
v 0.007414 0.003923 0.024220
v 0.008336 0.006623 0.017450
v 0.008336 0.006623 0.016400
v 0.008634 0.006623 0.016400
v 0.008634 0.006623 0.017450
v 0.007236 0.003923 0.025950
v 0.007236 0.007423 0.025950
v 0.007236 0.007423 0.025350
v 0.007236 0.003923 0.025350
v 0.008336 0.006623 0.016400
v 0.008336 0.006623 0.017450
v 0.008336 0.007523 0.017450
v 0.008336 0.007523 0.016400
v 0.007236 0.007423 0.025950
v 0.007236 0.003923 0.025950
v 0.006636 0.003923 0.025950
v 0.006636 0.008423 0.025950
v 0.007934 0.008423 0.025950
v 0.007934 0.007423 0.025950
v 0.009934 0.002423 0.016400
v 0.009934 0.002423 0.026400
v 0.006134 0.002423 0.026400
v 0.006134 0.002423 0.016400
v 0.008054 0.002423 0.018580
v 0.007414 0.002423 0.018580
v 0.007414 0.002423 0.019220
v 0.008054 0.002423 0.019220
v 0.008054 0.002423 0.021080
v 0.007414 0.002423 0.021080
v 0.007414 0.002423 0.021720
v 0.008054 0.002423 0.021720
v 0.008054 0.002423 0.023580
v 0.007414 0.002423 0.023580
v 0.007414 0.002423 0.024220
v 0.008054 0.002423 0.024220
v 0.007934 0.008423 0.016400
v 0.007934 0.003923 0.016400
v 0.008634 0.003923 0.016400
v 0.008634 0.006623 0.016400
v 0.008336 0.006623 0.016400
v 0.008336 0.007523 0.016400
v 0.009934 0.007523 0.016400
v 0.009934 0.002423 0.016400
v 0.006134 0.002423 0.016400
v 0.006134 0.008423 0.016400
v 0.007934 0.007423 0.025350
v 0.007934 0.007423 0.025950
v 0.007934 0.008423 0.025950
v 0.007934 0.008423 0.026400
v 0.007934 0.003923 0.026400
v 0.007934 0.003923 0.025350
v 0.007236 0.007423 0.025950
v 0.007934 0.007423 0.025950
v 0.007934 0.007423 0.025350
v 0.007236 0.007423 0.025350
v 0.007414 0.002423 0.018580
v 0.008054 0.002423 0.018580
v 0.008054 -0.000777 0.018580
v 0.007414 -0.000777 0.018580
v 0.007934 0.008423 0.016400
v 0.007934 0.008423 0.016850
v 0.007934 0.007423 0.016850
v 0.007934 0.007423 0.017450
v 0.007934 0.003923 0.017450
v 0.007934 0.003923 0.016400
v 0.006134 0.002423 0.016400
v 0.006134 0.002423 0.026400
v 0.006134 0.008423 0.026400
v 0.006134 0.008423 0.016400
v 0.006636 0.008423 0.025950
v 0.006636 0.008423 0.016850
v 0.007934 0.008423 0.016850
v 0.007934 0.008423 0.016400
v 0.006134 0.008423 0.016400
v 0.006134 0.008423 0.026400
v 0.007934 0.008423 0.026400
v 0.007934 0.008423 0.025950
v 0.008054 0.003923 0.018580
v 0.007414 0.003923 0.018580
v 0.007414 0.007923 0.018580
v 0.008054 0.007923 0.018580
v 0.007236 0.007423 0.025350
v 0.007934 0.007423 0.025350
v 0.007934 0.003923 0.025350
v 0.007236 0.003923 0.025350
v 0.007414 0.002423 0.019220
v 0.007414 0.002423 0.018580
v 0.007414 -0.000777 0.018580
v 0.007414 -0.000777 0.019220
v 0.006636 0.008423 0.016850
v 0.006636 0.008423 0.025950
v 0.006636 0.003923 0.025950
v 0.006636 0.003923 0.016850
v 0.008054 0.003923 0.019220
v 0.008054 0.003923 0.018580
v 0.008054 0.007923 0.018580
v 0.008054 0.007923 0.019220
v 0.008054 0.003923 0.021080
v 0.007414 0.003923 0.021080
v 0.007414 0.007923 0.021080
v 0.008054 0.007923 0.021080
v 0.007414 0.003923 0.018580
v 0.007414 0.003923 0.019220
v 0.007414 0.007923 0.019220
v 0.007414 0.007923 0.018580
v 0.008054 0.002423 0.019220
v 0.007414 0.002423 0.019220
v 0.007414 -0.000777 0.019220
v 0.008054 -0.000777 0.019220
v 0.007236 0.003923 0.016850
v 0.007236 0.007423 0.016850
v 0.007934 0.007423 0.016850
v 0.007934 0.008423 0.016850
v 0.006636 0.008423 0.016850
v 0.006636 0.003923 0.016850
v 0.007414 0.003923 0.019220
v 0.008054 0.003923 0.019220
v 0.008054 0.007923 0.019220
v 0.007414 0.007923 0.019220
v 0.008054 0.003923 0.023580
v 0.007414 0.003923 0.023580
v 0.007414 0.007923 0.023580
v 0.008054 0.007923 0.023580
v 0.008054 0.003923 0.021720
v 0.008054 0.003923 0.021080
v 0.008054 0.007923 0.021080
v 0.008054 0.007923 0.021720
v 0.007414 0.003923 0.021080
v 0.007414 0.003923 0.021720
v 0.007414 0.007923 0.021720
v 0.007414 0.007923 0.021080
v 0.007414 0.007923 0.018580
v 0.007414 0.007923 0.019220
v 0.008054 0.007923 0.019220
v 0.008054 0.007923 0.018580
v 0.008054 0.002423 0.018580
v 0.008054 0.002423 0.019220
v 0.008054 -0.000777 0.019220
v 0.008054 -0.000777 0.018580
v 0.007236 0.007423 0.017450
v 0.007236 0.007423 0.016850
v 0.007236 0.003923 0.016850
v 0.007236 0.003923 0.017450
v 0.007236 0.003923 0.017450
v 0.007934 0.003923 0.017450
v 0.007934 0.007423 0.017450
v 0.007236 0.007423 0.017450
v 0.008054 0.003923 0.024220
v 0.008054 0.003923 0.023580
v 0.008054 0.007923 0.023580
v 0.008054 0.007923 0.024220
v 0.007414 0.003923 0.023580
v 0.007414 0.003923 0.024220
v 0.007414 0.007923 0.024220
v 0.007414 0.007923 0.023580
v 0.007414 0.003923 0.021720
v 0.008054 0.003923 0.021720
v 0.008054 0.007923 0.021720
v 0.007414 0.007923 0.021720
v 0.007414 0.007923 0.021080
v 0.007414 0.007923 0.021720
v 0.008054 0.007923 0.021720
v 0.008054 0.007923 0.021080
v 0.007414 0.002423 0.021080
v 0.008054 0.002423 0.021080
v 0.008054 -0.000777 0.021080
v 0.007414 -0.000777 0.021080
v 0.008054 -0.000777 0.019220
v 0.007414 -0.000777 0.019220
v 0.007414 -0.000777 0.018580
v 0.008054 -0.000777 0.018580
v 0.007934 0.007423 0.017450
v 0.007934 0.007423 0.016850
v 0.007236 0.007423 0.016850
v 0.007236 0.007423 0.017450
v 0.007414 0.003923 0.024220
v 0.008054 0.003923 0.024220
v 0.008054 0.007923 0.024220
v 0.007414 0.007923 0.024220
v 0.007414 0.007923 0.023580
v 0.007414 0.007923 0.024220
v 0.008054 0.007923 0.024220
v 0.008054 0.007923 0.023580
v 0.007414 0.002423 0.023580
v 0.008054 0.002423 0.023580
v 0.008054 -0.000777 0.023580
v 0.007414 -0.000777 0.023580
v 0.007414 0.002423 0.021720
v 0.007414 0.002423 0.021080
v 0.007414 -0.000777 0.021080
v 0.007414 -0.000777 0.021720
v 0.008054 0.002423 0.021080
v 0.008054 0.002423 0.021720
v 0.008054 -0.000777 0.021720
v 0.008054 -0.000777 0.021080
v 0.007414 0.002423 0.024220
v 0.007414 0.002423 0.023580
v 0.007414 -0.000777 0.023580
v 0.007414 -0.000777 0.024220
v 0.008054 0.002423 0.023580
v 0.008054 0.002423 0.024220
v 0.008054 -0.000777 0.024220
v 0.008054 -0.000777 0.023580
v 0.008054 0.002423 0.021720
v 0.007414 0.002423 0.021720
v 0.007414 -0.000777 0.021720
v 0.008054 -0.000777 0.021720
v 0.008054 -0.000777 0.021720
v 0.007414 -0.000777 0.021720
v 0.007414 -0.000777 0.021080
v 0.008054 -0.000777 0.021080
v 0.008054 0.002423 0.024220
v 0.007414 0.002423 0.024220
v 0.007414 -0.000777 0.024220
v 0.008054 -0.000777 0.024220
v 0.008054 -0.000777 0.024220
v 0.007414 -0.000777 0.024220
v 0.007414 -0.000777 0.023580
v 0.008054 -0.000777 0.023580
v -0.009866 0.007523 0.017450
v -0.008268 0.007523 0.017450
v -0.008268 0.007523 0.016400
v -0.009866 0.007523 0.016400
v -0.008566 0.003923 0.017450
v -0.008566 0.006623 0.017450
v -0.008268 0.006623 0.017450
v -0.008268 0.007523 0.017450
v -0.009866 0.007523 0.017450
v -0.009866 0.003923 0.017450
v -0.008566 0.003923 0.016400
v -0.008566 0.006623 0.016400
v -0.008566 0.006623 0.017450
v -0.008566 0.003923 0.017450
v -0.009866 0.007523 0.016400
v -0.008268 0.007523 0.016400
v -0.008268 0.006623 0.016400
v -0.008566 0.006623 0.016400
v -0.008566 0.003923 0.016400
v -0.007866 0.003923 0.016400
v -0.007866 0.008423 0.016400
v -0.006066 0.008423 0.016400
v -0.006066 0.002423 0.016400
v -0.009866 0.002423 0.016400
v -0.009866 0.007523 0.026400
v -0.009866 0.007523 0.025350
v -0.009866 0.003923 0.025350
v -0.009866 0.003923 0.017450
v -0.009866 0.007523 0.017450
v -0.009866 0.007523 0.016400
v -0.009866 0.002423 0.016400
v -0.009866 0.002423 0.026400
v -0.009866 0.007523 0.025350
v -0.009866 0.007523 0.026400
v -0.008268 0.007523 0.026400
v -0.008268 0.007523 0.025350
v -0.008566 0.006623 0.025350
v -0.008566 0.003923 0.025350
v -0.009866 0.003923 0.025350
v -0.009866 0.007523 0.025350
v -0.008268 0.007523 0.025350
v -0.008268 0.006623 0.025350
v -0.008268 0.007523 0.017450
v -0.008268 0.006623 0.017450
v -0.008268 0.006623 0.016400
v -0.008268 0.007523 0.016400
v -0.008566 0.006623 0.025350
v -0.008566 0.006623 0.026400
v -0.008566 0.003923 0.026400
v -0.008566 0.003923 0.025350
v -0.008566 0.006623 0.016400
v -0.008268 0.006623 0.016400
v -0.008268 0.006623 0.017450
v -0.008566 0.006623 0.017450
v -0.007168 0.003923 0.016850
v -0.007168 0.003923 0.017450
v -0.007866 0.003923 0.017450
v -0.007866 0.003923 0.016400
v -0.008566 0.003923 0.016400
v -0.008566 0.003923 0.017450
v -0.009866 0.003923 0.017450
v -0.009866 0.003923 0.025350
v -0.008566 0.003923 0.025350
v -0.008566 0.003923 0.026400
v -0.007866 0.003923 0.026400
v -0.007866 0.003923 0.025350
v -0.007168 0.003923 0.025350
v -0.007168 0.003923 0.025950
v -0.006568 0.003923 0.025950
v -0.006568 0.003923 0.016850
v -0.007346 0.003923 0.024220
v -0.007986 0.003923 0.024220
v -0.007986 0.003923 0.023580
v -0.007346 0.003923 0.023580
v -0.007346 0.003923 0.021720
v -0.007986 0.003923 0.021720
v -0.007986 0.003923 0.021080
v -0.007346 0.003923 0.021080
v -0.007346 0.003923 0.019220
v -0.007986 0.003923 0.019220
v -0.007986 0.003923 0.018580
v -0.007346 0.003923 0.018580
v -0.008268 0.006623 0.025350
v -0.008268 0.006623 0.026400
v -0.008566 0.006623 0.026400
v -0.008566 0.006623 0.025350
v -0.007168 0.003923 0.016850
v -0.007168 0.007423 0.016850
v -0.007168 0.007423 0.017450
v -0.007168 0.003923 0.017450
v -0.008268 0.006623 0.026400
v -0.008268 0.006623 0.025350
v -0.008268 0.007523 0.025350
v -0.008268 0.007523 0.026400
v -0.007168 0.007423 0.016850
v -0.007168 0.003923 0.016850
v -0.006568 0.003923 0.016850
v -0.006568 0.008423 0.016850
v -0.007866 0.008423 0.016850
v -0.007866 0.007423 0.016850
v -0.009866 0.002423 0.026400
v -0.009866 0.002423 0.016400
v -0.006066 0.002423 0.016400
v -0.006066 0.002423 0.026400
v -0.007986 0.002423 0.024220
v -0.007346 0.002423 0.024220
v -0.007346 0.002423 0.023580
v -0.007986 0.002423 0.023580
v -0.007986 0.002423 0.021720
v -0.007346 0.002423 0.021720
v -0.007346 0.002423 0.021080
v -0.007986 0.002423 0.021080
v -0.007986 0.002423 0.019220
v -0.007346 0.002423 0.019220
v -0.007346 0.002423 0.018580
v -0.007986 0.002423 0.018580
v -0.007866 0.008423 0.026400
v -0.007866 0.003923 0.026400
v -0.008566 0.003923 0.026400
v -0.008566 0.006623 0.026400
v -0.008268 0.006623 0.026400
v -0.008268 0.007523 0.026400
v -0.009866 0.007523 0.026400
v -0.009866 0.002423 0.026400
v -0.006066 0.002423 0.026400
v -0.006066 0.008423 0.026400
v -0.007866 0.007423 0.017450
v -0.007866 0.007423 0.016850
v -0.007866 0.008423 0.016850
v -0.007866 0.008423 0.016400
v -0.007866 0.003923 0.016400
v -0.007866 0.003923 0.017450
v -0.007168 0.007423 0.016850
v -0.007866 0.007423 0.016850
v -0.007866 0.007423 0.017450
v -0.007168 0.007423 0.017450
v -0.007346 0.002423 0.024220
v -0.007986 0.002423 0.024220
v -0.007986 -0.000777 0.024220
v -0.007346 -0.000777 0.024220
v -0.007866 0.008423 0.026400
v -0.007866 0.008423 0.025950
v -0.007866 0.007423 0.025950
v -0.007866 0.007423 0.025350
v -0.007866 0.003923 0.025350
v -0.007866 0.003923 0.026400
v -0.006066 0.002423 0.026400
v -0.006066 0.002423 0.016400
v -0.006066 0.008423 0.016400
v -0.006066 0.008423 0.026400
v -0.006568 0.008423 0.016850
v -0.006568 0.008423 0.025950
v -0.007866 0.008423 0.025950
v -0.007866 0.008423 0.026400
v -0.006066 0.008423 0.026400
v -0.006066 0.008423 0.016400
v -0.007866 0.008423 0.016400
v -0.007866 0.008423 0.016850
v -0.007986 0.003923 0.024220
v -0.007346 0.003923 0.024220
v -0.007346 0.007923 0.024220
v -0.007986 0.007923 0.024220
v -0.007168 0.007423 0.017450
v -0.007866 0.007423 0.017450
v -0.007866 0.003923 0.017450
v -0.007168 0.003923 0.017450
v -0.007346 0.002423 0.023580
v -0.007346 0.002423 0.024220
v -0.007346 -0.000777 0.024220
v -0.007346 -0.000777 0.023580
v -0.006568 0.008423 0.025950
v -0.006568 0.008423 0.016850
v -0.006568 0.003923 0.016850
v -0.006568 0.003923 0.025950
v -0.007986 0.003923 0.023580
v -0.007986 0.003923 0.024220
v -0.007986 0.007923 0.024220
v -0.007986 0.007923 0.023580
v -0.007986 0.003923 0.021720
v -0.007346 0.003923 0.021720
v -0.007346 0.007923 0.021720
v -0.007986 0.007923 0.021720
v -0.007346 0.003923 0.024220
v -0.007346 0.003923 0.023580
v -0.007346 0.007923 0.023580
v -0.007346 0.007923 0.024220
v -0.007986 0.002423 0.023580
v -0.007346 0.002423 0.023580
v -0.007346 -0.000777 0.023580
v -0.007986 -0.000777 0.023580
v -0.007168 0.003923 0.025950
v -0.007168 0.007423 0.025950
v -0.007866 0.007423 0.025950
v -0.007866 0.008423 0.025950
v -0.006568 0.008423 0.025950
v -0.006568 0.003923 0.025950
v -0.007346 0.003923 0.023580
v -0.007986 0.003923 0.023580
v -0.007986 0.007923 0.023580
v -0.007346 0.007923 0.023580
v -0.007986 0.003923 0.019220
v -0.007346 0.003923 0.019220
v -0.007346 0.007923 0.019220
v -0.007986 0.007923 0.019220
v -0.007986 0.003923 0.021080
v -0.007986 0.003923 0.021720
v -0.007986 0.007923 0.021720
v -0.007986 0.007923 0.021080
v -0.007346 0.003923 0.021720
v -0.007346 0.003923 0.021080
v -0.007346 0.007923 0.021080
v -0.007346 0.007923 0.021720
v -0.007346 0.007923 0.024220
v -0.007346 0.007923 0.023580
v -0.007986 0.007923 0.023580
v -0.007986 0.007923 0.024220
v -0.007986 0.002423 0.024220
v -0.007986 0.002423 0.023580
v -0.007986 -0.000777 0.023580
v -0.007986 -0.000777 0.024220
v -0.007168 0.007423 0.025350
v -0.007168 0.007423 0.025950
v -0.007168 0.003923 0.025950
v -0.007168 0.003923 0.025350
v -0.007168 0.003923 0.025350
v -0.007866 0.003923 0.025350
v -0.007866 0.007423 0.025350
v -0.007168 0.007423 0.025350
v -0.007986 0.003923 0.018580
v -0.007986 0.003923 0.019220
v -0.007986 0.007923 0.019220
v -0.007986 0.007923 0.018580
v -0.007346 0.003923 0.019220
v -0.007346 0.003923 0.018580
v -0.007346 0.007923 0.018580
v -0.007346 0.007923 0.019220
v -0.007346 0.003923 0.021080
v -0.007986 0.003923 0.021080
v -0.007986 0.007923 0.021080
v -0.007346 0.007923 0.021080
v -0.007346 0.007923 0.021720
v -0.007346 0.007923 0.021080
v -0.007986 0.007923 0.021080
v -0.007986 0.007923 0.021720
v -0.007346 0.002423 0.021720
v -0.007986 0.002423 0.021720
v -0.007986 -0.000777 0.021720
v -0.007346 -0.000777 0.021720
v -0.007986 -0.000777 0.023580
v -0.007346 -0.000777 0.023580
v -0.007346 -0.000777 0.024220
v -0.007986 -0.000777 0.024220
v -0.007866 0.007423 0.025350
v -0.007866 0.007423 0.025950
v -0.007168 0.007423 0.025950
v -0.007168 0.007423 0.025350
v -0.007346 0.003923 0.018580
v -0.007986 0.003923 0.018580
v -0.007986 0.007923 0.018580
v -0.007346 0.007923 0.018580
v -0.007346 0.007923 0.019220
v -0.007346 0.007923 0.018580
v -0.007986 0.007923 0.018580
v -0.007986 0.007923 0.019220
v -0.007346 0.002423 0.019220
v -0.007986 0.002423 0.019220
v -0.007986 -0.000777 0.019220
v -0.007346 -0.000777 0.019220
v -0.007346 0.002423 0.021080
v -0.007346 0.002423 0.021720
v -0.007346 -0.000777 0.021720
v -0.007346 -0.000777 0.021080
v -0.007986 0.002423 0.021720
v -0.007986 0.002423 0.021080
v -0.007986 -0.000777 0.021080
v -0.007986 -0.000777 0.021720
v -0.007346 0.002423 0.018580
v -0.007346 0.002423 0.019220
v -0.007346 -0.000777 0.019220
v -0.007346 -0.000777 0.018580
v -0.007986 0.002423 0.019220
v -0.007986 0.002423 0.018580
v -0.007986 -0.000777 0.018580
v -0.007986 -0.000777 0.019220
v -0.007986 0.002423 0.021080
v -0.007346 0.002423 0.021080
v -0.007346 -0.000777 0.021080
v -0.007986 -0.000777 0.021080
v -0.007986 -0.000777 0.021080
v -0.007346 -0.000777 0.021080
v -0.007346 -0.000777 0.021720
v -0.007986 -0.000777 0.021720
v -0.007986 0.002423 0.018580
v -0.007346 0.002423 0.018580
v -0.007346 -0.000777 0.018580
v -0.007986 -0.000777 0.018580
v -0.007986 -0.000777 0.018580
v -0.007346 -0.000777 0.018580
v -0.007346 -0.000777 0.019220
v -0.007986 -0.000777 0.019220
f 2 24 1
f 1 24 25
f 1 25 23
f 23 25 22
f 22 25 21
f 21 25 20
f 20 25 26
f 20 26 19
f 19 26 18
f 18 26 27
f 18 27 49
f 49 27 28
f 49 28 48
f 48 28 24
f 48 24 2
f 2 3 48
f 48 3 47
f 47 3 4
f 47 4 32
f 32 4 31
f 31 4 5
f 31 5 30
f 30 5 6
f 30 6 29
f 29 6 46
f 29 46 33
f 33 46 47
f 33 47 32
f 46 6 45
f 45 6 7
f 45 7 8
f 9 36 8
f 8 36 37
f 8 37 45
f 45 37 44
f 44 37 38
f 44 38 52
f 52 38 34
f 52 34 12
f 12 34 35
f 12 35 11
f 11 35 10
f 10 35 9
f 9 35 36
f 12 13 52
f 52 13 14
f 52 14 51
f 51 14 42
f 51 42 43
f 42 14 41
f 41 14 15
f 41 15 40
f 40 15 16
f 40 16 39
f 39 16 50
f 39 50 43
f 43 50 51
f 16 17 50
f 50 17 49
f 49 17 18
f 60 53 59
f 59 53 54
f 59 54 55
f 59 55 58
f 58 55 56
f 58 56 57
f 80 61 79
f 79 61 62
f 79 62 78
f 78 62 63
f 78 63 77
f 77 63 64
f 77 64 76
f 76 64 75
f 75 64 65
f 75 65 74
f 74 65 66
f 74 66 73
f 73 66 67
f 73 67 68
f 73 68 72
f 72 68 69
f 72 69 70
f 70 71 72
f 81 82 100
f 100 82 99
f 99 82 83
f 99 83 98
f 98 83 84
f 98 84 97
f 97 84 85
f 97 85 86
f 97 86 96
f 96 86 87
f 96 87 95
f 95 87 88
f 95 88 94
f 94 88 93
f 93 88 89
f 93 89 92
f 92 89 91
f 91 89 90
f 101 102 104
f 104 102 103
f 118 105 117
f 117 105 106
f 117 106 116
f 116 106 107
f 116 107 115
f 115 107 108
f 115 108 114
f 114 108 109
f 114 109 113
f 113 109 110
f 113 110 112
f 112 110 111
f 126 119 125
f 125 119 120
f 125 120 124
f 124 120 121
f 124 121 123
f 123 121 122
f 128 136 127
f 127 136 132
f 127 132 131
f 131 132 133
f 131 133 138
f 128 129 136
f 136 129 135
f 135 129 137
f 135 137 134
f 138 130 131
f 140 141 139
f 139 141 142
f 156 143 155
f 155 143 144
f 155 144 154
f 154 144 145
f 154 145 153
f 153 145 146
f 153 146 152
f 152 146 147
f 152 147 151
f 151 147 148
f 151 148 150
f 150 148 149
f 158 159 157
f 157 159 160
f 162 170 161
f 161 170 166
f 161 166 165
f 165 166 167
f 165 167 172
f 162 163 170
f 170 163 169
f 169 163 171
f 169 171 168
f 172 164 165
f 173 174 176
f 176 174 175
f 178 179 177
f 177 179 180
f 182 183 181
f 181 183 192
f 192 183 184
f 192 184 185
f 185 186 192
f 192 186 191
f 191 186 187
f 191 187 190
f 190 187 188
f 190 188 189
f 193 194 196
f 196 194 195
f 198 206 197
f 197 206 202
f 197 202 201
f 201 202 203
f 201 203 208
f 198 199 206
f 206 199 205
f 205 199 207
f 205 207 204
f 208 200 201
f 209 210 212
f 212 210 211
f 214 215 213
f 213 215 216
f 218 226 217
f 217 226 222
f 217 222 221
f 221 222 223
f 221 223 228
f 218 219 226
f 226 219 225
f 225 219 227
f 225 227 224
f 228 220 221
f 249 229 261
f 261 229 230
f 261 230 260
f 260 230 255
f 260 255 256
f 230 231 255
f 255 231 273
f 255 273 274
f 273 231 277
f 277 231 232
f 277 232 276
f 276 232 233
f 276 233 275
f 275 233 253
f 275 253 254
f 233 234 253
f 253 234 268
f 253 268 269
f 268 234 272
f 272 234 235
f 272 235 236
f 236 237 272
f 272 237 271
f 271 237 238
f 271 238 270
f 270 238 251
f 270 251 252
f 238 239 251
f 251 239 240
f 251 240 263
f 263 240 267
f 267 240 241
f 267 241 266
f 266 241 242
f 266 242 265
f 265 242 243
f 265 243 257
f 257 243 244
f 257 244 258
f 258 244 245
f 258 245 262
f 262 245 246
f 262 246 247
f 247 248 262
f 262 248 249
f 262 249 261
f 251 264 250
f 250 264 265
f 250 265 257
f 270 252 269
f 269 252 253
f 275 254 274
f 274 254 255
f 260 256 259
f 259 256 257
f 259 257 258
f 263 264 251
f 285 278 284
f 284 278 279
f 284 279 280
f 284 280 283
f 283 280 281
f 283 281 282
f 286 287 305
f 305 287 304
f 304 287 288
f 304 288 303
f 303 288 289
f 303 289 302
f 302 289 290
f 302 290 291
f 302 291 301
f 301 291 292
f 301 292 300
f 300 292 293
f 300 293 299
f 299 293 298
f 298 293 294
f 298 294 297
f 297 294 296
f 296 294 295
f 314 306 315
f 315 306 307
f 315 307 322
f 322 307 308
f 322 308 321
f 321 308 309
f 321 309 320
f 320 309 310
f 320 310 319
f 319 310 324
f 323 311 318
f 318 311 312
f 318 312 317
f 317 312 313
f 317 313 316
f 316 313 314
f 316 314 315
f 332 325 333
f 333 325 326
f 333 326 339
f 339 326 327
f 339 327 338
f 338 327 328
f 338 328 337
f 337 328 329
f 337 329 336
f 336 329 330
f 336 330 335
f 335 330 341
f 335 341 334
f 340 331 332
f 340 332 333
f 342 343 355
f 355 343 354
f 354 343 344
f 354 344 353
f 353 344 345
f 353 345 352
f 352 345 351
f 351 345 346
f 351 346 350
f 350 346 347
f 350 347 349
f 349 347 348
f 357 358 356
f 356 358 359
f 361 374 360
f 375 370 371
f 375 371 366
f 366 371 372
f 366 372 365
f 365 372 373
f 365 373 364
f 364 373 367
f 364 367 363
f 363 367 368
f 363 368 362
f 362 368 369
f 362 369 361
f 361 369 374
f 377 378 376
f 376 378 379
f 376 379 387
f 387 379 380
f 387 380 386
f 386 380 385
f 385 380 381
f 385 381 384
f 384 381 383
f 383 381 382
f 389 400 388
f 388 400 401
f 388 401 394
f 394 401 402
f 394 402 393
f 393 402 403
f 393 403 392
f 392 403 391
f 391 403 404
f 391 404 405
f 390 396 389
f 389 396 397
f 389 397 398
f 391 406 390
f 390 406 407
f 390 407 395
f 395 396 390
f 398 399 389
f 389 399 400
f 405 406 391
f 408 409 411
f 411 409 410
f 412 413 415
f 415 413 414
f 417 431 416
f 416 431 424
f 416 424 423
f 423 424 425
f 423 425 422
f 422 425 426
f 422 426 421
f 421 426 427
f 421 427 420
f 420 427 432
f 433 428 419
f 419 428 429
f 419 429 418
f 418 429 430
f 418 430 417
f 417 430 431
f 441 434 440
f 440 434 435
f 440 435 439
f 439 435 436
f 439 436 438
f 438 436 437
f 443 444 442
f 442 444 445
f 446 447 453
f 453 447 452
f 452 447 448
f 452 448 451
f 451 448 449
f 451 449 450
f 455 477 454
f 454 477 478
f 454 478 467
f 467 478 466
f 466 478 465
f 465 478 464
f 464 478 479
f 464 479 480
f 455 456 477
f 477 456 476
f 476 456 475
f 475 456 457
f 475 457 474
f 474 457 473
f 473 457 472
f 472 457 458
f 472 458 459
f 472 459 471
f 471 459 460
f 471 460 461
f 471 461 470
f 470 461 462
f 470 462 463
f 464 480 463
f 463 480 468
f 463 468 469
f 469 470 463
f 481 482 484
f 484 482 483
f 486 504 485
f 485 504 505
f 485 505 492
f 487 502 486
f 486 502 503
f 486 503 504
f 502 487 501
f 501 487 506
f 501 506 500
f 507 488 489
f 507 489 499
f 499 489 490
f 499 490 498
f 498 490 491
f 498 491 497
f 497 491 496
f 496 491 485
f 496 485 495
f 495 485 494
f 494 485 493
f 493 485 492
f 508 509 511
f 511 509 510
f 513 525 512
f 512 525 527
f 526 519 518
f 518 519 520
f 518 520 517
f 517 520 521
f 517 521 516
f 516 521 522
f 516 522 515
f 515 522 523
f 515 523 514
f 514 523 524
f 514 524 513
f 513 524 525
f 544 536 528
f 528 536 537
f 528 537 535
f 535 537 538
f 535 538 534
f 534 538 539
f 534 539 533
f 533 539 540
f 533 540 532
f 532 540 541
f 532 541 531
f 531 541 542
f 531 542 530
f 530 542 545
f 530 545 529
f 544 543 536
f 546 547 553
f 553 547 552
f 552 547 548
f 552 548 551
f 551 548 549
f 551 549 550
f 561 554 560
f 560 554 555
f 560 555 559
f 559 555 556
f 559 556 557
f 557 558 559
f 569 562 570
f 570 562 563
f 570 563 576
f 576 563 564
f 576 564 575
f 575 564 565
f 575 565 574
f 574 565 566
f 574 566 573
f 573 566 567
f 573 567 572
f 572 567 568
f 572 568 571
f 571 568 569
f 571 569 570
f 577 578 581
f 581 578 579
f 581 579 580
f 583 587 582
f 582 587 588
f 582 588 586
f 586 588 592
f 586 592 585
f 593 589 590
f 593 590 584
f 584 590 591
f 584 591 583
f 583 591 587
f 595 604 594
f 605 601 602
f 605 602 598
f 598 602 603
f 598 603 597
f 597 603 599
f 597 599 596
f 596 599 600
f 596 600 595
f 595 600 604
f 612 606 613
f 613 606 607
f 613 607 617
f 617 607 608
f 617 608 616
f 616 608 609
f 616 609 610
f 616 610 615
f 615 610 611
f 615 611 614
f 614 611 612
f 614 612 613
f 619 633 618
f 618 633 632
f 618 632 624
f 624 632 639
f 624 639 623
f 623 639 638
f 623 638 622
f 622 638 637
f 622 637 621
f 640 636 635
f 640 635 620
f 620 635 634
f 620 634 619
f 619 634 633
f 626 632 625
f 625 632 633
f 625 633 631
f 631 633 634
f 631 634 630
f 630 634 635
f 630 635 629
f 629 635 636
f 629 636 628
f 641 637 638
f 641 638 627
f 627 638 639
f 627 639 626
f 626 639 632
f 643 686 642
f 642 686 687
f 642 687 685
f 685 687 684
f 684 687 683
f 683 687 682
f 682 687 678
f 682 678 681
f 681 678 679
f 681 679 680
f 643 644 686
f 686 644 645
f 686 645 692
f 692 645 649
f 692 649 650
f 649 645 648
f 648 645 646
f 648 646 647
f 650 651 692
f 692 651 652
f 692 652 653
f 692 653 691
f 691 653 654
f 691 654 655
f 655 656 691
f 691 656 657
f 691 657 660
f 660 657 658
f 660 658 659
f 691 660 690
f 690 660 661
f 690 661 662
f 662 663 690
f 690 663 664
f 690 664 665
f 665 666 690
f 690 666 689
f 689 666 694
f 693 667 670
f 670 667 668
f 670 668 669
f 670 671 693
f 693 671 673
f 693 673 688
f 688 673 674
f 688 674 675
f 671 672 673
f 675 676 688
f 688 676 677
f 688 677 678
f 687 688 678
f 702 695 701
f 701 695 696
f 701 696 700
f 700 696 697
f 700 697 699
f 699 697 698
f 703 704 708
f 708 704 707
f 707 704 705
f 707 705 706
f 709 710 740
f 740 710 739
f 739 710 737
f 739 737 738
f 737 710 736
f 736 710 711
f 736 711 719
f 719 711 712
f 719 712 718
f 718 712 713
f 718 713 716
f 716 713 715
f 715 713 714
f 716 717 718
f 719 720 736
f 736 720 735
f 735 720 727
f 735 727 728
f 720 721 727
f 727 721 726
f 726 721 724
f 726 724 725
f 722 723 721
f 721 723 724
f 735 728 734
f 734 728 729
f 734 729 732
f 732 729 731
f 731 729 730
f 732 733 734
f 741 742 746
f 746 742 743
f 746 743 745
f 745 743 744
f 753 747 752
f 752 747 748
f 752 748 751
f 751 748 749
f 751 749 750
f 754 755 759
f 759 755 758
f 758 755 756
f 758 756 757
f 767 760 766
f 766 760 761
f 766 761 765
f 765 761 762
f 765 762 764
f 764 762 763
f 774 768 773
f 773 768 769
f 773 769 772
f 772 769 770
f 772 770 771
f 775 776 780
f 780 776 777
f 780 777 779
f 779 777 778
f 781 782 786
f 786 782 783
f 786 783 785
f 785 783 784
f 793 787 792
f 792 787 788
f 792 788 791
f 791 788 789
f 791 789 790
f 801 794 800
f 800 794 795
f 800 795 799
f 799 795 796
f 799 796 798
f 798 796 797
f 802 803 807
f 807 803 806
f 806 803 804
f 806 804 805
f 808 809 813
f 813 809 812
f 812 809 810
f 812 810 811
f 821 814 820
f 820 814 815
f 820 815 819
f 819 815 816
f 819 816 818
f 818 816 817
f 828 822 827
f 827 822 823
f 827 823 826
f 826 823 824
f 826 824 825
f 829 830 834
f 834 830 831
f 834 831 833
f 833 831 832
f 836 865 835
f 835 865 866
f 835 866 846
f 846 866 862
f 846 862 872
f 872 862 863
f 872 863 871
f 871 863 864
f 871 864 870
f 870 864 836
f 870 836 837
f 838 861 837
f 837 861 857
f 837 857 870
f 870 857 858
f 870 858 869
f 869 858 859
f 869 859 868
f 868 859 839
f 868 839 840
f 861 838 860
f 860 838 839
f 860 839 859
f 841 856 840
f 840 856 852
f 840 852 868
f 868 852 853
f 868 853 867
f 867 853 854
f 867 854 874
f 874 854 842
f 874 842 843
f 856 841 855
f 855 841 842
f 855 842 854
f 844 851 843
f 843 851 847
f 843 847 874
f 874 847 848
f 874 848 873
f 873 848 849
f 873 849 872
f 872 849 845
f 872 845 846
f 851 844 850
f 850 844 845
f 850 845 849
f 864 865 836
f 876 887 875
f 875 887 888
f 875 888 886
f 886 888 889
f 886 889 885
f 885 889 890
f 885 890 884
f 884 890 891
f 884 891 883
f 883 891 892
f 883 892 882
f 882 892 893
f 882 893 881
f 881 893 894
f 881 894 880
f 880 894 895
f 880 895 879
f 879 895 878
f 878 895 900
f 899 896 877
f 877 896 897
f 877 897 898
f 887 876 898
f 898 876 877
f 902 924 901
f 901 924 913
f 901 913 912
f 912 913 914
f 912 914 911
f 911 914 915
f 911 915 910
f 910 915 916
f 910 916 909
f 909 916 917
f 909 917 908
f 908 917 918
f 908 918 907
f 907 918 925
f 926 919 906
f 906 919 920
f 906 920 905
f 905 920 921
f 905 921 904
f 904 921 922
f 904 922 903
f 903 922 923
f 903 923 902
f 902 923 924
f 928 950 927
f 927 950 939
f 927 939 938
f 938 939 940
f 938 940 937
f 937 940 941
f 937 941 936
f 936 941 952
f 951 942 935
f 935 942 943
f 935 943 934
f 934 943 944
f 934 944 933
f 933 944 945
f 933 945 932
f 932 945 946
f 932 946 931
f 931 946 947
f 931 947 930
f 930 947 948
f 930 948 929
f 929 948 949
f 929 949 928
f 928 949 950
f 954 976 953
f 953 976 977
f 953 977 964
f 964 977 978
f 964 978 990
f 990 978 989
f 989 978 979
f 989 979 988
f 988 979 975
f 988 975 954
f 954 975 976
f 954 955 988
f 988 955 983
f 988 983 987
f 987 983 984
f 987 984 986
f 986 984 980
f 986 980 957
f 957 980 981
f 957 981 956
f 956 981 982
f 956 982 955
f 955 982 983
f 957 958 986
f 986 958 968
f 986 968 985
f 985 968 969
f 985 969 992
f 992 969 965
f 992 965 960
f 960 965 966
f 960 966 959
f 959 966 967
f 959 967 958
f 958 967 968
f 960 961 992
f 992 961 973
f 992 973 991
f 991 973 974
f 991 974 990
f 990 974 970
f 990 970 963
f 963 970 971
f 963 971 962
f 962 971 972
f 962 972 961
f 961 972 973
f 963 964 990
f 994 1002 993
f 993 1002 1003
f 1004 998 997
f 997 998 999
f 997 999 1000
f 994 995 1002
f 1002 995 1001
f 1001 995 996
f 1001 996 1000
f 1000 996 997
f 1006 1014 1005
f 1005 1014 1015
f 1016 1010 1009
f 1009 1010 1011
f 1009 1011 1012
f 1006 1007 1014
f 1014 1007 1013
f 1013 1007 1008
f 1013 1008 1012
f 1012 1008 1009
f 1018 1026 1017
f 1017 1026 1027
f 1028 1022 1021
f 1021 1022 1023
f 1021 1023 1024
f 1018 1019 1026
f 1026 1019 1025
f 1025 1019 1020
f 1025 1020 1024
f 1024 1020 1021
f 1030 1038 1029
f 1029 1038 1039
f 1040 1034 1033
f 1033 1034 1035
f 1033 1035 1036
f 1030 1031 1038
f 1038 1031 1037
f 1037 1031 1032
f 1037 1032 1036
f 1036 1032 1033
f 1042 1056 1041
f 1041 1056 1049
f 1041 1049 1048
f 1048 1049 1050
f 1048 1050 1047
f 1047 1050 1058
f 1057 1051 1046
f 1046 1051 1052
f 1046 1052 1045
f 1045 1052 1053
f 1045 1053 1044
f 1044 1053 1054
f 1044 1054 1043
f 1043 1054 1055
f 1043 1055 1042
f 1042 1055 1056
f 1060 1070 1059
f 1059 1070 1076
f 1075 1071 1066
f 1066 1071 1072
f 1066 1072 1065
f 1065 1072 1073
f 1065 1073 1064
f 1064 1073 1074
f 1064 1074 1063
f 1063 1074 1067
f 1063 1067 1062
f 1062 1067 1068
f 1062 1068 1061
f 1061 1068 1069
f 1061 1069 1060
f 1060 1069 1070
f 1078 1085 1077
f 1077 1085 1086
f 1077 1086 1084
f 1084 1086 1087
f 1084 1087 1083
f 1083 1087 1088
f 1083 1088 1082
f 1082 1088 1094
f 1082 1094 1081
f 1093 1089 1090
f 1093 1090 1080
f 1080 1090 1091
f 1080 1091 1079
f 1079 1091 1092
f 1079 1092 1078
f 1078 1092 1085
f 1102 1095 1103
f 1103 1095 1096
f 1103 1096 1109
f 1109 1096 1097
f 1109 1097 1108
f 1108 1097 1098
f 1108 1098 1107
f 1107 1098 1099
f 1107 1099 1106
f 1106 1099 1100
f 1106 1100 1105
f 1105 1100 1101
f 1105 1101 1104
f 1104 1101 1102
f 1104 1102 1103
f 1111 1117 1110
f 1110 1117 1124
f 1110 1124 1116
f 1125 1118 1119
f 1125 1119 1115
f 1115 1119 1120
f 1115 1120 1114
f 1114 1120 1121
f 1114 1121 1113
f 1113 1121 1122
f 1113 1122 1112
f 1112 1122 1123
f 1112 1123 1111
f 1111 1123 1117
f 1127 1136 1126
f 1126 1136 1137
f 1126 1137 1132
f 1132 1137 1138
f 1132 1138 1131
f 1131 1138 1139
f 1131 1139 1130
f 1130 1139 1141
f 1130 1141 1129
f 1140 1133 1134
f 1140 1134 1128
f 1128 1134 1135
f 1128 1135 1127
f 1127 1135 1136
f 1149 1142 1150
f 1150 1142 1143
f 1150 1143 1156
f 1156 1143 1144
f 1156 1144 1155
f 1155 1144 1145
f 1155 1145 1154
f 1154 1145 1146
f 1154 1146 1153
f 1153 1146 1147
f 1153 1147 1152
f 1152 1147 1148
f 1152 1148 1151
f 1151 1148 1149
f 1151 1149 1150
f 1158 1172 1157
f 1157 1172 1165
f 1157 1165 1164
f 1164 1165 1166
f 1164 1166 1163
f 1163 1166 1167
f 1163 1167 1162
f 1162 1167 1168
f 1162 1168 1161
f 1161 1168 1174
f 1173 1169 1160
f 1160 1169 1170
f 1160 1170 1159
f 1159 1170 1171
f 1159 1171 1158
f 1158 1171 1172
f 1182 1175 1183
f 1183 1175 1176
f 1183 1176 1189
f 1189 1176 1177
f 1189 1177 1188
f 1188 1177 1178
f 1188 1178 1187
f 1187 1178 1179
f 1187 1179 1186
f 1186 1179 1180
f 1186 1180 1185
f 1185 1180 1181
f 1185 1181 1184
f 1184 1181 1182
f 1184 1182 1183
f 1191 1205 1190
f 1190 1205 1198
f 1190 1198 1197
f 1197 1198 1199
f 1197 1199 1196
f 1196 1199 1200
f 1196 1200 1195
f 1195 1200 1201
f 1195 1201 1194
f 1194 1201 1207
f 1206 1202 1193
f 1193 1202 1203
f 1193 1203 1192
f 1192 1203 1204
f 1192 1204 1191
f 1191 1204 1205
f 1215 1208 1216
f 1216 1208 1209
f 1216 1209 1222
f 1222 1209 1210
f 1222 1210 1221
f 1221 1210 1211
f 1221 1211 1220
f 1220 1211 1212
f 1220 1212 1219
f 1219 1212 1213
f 1219 1213 1218
f 1218 1213 1214
f 1218 1214 1217
f 1217 1214 1215
f 1217 1215 1216
f 1224 1230 1223
f 1223 1230 1231
f 1223 1231 1229
f 1229 1231 1232
f 1229 1232 1228
f 1228 1232 1238
f 1228 1238 1227
f 1237 1233 1234
f 1237 1234 1226
f 1226 1234 1235
f 1226 1235 1225
f 1225 1235 1236
f 1225 1236 1224
f 1224 1236 1230
f 1240 1253 1239
f 1254 1249 1250
f 1254 1250 1245
f 1245 1250 1251
f 1245 1251 1244
f 1244 1251 1252
f 1244 1252 1243
f 1243 1252 1246
f 1243 1246 1242
f 1242 1246 1247
f 1242 1247 1241
f 1241 1247 1248
f 1241 1248 1240
f 1240 1248 1253
f 1256 1264 1255
f 1255 1264 1265
f 1255 1265 1261
f 1261 1265 1266
f 1261 1266 1260
f 1260 1266 1259
f 1259 1266 1262
f 1259 1262 1258
f 1258 1262 1263
f 1258 1263 1257
f 1257 1263 1256
f 1256 1263 1264
f 1274 1267 1275
f 1275 1267 1268
f 1275 1268 1279
f 1279 1268 1269
f 1279 1269 1278
f 1278 1269 1270
f 1278 1270 1281
f 1278 1281 1277
f 1280 1271 1272
f 1280 1272 1273
f 1280 1273 1276
f 1276 1273 1274
f 1276 1274 1275
f 1283 1289 1282
f 1282 1289 1290
f 1282 1290 1288
f 1288 1290 1291
f 1288 1291 1287
f 1287 1291 1297
f 1287 1297 1286
f 1296 1292 1293
f 1296 1293 1285
f 1285 1293 1294
f 1285 1294 1284
f 1284 1294 1295
f 1284 1295 1283
f 1283 1295 1289
f 1305 1298 1310
f 1310 1298 1299
f 1310 1299 1309
f 1309 1299 1308
f 1308 1299 1315
f 1314 1300 1307
f 1307 1300 1301
f 1307 1301 1302
f 1303 1313 1302
f 1302 1313 1306
f 1302 1306 1307
f 1303 1304 1313
f 1313 1304 1312
f 1312 1304 1305
f 1312 1305 1311
f 1311 1305 1310
f 1317 1326 1316
f 1316 1326 1327
f 1316 1327 1328
f 1326 1317 1325
f 1325 1317 1318
f 1325 1318 1324
f 1324 1318 1319
f 1324 1319 1323
f 1323 1319 1320
f 1323 1320 1330
f 1330 1320 1321
f 1330 1321 1329
f 1329 1321 1322
f 1329 1322 1328
f 1328 1322 1316
f 1331 1332 1335
f 1335 1332 1333
f 1335 1333 1334
f 1337 1341 1336
f 1336 1341 1342
f 1336 1342 1340
f 1340 1342 1346
f 1340 1346 1339
f 1347 1343 1344
f 1347 1344 1338
f 1338 1344 1345
f 1338 1345 1337
f 1337 1345 1341
f 1349 1358 1348
f 1359 1355 1356
f 1359 1356 1352
f 1352 1356 1357
f 1352 1357 1351
f 1351 1357 1353
f 1351 1353 1350
f 1350 1353 1354
f 1350 1354 1349
f 1349 1354 1358
f 1366 1360 1367
f 1367 1360 1361
f 1367 1361 1371
f 1371 1361 1362
f 1371 1362 1370
f 1370 1362 1363
f 1370 1363 1364
f 1370 1364 1369
f 1369 1364 1365
f 1369 1365 1368
f 1368 1365 1366
f 1368 1366 1367
f 1373 1387 1372
f 1372 1387 1386
f 1372 1386 1378
f 1378 1386 1393
f 1378 1393 1377
f 1377 1393 1392
f 1377 1392 1376
f 1376 1392 1391
f 1376 1391 1375
f 1394 1390 1389
f 1394 1389 1374
f 1374 1389 1388
f 1374 1388 1373
f 1373 1388 1387
f 1380 1386 1379
f 1379 1386 1387
f 1379 1387 1385
f 1385 1387 1388
f 1385 1388 1384
f 1384 1388 1389
f 1384 1389 1383
f 1383 1389 1390
f 1383 1390 1382
f 1395 1391 1392
f 1395 1392 1381
f 1381 1392 1393
f 1381 1393 1380
f 1380 1393 1386
f 1397 1440 1396
f 1396 1440 1441
f 1396 1441 1439
f 1439 1441 1438
f 1438 1441 1437
f 1437 1441 1436
f 1436 1441 1432
f 1436 1432 1435
f 1435 1432 1433
f 1435 1433 1434
f 1397 1398 1440
f 1440 1398 1399
f 1440 1399 1446
f 1446 1399 1403
f 1446 1403 1404
f 1403 1399 1402
f 1402 1399 1400
f 1402 1400 1401
f 1404 1405 1446
f 1446 1405 1406
f 1446 1406 1407
f 1446 1407 1445
f 1445 1407 1408
f 1445 1408 1409
f 1409 1410 1445
f 1445 1410 1411
f 1445 1411 1414
f 1414 1411 1412
f 1414 1412 1413
f 1445 1414 1444
f 1444 1414 1415
f 1444 1415 1416
f 1416 1417 1444
f 1444 1417 1418
f 1444 1418 1419
f 1419 1420 1444
f 1444 1420 1443
f 1443 1420 1448
f 1447 1421 1424
f 1424 1421 1422
f 1424 1422 1423
f 1424 1425 1447
f 1447 1425 1427
f 1447 1427 1442
f 1442 1427 1428
f 1442 1428 1429
f 1425 1426 1427
f 1429 1430 1442
f 1442 1430 1431
f 1442 1431 1432
f 1441 1442 1432
f 1456 1449 1455
f 1455 1449 1450
f 1455 1450 1454
f 1454 1450 1451
f 1454 1451 1453
f 1453 1451 1452
f 1457 1458 1462
f 1462 1458 1461
f 1461 1458 1459
f 1461 1459 1460
f 1463 1464 1494
f 1494 1464 1493
f 1493 1464 1491
f 1493 1491 1492
f 1491 1464 1490
f 1490 1464 1465
f 1490 1465 1473
f 1473 1465 1466
f 1473 1466 1472
f 1472 1466 1467
f 1472 1467 1470
f 1470 1467 1469
f 1469 1467 1468
f 1470 1471 1472
f 1473 1474 1490
f 1490 1474 1489
f 1489 1474 1481
f 1489 1481 1482
f 1474 1475 1481
f 1481 1475 1480
f 1480 1475 1478
f 1480 1478 1479
f 1476 1477 1475
f 1475 1477 1478
f 1489 1482 1488
f 1488 1482 1483
f 1488 1483 1486
f 1486 1483 1485
f 1485 1483 1484
f 1486 1487 1488
f 1495 1496 1500
f 1500 1496 1497
f 1500 1497 1499
f 1499 1497 1498
f 1507 1501 1506
f 1506 1501 1502
f 1506 1502 1505
f 1505 1502 1503
f 1505 1503 1504
f 1508 1509 1513
f 1513 1509 1512
f 1512 1509 1510
f 1512 1510 1511
f 1521 1514 1520
f 1520 1514 1515
f 1520 1515 1519
f 1519 1515 1516
f 1519 1516 1518
f 1518 1516 1517
f 1528 1522 1527
f 1527 1522 1523
f 1527 1523 1526
f 1526 1523 1524
f 1526 1524 1525
f 1529 1530 1534
f 1534 1530 1531
f 1534 1531 1533
f 1533 1531 1532
f 1535 1536 1540
f 1540 1536 1537
f 1540 1537 1539
f 1539 1537 1538
f 1547 1541 1546
f 1546 1541 1542
f 1546 1542 1545
f 1545 1542 1543
f 1545 1543 1544
f 1555 1548 1554
f 1554 1548 1549
f 1554 1549 1553
f 1553 1549 1550
f 1553 1550 1552
f 1552 1550 1551
f 1556 1557 1561
f 1561 1557 1560
f 1560 1557 1558
f 1560 1558 1559
f 1562 1563 1567
f 1567 1563 1566
f 1566 1563 1564
f 1566 1564 1565
f 1575 1568 1574
f 1574 1568 1569
f 1574 1569 1573
f 1573 1569 1570
f 1573 1570 1572
f 1572 1570 1571
f 1582 1576 1581
f 1581 1576 1577
f 1581 1577 1580
f 1580 1577 1578
f 1580 1578 1579
f 1583 1584 1588
f 1588 1584 1585
f 1588 1585 1587
f 1587 1585 1586
f 1590 1868 1589
f 1589 1868 1644
f 1589 1644 1646
f 1646 1644 1645
f 1868 1590 1867
f 1867 1590 1591
f 1867 1591 1866
f 1866 1591 1865
f 1865 1591 1854
f 1865 1854 1860
f 1860 1854 1859
f 1859 1854 1858
f 1858 1854 1855
f 1858 1855 1857
f 1857 1855 1856
f 1592 1852 1591
f 1591 1852 1853
f 1591 1853 1854
f 1852 1592 1851
f 1851 1592 1593
f 1851 1593 1596
f 1596 1593 1595
f 1595 1593 1594
f 1597 1599 1596
f 1596 1599 1850
f 1596 1850 1851
f 1597 1598 1599
f 1600 1848 1599
f 1599 1848 1849
f 1599 1849 1850
f 1601 1664 1600
f 1600 1664 1844
f 1600 1844 1847
f 1847 1844 1845
f 1847 1845 1846
f 1664 1601 1663
f 1663 1601 1602
f 1663 1602 1603
f 1604 1605 1603
f 1603 1605 1662
f 1603 1662 1663
f 1606 1687 1605
f 1605 1687 1688
f 1605 1688 1662
f 1662 1688 1666
f 1666 1688 1689
f 1666 1689 1690
f 1607 1608 1606
f 1606 1608 1652
f 1606 1652 1674
f 1674 1652 1653
f 1674 1653 1673
f 1673 1653 1672
f 1672 1653 1671
f 1671 1653 1780
f 1671 1780 1670
f 1670 1780 1669
f 1669 1780 1781
f 1669 1781 1668
f 1668 1781 1782
f 1668 1782 1802
f 1802 1782 1801
f 1801 1782 1783
f 1801 1783 1800
f 1800 1783 1799
f 1799 1783 1786
f 1799 1786 1787
f 1652 1608 1656
f 1656 1608 1609
f 1656 1609 1610
f 1656 1610 1655
f 1655 1610 1611
f 1655 1611 1779
f 1779 1611 1776
f 1779 1776 1778
f 1778 1776 1777
f 1776 1611 1775
f 1775 1611 1612
f 1775 1612 1774
f 1774 1612 1773
f 1773 1612 1615
f 1773 1615 1618
f 1618 1615 1617
f 1617 1615 1616
f 1613 1614 1612
f 1612 1614 1615
f 1773 1618 1772
f 1772 1618 1619
f 1772 1619 1771
f 1771 1619 1620
f 1771 1620 1770
f 1770 1620 1769
f 1769 1620 1758
f 1769 1758 1764
f 1764 1758 1763
f 1763 1758 1762
f 1762 1758 1759
f 1762 1759 1761
f 1761 1759 1760
f 1621 1756 1620
f 1620 1756 1757
f 1620 1757 1758
f 1756 1621 1755
f 1755 1621 1622
f 1755 1622 1625
f 1625 1622 1624
f 1624 1622 1623
f 1626 1628 1625
f 1625 1628 1754
f 1625 1754 1755
f 1626 1627 1628
f 1629 1752 1628
f 1628 1752 1753
f 1628 1753 1754
f 1630 1647 1629
f 1629 1647 1748
f 1629 1748 1751
f 1751 1748 1749
f 1751 1749 1750
f 1647 1630 1651
f 1651 1630 1631
f 1651 1631 1650
f 1650 1631 1632
f 1650 1632 1680
f 1680 1632 1634
f 1680 1634 1679
f 1679 1634 1691
f 1679 1691 1715
f 1715 1691 1714
f 1714 1691 1692
f 1714 1692 1713
f 1713 1692 1706
f 1713 1706 1712
f 1712 1706 1711
f 1711 1706 1708
f 1711 1708 1709
f 1632 1633 1634
f 1634 1635 1691
f 1691 1635 1698
f 1698 1635 1637
f 1698 1637 1659
f 1659 1637 1638
f 1659 1638 1658
f 1658 1638 1639
f 1658 1639 1657
f 1657 1639 1640
f 1657 1640 1875
f 1875 1640 1872
f 1875 1872 1874
f 1874 1872 1873
f 1635 1636 1637
f 1872 1640 1871
f 1871 1640 1641
f 1871 1641 1870
f 1870 1641 1869
f 1869 1641 1644
f 1869 1644 1868
f 1642 1643 1641
f 1641 1643 1644
f 1647 1648 1748
f 1748 1648 1747
f 1747 1648 1675
f 1747 1675 1676
f 1648 1649 1675
f 1675 1649 1682
f 1682 1649 1681
f 1681 1649 1680
f 1680 1649 1650
f 1653 1654 1780
f 1780 1654 1779
f 1779 1654 1655
f 1659 1660 1698
f 1698 1660 1697
f 1697 1660 1696
f 1696 1660 1695
f 1695 1660 1661
f 1695 1661 1876
f 1876 1661 1875
f 1875 1661 1657
f 1664 1665 1844
f 1844 1665 1843
f 1843 1665 1666
f 1843 1666 1683
f 1683 1666 1690
f 1668 1810 1667
f 1667 1810 1811
f 1667 1811 1812
f 1674 1667 1606
f 1606 1667 1687
f 1676 1677 1747
f 1747 1677 1746
f 1746 1677 1678
f 1746 1678 1745
f 1745 1678 1725
f 1745 1725 1726
f 1679 1717 1678
f 1678 1717 1718
f 1678 1718 1725
f 1725 1718 1719
f 1725 1719 1720
f 1683 1684 1843
f 1843 1684 1685
f 1843 1685 1842
f 1842 1685 1686
f 1842 1686 1841
f 1841 1686 1821
f 1841 1821 1822
f 1687 1813 1686
f 1686 1813 1814
f 1686 1814 1821
f 1821 1814 1815
f 1821 1815 1816
f 1693 1877 1692
f 1692 1877 1878
f 1692 1878 1706
f 1706 1878 1705
f 1705 1878 1879
f 1705 1879 1704
f 1704 1879 1703
f 1703 1879 1882
f 1703 1882 1883
f 1877 1693 1876
f 1876 1693 1694
f 1876 1694 1695
f 1699 1700 1890
f 1890 1700 1701
f 1890 1701 1889
f 1889 1701 1702
f 1889 1702 1703
f 1706 1707 1708
f 1709 1710 1711
f 1715 1716 1679
f 1679 1716 1717
f 1721 1722 1720
f 1720 1722 1723
f 1720 1723 1725
f 1725 1723 1724
f 1745 1726 1744
f 1744 1726 1727
f 1744 1727 1728
f 1729 1734 1728
f 1728 1734 1735
f 1728 1735 1740
f 1740 1735 1739
f 1739 1735 1736
f 1739 1736 1738
f 1738 1736 1737
f 1729 1730 1734
f 1734 1730 1733
f 1733 1730 1731
f 1733 1731 1732
f 1740 1741 1728
f 1728 1741 1744
f 1741 1742 1744
f 1744 1742 1743
f 1751 1752 1629
f 1764 1765 1769
f 1769 1765 1768
f 1768 1765 1766
f 1768 1766 1767
f 1784 1785 1783
f 1783 1785 1786
f 1799 1787 1792
f 1792 1787 1788
f 1792 1788 1791
f 1791 1788 1789
f 1791 1789 1790
f 1792 1793 1799
f 1799 1793 1798
f 1798 1793 1797
f 1797 1793 1794
f 1797 1794 1796
f 1796 1794 1795
f 1803 1804 1802
f 1802 1804 1807
f 1802 1807 1808
f 1804 1805 1807
f 1807 1805 1806
f 1808 1809 1802
f 1802 1809 1668
f 1809 1810 1668
f 1667 1812 1687
f 1687 1812 1813
f 1817 1818 1816
f 1816 1818 1819
f 1816 1819 1821
f 1821 1819 1820
f 1841 1822 1840
f 1840 1822 1823
f 1840 1823 1824
f 1825 1830 1824
f 1824 1830 1831
f 1824 1831 1836
f 1836 1831 1835
f 1835 1831 1832
f 1835 1832 1834
f 1834 1832 1833
f 1825 1826 1830
f 1830 1826 1829
f 1829 1826 1827
f 1829 1827 1828
f 1836 1837 1824
f 1824 1837 1840
f 1837 1838 1840
f 1840 1838 1839
f 1847 1848 1600
f 1860 1861 1865
f 1865 1861 1864
f 1864 1861 1862
f 1864 1862 1863
f 1880 1881 1879
f 1879 1881 1882
f 1703 1883 1888
f 1888 1883 1884
f 1888 1884 1887
f 1887 1884 1885
f 1887 1885 1886
f 1888 1889 1703
f 1891 1892 1894
f 1894 1892 1893
f 1896 1897 1895
f 1895 1897 1898
f 1906 1899 1905
f 1905 1899 1900
f 1905 1900 1904
f 1904 1900 1901
f 1904 1901 1902
f 1902 1903 1904
f 1914 1907 1913
f 1913 1907 1908
f 1913 1908 1909
f 1913 1909 1912
f 1912 1909 1910
f 1912 1910 1911
f 1922 1915 1921
f 1921 1915 1916
f 1921 1916 1920
f 1920 1916 1917
f 1920 1917 1918
f 1918 1919 1920
f 1930 1923 1929
f 1929 1923 1924
f 1929 1924 1925
f 1929 1925 1928
f 1928 1925 1926
f 1928 1926 1927
f 1931 1932 1934
f 1934 1932 1933
f 1936 1944 1935
f 1935 1944 1946
f 1945 1940 1939
f 1939 1940 1941
f 1939 1941 1942
f 1936 1937 1944
f 1944 1937 1943
f 1943 1937 1938
f 1943 1938 1942
f 1942 1938 1939
f 1947 1948 1950
f 1950 1948 1949
f 1951 1952 1954
f 1954 1952 1953
f 1955 1956 1962
f 1962 1956 1961
f 1961 1956 1957
f 1961 1957 1958
f 1958 1959 1961
f 1961 1959 1960
f 1963 1964 1966
f 1966 1964 1965
f 1968 1969 1967
f 1967 1969 1970
f 1967 1970 1971
f 1971 1972 1967
f 1974 2037 1973
f 1973 2037 2038
f 1973 2038 2032
f 2032 2038 2031
f 2031 2038 2030
f 2030 2038 2029
f 2029 2038 2024
f 2029 2024 2026
f 2026 2024 2025
f 1974 1975 2037
f 2037 1975 1976
f 2037 1976 2045
f 2045 1976 1981
f 2045 1981 1982
f 1977 1978 1976
f 1976 1978 1981
f 1978 1979 1981
f 1981 1979 1980
f 1982 1983 2045
f 2045 1983 1984
f 2045 1984 2044
f 2044 1984 1989
f 2044 1989 1990
f 1985 1986 1984
f 1984 1986 1987
f 1984 1987 1989
f 1989 1987 1988
f 1990 1991 2044
f 2044 1991 2043
f 2043 1991 1992
f 2043 1992 1995
f 1995 1992 1994
f 1994 1992 1993
f 1996 1997 1995
f 1995 1997 2043
f 1997 1998 2043
f 2043 1998 1999
f 2043 1999 2042
f 2042 1999 2000
f 2042 2000 2002
f 2002 2000 2001
f 2002 2003 2042
f 2042 2003 2004
f 2042 2004 2005
f 2005 2006 2042
f 2042 2006 2046
f 2042 2046 2041
f 2047 2007 2008
f 2047 2008 2009
f 2009 2010 2047
f 2047 2010 2013
f 2047 2013 2014
f 2010 2011 2013
f 2013 2011 2012
f 2047 2014 2040
f 2040 2014 2015
f 2040 2015 2016
f 2017 2018 2016
f 2016 2018 2019
f 2016 2019 2021
f 2021 2019 2020
f 2016 2021 2040
f 2040 2021 2022
f 2040 2022 2039
f 2039 2022 2023
f 2039 2023 2024
f 2026 2027 2029
f 2029 2027 2028
f 2033 2034 2032
f 2032 2034 2035
f 2032 2035 1973
f 1973 2035 2036
f 2038 2039 2024
f 2049 2057 2048
f 2048 2057 2059
f 2058 2053 2052
f 2052 2053 2054
f 2052 2054 2055
f 2049 2050 2057
f 2057 2050 2056
f 2056 2050 2051
f 2056 2051 2055
f 2055 2051 2052
f 2060 2061 2063
f 2063 2061 2062
f 2064 2065 2067
f 2067 2065 2066
f 2069 2073 2068
f 2068 2073 2074
f 2068 2074 2079
f 2079 2074 2078
f 2078 2074 2075
f 2078 2075 2076
f 2070 2071 2069
f 2069 2071 2072
f 2069 2072 2073
f 2076 2077 2078
f 2080 2081 2079
f 2079 2081 2068
f 2082 2083 2085
f 2085 2083 2084
f 2086 2087 2093
f 2093 2087 2088
f 2093 2088 2092
f 2092 2088 2091
f 2091 2088 2090
f 2090 2088 2089
f 2095 2096 2094
f 2094 2096 2098
f 2094 2098 2100
f 2100 2098 2099
f 2096 2097 2098
f 2102 2103 2101
f 2101 2103 2104
f 2105 2106 2126
f 2126 2106 2129
f 2126 2129 2124
f 2124 2129 2123
f 2123 2129 2130
f 2123 2130 2121
f 2121 2130 2120
f 2120 2130 2118
f 2120 2118 2119
f 2129 2106 2128
f 2128 2106 2107
f 2128 2107 2109
f 2109 2107 2108
f 2110 2111 2109
f 2109 2111 2128
f 2128 2111 2127
f 2127 2111 2112
f 2127 2112 2114
f 2114 2112 2113
f 2114 2115 2127
f 2127 2115 2131
f 2131 2115 2117
f 2131 2117 2118
f 2115 2116 2117
f 2121 2122 2123
f 2124 2125 2126
f 2130 2131 2118
f 2133 2141 2132
f 2132 2141 2143
f 2142 2137 2136
f 2136 2137 2138
f 2136 2138 2139
f 2133 2134 2141
f 2141 2134 2140
f 2140 2134 2135
f 2140 2135 2139
f 2139 2135 2136
f 2145 2146 2144
f 2144 2146 2147
f 2144 2147 2148
f 2149 2150 2148
f 2148 2150 2144
f 2152 2153 2151
f 2151 2153 2154
f 2155 2156 2158
f 2158 2156 2157
f 2159 2160 2166
f 2166 2160 2161
f 2166 2161 2165
f 2165 2161 2164
f 2164 2161 2163
f 2163 2161 2162
f 2168 2170 2167
f 2167 2170 2172
f 2167 2172 2173
f 2168 2169 2170
f 2170 2171 2172
f 2175 2176 2174
f 2174 2176 2177
f 2174 2177 2179
f 2179 2177 2178
f 2179 2180 2174
f 2186 2181 2185
f 2185 2181 2182
f 2185 2182 2184
f 2184 2182 2183
f 2194 2187 2193
f 2193 2187 2188
f 2193 2188 2189
f 2190 2191 2189
f 2189 2191 2192
f 2189 2192 2193
f 2195 2196 2280
f 2280 2196 2278
f 2280 2278 2279
f 2278 2196 2282
f 2282 2196 2197
f 2282 2197 2201
f 2201 2197 2199
f 2201 2199 2200
f 2197 2198 2199
f 2201 2202 2282
f 2282 2202 2281
f 2281 2202 2204
f 2281 2204 2205
f 2202 2203 2204
f 2281 2205 2285
f 2285 2205 2206
f 2285 2206 2207
f 2285 2207 2237
f 2237 2207 2208
f 2237 2208 2236
f 2236 2208 2304
f 2236 2304 2235
f 2235 2304 2234
f 2234 2304 2305
f 2234 2305 2233
f 2233 2305 2231
f 2233 2231 2232
f 2209 2210 2208
f 2208 2210 2304
f 2304 2210 2303
f 2303 2210 2211
f 2303 2211 2221
f 2221 2211 2213
f 2221 2213 2220
f 2220 2213 2214
f 2220 2214 2290
f 2290 2214 2289
f 2289 2214 2215
f 2289 2215 2288
f 2288 2215 2216
f 2288 2216 2287
f 2287 2216 2217
f 2287 2217 2286
f 2286 2217 2218
f 2286 2218 2290
f 2290 2218 2219
f 2290 2219 2220
f 2211 2212 2213
f 2221 2222 2303
f 2303 2222 2302
f 2302 2222 2224
f 2302 2224 2301
f 2301 2224 2225
f 2301 2225 2227
f 2227 2225 2226
f 2222 2223 2224
f 2227 2228 2301
f 2301 2228 2230
f 2301 2230 2231
f 2228 2229 2230
f 2238 2239 2237
f 2237 2239 2285
f 2239 2240 2285
f 2285 2240 2284
f 2284 2240 2272
f 2284 2272 2273
f 2241 2242 2240
f 2240 2242 2272
f 2272 2242 2271
f 2271 2242 2243
f 2271 2243 2298
f 2298 2243 2244
f 2298 2244 2245
f 2298 2245 2297
f 2297 2245 2246
f 2297 2246 2248
f 2248 2246 2247
f 2297 2248 2296
f 2296 2248 2249
f 2296 2249 2251
f 2251 2249 2250
f 2251 2252 2296
f 2296 2252 2254
f 2296 2254 2255
f 2252 2253 2254
f 2256 2257 2255
f 2255 2257 2300
f 2255 2300 2296
f 2300 2257 2299
f 2299 2257 2258
f 2299 2258 2268
f 2268 2258 2266
f 2268 2266 2267
f 2258 2259 2266
f 2266 2259 2265
f 2265 2259 2291
f 2265 2291 2292
f 2259 2260 2291
f 2291 2260 2295
f 2295 2260 2261
f 2295 2261 2294
f 2294 2261 2262
f 2294 2262 2263
f 2294 2263 2293
f 2293 2263 2264
f 2293 2264 2292
f 2292 2264 2265
f 2299 2268 2298
f 2298 2268 2269
f 2298 2269 2271
f 2271 2269 2270
f 2273 2274 2284
f 2284 2274 2275
f 2284 2275 2283
f 2283 2275 2277
f 2283 2277 2278
f 2275 2276 2277
f 2282 2283 2278
f 2305 2301 2231
f 2307 2315 2306
f 2306 2315 2317
f 2316 2311 2310
f 2310 2311 2312
f 2310 2312 2313
f 2307 2308 2315
f 2315 2308 2314
f 2314 2308 2309
f 2314 2309 2313
f 2313 2309 2310
f 2319 2320 2318
f 2318 2320 2321
f 2322 2323 2325
f 2325 2323 2324
f 2326 2327 2333
f 2333 2327 2332
f 2332 2327 2328
f 2332 2328 2329
f 2329 2330 2332
f 2332 2330 2331
f 2335 2337 2334
f 2334 2337 2339
f 2334 2339 2340
f 2335 2336 2337
f 2337 2338 2339
f 2342 2343 2341
f 2341 2343 2344
f 2341 2344 2346
f 2346 2344 2345
f 2346 2347 2341
f 2355 2348 2354
f 2354 2348 2349
f 2354 2349 2350
f 2351 2352 2350
f 2350 2352 2353
f 2350 2353 2354
f 2357 2360 2356
f 2356 2360 2367
f 2356 2367 2368
f 2357 2358 2360
f 2360 2358 2359
f 2367 2360 2366
f 2366 2360 2361
f 2366 2361 2363
f 2363 2361 2362
f 2363 2364 2366
f 2366 2364 2365
f 2369 2370 2372
f 2372 2370 2371
f 2389 2373 2388
f 2388 2373 2374
f 2388 2374 2375
f 2376 2390 2375
f 2375 2390 2391
f 2375 2391 2388
f 2388 2391 2392
f 2388 2392 2387
f 2387 2392 2393
f 2387 2393 2386
f 2386 2393 2385
f 2385 2393 2384
f 2384 2393 2383
f 2383 2393 2382
f 2382 2393 2381
f 2381 2393 2380
f 2380 2393 2394
f 2380 2394 2379
f 2379 2394 2378
f 2378 2394 2390
f 2378 2390 2377
f 2377 2390 2376
f 2395 2396 2416
f 2416 2396 2419
f 2416 2419 2414
f 2414 2419 2413
f 2413 2419 2420
f 2413 2420 2411
f 2411 2420 2410
f 2410 2420 2408
f 2410 2408 2409
f 2419 2396 2418
f 2418 2396 2397
f 2418 2397 2399
f 2399 2397 2398
f 2400 2401 2399
f 2399 2401 2418
f 2418 2401 2417
f 2417 2401 2402
f 2417 2402 2404
f 2404 2402 2403
f 2404 2405 2417
f 2417 2405 2421
f 2421 2405 2407
f 2421 2407 2408
f 2405 2406 2407
f 2411 2412 2413
f 2414 2415 2416
f 2420 2421 2408
f 2422 2423 2425
f 2425 2423 2424
f 2427 2432 2426
f 2426 2432 2433
f 2426 2433 2434
f 2428 2511 2427
f 2427 2511 2512
f 2427 2512 2441
f 2441 2512 2440
f 2440 2512 2513
f 2440 2513 2479
f 2479 2513 2483
f 2483 2513 2509
f 2483 2509 2448
f 2448 2509 2467
f 2448 2467 2468
f 2429 2514 2428
f 2428 2514 2435
f 2428 2435 2436
f 2426 2494 2429
f 2429 2494 2495
f 2429 2495 2517
f 2517 2495 2489
f 2517 2489 2516
f 2516 2489 2490
f 2516 2490 2515
f 2515 2490 2491
f 2515 2491 2470
f 2470 2491 2469
f 2469 2491 2492
f 2469 2492 2473
f 2473 2492 2453
f 2473 2453 2445
f 2431 2474 2430
f 2430 2474 2475
f 2430 2475 2503
f 2503 2475 2502
f 2502 2475 2476
f 2502 2476 2501
f 2501 2476 2454
f 2501 2454 2455
f 2431 2432 2474
f 2474 2432 2461
f 2474 2461 2478
f 2478 2461 2462
f 2478 2462 2477
f 2477 2462 2450
f 2477 2450 2451
f 2426 2434 2503
f 2503 2434 2430
f 2436 2437 2428
f 2428 2437 2506
f 2428 2506 2507
f 2438 2485 2437
f 2437 2485 2505
f 2437 2505 2506
f 2485 2438 2484
f 2484 2438 2439
f 2484 2439 2471
f 2471 2439 2470
f 2470 2439 2435
f 2470 2435 2514
f 2441 2442 2427
f 2427 2442 2443
f 2427 2443 2432
f 2432 2443 2460
f 2432 2460 2461
f 2460 2443 2481
f 2481 2443 2444
f 2481 2444 2480
f 2480 2444 2440
f 2480 2440 2479
f 2473 2445 2472
f 2472 2445 2446
f 2472 2446 2487
f 2487 2446 2464
f 2487 2464 2504
f 2504 2464 2508
f 2508 2464 2465
f 2508 2465 2510
f 2510 2465 2466
f 2510 2466 2509
f 2509 2466 2467
f 2446 2447 2464
f 2464 2447 2468
f 2468 2447 2448
f 2483 2448 2482
f 2482 2448 2449
f 2482 2449 2459
f 2459 2449 2463
f 2463 2449 2450
f 2463 2450 2462
f 2452 2458 2451
f 2451 2458 2454
f 2451 2454 2476
f 2458 2452 2457
f 2457 2452 2453
f 2457 2453 2493
f 2493 2453 2492
f 2456 2498 2455
f 2455 2498 2500
f 2455 2500 2501
f 2498 2456 2497
f 2497 2456 2457
f 2497 2457 2493
f 2482 2459 2481
f 2481 2459 2460
f 2484 2471 2488
f 2488 2471 2472
f 2488 2472 2487
f 2476 2477 2451
f 2485 2486 2505
f 2505 2486 2504
f 2504 2486 2487
f 2497 2493 2496
f 2496 2493 2489
f 2496 2489 2495
f 2500 2498 2499
f 2499 2498 2494
f 2499 2494 2426
f 2503 2499 2426
f 2508 2510 2507
f 2507 2510 2511
f 2507 2511 2428
f 2514 2515 2470
f 2517 2518 2429
f 2429 2518 2514
f 2520 2521 2519
f 2519 2521 2522
f 2528 2523 2527
f 2527 2523 2524
f 2527 2524 2526
f 2526 2524 2525
f 2530 2532 2529
f 2529 2532 2534
f 2529 2534 2535
f 2530 2531 2532
f 2532 2533 2534
f 2537 2538 2536
f 2536 2538 2539
f 2536 2539 2541
f 2541 2539 2540
f 2541 2542 2536
f 2550 2543 2549
f 2549 2543 2544
f 2549 2544 2545
f 2546 2547 2545
f 2545 2547 2548
f 2545 2548 2549
f 2552 2555 2551
f 2551 2555 2562
f 2551 2562 2563
f 2552 2553 2555
f 2555 2553 2554
f 2562 2555 2561
f 2561 2555 2556
f 2561 2556 2558
f 2558 2556 2557
f 2558 2559 2561
f 2561 2559 2560
f 2565 2566 2564
f 2564 2566 2567
f 2568 2569 2580
f 2580 2569 2570
f 2580 2570 2572
f 2572 2570 2571
f 2572 2573 2580
f 2580 2573 2579
f 2579 2573 2577
f 2579 2577 2578
f 2574 2575 2573
f 2573 2575 2576
f 2573 2576 2577
f 2582 2583 2581
f 2581 2583 2584
f 2608 2585 2600
f 2600 2585 2586
f 2600 2586 2599
f 2599 2586 2587
f 2599 2587 2598
f 2598 2587 2597
f 2597 2587 2588
f 2597 2588 2589
f 2590 2595 2589
f 2589 2595 2596
f 2589 2596 2597
f 2595 2590 2594
f 2594 2590 2591
f 2594 2591 2593
f 2593 2591 2592
f 2600 2601 2608
f 2608 2601 2602
f 2608 2602 2607
f 2607 2602 2603
f 2607 2603 2606
f 2606 2603 2604
f 2606 2604 2605
f 2610 2618 2609
f 2609 2618 2619
f 2620 2614 2613
f 2613 2614 2615
f 2613 2615 2616
f 2610 2611 2618
f 2618 2611 2617
f 2617 2611 2612
f 2617 2612 2616
f 2616 2612 2613
f 2621 2622 2706
f 2706 2622 2704
f 2706 2704 2705
f 2704 2622 2708
f 2708 2622 2623
f 2708 2623 2627
f 2627 2623 2625
f 2627 2625 2626
f 2623 2624 2625
f 2627 2628 2708
f 2708 2628 2707
f 2707 2628 2630
f 2707 2630 2631
f 2628 2629 2630
f 2707 2631 2711
f 2711 2631 2632
f 2711 2632 2633
f 2711 2633 2663
f 2663 2633 2634
f 2663 2634 2662
f 2662 2634 2636
f 2662 2636 2722
f 2722 2636 2637
f 2722 2637 2647
f 2647 2637 2639
f 2647 2639 2646
f 2646 2639 2640
f 2646 2640 2721
f 2721 2640 2720
f 2720 2640 2641
f 2720 2641 2719
f 2719 2641 2642
f 2719 2642 2718
f 2718 2642 2643
f 2718 2643 2717
f 2717 2643 2644
f 2717 2644 2721
f 2721 2644 2645
f 2721 2645 2646
f 2634 2635 2636
f 2637 2638 2639
f 2722 2647 2726
f 2726 2647 2648
f 2726 2648 2650
f 2650 2648 2649
f 2726 2650 2725
f 2725 2650 2651
f 2725 2651 2653
f 2653 2651 2652
f 2653 2654 2725
f 2725 2654 2724
f 2724 2654 2656
f 2724 2656 2657
f 2654 2655 2656
f 2658 2659 2657
f 2657 2659 2723
f 2657 2723 2724
f 2659 2660 2723
f 2723 2660 2661
f 2723 2661 2722
f 2722 2661 2662
f 2664 2665 2663
f 2663 2665 2711
f 2665 2666 2711
f 2711 2666 2710
f 2710 2666 2698
f 2710 2698 2699
f 2667 2668 2666
f 2666 2668 2698
f 2698 2668 2697
f 2697 2668 2669
f 2697 2669 2695
f 2695 2669 2727
f 2695 2727 2694
f 2694 2727 2684
f 2694 2684 2692
f 2692 2684 2685
f 2692 2685 2691
f 2691 2685 2712
f 2691 2712 2713
f 2669 2670 2727
f 2727 2670 2731
f 2731 2670 2671
f 2731 2671 2672
f 2673 2674 2672
f 2672 2674 2731
f 2731 2674 2730
f 2730 2674 2675
f 2730 2675 2677
f 2677 2675 2676
f 2677 2678 2730
f 2730 2678 2729
f 2729 2678 2680
f 2729 2680 2681
f 2678 2679 2680
f 2682 2683 2681
f 2681 2683 2728
f 2681 2728 2729
f 2683 2684 2728
f 2728 2684 2727
f 2685 2686 2712
f 2712 2686 2716
f 2716 2686 2687
f 2716 2687 2715
f 2715 2687 2688
f 2715 2688 2689
f 2715 2689 2714
f 2714 2689 2690
f 2714 2690 2713
f 2713 2690 2691
f 2692 2693 2694
f 2695 2696 2697
f 2699 2700 2710
f 2710 2700 2701
f 2710 2701 2709
f 2709 2701 2703
f 2709 2703 2704
f 2701 2702 2703
f 2708 2709 2704
f 2739 2732 2738
f 2738 2732 2733
f 2738 2733 2734
f 2735 2736 2734
f 2734 2736 2737
f 2734 2737 2738
f 2747 2740 2746
f 2746 2740 2741
f 2746 2741 2742
f 2743 2744 2742
f 2742 2744 2745
f 2742 2745 2746
f 2748 2749 2751
f 2751 2749 2750
f 2752 2753 2755
f 2755 2753 2754
f 2756 2757 2759
f 2759 2757 2758
f 2760 2761 2763
f 2763 2761 2762
f 2765 2767 2764
f 2764 2767 2769
f 2764 2769 2770
f 2765 2766 2767
f 2767 2768 2769
f 2772 2773 2771
f 2771 2773 2774
f 2771 2774 2776
f 2776 2774 2775
f 2776 2777 2771
f 2785 2778 2784
f 2784 2778 2779
f 2784 2779 2780
f 2781 2782 2780
f 2780 2782 2783
f 2780 2783 2784
f 2787 2790 2786
f 2786 2790 2797
f 2786 2797 2798
f 2787 2788 2790
f 2790 2788 2789
f 2797 2790 2796
f 2796 2790 2791
f 2796 2791 2793
f 2793 2791 2792
f 2793 2794 2796
f 2796 2794 2795
f 2800 2801 2799
f 2799 2801 2802
f 2803 2804 2815
f 2815 2804 2805
f 2815 2805 2807
f 2807 2805 2806
f 2807 2808 2815
f 2815 2808 2814
f 2814 2808 2812
f 2814 2812 2813
f 2809 2810 2808
f 2808 2810 2811
f 2808 2811 2812
f 2817 2818 2816
f 2816 2818 2822
f 2822 2818 2819
f 2822 2819 2820
f 2820 2821 2822
f 2823 2824 2826
f 2826 2824 2825
f 2828 2829 2827
f 2827 2829 2830
f 2838 2831 2837
f 2837 2831 2832
f 2837 2832 2833
f 2834 2835 2833
f 2833 2835 2836
f 2833 2836 2837
f 2846 2839 2845
f 2845 2839 2840
f 2845 2840 2844
f 2844 2840 2841
f 2844 2841 2842
f 2842 2843 2844
f 2847 2848 2852
f 2852 2848 2851
f 2851 2848 2850
f 2850 2848 2849
f 2854 2862 2853
f 2853 2862 2863
f 2864 2858 2857
f 2857 2858 2859
f 2857 2859 2860
f 2854 2855 2862
f 2862 2855 2861
f 2861 2855 2856
f 2861 2856 2860
f 2860 2856 2857
f 2872 2865 2871
f 2871 2865 2866
f 2871 2866 2867
f 2868 2869 2867
f 2867 2869 2870
f 2867 2870 2871
f 2873 2874 2876
f 2876 2874 2875
f 2884 2877 2883
f 2883 2877 2878
f 2883 2878 2882
f 2882 2878 2879
f 2882 2879 2881
f 2881 2879 2880
f 2892 2885 2891
f 2891 2885 2886
f 2891 2886 2890
f 2890 2886 2887
f 2890 2887 2889
f 2889 2887 2888
f 2894 2895 2893
f 2893 2895 2896
f 2897 2898 2903
f 2903 2898 2899
f 2903 2899 2901
f 2901 2899 2900
f 2901 2902 2903
f 2904 2905 2907
f 2907 2905 2906
f 2915 2908 2914
f 2914 2908 2909
f 2914 2909 2910
f 2911 2912 2910
f 2910 2912 2913
f 2910 2913 2914
f 2923 2916 2922
f 2922 2916 2917
f 2922 2917 2918
f 2919 2920 2918
f 2918 2920 2921
f 2918 2921 2922
f 2925 2928 2924
f 2924 2928 2935
f 2924 2935 2936
f 2925 2926 2928
f 2928 2926 2927
f 2935 2928 2934
f 2934 2928 2929
f 2934 2929 2931
f 2931 2929 2930
f 2931 2932 2934
f 2934 2932 2933
f 2938 2939 2937
f 2937 2939 2940
f 2941 2942 2953
f 2953 2942 2943
f 2953 2943 2945
f 2945 2943 2944
f 2945 2946 2953
f 2953 2946 2952
f 2952 2946 2950
f 2952 2950 2951
f 2947 2948 2946
f 2946 2948 2949
f 2946 2949 2950
f 2955 2956 2954
f 2954 2956 2960
f 2960 2956 2957
f 2960 2957 2958
f 2958 2959 2960
f 2961 2962 2964
f 2964 2962 2963
f 2966 2967 2965
f 2965 2967 2968
f 2970 2971 2969
f 2969 2971 2972
f 2974 2975 2973
f 2973 2975 2976
f 2977 2978 2989
f 2989 2978 2979
f 2989 2979 2981
f 2981 2979 2980
f 2981 2982 2989
f 2989 2982 2988
f 2988 2982 2986
f 2988 2986 2987
f 2983 2984 2982
f 2982 2984 2985
f 2982 2985 2986
f 2990 2991 2993
f 2993 2991 2992
f 2995 3011 2994
f 2994 3011 3012
f 2994 3012 3008
f 3008 3012 3007
f 3007 3012 3013
f 3007 3013 3006
f 3006 3013 3005
f 3005 3013 3014
f 3005 3014 3004
f 3004 3014 3003
f 3003 3014 3002
f 3002 3014 3015
f 3002 3015 3001
f 3001 3015 3011
f 3001 3011 3000
f 3000 3011 2999
f 2999 3011 2998
f 2998 3011 2997
f 2997 3011 2996
f 2996 3011 2995
f 3008 3009 2994
f 2994 3009 3010
f 3023 3016 3022
f 3022 3016 3017
f 3022 3017 3021
f 3021 3017 3018
f 3021 3018 3020
f 3020 3018 3019
f 3031 3024 3030
f 3030 3024 3025
f 3030 3025 3029
f 3029 3025 3026
f 3029 3026 3028
f 3028 3026 3027
f 3032 3033 3035
f 3035 3033 3034
f 3043 3036 3042
f 3042 3036 3037
f 3042 3037 3041
f 3041 3037 3038
f 3041 3038 3040
f 3040 3038 3039
f 3044 3045 3047
f 3047 3045 3046
f 3049 3050 3048
f 3048 3050 3051
f 3052 3053 3055
f 3055 3053 3054
f 3056 3057 3059
f 3059 3057 3058
f 3067 3060 3066
f 3066 3060 3061
f 3066 3061 3065
f 3065 3061 3062
f 3065 3062 3064
f 3064 3062 3063
f 3069 3070 3068
f 3068 3070 3071
f 3073 3074 3072
f 3072 3074 3078
f 3078 3074 3075
f 3078 3075 3076
f 3076 3077 3078
f 3079 3080 3082
f 3082 3080 3081
f 3084 3085 3083
f 3083 3085 3086
f 3088 3089 3087
f 3087 3089 3090
f 3092 3093 3091
f 3091 3093 3094
f 3096 3097 3095
f 3095 3097 3098
f 3100 3101 3099
f 3099 3101 3102
f 3099 3102 3103
f 3104 3105 3103
f 3103 3105 3099
f 3106 3107 3109
f 3109 3107 3108
f 3111 3113 3110
f 3110 3113 3114
f 3110 3114 3115
f 3111 3112 3113
f 3117 3118 3116
f 3116 3118 3119
f 3120 3121 3123
f 3123 3121 3122
f 3131 3124 3130
f 3130 3124 3125
f 3130 3125 3129
f 3129 3125 3126
f 3129 3126 3128
f 3128 3126 3127
f 3133 3141 3132
f 3132 3141 3142
f 3143 3137 3136
f 3136 3137 3138
f 3136 3138 3139
f 3133 3134 3141
f 3141 3134 3140
f 3140 3134 3135
f 3140 3135 3139
f 3139 3135 3136
f 3144 3145 3147
f 3147 3145 3146
f 3149 3151 3148
f 3148 3151 3152
f 3148 3152 3153
f 3149 3150 3151
f 3155 3156 3154
f 3154 3156 3160
f 3160 3156 3157
f 3160 3157 3158
f 3158 3159 3160
f 3162 3163 3161
f 3161 3163 3164
f 3166 3167 3165
f 3165 3167 3168
f 3170 3171 3169
f 3169 3171 3172
f 3173 3174 3180
f 3180 3174 3175
f 3180 3175 3176
f 3177 3178 3176
f 3176 3178 3179
f 3176 3179 3180
f 3182 3183 3181
f 3181 3183 3184
f 3181 3184 3185
f 3186 3187 3185
f 3185 3187 3181
f 3188 3189 3191
f 3191 3189 3190
f 3193 3194 3192
f 3192 3194 3195
f 3197 3198 3196
f 3196 3198 3199
f 3201 3202 3200
f 3200 3202 3203
f 3205 3206 3204
f 3204 3206 3207
f 3209 3234 3208
f 3208 3234 3230
f 3208 3230 3226
f 3226 3230 3225
f 3225 3230 3231
f 3225 3231 3224
f 3224 3231 3223
f 3223 3231 3232
f 3223 3232 3222
f 3222 3232 3214
f 3222 3214 3221
f 3221 3214 3220
f 3220 3214 3219
f 3219 3214 3218
f 3218 3214 3215
f 3218 3215 3217
f 3217 3215 3216
f 3209 3210 3234
f 3234 3210 3233
f 3233 3210 3211
f 3233 3211 3212
f 3233 3212 3232
f 3232 3212 3213
f 3232 3213 3214
f 3227 3228 3226
f 3226 3228 3229
f 3226 3229 3208
f 3242 3235 3241
f 3241 3235 3236
f 3241 3236 3237
f 3241 3237 3240
f 3240 3237 3238
f 3240 3238 3239
f 3243 3244 3250
f 3250 3244 3249
f 3249 3244 3245
f 3249 3245 3248
f 3248 3245 3246
f 3248 3246 3247
f 3258 3251 3257
f 3257 3251 3252
f 3257 3252 3256
f 3256 3252 3253
f 3256 3253 3255
f 3255 3253 3254
f 3266 3259 3265
f 3265 3259 3260
f 3265 3260 3261
f 3262 3263 3261
f 3261 3263 3264
f 3261 3264 3265
f 3268 3269 3267
f 3267 3269 3270
f 3272 3280 3271
f 3271 3280 3281
f 3282 3276 3275
f 3275 3276 3277
f 3275 3277 3278
f 3272 3273 3280
f 3280 3273 3279
f 3279 3273 3274
f 3279 3274 3278
f 3278 3274 3275
f 3284 3285 3283
f 3283 3285 3286
f 3283 3286 3287
f 3288 3289 3287
f 3287 3289 3283
f 3290 3291 3293
f 3293 3291 3292
f 3310 3294 3309
f 3309 3294 3295
f 3309 3295 3296
f 3297 3311 3296
f 3296 3311 3312
f 3296 3312 3309
f 3309 3312 3313
f 3309 3313 3308
f 3308 3313 3314
f 3308 3314 3307
f 3307 3314 3306
f 3306 3314 3305
f 3305 3314 3304
f 3304 3314 3303
f 3303 3314 3302
f 3302 3314 3301
f 3301 3314 3315
f 3301 3315 3300
f 3300 3315 3299
f 3299 3315 3311
f 3299 3311 3298
f 3298 3311 3297
f 3317 3318 3316
f 3316 3318 3319
f 3321 3329 3320
f 3320 3329 3330
f 3331 3325 3324
f 3324 3325 3326
f 3324 3326 3327
f 3321 3322 3329
f 3329 3322 3328
f 3328 3322 3323
f 3328 3323 3327
f 3327 3323 3324
f 3333 3334 3332
f 3332 3334 3335
f 3336 3337 3339
f 3339 3337 3338
f 3341 3342 3340
f 3340 3342 3343
f 3345 3346 3344
f 3344 3346 3347
f 3349 3350 3348
f 3348 3350 3351
f 3353 3354 3352
f 3352 3354 3355
f 3357 3358 3356
f 3356 3358 3359
f 3361 3362 3360
f 3360 3362 3363
f 3364 3365 3367
f 3367 3365 3366
f 3381 3368 3380
f 3380 3368 3369
f 3380 3369 3374
f 3374 3369 3371
f 3374 3371 3372
f 3369 3370 3371
f 3372 3373 3374
f 3374 3375 3380
f 3380 3375 3378
f 3380 3378 3379
f 3376 3377 3375
f 3375 3377 3378
f 3382 3383 3403
f 3403 3383 3402
f 3402 3383 3401
f 3401 3383 3407
f 3401 3407 3400
f 3400 3407 3408
f 3400 3408 3399
f 3399 3408 3398
f 3398 3408 3404
f 3398 3404 3397
f 3397 3404 3396
f 3396 3404 3405
f 3396 3405 3395
f 3395 3405 3387
f 3395 3387 3388
f 3407 3383 3406
f 3406 3383 3384
f 3406 3384 3385
f 3406 3385 3405
f 3405 3385 3386
f 3405 3386 3387
f 3388 3389 3395
f 3395 3389 3390
f 3395 3390 3391
f 3395 3391 3394
f 3394 3391 3392
f 3394 3392 3393
f 3409 3410 3412
f 3412 3410 3411
f 3413 3414 3416
f 3416 3414 3415
f 3417 3418 3424
f 3424 3418 3423
f 3423 3418 3419
f 3423 3419 3422
f 3422 3419 3420
f 3422 3420 3421
f 3426 3434 3425
f 3425 3434 3435
f 3436 3430 3429
f 3429 3430 3431
f 3429 3431 3432
f 3426 3427 3434
f 3434 3427 3433
f 3433 3427 3428
f 3433 3428 3432
f 3432 3428 3429
f 3438 3439 3437
f 3437 3439 3440
f 3442 3443 3441
f 3441 3443 3444
f 3445 3446 3448
f 3448 3446 3447
f 3449 3450 3452
f 3452 3450 3451
f 3453 3454 3456
f 3456 3454 3455
f 3458 3459 3457
f 3457 3459 3460
f 3461 3462 3464
f 3464 3462 3463
f 3466 3482 3465
f 3465 3482 3483
f 3465 3483 3479
f 3479 3483 3478
f 3478 3483 3484
f 3478 3484 3477
f 3477 3484 3476
f 3476 3484 3485
f 3476 3485 3475
f 3475 3485 3474
f 3474 3485 3473
f 3473 3485 3486
f 3473 3486 3472
f 3472 3486 3482
f 3472 3482 3471
f 3471 3482 3470
f 3470 3482 3469
f 3469 3482 3468
f 3468 3482 3467
f 3467 3482 3466
f 3479 3480 3465
f 3465 3480 3481
f 3487 3488 3494
f 3494 3488 3489
f 3494 3489 3490
f 3491 3492 3490
f 3490 3492 3493
f 3490 3493 3494
f 3496 3504 3495
f 3495 3504 3505
f 3506 3500 3499
f 3499 3500 3501
f 3499 3501 3502
f 3496 3497 3504
f 3504 3497 3503
f 3503 3497 3498
f 3503 3498 3502
f 3502 3498 3499
f 3508 3509 3507
f 3507 3509 3510
f 3512 3513 3511
f 3511 3513 3514
f 3516 3517 3515
f 3515 3517 3518
f 3520 3521 3519
f 3519 3521 3522
f 3524 3525 3523
f 3523 3525 3526
f 3528 3529 3527
f 3527 3529 3530
f 3532 3533 3531
f 3531 3533 3534
f 3536 3537 3535
f 3535 3537 3538
f 3540 3541 3539
f 3539 3541 3542
f 3544 3552 3543
f 3543 3552 3553
f 3554 3548 3547
f 3547 3548 3549
f 3547 3549 3550
f 3544 3545 3552
f 3552 3545 3551
f 3551 3545 3546
f 3551 3546 3550
f 3550 3546 3547
f 3555 3556 3558
f 3558 3556 3557
f 3586 3559 3583
f 3583 3559 3560
f 3583 3560 3582
f 3582 3560 3561
f 3582 3561 3567
f 3567 3561 3566
f 3566 3561 3562
f 3566 3562 3563
f 3564 3565 3563
f 3563 3565 3566
f 3582 3567 3574
f 3574 3567 3568
f 3574 3568 3569
f 3574 3569 3573
f 3573 3569 3570
f 3573 3570 3571
f 3571 3572 3573
f 3574 3575 3582
f 3582 3575 3581
f 3581 3575 3580
f 3580 3575 3576
f 3580 3576 3579
f 3579 3576 3578
f 3578 3576 3577
f 3583 3584 3586
f 3586 3584 3585
f 3587 3588 3590
f 3590 3588 3589
f 3592 3600 3591
f 3591 3600 3601
f 3602 3596 3595
f 3595 3596 3597
f 3595 3597 3598
f 3592 3593 3600
f 3600 3593 3599
f 3599 3593 3594
f 3599 3594 3598
f 3598 3594 3595
f 3604 3605 3603
f 3603 3605 3606
f 3608 3616 3607
f 3607 3616 3617
f 3618 3612 3611
f 3611 3612 3613
f 3611 3613 3614
f 3608 3609 3616
f 3616 3609 3615
f 3615 3609 3610
f 3615 3610 3614
f 3614 3610 3611
f 3620 3621 3619
f 3619 3621 3622
f 3623 3624 3626
f 3626 3624 3625
f 3628 3629 3627
f 3627 3629 3630
f 3632 3633 3631
f 3631 3633 3634
f 3635 3636 3638
f 3638 3636 3637
f 3640 3641 3639
f 3639 3641 3642
f 3639 3642 3643
f 3643 3644 3639
f 3645 3646 3648
f 3648 3646 3647
f 3650 3651 3649
f 3649 3651 3652
f 3660 3653 3659
f 3659 3653 3654
f 3659 3654 3655
f 3656 3657 3655
f 3655 3657 3658
f 3655 3658 3659
f 3662 3670 3661
f 3661 3670 3666
f 3661 3666 3665
f 3665 3666 3667
f 3665 3667 3672
f 3662 3663 3670
f 3670 3663 3669
f 3669 3663 3671
f 3669 3671 3668
f 3672 3664 3665
f 3674 3675 3673
f 3673 3675 3676
f 3678 3679 3677
f 3677 3679 3680
f 3682 3683 3681
f 3681 3683 3684
f 3686 3687 3685
f 3685 3687 3688
f 3690 3691 3689
f 3689 3691 3692
f 3694 3695 3693
f 3693 3695 3696
f 3697 3698 3700
f 3700 3698 3699
f 3702 3703 3701
f 3701 3703 3704
f 3705 3706 3708
f 3708 3706 3707
f 3709 3710 3712
f 3712 3710 3711
f 3713 3714 3716
f 3716 3714 3715
f 3718 3719 3717
f 3717 3719 3722
f 3717 3722 3728
f 3728 3722 3723
f 3728 3723 3726
f 3726 3723 3725
f 3725 3723 3724
f 3719 3720 3722
f 3722 3720 3721
f 3726 3727 3728
f 3729 3730 3728
f 3728 3730 3717
f 3732 3733 3731
f 3731 3733 3734
f 3735 3736 3742
f 3742 3736 3741
f 3741 3736 3737
f 3741 3737 3740
f 3740 3737 3739
f 3739 3737 3738
f 3743 3744 3746
f 3746 3744 3745
f 3754 3747 3753
f 3753 3747 3748
f 3753 3748 3749
f 3753 3749 3752
f 3752 3749 3750
f 3752 3750 3751
f 3756 3764 3755
f 3755 3764 3765
f 3766 3760 3759
f 3759 3760 3761
f 3759 3761 3762
f 3756 3757 3764
f 3764 3757 3763
f 3763 3757 3758
f 3763 3758 3762
f 3762 3758 3759
f 3767 3768 3770
f 3770 3768 3769
f 3772 3773 3771
f 3771 3773 3774
f 3776 3777 3775
f 3775 3777 3778
f 3780 3781 3779
f 3779 3781 3782
f 3783 3784 3786
f 3786 3784 3785
f 3788 3792 3787
f 3787 3792 3793
f 3787 3793 3798
f 3798 3793 3797
f 3797 3793 3794
f 3797 3794 3795
f 3789 3790 3788
f 3788 3790 3791
f 3788 3791 3792
f 3795 3796 3797
f 3799 3800 3798
f 3798 3800 3787
f 3801 3802 3804
f 3804 3802 3803
f 3806 3807 3805
f 3805 3807 3808
f 3810 3811 3809
f 3809 3811 3812
f 3814 3815 3813
f 3813 3815 3816
f 3818 3819 3817
f 3817 3819 3820
f 3821 3822 3824
f 3824 3822 3823
f 3825 3826 3828
f 3828 3826 3827
f 3830 3831 3829
f 3829 3831 3832
f 3833 3834 3840
f 3840 3834 3835
f 3840 3835 3836
f 3837 3838 3836
f 3836 3838 3839
f 3836 3839 3840
f 3842 3843 3841
f 3841 3843 3844
f 3852 3845 3851
f 3851 3845 3846
f 3851 3846 3847
f 3848 3849 3847
f 3847 3849 3850
f 3847 3850 3851
f 3860 3853 3859
f 3859 3853 3854
f 3859 3854 3855
f 3856 3857 3855
f 3855 3857 3858
f 3855 3858 3859
f 3868 3861 3867
f 3867 3861 3862
f 3867 3862 3863
f 3864 3865 3863
f 3863 3865 3866
f 3863 3866 3867
f 3869 3870 3872
f 3872 3870 3871
f 3873 3874 3880
f 3880 3874 3879
f 3879 3874 3875
f 3879 3875 3878
f 3878 3875 3876
f 3878 3876 3877
f 3881 3882 3888
f 3888 3882 3887
f 3887 3882 3883
f 3887 3883 3886
f 3886 3883 3885
f 3885 3883 3884
f 3889 3890 3896
f 3896 3890 3895
f 3895 3890 3891
f 3895 3891 3894
f 3894 3891 3893
f 3893 3891 3892
f 3898 3906 3897
f 3897 3906 3907
f 3908 3902 3901
f 3901 3902 3903
f 3901 3903 3904
f 3898 3899 3906
f 3906 3899 3905
f 3905 3899 3900
f 3905 3900 3904
f 3904 3900 3901
f 3910 3911 3909
f 3909 3911 3912
f 3913 3914 3920
f 3920 3914 3915
f 3920 3915 3916
f 3917 3918 3916
f 3916 3918 3919
f 3916 3919 3920
f 3921 3922 3924
f 3924 3922 3923
f 3926 3927 3925
f 3925 3927 3928
f 3956 3929 3953
f 3953 3929 3930
f 3953 3930 3952
f 3952 3930 3937
f 3952 3937 3945
f 3945 3937 3944
f 3944 3937 3938
f 3944 3938 3939
f 3930 3931 3937
f 3937 3931 3936
f 3936 3931 3932
f 3936 3932 3933
f 3934 3935 3933
f 3933 3935 3936
f 3944 3939 3943
f 3943 3939 3940
f 3943 3940 3941
f 3941 3942 3943
f 3946 3950 3945
f 3945 3950 3951
f 3945 3951 3952
f 3947 3948 3946
f 3946 3948 3949
f 3946 3949 3950
f 3953 3954 3956
f 3956 3954 3955
f 3957 3958 3960
f 3960 3958 3959
f 3961 3962 3966
f 3966 3962 3965
f 3965 3962 3964
f 3964 3962 3963
f 3968 3969 3967
f 3967 3969 3970
f 3971 3972 3974
f 3974 3972 3973
f 3976 3977 3975
f 3975 3977 3978
f 3980 3981 3979
f 3979 3981 3982
f 3984 3985 3983
f 3983 3985 3986
f 3988 3989 3987
f 3987 3989 3990
f 3992 3993 3991
f 3991 3993 3994
f 3996 4004 3995
f 3995 4004 4005
f 4006 4000 3999
f 3999 4000 4001
f 3999 4001 4002
f 3996 3997 4004
f 4004 3997 4003
f 4003 3997 3998
f 4003 3998 4002
f 4002 3998 3999
f 4008 4009 4007
f 4007 4009 4010
f 4012 4013 4011
f 4011 4013 4014
f 4015 4016 4036
f 4036 4016 4035
f 4035 4016 4034
f 4034 4016 4040
f 4034 4040 4033
f 4033 4040 4041
f 4033 4041 4032
f 4032 4041 4031
f 4031 4041 4037
f 4031 4037 4030
f 4030 4037 4029
f 4029 4037 4038
f 4029 4038 4028
f 4028 4038 4020
f 4028 4020 4021
f 4040 4016 4039
f 4039 4016 4017
f 4039 4017 4018
f 4039 4018 4038
f 4038 4018 4019
f 4038 4019 4020
f 4021 4022 4028
f 4028 4022 4023
f 4028 4023 4024
f 4028 4024 4027
f 4027 4024 4025
f 4027 4025 4026
f 4049 4042 4048
f 4048 4042 4043
f 4048 4043 4044
f 4045 4046 4044
f 4044 4046 4047
f 4044 4047 4048
f 4050 4051 4057
f 4057 4051 4056
f 4056 4051 4052
f 4056 4052 4055
f 4055 4052 4054
f 4054 4052 4053
f 4065 4058 4064
f 4064 4058 4059
f 4064 4059 4063
f 4063 4059 4060
f 4063 4060 4062
f 4062 4060 4061
f 4067 4068 4066
f 4066 4068 4069
f 4071 4072 4070
f 4070 4072 4073
f 4081 4074 4080
f 4080 4074 4075
f 4080 4075 4079
f 4079 4075 4076
f 4079 4076 4078
f 4078 4076 4077
f 4082 4083 4085
f 4085 4083 4084
f 4087 4088 4086
f 4086 4088 4089
f 4090 4091 4093
f 4093 4091 4092
f 4117 4094 4109
f 4109 4094 4095
f 4109 4095 4108
f 4108 4095 4107
f 4107 4095 4096
f 4107 4096 4106
f 4106 4096 4097
f 4106 4097 4098
f 4099 4104 4098
f 4098 4104 4105
f 4098 4105 4106
f 4104 4099 4103
f 4103 4099 4100
f 4103 4100 4102
f 4102 4100 4101
f 4109 4110 4117
f 4117 4110 4111
f 4117 4111 4116
f 4116 4111 4112
f 4116 4112 4115
f 4115 4112 4113
f 4115 4113 4114
f 4119 4120 4118
f 4118 4120 4121
f 4122 4123 4135
f 4135 4123 4124
f 4135 4124 4125
f 4135 4125 4134
f 4134 4125 4126
f 4134 4126 4133
f 4133 4126 4127
f 4133 4127 4132
f 4132 4127 4128
f 4132 4128 4131
f 4131 4128 4130
f 4130 4128 4129
f 4137 4138 4136
f 4136 4138 4139
f 4141 4149 4140
f 4140 4149 4150
f 4151 4145 4144
f 4144 4145 4146
f 4144 4146 4147
f 4141 4142 4149
f 4149 4142 4148
f 4148 4142 4143
f 4148 4143 4147
f 4147 4143 4144
f 4152 4153 4155
f 4155 4153 4154
f 4157 4165 4156
f 4156 4165 4161
f 4156 4161 4160
f 4160 4161 4162
f 4160 4162 4167
f 4157 4158 4165
f 4165 4158 4164
f 4164 4158 4166
f 4164 4166 4163
f 4167 4159 4160
f 4175 4168 4174
f 4174 4168 4169
f 4174 4169 4173
f 4173 4169 4170
f 4173 4170 4172
f 4172 4170 4171
f 4177 4178 4176
f 4176 4178 4179
f 4181 4182 4180
f 4180 4182 4183
f 4184 4185 4187
f 4187 4185 4186
f 4195 4188 4194
f 4194 4188 4189
f 4194 4189 4193
f 4193 4189 4190
f 4193 4190 4191
f 4191 4192 4193
f 4196 4197 4199
f 4199 4197 4198
f 4201 4202 4200
f 4200 4202 4203
f 4205 4206 4204
f 4204 4206 4207
f 4209 4210 4208
f 4208 4210 4211
f 4213 4214 4212
f 4212 4214 4215
f 4223 4216 4222
f 4222 4216 4217
f 4222 4217 4221
f 4221 4217 4218
f 4221 4218 4220
f 4220 4218 4219
f 4225 4250 4224
f 4224 4250 4246
f 4224 4246 4242
f 4242 4246 4241
f 4241 4246 4247
f 4241 4247 4240
f 4240 4247 4239
f 4239 4247 4248
f 4239 4248 4238
f 4238 4248 4230
f 4238 4230 4237
f 4237 4230 4236
f 4236 4230 4235
f 4235 4230 4234
f 4234 4230 4231
f 4234 4231 4233
f 4233 4231 4232
f 4225 4226 4250
f 4250 4226 4249
f 4249 4226 4227
f 4249 4227 4228
f 4249 4228 4248
f 4248 4228 4229
f 4248 4229 4230
f 4243 4244 4242
f 4242 4244 4245
f 4242 4245 4224
f 4251 4252 4258
f 4258 4252 4257
f 4257 4252 4253
f 4257 4253 4256
f 4256 4253 4254
f 4256 4254 4255
f 4259 4260 4266
f 4266 4260 4265
f 4265 4260 4264
f 4264 4260 4261
f 4264 4261 4263
f 4263 4261 4262
f 4267 4268 4274
f 4274 4268 4273
f 4273 4268 4272
f 4272 4268 4269
f 4272 4269 4271
f 4271 4269 4270
f 4282 4275 4281
f 4281 4275 4276
f 4281 4276 4280
f 4280 4276 4277
f 4280 4277 4279
f 4279 4277 4278
f 4283 4284 4296
f 4296 4284 4285
f 4296 4285 4286
f 4296 4286 4295
f 4295 4286 4287
f 4295 4287 4294
f 4294 4287 4288
f 4294 4288 4293
f 4293 4288 4289
f 4293 4289 4292
f 4292 4289 4291
f 4291 4289 4290
f 4298 4299 4297
f 4297 4299 4300
f 4302 4303 4301
f 4301 4303 4304
f 4306 4307 4305
f 4305 4307 4308
f 4310 4311 4309
f 4309 4311 4312
f 4314 4315 4313
f 4313 4315 4316
f 4318 4319 4317
f 4317 4319 4320
f 4322 4323 4321
f 4321 4323 4324
f 4326 4327 4325
f 4325 4327 4328
f 4330 4331 4329
f 4329 4331 4332
f 4334 4335 4333
f 4333 4335 4336
f 4338 4339 4337
f 4337 4339 4340
f 4341 4342 4344
f 4344 4342 4343
f 4345 4346 4358
f 4358 4346 4347
f 4358 4347 4348
f 4358 4348 4357
f 4357 4348 4349
f 4357 4349 4356
f 4356 4349 4350
f 4356 4350 4355
f 4355 4350 4351
f 4355 4351 4354
f 4354 4351 4353
f 4353 4351 4352
f 4360 4361 4359
f 4359 4361 4362
f 4363 4364 4370
f 4370 4364 4369
f 4369 4364 4368
f 4368 4364 4365
f 4368 4365 4367
f 4367 4365 4366
f 4371 4372 4384
f 4384 4372 4373
f 4384 4373 4374
f 4384 4374 4383
f 4383 4374 4375
f 4383 4375 4382
f 4382 4375 4376
f 4382 4376 4381
f 4381 4376 4377
f 4381 4377 4380
f 4380 4377 4379
f 4379 4377 4378
f 4386 4387 4385
f 4385 4387 4388
f 4396 4389 4395
f 4395 4389 4390
f 4395 4390 4394
f 4394 4390 4391
f 4394 4391 4393
f 4393 4391 4392
f 4404 4397 4403
f 4403 4397 4398
f 4403 4398 4402
f 4402 4398 4399
f 4402 4399 4401
f 4401 4399 4400
f 4405 4406 4412
f 4412 4406 4411
f 4411 4406 4407
f 4411 4407 4410
f 4410 4407 4408
f 4410 4408 4409
f 4420 4413 4419
f 4419 4413 4414
f 4419 4414 4418
f 4418 4414 4415
f 4418 4415 4417
f 4417 4415 4416
f 4422 4423 4421
f 4421 4423 4424
f 4426 4427 4425
f 4425 4427 4428
f 4430 4431 4429
f 4429 4431 4432
f 4434 4435 4433
f 4433 4435 4436
f 4437 4438 4440
f 4440 4438 4439
f 4441 4442 4444
f 4444 4442 4443
f 4445 4446 4448
f 4448 4446 4447
f 4450 4451 4449
f 4449 4451 4452
f 4453 4454 4456
f 4456 4454 4455
f 4457 4458 4460
f 4460 4458 4459
f 4461 4462 4468
f 4468 4462 4467
f 4467 4462 4466
f 4466 4462 4463
f 4466 4463 4465
f 4465 4463 4464
f 4469 4470 4476
f 4476 4470 4475
f 4475 4470 4471
f 4475 4471 4474
f 4474 4471 4472
f 4474 4472 4473
f 4478 4479 4477
f 4477 4479 4480
f 4482 4483 4481
f 4481 4483 4484
f 4486 4487 4485
f 4485 4487 4488
f 4490 4491 4489
f 4489 4491 4492
f 4494 4495 4493
f 4493 4495 4496
f 4498 4499 4497
f 4497 4499 4500
f 4502 4503 4501
f 4501 4503 4504
f 4506 4507 4505
f 4505 4507 4508
f 4510 4511 4509
f 4509 4511 4512
f 4514 4515 4513
f 4513 4515 4516
f 4518 4519 4517
f 4517 4519 4520
f 4522 4523 4521
f 4521 4523 4524
f 4526 4527 4525
f 4525 4527 4528
f 4530 4531 4529
f 4529 4531 4532
f 4534 4535 4533
f 4533 4535 4536
f 4538 4539 4537
f 4537 4539 4540
f 4542 4543 4541
f 4541 4543 4544
f 4546 4547 4545
f 4545 4547 4548
f 4550 4551 4549
f 4549 4551 4552
f 4554 4555 4553
f 4553 4555 4556
f 4558 4559 4557
f 4557 4559 4560
f 4562 4563 4561
f 4561 4563 4564
f 4566 4567 4565
f 4565 4567 4568
f 4569 4570 4572
f 4572 4570 4571
f 4573 4574 4576
f 4576 4574 4575
f 4578 4579 4577
f 4577 4579 4580
f 4581 4582 4588
f 4588 4582 4583
f 4588 4583 4584
f 4585 4586 4584
f 4584 4586 4587
f 4584 4587 4588
f 4589 4590 4592
f 4592 4590 4591
f 4594 4595 4593
f 4593 4595 4596
f 4598 4599 4597
f 4597 4599 4600
f 4602 4603 4601
f 4601 4603 4604
f 4606 4607 4605
f 4605 4607 4608
f 4610 4611 4609
f 4609 4611 4612
f 4614 4615 4613
f 4613 4615 4616
f 4618 4619 4617
f 4617 4619 4620
f 4622 4623 4621
f 4621 4623 4624
f 4626 4627 4625
f 4625 4627 4628
f 4630 4631 4629
f 4629 4631 4632
f 4634 4635 4633
f 4633 4635 4636
f 4638 4639 4637
f 4637 4639 4640
f 4642 4643 4641
f 4641 4643 4644
f 4645 4646 4652
f 4652 4646 4647
f 4652 4647 4648
f 4649 4650 4648
f 4648 4650 4651
f 4648 4651 4652
f 4653 4654 4656
f 4656 4654 4655
f 4658 4659 4657
f 4657 4659 4660
f 4662 4663 4661
f 4661 4663 4664
f 4666 4667 4665
f 4665 4667 4668
f 4670 4671 4669
f 4669 4671 4672
f 4674 4675 4673
f 4673 4675 4676
f 4678 4679 4677
f 4677 4679 4680
f 4682 4683 4681
f 4681 4683 4684
f 4686 4687 4685
f 4685 4687 4688
f 4689 4690 4696
f 4696 4690 4691
f 4696 4691 4692
f 4693 4694 4692
f 4692 4694 4695
f 4692 4695 4696
f 4698 4699 4697
f 4697 4699 4700
f 4701 4702 4704
f 4704 4702 4703
f 4705 4706 4708
f 4708 4706 4707
f 4710 4711 4709
f 4709 4711 4712
f 4714 4715 4713
f 4713 4715 4716
f 4718 4719 4717
f 4717 4719 4720
f 4722 4723 4721
f 4721 4723 4724
f 4726 4727 4725
f 4725 4727 4728
f 4730 4731 4729
f 4729 4731 4732
f 4734 4735 4733
f 4733 4735 4736
f 4737 4738 4744
f 4744 4738 4739
f 4744 4739 4740
f 4741 4742 4740
f 4740 4742 4743
f 4740 4743 4744
f 4746 4747 4745
f 4745 4747 4748
f 4749 4750 4752
f 4752 4750 4751
f 4754 4755 4753
f 4753 4755 4756
f 4758 4759 4757
f 4757 4759 4760
f 4762 4763 4761
f 4761 4763 4764
f 4765 4766 4768
f 4768 4766 4767
f 4770 4797 4769
f 4769 4797 4798
f 4769 4798 4812
f 4812 4798 4816
f 4816 4798 4817
f 4816 4817 4818
f 4797 4770 4777
f 4777 4770 4771
f 4777 4771 4781
f 4781 4771 4780
f 4780 4771 4786
f 4780 4786 4782
f 4771 4772 4786
f 4786 4772 4785
f 4785 4772 4773
f 4785 4773 4784
f 4784 4773 4805
f 4784 4805 4806
f 4774 4795 4773
f 4773 4795 4804
f 4773 4804 4805
f 4775 4809 4774
f 4774 4809 4810
f 4774 4810 4794
f 4794 4810 4793
f 4793 4810 4811
f 4793 4811 4792
f 4792 4811 4807
f 4792 4807 4790
f 4790 4807 4789
f 4789 4807 4808
f 4789 4808 4775
f 4775 4808 4809
f 4789 4775 4788
f 4788 4775 4776
f 4788 4776 4814
f 4814 4776 4813
f 4813 4776 4812
f 4812 4776 4769
f 4797 4777 4801
f 4801 4777 4778
f 4801 4778 4800
f 4800 4778 4779
f 4800 4779 4799
f 4799 4779 4817
f 4799 4817 4798
f 4817 4779 4823
f 4823 4779 4780
f 4823 4780 4822
f 4822 4780 4782
f 4822 4782 4821
f 4821 4782 4802
f 4821 4802 4820
f 4820 4802 4803
f 4820 4803 4796
f 4796 4803 4795
f 4795 4803 4804
f 4782 4783 4802
f 4802 4783 4806
f 4806 4783 4784
f 4788 4814 4787
f 4787 4814 4815
f 4787 4815 4791
f 4791 4815 4818
f 4791 4818 4790
f 4790 4818 4819
f 4790 4819 4792
f 4792 4819 4820
f 4792 4820 4796
f 4794 4795 4774
f 4815 4816 4818
f 4824 4825 4827
f 4827 4825 4826
f 4828 4829 4831
f 4831 4829 4830
f 4832 4833 4835
f 4835 4833 4834
f 4836 4837 4839
f 4839 4837 4838
f 4840 4841 4843
f 4843 4841 4842
f 4844 4845 4847
f 4847 4845 4846
f 4849 4857 4848
f 4848 4857 4853
f 4848 4853 4852
f 4852 4853 4854
f 4852 4854 4859
f 4849 4850 4857
f 4857 4850 4856
f 4856 4850 4858
f 4856 4858 4855
f 4859 4851 4852
f 4860 4861 4863
f 4863 4861 4862
f 4864 4865 4867
f 4867 4865 4866
f 4869 4877 4868
f 4868 4877 4873
f 4868 4873 4872
f 4872 4873 4874
f 4872 4874 4879
f 4869 4870 4877
f 4877 4870 4876
f 4876 4870 4878
f 4876 4878 4875
f 4879 4871 4872
f 4881 4891 4880
f 4880 4891 4892
f 4880 4892 4887
f 4887 4892 4893
f 4887 4893 4886
f 4886 4893 4885
f 4885 4893 4894
f 4885 4894 4895
f 4882 4889 4881
f 4881 4889 4890
f 4881 4890 4891
f 4889 4882 4888
f 4888 4882 4883
f 4888 4883 4884
f 4888 4884 4895
f 4895 4884 4885
f 4897 4905 4896
f 4896 4905 4901
f 4896 4901 4900
f 4900 4901 4902
f 4900 4902 4907
f 4897 4898 4905
f 4905 4898 4904
f 4904 4898 4906
f 4904 4906 4903
f 4907 4899 4900
f 4908 4909 4911
f 4911 4909 4910
f 4913 4921 4912
f 4912 4921 4917
f 4912 4917 4916
f 4916 4917 4918
f 4916 4918 4923
f 4913 4914 4921
f 4921 4914 4920
f 4920 4914 4922
f 4920 4922 4919
f 4923 4915 4916
f 4924 4925 4935
f 4935 4925 4926
f 4935 4926 4934
f 4934 4926 4927
f 4934 4927 4928
f 4934 4928 4933
f 4933 4928 4929
f 4933 4929 4932
f 4932 4929 4930
f 4932 4930 4931
f 4937 4945 4936
f 4936 4945 4941
f 4936 4941 4940
f 4940 4941 4942
f 4940 4942 4947
f 4937 4938 4945
f 4945 4938 4944
f 4944 4938 4946
f 4944 4946 4943
f 4947 4939 4940
f 4949 4997 4948
f 4948 4997 4993
f 4948 4993 5008
f 5008 4993 4973
f 5008 4973 5012
f 5012 4973 4970
f 5012 4970 5011
f 5011 4970 4971
f 5011 4971 4991
f 4991 4971 4990
f 4990 4971 4972
f 4990 4972 4989
f 4989 4972 4968
f 4989 4968 4988
f 4988 4968 4953
f 4988 4953 4954
f 4997 4949 4996
f 4996 4949 4950
f 4996 4950 4995
f 4995 4950 4976
f 4995 4976 4994
f 4994 4976 4977
f 4994 4977 4993
f 4993 4977 4973
f 4976 4950 4975
f 4975 4950 4951
f 4975 4951 4974
f 4974 4951 4952
f 4974 4952 4970
f 4970 4952 4969
f 4969 4952 4968
f 4968 4952 4953
f 4988 4954 4992
f 4992 4954 4955
f 4992 4955 4991
f 4991 4955 5011
f 4955 4956 5011
f 5011 4956 5010
f 5010 4956 4957
f 5010 4957 5009
f 5009 4957 4966
f 5009 4966 4967
f 4958 4979 4957
f 4957 4979 4980
f 4957 4980 4966
f 4966 4980 4998
f 4966 4998 4983
f 4983 4998 4999
f 4983 4999 4987
f 4987 4999 5000
f 4987 5000 4986
f 4986 5000 4963
f 4986 4963 4985
f 4985 4963 4964
f 4985 4964 4984
f 4984 4964 4965
f 4984 4965 4983
f 4983 4965 4966
f 4959 5004 4958
f 4958 5004 5005
f 4958 5005 4979
f 4979 5005 4978
f 4978 5005 5006
f 4978 5006 4982
f 4982 5006 4961
f 4982 4961 4962
f 5004 4959 5003
f 5003 4959 4960
f 5003 4960 4961
f 4963 5001 4962
f 4962 5001 5002
f 4962 5002 4981
f 4981 5002 4998
f 4981 4998 4980
f 5009 4967 5008
f 5008 4967 4948
f 4973 4974 4970
f 4981 4982 4962
f 5000 5001 4963
f 5006 5007 4961
f 4961 5007 5003
f 5014 5015 5013
f 5013 5015 5024
f 5024 5015 5016
f 5024 5016 5023
f 5023 5016 5017
f 5023 5017 5022
f 5022 5017 5021
f 5021 5017 5018
f 5021 5018 5020
f 5020 5018 5019
f 5026 5034 5025
f 5025 5034 5030
f 5025 5030 5029
f 5029 5030 5031
f 5029 5031 5036
f 5026 5027 5034
f 5034 5027 5033
f 5033 5027 5035
f 5033 5035 5032
f 5036 5028 5029
f 5038 5039 5037
f 5037 5039 5040
f 5046 5041 5045
f 5045 5041 5042
f 5045 5042 5043
f 5043 5044 5045
f 5048 5056 5047
f 5047 5056 5052
f 5047 5052 5051
f 5051 5052 5053
f 5051 5053 5058
f 5048 5049 5056
f 5056 5049 5055
f 5055 5049 5057
f 5055 5057 5054
f 5058 5050 5051
f 5060 5061 5059
f 5059 5061 5062
f 5064 5065 5063
f 5063 5065 5066
f 5068 5076 5067
f 5067 5076 5072
f 5067 5072 5071
f 5071 5072 5073
f 5071 5073 5078
f 5068 5069 5076
f 5076 5069 5075
f 5075 5069 5077
f 5075 5077 5074
f 5078 5070 5071
f 5084 5079 5082
f 5082 5079 5080
f 5082 5080 5081
f 5082 5083 5084
f 5090 5085 5088
f 5088 5085 5086
f 5088 5086 5087
f 5088 5089 5090
f 5091 5092 5094
f 5094 5092 5093
f 5095 5096 5098
f 5098 5096 5097
f 5100 5106 5099
f 5099 5106 5107
f 5099 5107 5105
f 5105 5107 5108
f 5105 5108 5104
f 5104 5108 5114
f 5104 5114 5103
f 5113 5109 5110
f 5113 5110 5102
f 5102 5110 5111
f 5102 5111 5101
f 5101 5111 5112
f 5101 5112 5100
f 5100 5112 5106
f 5116 5120 5115
f 5115 5120 5121
f 5115 5121 5119
f 5119 5121 5125
f 5119 5125 5118
f 5126 5122 5123
f 5126 5123 5117
f 5117 5123 5124
f 5117 5124 5116
f 5116 5124 5120
f 5128 5129 5127
f 5127 5129 5130
f 5127 5130 5134
f 5134 5130 5131
f 5134 5131 5132
f 5132 5133 5134
f 5140 5135 5139
f 5139 5135 5136
f 5139 5136 5137
f 5137 5138 5139
f 5142 5143 5141
f 5141 5143 5144
f 5141 5144 5145
f 5141 5145 5148
f 5148 5145 5146
f 5148 5146 5147
f 5150 5151 5149
f 5149 5151 5152
f 5153 5154 5159
f 5159 5154 5155
f 5159 5155 5158
f 5158 5155 5156
f 5158 5156 5157
f 5160 5161 5164
f 5164 5161 5163
f 5163 5161 5162
f 5165 5166 5168
f 5168 5166 5167
f 5169 5170 5172
f 5172 5170 5171
f 5174 5175 5173
f 5173 5175 5176
f 5177 5178 5180
f 5180 5178 5179
f 5186 5181 5185
f 5185 5181 5182
f 5185 5182 5183
f 5183 5184 5185
f 5187 5188 5190
f 5190 5188 5189
f 5192 5193 5191
f 5191 5193 5194
f 5195 5196 5198
f 5198 5196 5197
f 5199 5200 5202
f 5202 5200 5201
f 5203 5204 5206
f 5206 5204 5205
f 5207 5208 5210
f 5210 5208 5209
f 5211 5212 5214
f 5214 5212 5213
f 5220 5215 5218
f 5218 5215 5216
f 5218 5216 5217
f 5218 5219 5220
f 5221 5222 5224
f 5224 5222 5223
f 5225 5226 5228
f 5228 5226 5227
f 5230 5231 5229
f 5229 5231 5232
f 5234 5235 5233
f 5233 5235 5236
f 5252 5237 5253
f 5253 5237 5238
f 5253 5238 5261
f 5261 5238 5239
f 5261 5239 5240
f 5261 5240 5260
f 5260 5240 5241
f 5260 5241 5259
f 5259 5241 5242
f 5259 5242 5243
f 5259 5243 5258
f 5258 5243 5244
f 5258 5244 5245
f 5258 5245 5257
f 5257 5245 5246
f 5257 5246 5247
f 5257 5247 5256
f 5256 5247 5248
f 5256 5248 5249
f 5256 5249 5255
f 5255 5249 5250
f 5255 5250 5254
f 5254 5250 5251
f 5254 5251 5252
f 5254 5252 5253
f 5262 5263 5307
f 5307 5263 5324
f 5307 5324 5268
f 5268 5324 5325
f 5268 5325 5267
f 5267 5325 5326
f 5267 5326 5327
f 5324 5263 5329
f 5329 5263 5264
f 5329 5264 5328
f 5328 5264 5265
f 5328 5265 5327
f 5327 5265 5266
f 5327 5266 5267
f 5307 5268 5306
f 5306 5268 5269
f 5306 5269 5270
f 5306 5270 5305
f 5305 5270 5271
f 5305 5271 5272
f 5273 5309 5272
f 5272 5309 5310
f 5272 5310 5305
f 5305 5310 5304
f 5304 5310 5311
f 5304 5311 5312
f 5309 5273 5308
f 5308 5273 5274
f 5308 5274 5323
f 5323 5274 5322
f 5322 5274 5275
f 5322 5275 5321
f 5321 5275 5336
f 5321 5336 5281
f 5281 5336 5280
f 5280 5336 5337
f 5280 5337 5279
f 5279 5337 5338
f 5279 5338 5278
f 5278 5338 5339
f 5278 5339 5277
f 5277 5339 5276
f 5276 5339 5340
f 5276 5340 5275
f 5275 5340 5336
f 5281 5282 5321
f 5321 5282 5320
f 5320 5282 5283
f 5320 5283 5319
f 5319 5283 5344
f 5319 5344 5318
f 5318 5344 5345
f 5318 5345 5317
f 5317 5345 5316
f 5316 5345 5341
f 5316 5341 5287
f 5287 5341 5286
f 5286 5341 5342
f 5286 5342 5285
f 5285 5342 5343
f 5285 5343 5284
f 5284 5343 5344
f 5284 5344 5283
f 5287 5288 5316
f 5316 5288 5315
f 5315 5288 5300
f 5315 5300 5301
f 5288 5289 5300
f 5300 5289 5299
f 5299 5289 5290
f 5299 5290 5291
f 5292 5332 5291
f 5291 5332 5333
f 5291 5333 5298
f 5298 5333 5334
f 5298 5334 5296
f 5296 5334 5295
f 5295 5334 5335
f 5295 5335 5330
f 5332 5292 5331
f 5331 5292 5293
f 5331 5293 5330
f 5330 5293 5294
f 5330 5294 5295
f 5296 5297 5298
f 5298 5299 5291
f 5302 5313 5301
f 5301 5313 5314
f 5301 5314 5315
f 5302 5303 5313
f 5313 5303 5312
f 5312 5303 5304
f 5346 5347 5349
f 5349 5347 5348
f 5357 5350 5356
f 5356 5350 5351
f 5356 5351 5355
f 5355 5351 5352
f 5355 5352 5354
f 5354 5352 5353
f 5358 5359 5361
f 5361 5359 5360
f 5369 5362 5368
f 5368 5362 5363
f 5368 5363 5367
f 5367 5363 5364
f 5367 5364 5366
f 5366 5364 5365
f 5385 5370 5386
f 5386 5370 5371
f 5386 5371 5395
f 5395 5371 5372
f 5395 5372 5394
f 5394 5372 5373
f 5394 5373 5374
f 5394 5374 5393
f 5393 5374 5375
f 5393 5375 5376
f 5393 5376 5392
f 5392 5376 5377
f 5392 5377 5391
f 5391 5377 5397
f 5396 5378 5379
f 5396 5379 5390
f 5390 5379 5380
f 5390 5380 5389
f 5389 5380 5381
f 5389 5381 5382
f 5389 5382 5388
f 5388 5382 5383
f 5388 5383 5384
f 5388 5384 5387
f 5387 5384 5385
f 5387 5385 5386
f 5398 5399 5401
f 5401 5399 5400
f 5403 5404 5402
f 5402 5404 5405
f 5402 5405 5406
f 5402 5406 5409
f 5409 5406 5407
f 5409 5407 5408
f 5411 5419 5410
f 5410 5419 5420
f 5410 5420 5418
f 5418 5420 5421
f 5418 5421 5417
f 5417 5421 5422
f 5417 5422 5416
f 5416 5422 5423
f 5416 5423 5415
f 5415 5423 5424
f 5415 5424 5414
f 5414 5424 5429
f 5414 5429 5413
f 5428 5425 5426
f 5428 5426 5412
f 5412 5426 5427
f 5412 5427 5411
f 5411 5427 5419
f 5443 5430 5444
f 5444 5430 5431
f 5444 5431 5453
f 5453 5431 5432
f 5453 5432 5452
f 5452 5432 5433
f 5452 5433 5434
f 5434 5435 5452
f 5452 5435 5451
f 5451 5435 5436
f 5451 5436 5437
f 5451 5437 5450
f 5450 5437 5438
f 5450 5438 5449
f 5449 5438 5439
f 5449 5439 5448
f 5448 5439 5440
f 5448 5440 5447
f 5447 5440 5441
f 5447 5441 5446
f 5446 5441 5442
f 5446 5442 5445
f 5445 5442 5443
f 5445 5443 5444
f 5461 5454 5460
f 5460 5454 5455
f 5460 5455 5459
f 5459 5455 5456
f 5459 5456 5458
f 5458 5456 5457
f 5462 5463 5465
f 5465 5463 5464
f 5466 5467 5481
f 5481 5467 5489
f 5481 5489 5490
f 5467 5468 5489
f 5489 5468 5488
f 5488 5468 5497
f 5488 5497 5487
f 5496 5469 5470
f 5496 5470 5486
f 5486 5470 5471
f 5486 5471 5485
f 5485 5471 5472
f 5485 5472 5484
f 5484 5472 5473
f 5484 5473 5483
f 5483 5473 5474
f 5483 5474 5482
f 5482 5474 5475
f 5482 5475 5495
f 5495 5475 5494
f 5494 5475 5476
f 5494 5476 5493
f 5493 5476 5478
f 5493 5478 5492
f 5492 5478 5479
f 5492 5479 5491
f 5491 5479 5480
f 5491 5480 5490
f 5490 5480 5481
f 5476 5477 5478
f 5498 5499 5501
f 5501 5499 5500
f 5503 5511 5502
f 5502 5511 5512
f 5513 5507 5506
f 5506 5507 5508
f 5506 5508 5509
f 5503 5504 5511
f 5511 5504 5510
f 5510 5504 5505
f 5510 5505 5509
f 5509 5505 5506
f 5514 5515 5517
f 5517 5515 5516
f 5525 5518 5524
f 5524 5518 5519
f 5524 5519 5523
f 5523 5519 5520
f 5523 5520 5522
f 5522 5520 5521
f 5531 5538 5532
f 5537 5526 5527
f 5537 5527 5536
f 5536 5527 5528
f 5536 5528 5535
f 5535 5528 5529
f 5535 5529 5534
f 5534 5529 5530
f 5534 5530 5533
f 5533 5530 5531
f 5533 5531 5532
f 5540 5541 5539
f 5539 5541 5542
f 5544 5545 5543
f 5543 5545 5546
f 5548 5549 5547
f 5547 5549 5550
f 5547 5550 5554
f 5554 5550 5551
f 5554 5551 5552
f 5552 5553 5554
f 5556 5557 5555
f 5555 5557 5558
f 5560 5566 5559
f 5559 5566 5567
f 5559 5567 5564
f 5564 5567 5568
f 5564 5568 5563
f 5563 5568 5562
f 5562 5568 5569
f 5562 5569 5561
f 5561 5569 5565
f 5561 5565 5560
f 5560 5565 5566
f 5571 5572 5570
f 5570 5572 5573
f 5570 5573 5582
f 5582 5573 5581
f 5581 5573 5574
f 5581 5574 5578
f 5578 5574 5577
f 5577 5574 5575
f 5577 5575 5576
f 5579 5580 5578
f 5578 5580 5581
f 5570 5582 5585
f 5585 5582 5583
f 5585 5583 5584
f 5587 5596 5586
f 5586 5596 5597
f 5598 5592 5591
f 5591 5592 5593
f 5591 5593 5590
f 5590 5593 5589
f 5589 5593 5594
f 5589 5594 5588
f 5588 5594 5595
f 5588 5595 5587
f 5587 5595 5596
f 5600 5601 5599
f 5599 5601 5602
f 5614 5603 5616
f 5616 5603 5604
f 5616 5604 5605
f 5616 5605 5615
f 5615 5605 5606
f 5615 5606 5607
f 5608 5643 5607
f 5607 5643 5644
f 5607 5644 5645
f 5609 5640 5608
f 5608 5640 5641
f 5608 5641 5642
f 5610 5636 5609
f 5609 5636 5637
f 5609 5637 5638
f 5611 5632 5610
f 5610 5632 5633
f 5610 5633 5634
f 5612 5627 5611
f 5611 5627 5628
f 5611 5628 5629
f 5613 5623 5612
f 5612 5623 5624
f 5612 5624 5625
f 5614 5620 5613
f 5613 5620 5621
f 5613 5621 5622
f 5616 5617 5614
f 5614 5617 5618
f 5614 5618 5619
f 5619 5620 5614
f 5622 5623 5613
f 5625 5626 5612
f 5612 5626 5627
f 5629 5630 5611
f 5611 5630 5631
f 5611 5631 5632
f 5634 5635 5610
f 5610 5635 5636
f 5638 5639 5609
f 5609 5639 5640
f 5642 5643 5608
f 5645 5646 5607
f 5607 5646 5615
f 5652 5647 5651
f 5651 5647 5648
f 5651 5648 5650
f 5650 5648 5649
f 5654 5655 5653
f 5653 5655 5656
f 5658 5666 5657
f 5657 5666 5667
f 5657 5667 5662
f 5662 5667 5663
f 5662 5663 5661
f 5661 5663 5664
f 5661 5664 5660
f 5660 5664 5665
f 5660 5665 5659
f 5659 5665 5666
f 5659 5666 5658
f 5669 5677 5668
f 5668 5677 5678
f 5679 5673 5672
f 5672 5673 5674
f 5672 5674 5675
f 5669 5670 5677
f 5677 5670 5676
f 5676 5670 5671
f 5676 5671 5675
f 5675 5671 5672
f 5680 5681 5683
f 5683 5681 5682
f 5685 5686 5684
f 5684 5686 5695
f 5695 5686 5687
f 5695 5687 5694
f 5694 5687 5690
f 5694 5690 5691
f 5688 5689 5687
f 5687 5689 5690
f 5692 5693 5691
f 5691 5693 5694
f 5697 5698 5696
f 5696 5698 5699
f 5701 5702 5700
f 5700 5702 5703
f 5705 5706 5704
f 5704 5706 5707
f 5709 5725 5708
f 5708 5725 5717
f 5708 5717 5716
f 5716 5717 5718
f 5716 5718 5719
f 5709 5710 5725
f 5725 5710 5724
f 5724 5710 5711
f 5724 5711 5723
f 5723 5711 5712
f 5723 5712 5722
f 5722 5712 5726
f 5722 5726 5721
f 5727 5713 5714
f 5727 5714 5720
f 5720 5714 5715
f 5720 5715 5719
f 5719 5715 5716
f 5729 5736 5728
f 5728 5736 5737
f 5728 5737 5733
f 5733 5737 5738
f 5733 5738 5732
f 5732 5738 5734
f 5732 5734 5731
f 5731 5734 5730
f 5730 5734 5735
f 5730 5735 5729
f 5729 5735 5736
f 5740 5748 5739
f 5739 5748 5749
f 5750 5744 5743
f 5743 5744 5745
f 5743 5745 5746
f 5740 5741 5748
f 5748 5741 5747
f 5747 5741 5742
f 5747 5742 5746
f 5746 5742 5743
f 5751 5752 5758
f 5758 5752 5757
f 5757 5752 5753
f 5757 5753 5756
f 5756 5753 5754
f 5756 5754 5755
f 5759 5760 5762
f 5762 5760 5761
f 5763 5764 5766
f 5766 5764 5765
f 5767 5768 5770
f 5770 5768 5769
f 5771 5772 5774
f 5774 5772 5773
f 5775 5776 5782
f 5782 5776 5777
f 5782 5777 5781
f 5781 5777 5778
f 5781 5778 5780
f 5780 5778 5779
f 5784 5792 5783
f 5783 5792 5793
f 5783 5793 5788
f 5788 5793 5789
f 5788 5789 5787
f 5787 5789 5790
f 5787 5790 5786
f 5786 5790 5791
f 5786 5791 5785
f 5785 5791 5792
f 5785 5792 5784
f 5825 5794 5859
f 5859 5794 5795
f 5859 5795 5796
f 5796 5797 5859
f 5859 5797 5826
f 5859 5826 5827
f 5797 5798 5826
f 5826 5798 5830
f 5830 5798 5870
f 5830 5870 5849
f 5849 5870 5871
f 5849 5871 5837
f 5837 5871 5836
f 5836 5871 5872
f 5836 5872 5840
f 5840 5872 5805
f 5840 5805 5806
f 5870 5798 5869
f 5869 5798 5799
f 5869 5799 5800
f 5800 5801 5869
f 5869 5801 5802
f 5869 5802 5803
f 5869 5803 5873
f 5873 5803 5804
f 5873 5804 5805
f 5807 5867 5806
f 5806 5867 5868
f 5806 5868 5839
f 5839 5868 5864
f 5839 5864 5838
f 5838 5864 5841
f 5838 5841 5848
f 5848 5841 5847
f 5847 5841 5842
f 5847 5842 5846
f 5846 5842 5835
f 5846 5835 5831
f 5807 5808 5867
f 5867 5808 5809
f 5867 5809 5810
f 5810 5811 5867
f 5867 5811 5812
f 5867 5812 5813
f 5814 5843 5813
f 5813 5843 5844
f 5813 5844 5866
f 5866 5844 5845
f 5866 5845 5865
f 5865 5845 5841
f 5865 5841 5864
f 5815 5856 5814
f 5814 5856 5857
f 5814 5857 5833
f 5833 5857 5832
f 5832 5857 5858
f 5832 5858 5831
f 5831 5858 5854
f 5831 5854 5853
f 5853 5854 5852
f 5852 5854 5861
f 5852 5861 5851
f 5851 5861 5862
f 5851 5862 5829
f 5829 5862 5828
f 5828 5862 5863
f 5828 5863 5827
f 5827 5863 5859
f 5815 5816 5856
f 5856 5816 5817
f 5856 5817 5818
f 5818 5819 5856
f 5856 5819 5820
f 5856 5820 5821
f 5822 5861 5821
f 5821 5861 5855
f 5821 5855 5856
f 5861 5822 5860
f 5860 5822 5823
f 5860 5823 5824
f 5860 5824 5859
f 5859 5824 5825
f 5851 5829 5850
f 5850 5829 5830
f 5850 5830 5849
f 5833 5834 5814
f 5814 5834 5843
f 5834 5835 5843
f 5843 5835 5842
f 5837 5838 5849
f 5849 5838 5848
f 5839 5840 5806
f 5853 5846 5831
f 5854 5855 5861
f 5866 5867 5813
f 5872 5873 5805
f 5875 5876 5874
f 5874 5876 5877
f 5879 5880 5878
f 5878 5880 5881
f 5883 5884 5882
f 5882 5884 5885
f 5886 5887 5893
f 5893 5887 5888
f 5893 5888 5892
f 5892 5888 5889
f 5892 5889 5891
f 5891 5889 5890
f 5895 5896 5894
f 5894 5896 5897
f 5899 5907 5898
f 5898 5907 5908
f 5909 5903 5902
f 5902 5903 5904
f 5902 5904 5905
f 5899 5900 5907
f 5907 5900 5906
f 5906 5900 5901
f 5906 5901 5905
f 5905 5901 5902
f 5911 5925 5910
f 5910 5925 5927
f 5926 5918 5917
f 5917 5918 5919
f 5917 5919 5920
f 5911 5912 5925
f 5925 5912 5924
f 5924 5912 5913
f 5924 5913 5923
f 5923 5913 5914
f 5923 5914 5922
f 5922 5914 5915
f 5922 5915 5921
f 5921 5915 5916
f 5921 5916 5920
f 5920 5916 5917
f 5929 5930 5928
f 5928 5930 5931
f 5932 5933 5935
f 5935 5933 5934
f 5936 5937 5939
f 5939 5937 5938
f 5940 5941 5943
f 5943 5941 5942
f 5944 5945 5947
f 5947 5945 5946
f 5949 5950 5948
f 5948 5950 5951
f 5952 5953 5959
f 5959 5953 5958
f 5958 5953 5954
f 5958 5954 5957
f 5957 5954 5955
f 5957 5955 5956
f 5961 5969 5960
f 5960 5969 5970
f 5971 5965 5964
f 5964 5965 5966
f 5964 5966 5967
f 5961 5962 5969
f 5969 5962 5968
f 5968 5962 5963
f 5968 5963 5967
f 5967 5963 5964
f 5972 5973 5975
f 5975 5973 5974
f 5984 5976 5989
f 5989 5976 5977
f 5989 5977 5988
f 5988 5977 5978
f 5988 5978 5987
f 5987 5978 5979
f 5987 5979 5986
f 5986 5979 5980
f 5986 5980 5985
f 5985 5980 5981
f 5985 5981 5992
f 5992 5981 5982
f 5992 5982 5991
f 5991 5982 5983
f 5991 5983 5990
f 5990 5983 5984
f 5990 5984 5989
f 5993 5994 5996
f 5996 5994 5995
f 5998 5999 5997
f 5997 5999 6004
f 6004 5999 6000
f 6004 6000 6003
f 6003 6000 6002
f 6002 6000 6001
f 6005 6006 6012
f 6012 6006 6007
f 6012 6007 6008
f 6012 6008 6011
f 6011 6008 6009
f 6011 6009 6010
f 6014 6015 6013
f 6013 6015 6020
f 6020 6015 6016
f 6020 6016 6019
f 6019 6016 6018
f 6018 6016 6017
f 6022 6023 6021
f 6021 6023 6024
f 6025 6026 6028
f 6028 6026 6027
f 6030 6031 6029
f 6029 6031 6036
f 6036 6031 6032
f 6036 6032 6035
f 6035 6032 6034
f 6034 6032 6033
f 6038 6046 6037
f 6037 6046 6047
f 6048 6042 6041
f 6041 6042 6043
f 6041 6043 6044
f 6038 6039 6046
f 6046 6039 6045
f 6045 6039 6040
f 6045 6040 6044
f 6044 6040 6041
f 6050 6051 6049
f 6049 6051 6056
f 6056 6051 6052
f 6056 6052 6055
f 6055 6052 6054
f 6054 6052 6053
f 6064 6057 6063
f 6063 6057 6058
f 6063 6058 6062
f 6062 6058 6059
f 6062 6059 6061
f 6061 6059 6060
f 6066 6067 6065
f 6065 6067 6068
f 6070 6071 6069
f 6069 6071 6072
f 6073 6074 6080
f 6080 6074 6075
f 6080 6075 6079
f 6079 6075 6076
f 6079 6076 6078
f 6078 6076 6077
f 6082 6083 6081
f 6081 6083 6084
f 6085 6086 6088
f 6088 6086 6087
f 6089 6090 6096
f 6096 6090 6091
f 6096 6091 6095
f 6095 6091 6092
f 6095 6092 6094
f 6094 6092 6093
f 6097 6098 6100
f 6100 6098 6099
f 6101 6102 6104
f 6104 6102 6103
f 6106 6107 6105
f 6105 6107 6108
f 6110 6111 6109
f 6109 6111 6112
f 6114 6115 6113
f 6113 6115 6116
f 6118 6119 6117
f 6117 6119 6124
f 6124 6119 6120
f 6124 6120 6123
f 6123 6120 6122
f 6122 6120 6121
f 6125 6126 6128
f 6128 6126 6127
f 6129 6130 6136
f 6136 6130 6135
f 6135 6130 6131
f 6135 6131 6134
f 6134 6131 6132
f 6134 6132 6133
f 6137 6138 6144
f 6144 6138 6139
f 6144 6139 6143
f 6143 6139 6140
f 6143 6140 6142
f 6142 6140 6141
f 6145 6146 6148
f 6148 6146 6147
f 6149 6150 6156
f 6156 6150 6151
f 6156 6151 6155
f 6155 6151 6152
f 6155 6152 6154
f 6154 6152 6153
f 6157 6158 6160
f 6160 6158 6159
f 6162 6163 6161
f 6161 6163 6164
f 6166 6167 6165
f 6165 6167 6168
f 6170 6171 6169
f 6169 6171 6172
f 6173 6174 6180
f 6180 6174 6175
f 6180 6175 6179
f 6179 6175 6176
f 6179 6176 6178
f 6178 6176 6177
f 6181 6182 6188
f 6188 6182 6183
f 6188 6183 6187
f 6187 6183 6184
f 6187 6184 6186
f 6186 6184 6185
f 6190 6191 6189
f 6189 6191 6192
f 6194 6223 6193
f 6193 6223 6224
f 6193 6224 6216
f 6216 6224 6225
f 6216 6225 6215
f 6215 6225 6237
f 6215 6237 6238
f 6195 6255 6194
f 6194 6255 6222
f 6194 6222 6223
f 6255 6195 6254
f 6254 6195 6196
f 6254 6196 6253
f 6253 6196 6252
f 6252 6196 6197
f 6252 6197 6219
f 6219 6197 6198
f 6219 6198 6218
f 6218 6198 6217
f 6217 6198 6199
f 6217 6199 6200
f 6201 6250 6200
f 6200 6250 6221
f 6200 6221 6217
f 6202 6248 6201
f 6201 6248 6249
f 6201 6249 6250
f 6203 6246 6202
f 6202 6246 6247
f 6202 6247 6248
f 6204 6229 6203
f 6203 6229 6232
f 6203 6232 6212
f 6212 6232 6211
f 6211 6232 6233
f 6211 6233 6210
f 6210 6233 6234
f 6210 6234 6209
f 6209 6234 6235
f 6209 6235 6208
f 6208 6235 6236
f 6208 6236 6207
f 6207 6236 6230
f 6207 6230 6231
f 6229 6204 6228
f 6228 6204 6205
f 6228 6205 6227
f 6227 6205 6206
f 6227 6206 6207
f 6213 6244 6212
f 6212 6244 6245
f 6212 6245 6203
f 6203 6245 6246
f 6214 6242 6213
f 6213 6242 6243
f 6213 6243 6244
f 6215 6240 6214
f 6214 6240 6241
f 6214 6241 6242
f 6219 6220 6252
f 6252 6220 6251
f 6251 6220 6221
f 6251 6221 6250
f 6225 6226 6237
f 6237 6226 6256
f 6256 6226 6222
f 6256 6222 6255
f 6229 6230 6232
f 6232 6230 6236
f 6231 6227 6207
f 6238 6239 6215
f 6215 6239 6240
f 6272 6257 6277
f 6277 6257 6258
f 6277 6258 6276
f 6276 6258 6259
f 6276 6259 6260
f 6276 6260 6275
f 6275 6260 6261
f 6275 6261 6262
f 6275 6262 6274
f 6274 6262 6263
f 6274 6263 6264
f 6274 6264 6273
f 6273 6264 6265
f 6273 6265 6266
f 6273 6266 6280
f 6280 6266 6267
f 6280 6267 6268
f 6280 6268 6279
f 6279 6268 6269
f 6279 6269 6270
f 6279 6270 6278
f 6278 6270 6271
f 6278 6271 6272
f 6278 6272 6277
f 6282 6290 6281
f 6281 6290 6286
f 6281 6286 6285
f 6285 6286 6287
f 6285 6287 6292
f 6282 6283 6290
f 6290 6283 6289
f 6289 6283 6291
f 6289 6291 6288
f 6292 6284 6285
f 6294 6362 6293
f 6293 6362 6358
f 6293 6358 6334
f 6334 6358 6338
f 6338 6358 6359
f 6338 6359 6337
f 6337 6359 6360
f 6337 6360 6295
f 6295 6360 6361
f 6295 6361 6294
f 6294 6361 6362
f 6337 6295 6336
f 6336 6295 6296
f 6336 6296 6335
f 6335 6296 6355
f 6335 6355 6334
f 6334 6355 6356
f 6334 6356 6309
f 6309 6356 6300
f 6309 6300 6314
f 6314 6300 6313
f 6313 6300 6301
f 6313 6301 6312
f 6312 6301 6350
f 6312 6350 6321
f 6321 6350 6351
f 6321 6351 6320
f 6320 6351 6352
f 6320 6352 6319
f 6319 6352 6348
f 6319 6348 6303
f 6303 6348 6302
f 6302 6348 6349
f 6302 6349 6350
f 6355 6296 6354
f 6354 6296 6297
f 6354 6297 6331
f 6331 6297 6330
f 6330 6297 6329
f 6329 6297 6298
f 6329 6298 6299
f 6329 6299 6333
f 6333 6299 6300
f 6333 6300 6332
f 6332 6300 6357
f 6332 6357 6353
f 6301 6302 6350
f 6303 6304 6319
f 6319 6304 6323
f 6323 6304 6322
f 6322 6304 6340
f 6322 6340 6341
f 6304 6305 6340
f 6340 6305 6339
f 6339 6305 6328
f 6339 6328 6324
f 6328 6305 6327
f 6327 6305 6306
f 6327 6306 6326
f 6326 6306 6346
f 6326 6346 6347
f 6346 6306 6345
f 6345 6306 6307
f 6345 6307 6344
f 6344 6307 6308
f 6344 6308 6343
f 6343 6308 6316
f 6343 6316 6324
f 6324 6316 6342
f 6324 6342 6339
f 6309 6314 6308
f 6308 6314 6315
f 6308 6315 6316
f 6309 6310 6334
f 6334 6310 6311
f 6334 6311 6293
f 6316 6317 6342
f 6342 6317 6341
f 6341 6317 6318
f 6341 6318 6312
f 6312 6321 6341
f 6341 6321 6322
f 6324 6325 6343
f 6343 6325 6347
f 6347 6325 6326
f 6354 6331 6353
f 6353 6331 6332
f 6356 6357 6300
f 6364 6365 6363
f 6363 6365 6366
f 6368 6369 6367
f 6367 6369 6370
f 6367 6370 6371
f 6371 6372 6367
f 6374 6375 6373
f 6373 6375 6377
f 6377 6375 6376
f 6378 6379 6381
f 6381 6379 6380
f 6397 6382 6398
f 6398 6382 6383
f 6398 6383 6407
f 6407 6383 6384
f 6407 6384 6406
f 6406 6384 6385
f 6406 6385 6386
f 6406 6386 6405
f 6405 6386 6387
f 6405 6387 6388
f 6405 6388 6404
f 6404 6388 6389
f 6404 6389 6403
f 6403 6389 6409
f 6408 6390 6391
f 6408 6391 6402
f 6402 6391 6392
f 6402 6392 6401
f 6401 6392 6393
f 6401 6393 6394
f 6401 6394 6400
f 6400 6394 6395
f 6400 6395 6396
f 6400 6396 6399
f 6399 6396 6397
f 6399 6397 6398
f 6410 6411 6414
f 6414 6411 6412
f 6414 6412 6413
f 6416 6417 6415
f 6415 6417 6418
f 6419 6420 6422
f 6422 6420 6421
f 6424 6438 6423
f 6423 6438 6431
f 6423 6431 6430
f 6430 6431 6432
f 6430 6432 6429
f 6429 6432 6440
f 6439 6433 6428
f 6428 6433 6434
f 6428 6434 6427
f 6427 6434 6435
f 6427 6435 6426
f 6426 6435 6436
f 6426 6436 6425
f 6425 6436 6437
f 6425 6437 6424
f 6424 6437 6438
f 6451 6441 6452
f 6452 6441 6442
f 6452 6442 6461
f 6461 6442 6443
f 6461 6443 6460
f 6460 6443 6444
f 6460 6444 6459
f 6459 6444 6445
f 6459 6445 6458
f 6458 6445 6446
f 6458 6446 6457
f 6457 6446 6447
f 6457 6447 6456
f 6456 6447 6448
f 6456 6448 6455
f 6455 6448 6449
f 6455 6449 6454
f 6454 6449 6450
f 6454 6450 6453
f 6453 6450 6451
f 6453 6451 6452
f 6463 6471 6462
f 6462 6471 6467
f 6462 6467 6466
f 6466 6467 6468
f 6466 6468 6473
f 6463 6464 6471
f 6471 6464 6470
f 6470 6464 6472
f 6470 6472 6469
f 6473 6465 6466
f 6474 6475 6477
f 6477 6475 6476
f 6483 6478 6482
f 6482 6478 6479
f 6482 6479 6480
f 6480 6481 6482
f 6484 6485 6487
f 6487 6485 6486
f 6488 6489 6491
f 6491 6489 6490
f 6492 6493 6496
f 6496 6493 6494
f 6496 6494 6495
f 6502 6497 6500
f 6500 6497 6498
f 6500 6498 6499
f 6500 6501 6502
f 6504 6514 6503
f 6503 6514 6520
f 6519 6515 6510
f 6510 6515 6516
f 6510 6516 6509
f 6509 6516 6517
f 6509 6517 6508
f 6508 6517 6518
f 6508 6518 6507
f 6507 6518 6511
f 6507 6511 6506
f 6506 6511 6512
f 6506 6512 6505
f 6505 6512 6513
f 6505 6513 6504
f 6504 6513 6514
f 6540 6521 6541
f 6541 6521 6522
f 6541 6522 6551
f 6551 6522 6523
f 6551 6523 6550
f 6550 6523 6524
f 6550 6524 6549
f 6549 6524 6525
f 6549 6525 6548
f 6548 6525 6526
f 6548 6526 6527
f 6548 6527 6547
f 6547 6527 6552
f 6547 6552 6546
f 6553 6528 6529
f 6553 6529 6530
f 6553 6530 6545
f 6545 6530 6531
f 6545 6531 6532
f 6545 6532 6544
f 6544 6532 6533
f 6544 6533 6543
f 6543 6533 6534
f 6543 6534 6542
f 6542 6534 6535
f 6542 6535 6536
f 6536 6537 6542
f 6542 6537 6538
f 6542 6538 6539
f 6542 6539 6541
f 6541 6539 6540
f 6555 6563 6554
f 6554 6563 6559
f 6554 6559 6558
f 6558 6559 6560
f 6558 6560 6565
f 6555 6556 6563
f 6563 6556 6562
f 6562 6556 6564
f 6562 6564 6561
f 6565 6557 6558
f 6566 6567 6570
f 6570 6567 6568
f 6570 6568 6569
f 6571 6572 6575
f 6575 6572 6573
f 6575 6573 6574
f 6577 6578 6576
f 6576 6578 6579
f 6581 6582 6580
f 6580 6582 6583
f 6584 6585 6587
f 6587 6585 6586
f 6589 6590 6588
f 6588 6590 6604
f 6588 6604 6605
f 6590 6591 6604
f 6604 6591 6603
f 6603 6591 6602
f 6602 6591 6592
f 6602 6592 6593
f 6602 6593 6601
f 6601 6593 6594
f 6601 6594 6600
f 6600 6594 6599
f 6599 6594 6595
f 6599 6595 6597
f 6597 6595 6596
f 6597 6598 6599
f 6606 6607 6613
f 6613 6607 6608
f 6613 6608 6609
f 6613 6609 6612
f 6612 6609 6610
f 6612 6610 6611
f 6615 6621 6614
f 6614 6621 6622
f 6614 6622 6620
f 6620 6622 6623
f 6620 6623 6619
f 6619 6623 6629
f 6619 6629 6618
f 6628 6624 6625
f 6628 6625 6617
f 6617 6625 6626
f 6617 6626 6616
f 6616 6626 6627
f 6616 6627 6615
f 6615 6627 6621
f 6631 6632 6630
f 6630 6632 6633
f 6641 6634 6640
f 6640 6634 6635
f 6640 6635 6639
f 6639 6635 6636
f 6639 6636 6638
f 6638 6636 6637
f 6643 6653 6642
f 6642 6653 6654
f 6642 6654 6649
f 6649 6654 6655
f 6649 6655 6648
f 6648 6655 6656
f 6648 6656 6647
f 6647 6656 6650
f 6647 6650 6646
f 6646 6650 6645
f 6645 6650 6651
f 6645 6651 6644
f 6644 6651 6652
f 6644 6652 6643
f 6643 6652 6653
f 6658 6666 6657
f 6657 6666 6662
f 6657 6662 6661
f 6661 6662 6663
f 6661 6663 6668
f 6658 6659 6666
f 6666 6659 6665
f 6665 6659 6667
f 6665 6667 6664
f 6668 6660 6661
f 6669 6670 6673
f 6673 6670 6671
f 6673 6671 6672
f 6675 6676 6674
f 6674 6676 6677
f 6678 6679 6681
f 6681 6679 6680
f 6683 6684 6682
f 6682 6684 6698
f 6682 6698 6699
f 6684 6685 6698
f 6698 6685 6697
f 6697 6685 6696
f 6696 6685 6686
f 6696 6686 6687
f 6696 6687 6695
f 6695 6687 6688
f 6695 6688 6694
f 6694 6688 6693
f 6693 6688 6689
f 6693 6689 6691
f 6691 6689 6690
f 6691 6692 6693
f 6700 6701 6706
f 6706 6701 6702
f 6706 6702 6705
f 6705 6702 6703
f 6705 6703 6704
f 6707 6708 6710
f 6710 6708 6709
f 6711 6712 6714
f 6714 6712 6713
f 6716 6722 6715
f 6715 6722 6729
f 6715 6729 6721
f 6730 6723 6724
f 6730 6724 6720
f 6720 6724 6725
f 6720 6725 6719
f 6719 6725 6726
f 6719 6726 6718
f 6718 6726 6727
f 6718 6727 6717
f 6717 6727 6728
f 6717 6728 6716
f 6716 6728 6722
f 6732 6740 6731
f 6731 6740 6736
f 6731 6736 6735
f 6735 6736 6737
f 6735 6737 6742
f 6732 6733 6740
f 6740 6733 6739
f 6739 6733 6741
f 6739 6741 6738
f 6742 6734 6735
f 6744 6745 6743
f 6743 6745 6746
f 6747 6748 6750
f 6750 6748 6749
f 6755 6751 6754
f 6754 6751 6752
f 6754 6752 6753
f 6757 6758 6756
f 6756 6758 6759
f 6761 6762 6760
f 6760 6762 6763
f 6764 6765 6767
f 6767 6765 6766
f 6769 6770 6768
f 6768 6770 6771
f 6768 6771 6772
f 6772 6773 6768
f 6774 6775 6788
f 6788 6775 6776
f 6788 6776 6787
f 6787 6776 6777
f 6787 6777 6786
f 6786 6777 6778
f 6786 6778 6785
f 6785 6778 6784
f 6784 6778 6779
f 6784 6779 6783
f 6783 6779 6782
f 6782 6779 6780
f 6782 6780 6781
f 6790 6803 6789
f 6804 6799 6800
f 6804 6800 6795
f 6795 6800 6801
f 6795 6801 6794
f 6794 6801 6802
f 6794 6802 6793
f 6793 6802 6796
f 6793 6796 6792
f 6792 6796 6797
f 6792 6797 6791
f 6791 6797 6798
f 6791 6798 6790
f 6790 6798 6803
f 6805 6806 6809
f 6809 6806 6808
f 6808 6806 6807
f 6811 6812 6810
f 6810 6812 6813
f 6814 6815 6817
f 6817 6815 6816
f 6819 6820 6818
f 6818 6820 6821
f 6833 6822 6832
f 6832 6822 6823
f 6832 6823 6825
f 6825 6823 6824
f 6832 6825 6831
f 6831 6825 6826
f 6831 6826 6829
f 6829 6826 6828
f 6828 6826 6827
f 6829 6830 6831
f 6834 6835 6837
f 6837 6835 6836
f 6839 6841 6838
f 6838 6841 6846
f 6838 6846 6847
f 6839 6840 6841
f 6841 6842 6846
f 6846 6842 6844
f 6846 6844 6845
f 6842 6843 6844
f 6849 6850 6848
f 6848 6850 6851
f 6853 6854 6852
f 6852 6854 6855
f 6856 6857 6859
f 6859 6857 6858
f 6861 6862 6860
f 6860 6862 6863
f 6865 6866 6864
f 6864 6866 6867
f 6869 6870 6868
f 6868 6870 6871
f 6873 6881 6872
f 6872 6881 6882
f 6872 6882 6878
f 6878 6882 6883
f 6878 6883 6877
f 6877 6883 6876
f 6876 6883 6879
f 6876 6879 6875
f 6875 6879 6880
f 6875 6880 6874
f 6874 6880 6873
f 6873 6880 6881
f 6884 6885 6888
f 6888 6885 6887
f 6887 6885 6886
f 6889 6890 6892
f 6892 6890 6891
f 6894 6895 6893
f 6893 6895 6896
f 6897 6898 6900
f 6900 6898 6899
f 6902 6903 6901
f 6901 6903 6904
f 6905 6906 6908
f 6908 6906 6907
f 6909 6910 6912
f 6912 6910 6911
f 6914 6915 6913
f 6913 6915 6916
f 6913 6916 6924
f 6924 6916 6917
f 6924 6917 6918
f 6924 6918 6923
f 6923 6918 6919
f 6923 6919 6922
f 6922 6919 6920
f 6922 6920 6921
f 6926 6927 6925
f 6925 6927 6928
f 6929 6930 6932
f 6932 6930 6931
f 6937 6933 6936
f 6936 6933 6934
f 6936 6934 6935
f 6939 6940 6938
f 6938 6940 6941
f 6943 6944 6942
f 6942 6944 6945
f 6942 6945 6946
f 6946 6947 6942
f 6949 6953 6948
f 6948 6953 6958
f 6948 6958 6952
f 6959 6954 6955
f 6959 6955 6951
f 6951 6955 6956
f 6951 6956 6950
f 6950 6956 6957
f 6950 6957 6949
f 6949 6957 6953
f 6960 6961 6964
f 6964 6961 6963
f 6963 6961 6962
f 6966 6967 6965
f 6965 6967 6968
f 6970 6971 6969
f 6969 6971 6972
f 6982 6973 6981
f 6981 6973 6974
f 6981 6974 6976
f 6976 6974 6975
f 6977 6978 6976
f 6976 6978 6980
f 6976 6980 6981
f 6978 6979 6980
f 6987 6983 6986
f 6986 6983 6984
f 6986 6984 6985
f 6988 6989 6991
f 6991 6989 6990
f 6992 6993 6995
f 6995 6993 6994
f 6997 6998 6996
f 6996 6998 6999
f 7001 7010 7000
f 7011 7007 7008
f 7011 7008 7004
f 7004 7008 7009
f 7004 7009 7003
f 7003 7009 7005
f 7003 7005 7002
f 7002 7005 7006
f 7002 7006 7001
f 7001 7006 7010
f 7012 7013 7016
f 7016 7013 7015
f 7015 7013 7014
f 7017 7018 7020
f 7020 7018 7019
f 7021 7022 7024
f 7024 7022 7023
f 7025 7026 7028
f 7028 7026 7027
f 7029 7030 7034
f 7034 7030 7033
f 7033 7030 7032
f 7032 7030 7031
f 7035 7036 7038
f 7038 7036 7037
f 7040 7041 7039
f 7039 7041 7042
f 7044 7045 7043
f 7043 7045 7046
f 7048 7056 7047
f 7047 7056 7052
f 7047 7052 7051
f 7051 7052 7053
f 7051 7053 7058
f 7048 7049 7056
f 7056 7049 7055
f 7055 7049 7057
f 7055 7057 7054
f 7058 7050 7051
f 7059 7060 7062
f 7062 7060 7061
f 7063 7064 7066
f 7066 7064 7065
f 7068 7069 7067
f 7067 7069 7070
f 7071 7072 7075
f 7075 7072 7074
f 7074 7072 7073
f 7080 7076 7079
f 7079 7076 7077
f 7079 7077 7078
f 7090 7081 7089
f 7089 7081 7082
f 7089 7082 7084
f 7084 7082 7083
f 7085 7086 7084
f 7084 7086 7088
f 7084 7088 7089
f 7086 7087 7088
f 7091 7092 7094
f 7094 7092 7093
f 7095 7096 7098
f 7098 7096 7097
f 7100 7101 7099
f 7099 7101 7102
f 7104 7112 7103
f 7103 7112 7108
f 7103 7108 7107
f 7107 7108 7109
f 7107 7109 7114
f 7104 7105 7112
f 7112 7105 7111
f 7111 7105 7113
f 7111 7113 7110
f 7114 7106 7107
f 7116 7117 7115
f 7115 7117 7118
f 7119 7120 7122
f 7122 7120 7121
f 7124 7125 7123
f 7123 7125 7126
f 7128 7129 7127
f 7127 7129 7130
f 7132 7133 7131
f 7131 7133 7134
f 7139 7135 7138
f 7138 7135 7136
f 7138 7136 7137
f 7140 7141 7143
f 7143 7141 7142
f 7145 7153 7144
f 7144 7153 7149
f 7144 7149 7148
f 7148 7149 7150
f 7148 7150 7155
f 7145 7146 7153
f 7153 7146 7152
f 7152 7146 7154
f 7152 7154 7151
f 7155 7147 7148
f 7160 7156 7159
f 7159 7156 7157
f 7159 7157 7158
f 7162 7164 7161
f 7161 7164 7169
f 7161 7169 7170
f 7162 7163 7164
f 7164 7165 7169
f 7169 7165 7167
f 7169 7167 7168
f 7165 7166 7167
f 7182 7171 7181
f 7181 7171 7172
f 7181 7172 7174
f 7174 7172 7173
f 7181 7174 7180
f 7180 7174 7175
f 7180 7175 7178
f 7178 7175 7177
f 7177 7175 7176
f 7178 7179 7180
f 7183 7184 7186
f 7186 7184 7185
f 7188 7189 7187
f 7187 7189 7190
f 7191 7192 7194
f 7194 7192 7193
f 7199 7195 7198
f 7198 7195 7196
f 7198 7196 7197
f 7201 7202 7200
f 7200 7202 7203
f 7204 7205 7207
f 7207 7205 7206
f 7209 7210 7208
f 7208 7210 7211
f 7216 7212 7215
f 7215 7212 7213
f 7215 7213 7214
f 7218 7219 7217
f 7217 7219 7220
f 7221 7222 7224
f 7224 7222 7223
f 7225 7226 7228
f 7228 7226 7227
f 7229 7230 7237
f 7237 7230 7231
f 7237 7231 7236
f 7236 7231 7235
f 7235 7231 7232
f 7235 7232 7233
f 7233 7234 7235
f 7239 7240 7238
f 7238 7240 7241
f 7242 7243 7245
f 7245 7243 7244
f 7247 7248 7246
f 7246 7248 7254
f 7254 7248 7249
f 7254 7249 7250
f 7251 7252 7250
f 7250 7252 7253
f 7250 7253 7254
f 7255 7256 7258
f 7258 7256 7257
f 7259 7260 7262
f 7262 7260 7261
f 7263 7264 7266
f 7266 7264 7265
f 7268 7269 7267
f 7267 7269 7270
f 7271 7272 7274
f 7274 7272 7273
f 7275 7276 7279
f 7279 7276 7277
f 7279 7277 7278
f 7281 7289 7280
f 7280 7289 7285
f 7280 7285 7284
f 7284 7285 7286
f 7284 7286 7291
f 7281 7282 7289
f 7289 7282 7288
f 7288 7282 7290
f 7288 7290 7287
f 7291 7283 7284
f 7297 7303 7298
f 7304 7292 7293
f 7304 7293 7302
f 7302 7293 7294
f 7302 7294 7301
f 7301 7294 7295
f 7301 7295 7300
f 7300 7295 7296
f 7300 7296 7299
f 7299 7296 7297
f 7299 7297 7298
f 7306 7314 7305
f 7305 7314 7315
f 7305 7315 7310
f 7310 7315 7316
f 7310 7316 7317
f 7307 7312 7306
f 7306 7312 7313
f 7306 7313 7314
f 7308 7318 7307
f 7307 7318 7311
f 7307 7311 7312
f 7308 7309 7318
f 7318 7309 7317
f 7317 7309 7310
f 7320 7330 7319
f 7319 7330 7331
f 7319 7331 7333
f 7321 7328 7320
f 7320 7328 7329
f 7320 7329 7330
f 7328 7321 7327
f 7327 7321 7322
f 7327 7322 7326
f 7326 7322 7323
f 7326 7323 7325
f 7325 7323 7332
f 7325 7332 7324
f 7335 7340 7334
f 7334 7340 7341
f 7334 7341 7338
f 7338 7341 7342
f 7338 7342 7337
f 7337 7342 7343
f 7337 7343 7336
f 7336 7343 7339
f 7336 7339 7335
f 7335 7339 7340
f 7345 7368 7344
f 7344 7368 7367
f 7344 7367 7348
f 7348 7367 7371
f 7348 7371 7347
f 7347 7371 7370
f 7347 7370 7346
f 7372 7366 7369
f 7372 7369 7345
f 7345 7369 7368
f 7350 7367 7349
f 7349 7367 7368
f 7349 7368 7364
f 7364 7368 7363
f 7363 7368 7362
f 7362 7368 7361
f 7361 7368 7369
f 7361 7369 7360
f 7360 7369 7359
f 7359 7369 7358
f 7358 7369 7366
f 7358 7366 7357
f 7357 7366 7356
f 7365 7370 7355
f 7355 7370 7354
f 7354 7370 7371
f 7354 7371 7353
f 7353 7371 7352
f 7352 7371 7351
f 7351 7371 7367
f 7351 7367 7350
f 7374 7417 7373
f 7373 7417 7418
f 7373 7418 7416
f 7416 7418 7415
f 7415 7418 7419
f 7415 7419 7413
f 7413 7419 7411
f 7413 7411 7412
f 7374 7375 7417
f 7417 7375 7376
f 7417 7376 7432
f 7432 7376 7379
f 7432 7379 7380
f 7376 7377 7379
f 7379 7377 7378
f 7381 7382 7380
f 7380 7382 7432
f 7382 7383 7432
f 7432 7383 7431
f 7431 7383 7384
f 7431 7384 7385
f 7431 7385 7430
f 7430 7385 7386
f 7430 7386 7429
f 7429 7386 7387
f 7429 7387 7388
f 7388 7389 7429
f 7429 7389 7390
f 7429 7390 7428
f 7428 7390 7391
f 7428 7391 7393
f 7393 7391 7392
f 7393 7394 7428
f 7428 7394 7427
f 7427 7394 7395
f 7427 7395 7433
f 7427 7433 7426
f 7434 7396 7397
f 7434 7397 7425
f 7425 7397 7398
f 7425 7398 7399
f 7399 7400 7425
f 7425 7400 7401
f 7425 7401 7424
f 7424 7401 7402
f 7424 7402 7404
f 7404 7402 7403
f 7404 7405 7424
f 7424 7405 7423
f 7423 7405 7406
f 7423 7406 7407
f 7423 7407 7422
f 7422 7407 7408
f 7422 7408 7421
f 7421 7408 7409
f 7421 7409 7410
f 7421 7410 7420
f 7420 7410 7411
f 7420 7411 7419
f 7413 7414 7415
f 7442 7435 7441
f 7441 7435 7436
f 7441 7436 7440
f 7440 7436 7437
f 7440 7437 7439
f 7439 7437 7438
f 7443 7444 7448
f 7448 7444 7447
f 7447 7444 7445
f 7447 7445 7446
f 7449 7450 7480
f 7480 7450 7479
f 7479 7450 7477
f 7479 7477 7478
f 7477 7450 7476
f 7476 7450 7451
f 7476 7451 7459
f 7459 7451 7452
f 7459 7452 7458
f 7458 7452 7453
f 7458 7453 7456
f 7456 7453 7455
f 7455 7453 7454
f 7456 7457 7458
f 7459 7460 7476
f 7476 7460 7475
f 7475 7460 7467
f 7475 7467 7468
f 7460 7461 7467
f 7467 7461 7466
f 7466 7461 7464
f 7466 7464 7465
f 7462 7463 7461
f 7461 7463 7464
f 7475 7468 7474
f 7474 7468 7469
f 7474 7469 7472
f 7472 7469 7471
f 7471 7469 7470
f 7472 7473 7474
f 7481 7482 7486
f 7486 7482 7483
f 7486 7483 7485
f 7485 7483 7484
f 7493 7487 7492
f 7492 7487 7488
f 7492 7488 7491
f 7491 7488 7489
f 7491 7489 7490
f 7494 7495 7499
f 7499 7495 7498
f 7498 7495 7496
f 7498 7496 7497
f 7507 7500 7506
f 7506 7500 7501
f 7506 7501 7505
f 7505 7501 7502
f 7505 7502 7504
f 7504 7502 7503
f 7514 7508 7513
f 7513 7508 7509
f 7513 7509 7512
f 7512 7509 7510
f 7512 7510 7511
f 7515 7516 7520
f 7520 7516 7517
f 7520 7517 7519
f 7519 7517 7518
f 7521 7522 7526
f 7526 7522 7523
f 7526 7523 7525
f 7525 7523 7524
f 7533 7527 7532
f 7532 7527 7528
f 7532 7528 7531
f 7531 7528 7529
f 7531 7529 7530
f 7541 7534 7540
f 7540 7534 7535
f 7540 7535 7539
f 7539 7535 7536
f 7539 7536 7538
f 7538 7536 7537
f 7542 7543 7547
f 7547 7543 7546
f 7546 7543 7544
f 7546 7544 7545
f 7548 7549 7553
f 7553 7549 7552
f 7552 7549 7550
f 7552 7550 7551
f 7561 7554 7560
f 7560 7554 7555
f 7560 7555 7559
f 7559 7555 7556
f 7559 7556 7558
f 7558 7556 7557
f 7568 7562 7567
f 7567 7562 7563
f 7567 7563 7566
f 7566 7563 7564
f 7566 7564 7565
f 7569 7570 7574
f 7574 7570 7571
f 7574 7571 7573
f 7573 7571 7572
f 7575 7576 7579
f 7579 7576 7577
f 7579 7577 7578
f 7581 7589 7580
f 7580 7589 7585
f 7580 7585 7584
f 7584 7585 7586
f 7584 7586 7591
f 7581 7582 7589
f 7589 7582 7588
f 7588 7582 7590
f 7588 7590 7587
f 7591 7583 7584
f 7597 7603 7598
f 7604 7592 7593
f 7604 7593 7602
f 7602 7593 7594
f 7602 7594 7601
f 7601 7594 7595
f 7601 7595 7600
f 7600 7595 7596
f 7600 7596 7599
f 7599 7596 7597
f 7599 7597 7598
f 7606 7614 7605
f 7605 7614 7615
f 7605 7615 7610
f 7610 7615 7616
f 7610 7616 7617
f 7607 7612 7606
f 7606 7612 7613
f 7606 7613 7614
f 7608 7618 7607
f 7607 7618 7611
f 7607 7611 7612
f 7608 7609 7618
f 7618 7609 7617
f 7617 7609 7610
f 7620 7630 7619
f 7619 7630 7631
f 7619 7631 7633
f 7621 7628 7620
f 7620 7628 7629
f 7620 7629 7630
f 7628 7621 7627
f 7627 7621 7622
f 7627 7622 7626
f 7626 7622 7623
f 7626 7623 7625
f 7625 7623 7632
f 7625 7632 7624
f 7635 7640 7634
f 7634 7640 7641
f 7634 7641 7638
f 7638 7641 7642
f 7638 7642 7637
f 7637 7642 7643
f 7637 7643 7636
f 7636 7643 7639
f 7636 7639 7635
f 7635 7639 7640
f 7645 7668 7644
f 7644 7668 7667
f 7644 7667 7648
f 7648 7667 7671
f 7648 7671 7647
f 7647 7671 7670
f 7647 7670 7646
f 7672 7666 7669
f 7672 7669 7645
f 7645 7669 7668
f 7650 7667 7649
f 7649 7667 7668
f 7649 7668 7664
f 7664 7668 7663
f 7663 7668 7662
f 7662 7668 7661
f 7661 7668 7669
f 7661 7669 7660
f 7660 7669 7659
f 7659 7669 7658
f 7658 7669 7666
f 7658 7666 7657
f 7657 7666 7656
f 7665 7670 7655
f 7655 7670 7654
f 7654 7670 7671
f 7654 7671 7653
f 7653 7671 7652
f 7652 7671 7651
f 7651 7671 7667
f 7651 7667 7650
f 7674 7717 7673
f 7673 7717 7718
f 7673 7718 7716
f 7716 7718 7715
f 7715 7718 7719
f 7715 7719 7713
f 7713 7719 7711
f 7713 7711 7712
f 7674 7675 7717
f 7717 7675 7676
f 7717 7676 7732
f 7732 7676 7679
f 7732 7679 7680
f 7676 7677 7679
f 7679 7677 7678
f 7681 7682 7680
f 7680 7682 7732
f 7682 7683 7732
f 7732 7683 7731
f 7731 7683 7684
f 7731 7684 7685
f 7731 7685 7730
f 7730 7685 7686
f 7730 7686 7729
f 7729 7686 7687
f 7729 7687 7688
f 7688 7689 7729
f 7729 7689 7690
f 7729 7690 7728
f 7728 7690 7691
f 7728 7691 7693
f 7693 7691 7692
f 7693 7694 7728
f 7728 7694 7727
f 7727 7694 7695
f 7727 7695 7733
f 7727 7733 7726
f 7734 7696 7697
f 7734 7697 7725
f 7725 7697 7698
f 7725 7698 7699
f 7699 7700 7725
f 7725 7700 7701
f 7725 7701 7724
f 7724 7701 7702
f 7724 7702 7704
f 7704 7702 7703
f 7704 7705 7724
f 7724 7705 7723
f 7723 7705 7706
f 7723 7706 7707
f 7723 7707 7722
f 7722 7707 7708
f 7722 7708 7721
f 7721 7708 7709
f 7721 7709 7710
f 7721 7710 7720
f 7720 7710 7711
f 7720 7711 7719
f 7713 7714 7715
f 7742 7735 7741
f 7741 7735 7736
f 7741 7736 7740
f 7740 7736 7737
f 7740 7737 7739
f 7739 7737 7738
f 7743 7744 7748
f 7748 7744 7747
f 7747 7744 7745
f 7747 7745 7746
f 7749 7750 7780
f 7780 7750 7779
f 7779 7750 7777
f 7779 7777 7778
f 7777 7750 7776
f 7776 7750 7751
f 7776 7751 7759
f 7759 7751 7752
f 7759 7752 7758
f 7758 7752 7753
f 7758 7753 7756
f 7756 7753 7755
f 7755 7753 7754
f 7756 7757 7758
f 7759 7760 7776
f 7776 7760 7775
f 7775 7760 7767
f 7775 7767 7768
f 7760 7761 7767
f 7767 7761 7766
f 7766 7761 7764
f 7766 7764 7765
f 7762 7763 7761
f 7761 7763 7764
f 7775 7768 7774
f 7774 7768 7769
f 7774 7769 7772
f 7772 7769 7771
f 7771 7769 7770
f 7772 7773 7774
f 7781 7782 7786
f 7786 7782 7783
f 7786 7783 7785
f 7785 7783 7784
f 7793 7787 7792
f 7792 7787 7788
f 7792 7788 7791
f 7791 7788 7789
f 7791 7789 7790
f 7794 7795 7799
f 7799 7795 7798
f 7798 7795 7796
f 7798 7796 7797
f 7807 7800 7806
f 7806 7800 7801
f 7806 7801 7805
f 7805 7801 7802
f 7805 7802 7804
f 7804 7802 7803
f 7814 7808 7813
f 7813 7808 7809
f 7813 7809 7812
f 7812 7809 7810
f 7812 7810 7811
f 7815 7816 7820
f 7820 7816 7817
f 7820 7817 7819
f 7819 7817 7818
f 7821 7822 7826
f 7826 7822 7823
f 7826 7823 7825
f 7825 7823 7824
f 7833 7827 7832
f 7832 7827 7828
f 7832 7828 7831
f 7831 7828 7829
f 7831 7829 7830
f 7841 7834 7840
f 7840 7834 7835
f 7840 7835 7839
f 7839 7835 7836
f 7839 7836 7838
f 7838 7836 7837
f 7842 7843 7847
f 7847 7843 7846
f 7846 7843 7844
f 7846 7844 7845
f 7848 7849 7853
f 7853 7849 7852
f 7852 7849 7850
f 7852 7850 7851
f 7861 7854 7860
f 7860 7854 7855
f 7860 7855 7859
f 7859 7855 7856
f 7859 7856 7858
f 7858 7856 7857
f 7868 7862 7867
f 7867 7862 7863
f 7867 7863 7866
f 7866 7863 7864
f 7866 7864 7865
f 7869 7870 7874
f 7874 7870 7871
f 7874 7871 7873
f 7873 7871 7872
f 7875 7876 7879
f 7879 7876 7877
f 7879 7877 7878
f 7881 7889 7880
f 7880 7889 7885
f 7880 7885 7884
f 7884 7885 7886
f 7884 7886 7891
f 7881 7882 7889
f 7889 7882 7888
f 7888 7882 7890
f 7888 7890 7887
f 7891 7883 7884
f 7897 7903 7898
f 7904 7892 7893
f 7904 7893 7902
f 7902 7893 7894
f 7902 7894 7901
f 7901 7894 7895
f 7901 7895 7900
f 7900 7895 7896
f 7900 7896 7899
f 7899 7896 7897
f 7899 7897 7898
f 7906 7914 7905
f 7905 7914 7915
f 7905 7915 7910
f 7910 7915 7916
f 7910 7916 7917
f 7907 7912 7906
f 7906 7912 7913
f 7906 7913 7914
f 7908 7918 7907
f 7907 7918 7911
f 7907 7911 7912
f 7908 7909 7918
f 7918 7909 7917
f 7917 7909 7910
f 7920 7930 7919
f 7919 7930 7931
f 7919 7931 7933
f 7921 7928 7920
f 7920 7928 7929
f 7920 7929 7930
f 7928 7921 7927
f 7927 7921 7922
f 7927 7922 7926
f 7926 7922 7923
f 7926 7923 7925
f 7925 7923 7932
f 7925 7932 7924
f 7935 7940 7934
f 7934 7940 7941
f 7934 7941 7938
f 7938 7941 7942
f 7938 7942 7937
f 7937 7942 7943
f 7937 7943 7936
f 7936 7943 7939
f 7936 7939 7935
f 7935 7939 7940
f 7945 7968 7944
f 7944 7968 7967
f 7944 7967 7948
f 7948 7967 7971
f 7948 7971 7947
f 7947 7971 7970
f 7947 7970 7946
f 7972 7966 7969
f 7972 7969 7945
f 7945 7969 7968
f 7950 7967 7949
f 7949 7967 7968
f 7949 7968 7964
f 7964 7968 7963
f 7963 7968 7962
f 7962 7968 7961
f 7961 7968 7969
f 7961 7969 7960
f 7960 7969 7959
f 7959 7969 7958
f 7958 7969 7966
f 7958 7966 7957
f 7957 7966 7956
f 7965 7970 7955
f 7955 7970 7954
f 7954 7970 7971
f 7954 7971 7953
f 7953 7971 7952
f 7952 7971 7951
f 7951 7971 7967
f 7951 7967 7950
f 7974 8017 7973
f 7973 8017 8018
f 7973 8018 8016
f 8016 8018 8015
f 8015 8018 8019
f 8015 8019 8013
f 8013 8019 8011
f 8013 8011 8012
f 7974 7975 8017
f 8017 7975 7976
f 8017 7976 8032
f 8032 7976 7979
f 8032 7979 7980
f 7976 7977 7979
f 7979 7977 7978
f 7981 7982 7980
f 7980 7982 8032
f 7982 7983 8032
f 8032 7983 8031
f 8031 7983 7984
f 8031 7984 7985
f 8031 7985 8030
f 8030 7985 7986
f 8030 7986 8029
f 8029 7986 7987
f 8029 7987 7988
f 7988 7989 8029
f 8029 7989 7990
f 8029 7990 8028
f 8028 7990 7991
f 8028 7991 7993
f 7993 7991 7992
f 7993 7994 8028
f 8028 7994 8027
f 8027 7994 7995
f 8027 7995 8033
f 8027 8033 8026
f 8034 7996 7997
f 8034 7997 8025
f 8025 7997 7998
f 8025 7998 7999
f 7999 8000 8025
f 8025 8000 8001
f 8025 8001 8024
f 8024 8001 8002
f 8024 8002 8004
f 8004 8002 8003
f 8004 8005 8024
f 8024 8005 8023
f 8023 8005 8006
f 8023 8006 8007
f 8023 8007 8022
f 8022 8007 8008
f 8022 8008 8021
f 8021 8008 8009
f 8021 8009 8010
f 8021 8010 8020
f 8020 8010 8011
f 8020 8011 8019
f 8013 8014 8015
f 8042 8035 8041
f 8041 8035 8036
f 8041 8036 8040
f 8040 8036 8037
f 8040 8037 8039
f 8039 8037 8038
f 8043 8044 8048
f 8048 8044 8047
f 8047 8044 8045
f 8047 8045 8046
f 8049 8050 8080
f 8080 8050 8079
f 8079 8050 8077
f 8079 8077 8078
f 8077 8050 8076
f 8076 8050 8051
f 8076 8051 8059
f 8059 8051 8052
f 8059 8052 8058
f 8058 8052 8053
f 8058 8053 8056
f 8056 8053 8055
f 8055 8053 8054
f 8056 8057 8058
f 8059 8060 8076
f 8076 8060 8075
f 8075 8060 8067
f 8075 8067 8068
f 8060 8061 8067
f 8067 8061 8066
f 8066 8061 8064
f 8066 8064 8065
f 8062 8063 8061
f 8061 8063 8064
f 8075 8068 8074
f 8074 8068 8069
f 8074 8069 8072
f 8072 8069 8071
f 8071 8069 8070
f 8072 8073 8074
f 8081 8082 8086
f 8086 8082 8083
f 8086 8083 8085
f 8085 8083 8084
f 8093 8087 8092
f 8092 8087 8088
f 8092 8088 8091
f 8091 8088 8089
f 8091 8089 8090
f 8094 8095 8099
f 8099 8095 8098
f 8098 8095 8096
f 8098 8096 8097
f 8107 8100 8106
f 8106 8100 8101
f 8106 8101 8105
f 8105 8101 8102
f 8105 8102 8104
f 8104 8102 8103
f 8114 8108 8113
f 8113 8108 8109
f 8113 8109 8112
f 8112 8109 8110
f 8112 8110 8111
f 8115 8116 8120
f 8120 8116 8117
f 8120 8117 8119
f 8119 8117 8118
f 8121 8122 8126
f 8126 8122 8123
f 8126 8123 8125
f 8125 8123 8124
f 8133 8127 8132
f 8132 8127 8128
f 8132 8128 8131
f 8131 8128 8129
f 8131 8129 8130
f 8141 8134 8140
f 8140 8134 8135
f 8140 8135 8139
f 8139 8135 8136
f 8139 8136 8138
f 8138 8136 8137
f 8142 8143 8147
f 8147 8143 8146
f 8146 8143 8144
f 8146 8144 8145
f 8148 8149 8153
f 8153 8149 8152
f 8152 8149 8150
f 8152 8150 8151
f 8161 8154 8160
f 8160 8154 8155
f 8160 8155 8159
f 8159 8155 8156
f 8159 8156 8158
f 8158 8156 8157
f 8168 8162 8167
f 8167 8162 8163
f 8167 8163 8166
f 8166 8163 8164
f 8166 8164 8165
f 8169 8170 8174
f 8174 8170 8171
f 8174 8171 8173
f 8173 8171 8172
f 8175 8176 8179
f 8179 8176 8177
f 8179 8177 8178
f 8181 8189 8180
f 8180 8189 8185
f 8180 8185 8184
f 8184 8185 8186
f 8184 8186 8191
f 8181 8182 8189
f 8189 8182 8188
f 8188 8182 8190
f 8188 8190 8187
f 8191 8183 8184
f 8197 8203 8198
f 8204 8192 8193
f 8204 8193 8202
f 8202 8193 8194
f 8202 8194 8201
f 8201 8194 8195
f 8201 8195 8200
f 8200 8195 8196
f 8200 8196 8199
f 8199 8196 8197
f 8199 8197 8198
f 8206 8214 8205
f 8205 8214 8215
f 8205 8215 8210
f 8210 8215 8216
f 8210 8216 8217
f 8207 8212 8206
f 8206 8212 8213
f 8206 8213 8214
f 8208 8218 8207
f 8207 8218 8211
f 8207 8211 8212
f 8208 8209 8218
f 8218 8209 8217
f 8217 8209 8210
f 8220 8230 8219
f 8219 8230 8231
f 8219 8231 8233
f 8221 8228 8220
f 8220 8228 8229
f 8220 8229 8230
f 8228 8221 8227
f 8227 8221 8222
f 8227 8222 8226
f 8226 8222 8223
f 8226 8223 8225
f 8225 8223 8232
f 8225 8232 8224
f 8235 8240 8234
f 8234 8240 8241
f 8234 8241 8238
f 8238 8241 8242
f 8238 8242 8237
f 8237 8242 8243
f 8237 8243 8236
f 8236 8243 8239
f 8236 8239 8235
f 8235 8239 8240
f 8245 8268 8244
f 8244 8268 8267
f 8244 8267 8248
f 8248 8267 8271
f 8248 8271 8247
f 8247 8271 8270
f 8247 8270 8246
f 8272 8266 8269
f 8272 8269 8245
f 8245 8269 8268
f 8250 8267 8249
f 8249 8267 8268
f 8249 8268 8264
f 8264 8268 8263
f 8263 8268 8262
f 8262 8268 8261
f 8261 8268 8269
f 8261 8269 8260
f 8260 8269 8259
f 8259 8269 8258
f 8258 8269 8266
f 8258 8266 8257
f 8257 8266 8256
f 8265 8270 8255
f 8255 8270 8254
f 8254 8270 8271
f 8254 8271 8253
f 8253 8271 8252
f 8252 8271 8251
f 8251 8271 8267
f 8251 8267 8250
f 8274 8317 8273
f 8273 8317 8318
f 8273 8318 8316
f 8316 8318 8315
f 8315 8318 8319
f 8315 8319 8313
f 8313 8319 8311
f 8313 8311 8312
f 8274 8275 8317
f 8317 8275 8276
f 8317 8276 8332
f 8332 8276 8279
f 8332 8279 8280
f 8276 8277 8279
f 8279 8277 8278
f 8281 8282 8280
f 8280 8282 8332
f 8282 8283 8332
f 8332 8283 8331
f 8331 8283 8284
f 8331 8284 8285
f 8331 8285 8330
f 8330 8285 8286
f 8330 8286 8329
f 8329 8286 8287
f 8329 8287 8288
f 8288 8289 8329
f 8329 8289 8290
f 8329 8290 8328
f 8328 8290 8291
f 8328 8291 8293
f 8293 8291 8292
f 8293 8294 8328
f 8328 8294 8327
f 8327 8294 8295
f 8327 8295 8333
f 8327 8333 8326
f 8334 8296 8297
f 8334 8297 8325
f 8325 8297 8298
f 8325 8298 8299
f 8299 8300 8325
f 8325 8300 8301
f 8325 8301 8324
f 8324 8301 8302
f 8324 8302 8304
f 8304 8302 8303
f 8304 8305 8324
f 8324 8305 8323
f 8323 8305 8306
f 8323 8306 8307
f 8323 8307 8322
f 8322 8307 8308
f 8322 8308 8321
f 8321 8308 8309
f 8321 8309 8310
f 8321 8310 8320
f 8320 8310 8311
f 8320 8311 8319
f 8313 8314 8315
f 8342 8335 8341
f 8341 8335 8336
f 8341 8336 8340
f 8340 8336 8337
f 8340 8337 8339
f 8339 8337 8338
f 8343 8344 8348
f 8348 8344 8347
f 8347 8344 8345
f 8347 8345 8346
f 8349 8350 8380
f 8380 8350 8379
f 8379 8350 8377
f 8379 8377 8378
f 8377 8350 8376
f 8376 8350 8351
f 8376 8351 8359
f 8359 8351 8352
f 8359 8352 8358
f 8358 8352 8353
f 8358 8353 8356
f 8356 8353 8355
f 8355 8353 8354
f 8356 8357 8358
f 8359 8360 8376
f 8376 8360 8375
f 8375 8360 8367
f 8375 8367 8368
f 8360 8361 8367
f 8367 8361 8366
f 8366 8361 8364
f 8366 8364 8365
f 8362 8363 8361
f 8361 8363 8364
f 8375 8368 8374
f 8374 8368 8369
f 8374 8369 8372
f 8372 8369 8371
f 8371 8369 8370
f 8372 8373 8374
f 8381 8382 8386
f 8386 8382 8383
f 8386 8383 8385
f 8385 8383 8384
f 8393 8387 8392
f 8392 8387 8388
f 8392 8388 8391
f 8391 8388 8389
f 8391 8389 8390
f 8394 8395 8399
f 8399 8395 8398
f 8398 8395 8396
f 8398 8396 8397
f 8407 8400 8406
f 8406 8400 8401
f 8406 8401 8405
f 8405 8401 8402
f 8405 8402 8404
f 8404 8402 8403
f 8414 8408 8413
f 8413 8408 8409
f 8413 8409 8412
f 8412 8409 8410
f 8412 8410 8411
f 8415 8416 8420
f 8420 8416 8417
f 8420 8417 8419
f 8419 8417 8418
f 8421 8422 8426
f 8426 8422 8423
f 8426 8423 8425
f 8425 8423 8424
f 8433 8427 8432
f 8432 8427 8428
f 8432 8428 8431
f 8431 8428 8429
f 8431 8429 8430
f 8441 8434 8440
f 8440 8434 8435
f 8440 8435 8439
f 8439 8435 8436
f 8439 8436 8438
f 8438 8436 8437
f 8442 8443 8447
f 8447 8443 8446
f 8446 8443 8444
f 8446 8444 8445
f 8448 8449 8453
f 8453 8449 8452
f 8452 8449 8450
f 8452 8450 8451
f 8461 8454 8460
f 8460 8454 8455
f 8460 8455 8459
f 8459 8455 8456
f 8459 8456 8458
f 8458 8456 8457
f 8468 8462 8467
f 8467 8462 8463
f 8467 8463 8466
f 8466 8463 8464
f 8466 8464 8465
f 8469 8470 8474
f 8474 8470 8471
f 8474 8471 8473
f 8473 8471 8472
f 8475 8476 8478
f 8478 8476 8477
f 8479 8480 8484
f 8484 8480 8483
f 8483 8480 8482
f 8482 8480 8481
f 8486 8487 8485
f 8485 8487 8488
f 8490 8492 8489
f 8489 8492 8493
f 8489 8493 8498
f 8498 8493 8494
f 8498 8494 8497
f 8497 8494 8496
f 8496 8494 8495
f 8490 8491 8492
f 8500 8501 8499
f 8499 8501 8506
f 8506 8501 8502
f 8506 8502 8505
f 8505 8502 8504
f 8504 8502 8503
f 8508 8509 8507
f 8507 8509 8510
f 8512 8513 8511
f 8511 8513 8514
f 8511 8514 8515
f 8515 8516 8511
f 8518 8519 8517
f 8517 8519 8520
f 8521 8522 8524
f 8524 8522 8523
f 8526 8527 8525
f 8525 8527 8528
f 8529 8530 8544
f 8544 8530 8556
f 8544 8556 8553
f 8530 8531 8556
f 8556 8531 8555
f 8555 8531 8534
f 8555 8534 8554
f 8554 8534 8551
f 8554 8551 8552
f 8531 8532 8534
f 8534 8532 8533
f 8535 8536 8534
f 8534 8536 8551
f 8551 8536 8550
f 8550 8536 8537
f 8550 8537 8547
f 8547 8537 8546
f 8546 8537 8540
f 8546 8540 8545
f 8545 8540 8541
f 8545 8541 8543
f 8543 8541 8542
f 8538 8539 8537
f 8537 8539 8540
f 8544 8552 8543
f 8543 8552 8549
f 8543 8549 8548
f 8548 8549 8550
f 8548 8550 8547
f 8548 8545 8543
f 8544 8553 8552
f 8552 8553 8554
f 8558 8559 8557
f 8557 8559 8560
f 8561 8562 8564
f 8564 8562 8563
f 8565 8566 8568
f 8568 8566 8567
f 8570 8571 8569
f 8569 8571 8572
f 8569 8572 8573
f 8573 8574 8569
f 8576 8583 8575
f 8575 8583 8582
f 8575 8582 8579
f 8577 8590 8576
f 8576 8590 8587
f 8576 8587 8586
f 8586 8587 8588
f 8586 8588 8585
f 8585 8588 8577
f 8585 8577 8584
f 8584 8577 8578
f 8584 8578 8581
f 8581 8578 8580
f 8580 8578 8579
f 8579 8578 8575
f 8581 8582 8584
f 8584 8582 8583
f 8586 8583 8576
f 8588 8589 8577
f 8577 8589 8590
f 8591 8592 8600
f 8600 8592 8599
f 8599 8592 8598
f 8598 8592 8593
f 8598 8593 8597
f 8597 8593 8594
f 8597 8594 8596
f 8596 8594 8595
f 8601 8602 8606
f 8606 8602 8605
f 8605 8602 8604
f 8604 8602 8603
f 8607 8608 8610
f 8610 8608 8609
f 8611 8612 8614
f 8614 8612 8613
f 8616 8617 8615
f 8615 8617 8620
f 8620 8617 8619
f 8619 8617 8618
f 8622 8623 8621
f 8621 8623 8624
f 8626 8629 8625
f 8625 8629 8630
f 8625 8630 8631
f 8627 8628 8626
f 8626 8628 8629
f 8631 8632 8625
f 8633 8634 8636
f 8636 8634 8635
f 8637 8638 8640
f 8640 8638 8639
f 8641 8642 8644
f 8644 8642 8643
f 8645 8646 8648
f 8648 8646 8647
f 8649 8650 8652
f 8652 8650 8651
f 8653 8654 8656
f 8656 8654 8655
f 8657 8658 8660
f 8660 8658 8659
f 8662 8663 8661
f 8661 8663 8664
f 8665 8666 8670
f 8670 8666 8669
f 8669 8666 8668
f 8668 8666 8667
f 8671 8672 8674
f 8674 8672 8673
f 8675 8676 8678
f 8678 8676 8677
f 8679 8680 8682
f 8682 8680 8681
f 8683 8684 8686
f 8686 8684 8685
f 8688 8689 8687
f 8687 8689 8690
f 8691 8692 8694
f 8694 8692 8693
f 8696 8697 8695
f 8695 8697 8698
f 8699 8700 8702
f 8702 8700 8701
f 8703 8704 8706
f 8706 8704 8705
f 8707 8708 8710
f 8710 8708 8709
f 8711 8712 8714
f 8714 8712 8713
f 8716 8717 8715
f 8715 8717 8718
f 8719 8720 8722
f 8722 8720 8721
f 8723 8724 8726
f 8726 8724 8725
f 8727 8728 8730
f 8730 8728 8729
f 8731 8732 8734
f 8734 8732 8733
f 8736 8737 8735
f 8735 8737 8738
f 8739 8740 8742
f 8742 8740 8741
f 8743 8744 8746
f 8746 8744 8745
f 8747 8748 8750
f 8750 8748 8749
f 8751 8752 8754
f 8754 8752 8753
f 8755 8756 8758
f 8758 8756 8757
f 8760 8761 8759
f 8759 8761 8762
f 8763 8764 8766
f 8766 8764 8765
f 8768 8769 8767
f 8767 8769 8770
f 8771 8772 8774
f 8774 8772 8773
f 8775 8776 8778
f 8778 8776 8777
f 8779 8780 8784
f 8784 8780 8783
f 8783 8780 8782
f 8782 8780 8781
f 8786 8787 8785
f 8785 8787 8788
f 8790 8792 8789
f 8789 8792 8793
f 8789 8793 8798
f 8798 8793 8794
f 8798 8794 8797
f 8797 8794 8796
f 8796 8794 8795
f 8790 8791 8792
f 8800 8801 8799
f 8799 8801 8806
f 8806 8801 8802
f 8806 8802 8805
f 8805 8802 8804
f 8804 8802 8803
f 8808 8809 8807
f 8807 8809 8810
f 8812 8813 8811
f 8811 8813 8814
f 8811 8814 8815
f 8815 8816 8811
f 8818 8819 8817
f 8817 8819 8820
f 8821 8822 8824
f 8824 8822 8823
f 8826 8827 8825
f 8825 8827 8828
f 8829 8830 8844
f 8844 8830 8856
f 8844 8856 8853
f 8830 8831 8856
f 8856 8831 8855
f 8855 8831 8834
f 8855 8834 8854
f 8854 8834 8851
f 8854 8851 8852
f 8831 8832 8834
f 8834 8832 8833
f 8835 8836 8834
f 8834 8836 8851
f 8851 8836 8850
f 8850 8836 8837
f 8850 8837 8847
f 8847 8837 8846
f 8846 8837 8840
f 8846 8840 8845
f 8845 8840 8841
f 8845 8841 8843
f 8843 8841 8842
f 8838 8839 8837
f 8837 8839 8840
f 8844 8852 8843
f 8843 8852 8849
f 8843 8849 8848
f 8848 8849 8850
f 8848 8850 8847
f 8848 8845 8843
f 8844 8853 8852
f 8852 8853 8854
f 8858 8859 8857
f 8857 8859 8860
f 8861 8862 8864
f 8864 8862 8863
f 8865 8866 8868
f 8868 8866 8867
f 8870 8871 8869
f 8869 8871 8872
f 8869 8872 8873
f 8873 8874 8869
f 8876 8883 8875
f 8875 8883 8882
f 8875 8882 8879
f 8877 8890 8876
f 8876 8890 8887
f 8876 8887 8886
f 8886 8887 8888
f 8886 8888 8885
f 8885 8888 8877
f 8885 8877 8884
f 8884 8877 8878
f 8884 8878 8881
f 8881 8878 8880
f 8880 8878 8879
f 8879 8878 8875
f 8881 8882 8884
f 8884 8882 8883
f 8886 8883 8876
f 8888 8889 8877
f 8877 8889 8890
f 8891 8892 8900
f 8900 8892 8899
f 8899 8892 8898
f 8898 8892 8893
f 8898 8893 8897
f 8897 8893 8894
f 8897 8894 8896
f 8896 8894 8895
f 8901 8902 8906
f 8906 8902 8905
f 8905 8902 8904
f 8904 8902 8903
f 8907 8908 8910
f 8910 8908 8909
f 8911 8912 8914
f 8914 8912 8913
f 8916 8917 8915
f 8915 8917 8920
f 8920 8917 8919
f 8919 8917 8918
f 8922 8923 8921
f 8921 8923 8924
f 8926 8929 8925
f 8925 8929 8930
f 8925 8930 8931
f 8927 8928 8926
f 8926 8928 8929
f 8931 8932 8925
f 8933 8934 8936
f 8936 8934 8935
f 8937 8938 8940
f 8940 8938 8939
f 8941 8942 8944
f 8944 8942 8943
f 8945 8946 8948
f 8948 8946 8947
f 8949 8950 8952
f 8952 8950 8951
f 8953 8954 8956
f 8956 8954 8955
f 8957 8958 8960
f 8960 8958 8959
f 8962 8963 8961
f 8961 8963 8964
f 8965 8966 8970
f 8970 8966 8969
f 8969 8966 8968
f 8968 8966 8967
f 8971 8972 8974
f 8974 8972 8973
f 8975 8976 8978
f 8978 8976 8977
f 8979 8980 8982
f 8982 8980 8981
f 8983 8984 8986
f 8986 8984 8985
f 8988 8989 8987
f 8987 8989 8990
f 8991 8992 8994
f 8994 8992 8993
f 8996 8997 8995
f 8995 8997 8998
f 8999 9000 9002
f 9002 9000 9001
f 9003 9004 9006
f 9006 9004 9005
f 9007 9008 9010
f 9010 9008 9009
f 9011 9012 9014
f 9014 9012 9013
f 9016 9017 9015
f 9015 9017 9018
f 9019 9020 9022
f 9022 9020 9021
f 9023 9024 9026
f 9026 9024 9025
f 9027 9028 9030
f 9030 9028 9029
f 9031 9032 9034
f 9034 9032 9033
f 9036 9037 9035
f 9035 9037 9038
f 9039 9040 9042
f 9042 9040 9041
f 9043 9044 9046
f 9046 9044 9045
f 9047 9048 9050
f 9050 9048 9049
f 9051 9052 9054
f 9054 9052 9053
f 9055 9056 9058
f 9058 9056 9057
f 9060 9061 9059
f 9059 9061 9062
f 9063 9064 9066
f 9066 9064 9065
f 9068 9069 9067
f 9067 9069 9070
f 9071 9072 9074
f 9074 9072 9073
