# head_v1 head_base - link-local frame, meters (import_head_v1.py)
o head_base
v -0.035000 -0.028000 -0.018000
v -0.034732 -0.028000 -0.019000
v -0.034000 -0.028000 -0.019732
v -0.033000 -0.028000 -0.020000
v -0.033000 -0.029000 -0.019732
v -0.033000 -0.029732 -0.019000
v -0.033000 -0.030000 -0.018000
v -0.034000 -0.029732 -0.018000
v -0.034732 -0.029000 -0.018000
v -0.034431 -0.028988 -0.018988
v -0.032000 0.030000 0.002000
v 0.032000 0.030000 0.002000
v 0.030586 0.029414 0.000586
v 0.030000 0.028000 0.000000
v -0.030000 0.028000 0.000000
v -0.030586 0.029414 0.000586
v 0.033000 0.030000 -0.018000
v 0.033000 0.029732 -0.019000
v 0.033000 0.029000 -0.019732
v 0.033000 0.028000 -0.020000
v 0.032000 0.028000 -0.020000
v 0.032000 0.029000 -0.019732
v 0.032000 0.029732 -0.019000
v 0.032000 0.030000 -0.018000
v -0.035000 -0.028000 0.003000
v -0.034732 -0.029000 0.003000
v -0.034000 -0.029732 0.003000
v -0.033000 -0.030000 0.003000
v -0.033000 -0.029732 0.004000
v -0.033000 -0.029000 0.004732
v -0.033000 -0.028000 0.005000
v -0.034000 -0.028000 0.004732
v -0.034732 -0.028000 0.004000
v -0.034431 -0.028988 0.003988
v 0.035000 -0.028000 0.003000
v 0.034732 -0.028000 0.004000
v 0.034000 -0.028000 0.004732
v 0.033000 -0.028000 0.005000
v 0.033000 -0.029000 0.004732
v 0.033000 -0.029732 0.004000
v 0.033000 -0.030000 0.003000
v 0.034000 -0.029732 0.003000
v 0.034732 -0.029000 0.003000
v 0.033988 -0.028988 0.004431
v 0.030000 -0.028000 0.000000
v -0.030000 -0.028000 0.000000
v -0.030000 0.028000 0.000000
v 0.030000 0.028000 0.000000
v -0.035000 -0.028000 -0.018000
v -0.034732 -0.029000 -0.018000
v -0.034000 -0.029732 -0.018000
v -0.033000 -0.030000 -0.018000
v -0.033000 -0.030000 0.003000
v -0.034000 -0.029732 0.003000
v -0.034732 -0.029000 0.003000
v -0.035000 -0.028000 0.003000
v -0.033000 0.028000 -0.020000
v -0.033000 0.029000 -0.019732
v -0.033000 0.029732 -0.019000
v -0.033000 0.030000 -0.018000
v -0.032000 0.030000 -0.018000
v -0.032000 0.029732 -0.019000
v -0.032000 0.029000 -0.019732
v -0.032000 0.028000 -0.020000
v -0.030000 -0.028000 0.000000
v 0.030000 -0.028000 0.000000
v 0.030586 -0.029414 0.000586
v 0.032000 -0.030000 0.002000
v -0.032000 -0.030000 0.002000
v -0.030586 -0.029414 0.000586
v -0.032000 0.028000 -0.020000
v -0.032000 0.029000 -0.019732
v -0.032000 0.029732 -0.019000
v -0.032000 0.030000 -0.018000
v -0.031000 0.029732 -0.018000
v -0.030268 0.029000 -0.018000
v -0.030000 0.028000 -0.018000
v -0.030268 0.028000 -0.019000
v -0.031000 0.028000 -0.019732
v -0.031012 0.028988 -0.019431
v 0.035000 0.015000 -0.015000
v 0.035000 0.017939 -0.014045
v 0.035000 0.019755 -0.011545
v 0.035000 0.019755 -0.008455
v 0.035000 0.017939 -0.005955
v 0.035000 0.015000 -0.005000
v 0.035000 0.012061 -0.005955
v 0.035000 0.010245 -0.008455
v 0.035000 0.010245 -0.011545
v 0.035000 0.012061 -0.014045
v 0.033000 0.015000 -0.013000
v 0.033000 0.012879 -0.012121
v 0.033000 0.012000 -0.010000
v 0.033000 0.012879 -0.007879
v 0.033000 0.015000 -0.007000
v 0.033000 0.017121 -0.007879
v 0.033000 0.018000 -0.010000
v 0.033000 0.017121 -0.012121
v 0.035000 0.015000 -0.005000
v 0.033000 0.015000 -0.007000
v 0.033000 0.015000 -0.013000
v 0.033000 0.017121 -0.012121
v 0.033000 0.018000 -0.010000
v 0.033000 0.017121 -0.007879
v 0.033000 0.015000 -0.007000
v 0.033000 0.012879 -0.007879
v 0.033000 0.012000 -0.010000
v 0.033000 0.012879 -0.012121
v 0.030000 0.015000 -0.013000
v 0.030000 0.012879 -0.012121
v 0.030000 0.012000 -0.010000
v 0.030000 0.012879 -0.007879
v 0.030000 0.015000 -0.007000
v 0.030000 0.017121 -0.007879
v 0.030000 0.018000 -0.010000
v 0.030000 0.017121 -0.012121
v 0.033000 0.015000 -0.007000
v 0.030000 0.015000 -0.007000
v -0.035000 0.028000 -0.018000
v -0.034732 0.028000 -0.019000
v -0.034000 0.028000 -0.019732
v -0.033000 0.028000 -0.020000
v -0.033000 -0.028000 -0.020000
v -0.034000 -0.028000 -0.019732
v -0.034732 -0.028000 -0.019000
v -0.035000 -0.028000 -0.018000
v -0.032000 -0.030000 0.002000
v -0.032000 -0.030000 -0.018000
v -0.031000 -0.029732 -0.018000
v -0.030268 -0.029000 -0.018000
v -0.030000 -0.028000 -0.018000
v -0.030000 -0.028000 0.000000
v -0.030586 -0.029414 0.000586
v -0.030000 0.028000 0.000000
v -0.030000 0.028000 -0.018000
v -0.030268 0.029000 -0.018000
v -0.031000 0.029732 -0.018000
v -0.032000 0.030000 -0.018000
v -0.032000 0.030000 0.002000
v -0.030586 0.029414 0.000586
v 0.030000 -0.028000 0.000000
v 0.030000 -0.028000 -0.018000
v 0.030586 -0.029414 -0.019414
v 0.032000 -0.030000 -0.020000
v 0.032000 -0.030000 0.002000
v 0.030586 -0.029414 0.000586
v -0.035000 -0.015000 -0.015000
v -0.035000 -0.012061 -0.014045
v -0.035000 -0.010245 -0.011545
v -0.035000 -0.010245 -0.008455
v -0.035000 -0.012061 -0.005955
v -0.035000 -0.015000 -0.005000
v -0.035000 -0.017939 -0.005955
v -0.035000 -0.019755 -0.008455
v -0.035000 -0.019755 -0.011545
v -0.035000 -0.017939 -0.014045
v -0.035000 0.015000 -0.015000
v -0.035000 0.017939 -0.014045
v -0.035000 0.019755 -0.011545
v -0.035000 0.019755 -0.008455
v -0.035000 0.017939 -0.005955
v -0.035000 0.015000 -0.005000
v -0.035000 0.012061 -0.005955
v -0.035000 0.010245 -0.008455
v -0.035000 0.010245 -0.011545
v -0.035000 0.012061 -0.014045
v -0.035000 -0.028000 0.003000
v -0.035000 0.028000 0.003000
v -0.035000 0.028000 -0.018000
v -0.035000 -0.028000 -0.018000
v 0.033000 0.030000 0.003000
v 0.034000 0.029732 0.003000
v 0.034732 0.029000 0.003000
v 0.035000 0.028000 0.003000
v 0.035000 0.028000 -0.018000
v 0.034732 0.029000 -0.018000
v 0.034000 0.029732 -0.018000
v 0.033000 0.030000 -0.018000
v 0.006500 0.022500 0.002000
v 0.005464 0.023927 0.002000
v 0.003786 0.023382 0.002000
v 0.003786 0.021618 0.002000
v 0.005464 0.021073 0.002000
v -0.033000 0.030000 0.003000
v 0.033000 0.030000 0.003000
v 0.033000 0.030000 -0.018000
v 0.032000 0.030000 -0.018000
v 0.032000 0.030000 0.002000
v -0.032000 0.030000 0.002000
v -0.032000 0.030000 -0.018000
v -0.033000 0.030000 -0.018000
v -0.032000 -0.028000 -0.020000
v -0.033000 -0.028000 -0.020000
v -0.033000 0.028000 -0.020000
v -0.032000 0.028000 -0.020000
v 0.006500 -0.022500 0.002000
v 0.005464 -0.023927 0.002000
v 0.003786 -0.023382 0.002000
v 0.003786 -0.021618 0.002000
v 0.005464 -0.021073 0.002000
v 0.006500 -0.022500 0.005000
v 0.005464 -0.021073 0.005000
v 0.003786 -0.021618 0.005000
v 0.003786 -0.023382 0.005000
v 0.005464 -0.023927 0.005000
v 0.003786 -0.021618 0.005000
v 0.003786 -0.021618 0.002000
v 0.006500 -0.022500 0.005000
v 0.005464 -0.023927 0.005000
v 0.003786 -0.023382 0.005000
v 0.003786 -0.021618 0.005000
v 0.005464 -0.021073 0.005000
v 0.006500 0.022500 0.005000
v 0.005464 0.021073 0.005000
v 0.003786 0.021618 0.005000
v 0.003786 0.023382 0.005000
v 0.005464 0.023927 0.005000
v 0.026500 -0.022500 0.005000
v 0.025464 -0.023927 0.005000
v 0.023786 -0.023382 0.005000
v 0.023786 -0.021618 0.005000
v 0.025464 -0.021073 0.005000
v 0.026500 0.022500 0.005000
v 0.025464 0.021073 0.005000
v 0.023786 0.021618 0.005000
v 0.023786 0.023382 0.005000
v 0.025464 0.023927 0.005000
v -0.033000 -0.028000 0.005000
v 0.033000 -0.028000 0.005000
v 0.033000 0.028000 0.005000
v -0.033000 0.028000 0.005000
v -0.032000 -0.028000 -0.020000
v -0.031000 -0.028000 -0.019732
v -0.030268 -0.028000 -0.019000
v -0.030000 -0.028000 -0.018000
v -0.030268 -0.029000 -0.018000
v -0.031000 -0.029732 -0.018000
v -0.032000 -0.030000 -0.018000
v -0.032000 -0.029732 -0.019000
v -0.032000 -0.029000 -0.019732
v -0.030569 -0.028988 -0.018988
v 0.026500 -0.022500 0.002000
v 0.025464 -0.021073 0.002000
v 0.023786 -0.021618 0.002000
v 0.023786 -0.023382 0.002000
v 0.025464 -0.023927 0.002000
v -0.033000 0.015000 -0.013000
v -0.033000 0.012879 -0.012121
v -0.033000 0.012000 -0.010000
v -0.033000 0.012879 -0.007879
v -0.033000 0.015000 -0.007000
v -0.033000 0.017121 -0.007879
v -0.033000 0.018000 -0.010000
v -0.033000 0.017121 -0.012121
v -0.030000 0.015000 -0.013000
v -0.030000 0.017121 -0.012121
v -0.030000 0.018000 -0.010000
v -0.030000 0.017121 -0.007879
v -0.030000 0.015000 -0.007000
v -0.030000 0.012879 -0.007879
v -0.030000 0.012000 -0.010000
v -0.030000 0.012879 -0.012121
v -0.030000 0.015000 -0.007000
v -0.033000 0.015000 -0.007000
v -0.033000 -0.015000 -0.013000
v -0.033000 -0.017121 -0.012121
v -0.033000 -0.018000 -0.010000
v -0.033000 -0.017121 -0.007879
v -0.033000 -0.015000 -0.007000
v -0.033000 -0.012879 -0.007879
v -0.033000 -0.012000 -0.010000
v -0.033000 -0.012879 -0.012121
v -0.030000 -0.015000 -0.013000
v -0.030000 -0.012879 -0.012121
v -0.030000 -0.012000 -0.010000
v -0.030000 -0.012879 -0.007879
v -0.030000 -0.015000 -0.007000
v -0.030000 -0.017121 -0.007879
v -0.030000 -0.018000 -0.010000
v -0.030000 -0.017121 -0.012121
v -0.030000 -0.015000 -0.007000
v -0.033000 -0.015000 -0.007000
v -0.033000 -0.028000 0.005000
v -0.033000 -0.029000 0.004732
v -0.033000 -0.029732 0.004000
v -0.033000 -0.030000 0.003000
v 0.033000 -0.030000 0.003000
v 0.033000 -0.029732 0.004000
v 0.033000 -0.029000 0.004732
v 0.033000 -0.028000 0.005000
v 0.035000 -0.015000 -0.015000
v 0.035000 -0.012061 -0.014045
v 0.035000 -0.010245 -0.011545
v 0.035000 -0.010245 -0.008455
v 0.035000 -0.012061 -0.005955
v 0.035000 -0.015000 -0.005000
v 0.035000 -0.017939 -0.005955
v 0.035000 -0.019755 -0.008455
v 0.035000 -0.019755 -0.011545
v 0.035000 -0.017939 -0.014045
v 0.033000 -0.015000 -0.013000
v 0.033000 -0.017121 -0.012121
v 0.033000 -0.018000 -0.010000
v 0.033000 -0.017121 -0.007879
v 0.033000 -0.015000 -0.007000
v 0.033000 -0.012879 -0.007879
v 0.033000 -0.012000 -0.010000
v 0.033000 -0.012879 -0.012121
v 0.035000 -0.015000 -0.005000
v 0.033000 -0.015000 -0.007000
v 0.032000 0.030000 0.002000
v 0.032000 0.030000 -0.018000
v 0.031000 0.029732 -0.018000
v 0.030268 0.029000 -0.018000
v 0.030000 0.028000 -0.018000
v 0.030000 0.028000 0.000000
v 0.030586 0.029414 0.000586
v 0.032000 0.028000 -0.020000
v 0.031000 0.028000 -0.019732
v 0.030268 0.028000 -0.019000
v 0.030000 0.028000 -0.018000
v 0.030268 0.029000 -0.018000
v 0.031000 0.029732 -0.018000
v 0.032000 0.030000 -0.018000
v 0.032000 0.029732 -0.019000
v 0.032000 0.029000 -0.019732
v 0.031012 0.029431 -0.018988
v 0.035000 0.028000 0.003000
v 0.034732 0.029000 0.003000
v 0.034000 0.029732 0.003000
v 0.033000 0.030000 0.003000
v 0.033000 0.029732 0.004000
v 0.033000 0.029000 0.004732
v 0.033000 0.028000 0.005000
v 0.034000 0.028000 0.004732
v 0.034732 0.028000 0.004000
v 0.034431 0.028988 0.003988
v 0.033000 0.028000 0.005000
v 0.033000 0.029000 0.004732
v 0.033000 0.029732 0.004000
v 0.033000 0.030000 0.003000
v -0.033000 0.030000 0.003000
v -0.033000 0.029732 0.004000
v -0.033000 0.029000 0.004732
v -0.033000 0.028000 0.005000
v 0.035000 -0.015000 -0.015000
v 0.035000 -0.017939 -0.014045
v 0.035000 -0.019755 -0.011545
v 0.035000 -0.019755 -0.008455
v 0.035000 -0.017939 -0.005955
v 0.035000 -0.015000 -0.005000
v 0.035000 -0.012061 -0.005955
v 0.035000 -0.010245 -0.008455
v 0.035000 -0.010245 -0.011545
v 0.035000 -0.012061 -0.014045
v 0.035000 0.015000 -0.015000
v 0.035000 0.012061 -0.014045
v 0.035000 0.010245 -0.011545
v 0.035000 0.010245 -0.008455
v 0.035000 0.012061 -0.005955
v 0.035000 0.015000 -0.005000
v 0.035000 0.017939 -0.005955
v 0.035000 0.019755 -0.008455
v 0.035000 0.019755 -0.011545
v 0.035000 0.017939 -0.014045
v 0.035000 0.028000 -0.018000
v 0.035000 0.028000 0.003000
v 0.035000 -0.028000 0.003000
v 0.035000 -0.028000 -0.018000
v -0.030000 -0.028000 0.000000
v -0.030000 -0.028000 -0.018000
v -0.030000 0.028000 -0.018000
v -0.030000 0.028000 0.000000
v -0.030000 -0.015000 -0.013000
v -0.030000 -0.017121 -0.012121
v -0.030000 -0.018000 -0.010000
v -0.030000 -0.017121 -0.007879
v -0.030000 -0.015000 -0.007000
v -0.030000 -0.012879 -0.007879
v -0.030000 -0.012000 -0.010000
v -0.030000 -0.012879 -0.012121
v -0.030000 0.015000 -0.013000
v -0.030000 0.012879 -0.012121
v -0.030000 0.012000 -0.010000
v -0.030000 0.012879 -0.007879
v -0.030000 0.015000 -0.007000
v -0.030000 0.017121 -0.007879
v -0.030000 0.018000 -0.010000
v -0.030000 0.017121 -0.012121
v -0.035000 0.028000 -0.018000
v -0.034732 0.029000 -0.018000
v -0.034000 0.029732 -0.018000
v -0.033000 0.030000 -0.018000
v -0.033000 0.029732 -0.019000
v -0.033000 0.029000 -0.019732
v -0.033000 0.028000 -0.020000
v -0.034000 0.028000 -0.019732
v -0.034732 0.028000 -0.019000
v -0.033988 0.029431 -0.018988
v 0.032000 -0.030000 0.002000
v 0.032000 -0.030000 -0.020000
v 0.033000 -0.030000 -0.020000
v 0.033000 -0.030000 0.003000
v -0.033000 -0.030000 0.003000
v -0.033000 -0.030000 -0.018000
v -0.032000 -0.030000 -0.018000
v -0.032000 -0.030000 0.002000
v 0.026500 -0.022500 0.002000
v 0.025464 -0.023927 0.002000
v 0.023786 -0.023382 0.002000
v 0.023786 -0.021618 0.002000
v 0.025464 -0.021073 0.002000
v 0.026500 -0.022500 0.005000
v 0.025464 -0.021073 0.005000
v 0.023786 -0.021618 0.005000
v 0.023786 -0.023382 0.005000
v 0.025464 -0.023927 0.005000
v 0.023786 -0.021618 0.005000
v 0.023786 -0.021618 0.002000
v -0.035000 0.028000 0.003000
v -0.034732 0.028000 0.004000
v -0.034000 0.028000 0.004732
v -0.033000 0.028000 0.005000
v -0.033000 0.029000 0.004732
v -0.033000 0.029732 0.004000
v -0.033000 0.030000 0.003000
v -0.034000 0.029732 0.003000
v -0.034732 0.029000 0.003000
v -0.033988 0.028988 0.004431
v 0.030000 -0.028000 -0.018000
v 0.030000 0.028000 -0.018000
v 0.030268 0.028000 -0.019000
v 0.031000 0.028000 -0.019732
v 0.032000 0.028000 -0.020000
v 0.032000 -0.030000 -0.020000
v 0.030586 -0.029414 -0.019414
v -0.035000 -0.028000 0.003000
v -0.034732 -0.028000 0.004000
v -0.034000 -0.028000 0.004732
v -0.033000 -0.028000 0.005000
v -0.033000 0.028000 0.005000
v -0.034000 0.028000 0.004732
v -0.034732 0.028000 0.004000
v -0.035000 0.028000 0.003000
v 0.032000 -0.030000 -0.020000
v 0.032000 0.028000 -0.020000
v 0.033000 0.028000 -0.020000
v 0.033000 -0.030000 -0.020000
v 0.026500 0.022500 0.002000
v 0.025464 0.023927 0.002000
v 0.023786 0.023382 0.002000
v 0.023786 0.021618 0.002000
v 0.025464 0.021073 0.002000
v 0.006500 0.022500 0.002000
v 0.005464 0.021073 0.002000
v 0.003786 0.021618 0.002000
v 0.003786 0.023382 0.002000
v 0.005464 0.023927 0.002000
v 0.006500 0.022500 0.005000
v 0.005464 0.023927 0.005000
v 0.003786 0.023382 0.005000
v 0.003786 0.021618 0.005000
v 0.005464 0.021073 0.005000
v 0.003786 0.023382 0.005000
v 0.003786 0.023382 0.002000
v 0.033000 -0.030000 -0.020000
v 0.033000 0.028000 -0.020000
v 0.034000 0.028000 -0.019732
v 0.034732 0.028000 -0.019000
v 0.035000 0.028000 -0.018000
v 0.035000 -0.028000 -0.018000
v 0.034414 -0.029414 -0.019414
v 0.006500 -0.022500 0.002000
v 0.005464 -0.021073 0.002000
v 0.003786 -0.021618 0.002000
v 0.003786 -0.023382 0.002000
v 0.005464 -0.023927 0.002000
v 0.033000 -0.015000 -0.013000
v 0.033000 -0.012879 -0.012121
v 0.033000 -0.012000 -0.010000
v 0.033000 -0.012879 -0.007879
v 0.033000 -0.015000 -0.007000
v 0.033000 -0.017121 -0.007879
v 0.033000 -0.018000 -0.010000
v 0.033000 -0.017121 -0.012121
v 0.030000 -0.015000 -0.013000
v 0.030000 -0.017121 -0.012121
v 0.030000 -0.018000 -0.010000
v 0.030000 -0.017121 -0.007879
v 0.030000 -0.015000 -0.007000
v 0.030000 -0.012879 -0.007879
v 0.030000 -0.012000 -0.010000
v 0.030000 -0.012879 -0.012121
v 0.033000 -0.015000 -0.007000
v 0.030000 -0.015000 -0.007000
v -0.035000 0.015000 -0.015000
v -0.035000 0.012061 -0.014045
v -0.035000 0.010245 -0.011545
v -0.035000 0.010245 -0.008455
v -0.035000 0.012061 -0.005955
v -0.035000 0.015000 -0.005000
v -0.035000 0.017939 -0.005955
v -0.035000 0.019755 -0.008455
v -0.035000 0.019755 -0.011545
v -0.035000 0.017939 -0.014045
v -0.033000 0.015000 -0.013000
v -0.033000 0.017121 -0.012121
v -0.033000 0.018000 -0.010000
v -0.033000 0.017121 -0.007879
v -0.033000 0.015000 -0.007000
v -0.033000 0.012879 -0.007879
v -0.033000 0.012000 -0.010000
v -0.033000 0.012879 -0.012121
v -0.033000 0.015000 -0.007000
v -0.035000 0.015000 -0.005000
v -0.033000 -0.030000 -0.018000
v -0.033000 -0.029732 -0.019000
v -0.033000 -0.029000 -0.019732
v -0.033000 -0.028000 -0.020000
v -0.032000 -0.028000 -0.020000
v -0.032000 -0.029000 -0.019732
v -0.032000 -0.029732 -0.019000
v -0.032000 -0.030000 -0.018000
v 0.035000 -0.028000 -0.018000
v 0.035000 -0.028000 0.003000
v 0.034732 -0.029000 0.003000
v 0.034000 -0.029732 0.003000
v 0.033000 -0.030000 0.003000
v 0.033000 -0.030000 -0.020000
v 0.034414 -0.029414 -0.019414
v -0.035000 0.028000 0.003000
v -0.034732 0.029000 0.003000
v -0.034000 0.029732 0.003000
v -0.033000 0.030000 0.003000
v -0.033000 0.030000 -0.018000
v -0.034000 0.029732 -0.018000
v -0.034732 0.029000 -0.018000
v -0.035000 0.028000 -0.018000
v 0.035000 0.028000 -0.018000
v 0.034732 0.028000 -0.019000
v 0.034000 0.028000 -0.019732
v 0.033000 0.028000 -0.020000
v 0.033000 0.029000 -0.019732
v 0.033000 0.029732 -0.019000
v 0.033000 0.030000 -0.018000
v 0.034000 0.029732 -0.018000
v 0.034732 0.029000 -0.018000
v 0.033988 0.028988 -0.019431
v -0.035000 -0.015000 -0.015000
v -0.035000 -0.017939 -0.014045
v -0.035000 -0.019755 -0.011545
v -0.035000 -0.019755 -0.008455
v -0.035000 -0.017939 -0.005955
v -0.035000 -0.015000 -0.005000
v -0.035000 -0.012061 -0.005955
v -0.035000 -0.010245 -0.008455
v -0.035000 -0.010245 -0.011545
v -0.035000 -0.012061 -0.014045
v -0.033000 -0.015000 -0.013000
v -0.033000 -0.012879 -0.012121
v -0.033000 -0.012000 -0.010000
v -0.033000 -0.012879 -0.007879
v -0.033000 -0.015000 -0.007000
v -0.033000 -0.017121 -0.007879
v -0.033000 -0.018000 -0.010000
v -0.033000 -0.017121 -0.012121
v -0.033000 -0.015000 -0.007000
v -0.035000 -0.015000 -0.005000
v 0.026500 0.022500 0.002000
v 0.025464 0.021073 0.002000
v 0.023786 0.021618 0.002000
v 0.023786 0.023382 0.002000
v 0.025464 0.023927 0.002000
v 0.026500 0.022500 0.005000
v 0.025464 0.023927 0.005000
v 0.023786 0.023382 0.005000
v 0.023786 0.021618 0.005000
v 0.025464 0.021073 0.005000
v 0.023786 0.023382 0.005000
v 0.023786 0.023382 0.002000
v 0.033000 -0.028000 0.005000
v 0.034000 -0.028000 0.004732
v 0.034732 -0.028000 0.004000
v 0.035000 -0.028000 0.003000
v 0.035000 0.028000 0.003000
v 0.034732 0.028000 0.004000
v 0.034000 0.028000 0.004732
v 0.033000 0.028000 0.005000
v -0.032000 0.028000 -0.020000
v -0.031000 0.028000 -0.019732
v -0.030268 0.028000 -0.019000
v -0.030000 0.028000 -0.018000
v -0.030000 -0.028000 -0.018000
v -0.030268 -0.028000 -0.019000
v -0.031000 -0.028000 -0.019732
v -0.032000 -0.028000 -0.020000
v 0.030000 -0.028000 -0.018000
v 0.030000 -0.028000 0.000000
v 0.030000 0.028000 0.000000
v 0.030000 0.028000 -0.018000
v 0.030000 0.015000 -0.013000
v 0.030000 0.017121 -0.012121
v 0.030000 0.018000 -0.010000
v 0.030000 0.017121 -0.007879
v 0.030000 0.015000 -0.007000
v 0.030000 0.012879 -0.007879
v 0.030000 0.012000 -0.010000
v 0.030000 0.012879 -0.012121
v 0.030000 -0.015000 -0.013000
v 0.030000 -0.012879 -0.012121
v 0.030000 -0.012000 -0.010000
v 0.030000 -0.012879 -0.007879
v 0.030000 -0.015000 -0.007000
v 0.030000 -0.017121 -0.007879
v 0.030000 -0.018000 -0.010000
v 0.030000 -0.017121 -0.012121
v -0.002000 -0.014000 0.006000
v -0.001866 -0.013500 0.006000
v -0.001500 -0.013134 0.006000
v -0.001000 -0.013000 0.006000
v -0.001000 -0.013134 0.005500
v -0.001000 -0.013500 0.005134
v -0.001000 -0.014000 0.005000
v -0.001500 -0.014000 0.005134
v -0.001866 -0.014000 0.005500
v -0.001494 -0.013506 0.005284
v -0.002000 -0.017000 0.007000
v -0.001866 -0.017000 0.007500
v -0.001500 -0.017000 0.007866
v -0.001000 -0.017000 0.008000
v -0.001000 -0.016500 0.008134
v -0.001000 -0.016134 0.008500
v -0.001000 -0.016000 0.009000
v -0.001500 -0.015866 0.009000
v -0.001866 -0.015500 0.009000
v -0.002000 -0.015000 0.009000
v -0.002000 -0.015268 0.008000
v -0.002000 -0.016000 0.007268
v -0.002000 -0.027000 0.007000
v -0.001866 -0.027500 0.007000
v -0.001500 -0.027866 0.007000
v -0.001000 -0.028000 0.007000
v -0.001000 -0.027866 0.007500
v -0.001000 -0.027500 0.007866
v -0.001000 -0.027000 0.008000
v -0.001500 -0.027000 0.007866
v -0.001866 -0.027000 0.007500
v -0.001494 -0.027494 0.007716
v 0.003500 -0.013000 0.015000
v 0.004191 -0.013000 0.014049
v 0.005309 -0.013000 0.014412
v 0.005309 -0.013000 0.015588
v 0.004191 -0.013000 0.015951
v 0.024500 -0.013000 0.015000
v 0.025191 -0.013000 0.014049
v 0.026309 -0.013000 0.014412
v 0.026309 -0.013000 0.015588
v 0.025191 -0.013000 0.015951
v -0.001000 -0.013000 0.019000
v 0.031000 -0.013000 0.019000
v 0.031000 -0.013000 0.006000
v -0.001000 -0.013000 0.006000
v -0.001000 -0.014000 0.020000
v -0.001500 -0.014000 0.019866
v -0.001866 -0.014000 0.019500
v -0.002000 -0.014000 0.019000
v -0.002000 -0.015000 0.019000
v -0.001866 -0.015000 0.019500
v -0.001500 -0.015000 0.019866
v -0.001000 -0.015000 0.020000
v 0.003500 -0.013000 0.015000
v 0.004191 -0.013000 0.015951
v 0.005309 -0.013000 0.015588
v 0.005309 -0.013000 0.014412
v 0.004191 -0.013000 0.014049
v 0.005500 -0.016000 0.015000
v 0.004809 -0.016000 0.015951
v 0.003691 -0.016000 0.015588
v 0.003691 -0.016000 0.014412
v 0.004809 -0.016000 0.014049
v 0.003691 -0.016000 0.015588
v 0.003500 -0.013000 0.015000
v 0.005000 -0.021000 0.005000
v 0.006427 -0.022036 0.005000
v 0.005882 -0.023714 0.005000
v 0.004118 -0.023714 0.005000
v 0.003573 -0.022036 0.005000
v 0.005000 -0.024000 0.008000
v 0.006427 -0.022964 0.008000
v 0.005882 -0.021286 0.008000
v 0.004118 -0.021286 0.008000
v 0.003573 -0.022964 0.008000
v 0.005882 -0.021286 0.008000
v 0.005000 -0.021000 0.005000
v 0.031000 -0.015000 0.020000
v 0.031500 -0.015000 0.019866
v 0.031866 -0.015000 0.019500
v 0.032000 -0.015000 0.019000
v 0.032000 -0.014000 0.019000
v 0.031866 -0.014000 0.019500
v 0.031500 -0.014000 0.019866
v 0.031000 -0.014000 0.020000
v -0.001000 -0.027000 0.008000
v -0.001000 -0.027500 0.007866
v -0.001000 -0.027866 0.007500
v -0.001000 -0.028000 0.007000
v 0.031000 -0.028000 0.007000
v 0.031000 -0.027866 0.007500
v 0.031000 -0.027500 0.007866
v 0.031000 -0.027000 0.008000
v -0.001000 -0.028000 0.007000
v -0.001500 -0.027866 0.007000
v -0.001866 -0.027500 0.007000
v -0.002000 -0.027000 0.007000
v -0.002000 -0.027000 0.006000
v -0.001866 -0.027500 0.006000
v -0.001500 -0.027866 0.006000
v -0.001000 -0.028000 0.006000
v 0.031000 -0.016000 0.009000
v 0.031500 -0.015866 0.009000
v 0.031866 -0.015500 0.009000
v 0.032000 -0.015000 0.009000
v 0.032000 -0.015000 0.019000
v 0.031866 -0.015500 0.019000
v 0.031500 -0.015866 0.019000
v 0.031000 -0.016000 0.019000
v -0.001000 -0.027000 0.005000
v -0.001500 -0.027000 0.005134
v -0.001866 -0.027000 0.005500
v -0.002000 -0.027000 0.006000
v -0.002000 -0.014000 0.006000
v -0.001866 -0.014000 0.005500
v -0.001500 -0.014000 0.005134
v -0.001000 -0.014000 0.005000
v 0.031000 -0.027000 0.008000
v 0.031500 -0.027000 0.007866
v 0.031866 -0.027000 0.007500
v 0.032000 -0.027000 0.007000
v 0.032000 -0.017000 0.007000
v 0.031866 -0.017000 0.007500
v 0.031500 -0.017000 0.007866
v 0.031000 -0.017000 0.008000
v 0.032000 -0.015000 0.009000
v 0.032000 -0.015268 0.008000
v 0.032000 -0.016000 0.007268
v 0.032000 -0.017000 0.007000
v 0.032000 -0.027000 0.007000
v 0.032000 -0.027000 0.006000
v 0.032000 -0.014000 0.006000
v 0.032000 -0.014000 0.019000
v 0.032000 -0.015000 0.019000
v -0.001000 -0.015000 0.020000
v -0.001000 -0.015500 0.019866
v -0.001000 -0.015866 0.019500
v -0.001000 -0.016000 0.019000
v 0.031000 -0.016000 0.019000
v 0.031000 -0.015866 0.019500
v 0.031000 -0.015500 0.019866
v 0.031000 -0.015000 0.020000
v 0.031000 -0.028000 0.007000
v -0.001000 -0.028000 0.007000
v -0.001000 -0.028000 0.006000
v 0.031000 -0.028000 0.006000
v 0.031000 -0.013000 0.019000
v 0.031500 -0.013134 0.019000
v 0.031866 -0.013500 0.019000
v 0.032000 -0.014000 0.019000
v 0.032000 -0.014000 0.006000
v 0.031866 -0.013500 0.006000
v 0.031500 -0.013134 0.006000
v 0.031000 -0.013000 0.006000
v 0.032000 -0.015000 0.009000
v 0.031866 -0.015500 0.009000
v 0.031500 -0.015866 0.009000
v 0.031000 -0.016000 0.009000
v 0.031000 -0.016134 0.008500
v 0.031000 -0.016500 0.008134
v 0.031000 -0.017000 0.008000
v 0.031500 -0.017000 0.007866
v 0.031866 -0.017000 0.007500
v 0.032000 -0.017000 0.007000
v 0.032000 -0.016000 0.007268
v 0.032000 -0.015268 0.008000
v 0.031000 -0.014000 0.020000
v 0.031000 -0.013500 0.019866
v 0.031000 -0.013134 0.019500
v 0.031000 -0.013000 0.019000
v -0.001000 -0.013000 0.019000
v -0.001000 -0.013134 0.019500
v -0.001000 -0.013500 0.019866
v -0.001000 -0.014000 0.020000
v 0.005500 -0.016000 0.015000
v 0.004809 -0.016000 0.014049
v 0.003691 -0.016000 0.014412
v 0.003691 -0.016000 0.015588
v 0.004809 -0.016000 0.015951
v 0.026500 -0.016000 0.015000
v 0.025809 -0.016000 0.014049
v 0.024691 -0.016000 0.014412
v 0.024691 -0.016000 0.015588
v 0.025809 -0.016000 0.015951
v -0.001000 -0.016000 0.009000
v 0.031000 -0.016000 0.009000
v 0.031000 -0.016000 0.019000
v -0.001000 -0.016000 0.019000
v -0.001000 -0.016000 0.009000
v -0.001000 -0.016134 0.008500
v -0.001000 -0.016500 0.008134
v -0.001000 -0.017000 0.008000
v 0.031000 -0.017000 0.008000
v 0.031000 -0.016500 0.008134
v 0.031000 -0.016134 0.008500
v 0.031000 -0.016000 0.009000
v -0.002000 -0.017000 0.007000
v -0.002000 -0.016000 0.007268
v -0.002000 -0.015268 0.008000
v -0.002000 -0.015000 0.009000
v -0.002000 -0.015000 0.019000
v -0.002000 -0.014000 0.019000
v -0.002000 -0.014000 0.006000
v -0.002000 -0.027000 0.006000
v -0.002000 -0.027000 0.007000
v 0.024500 -0.013000 0.015000
v 0.025191 -0.013000 0.015951
v 0.026309 -0.013000 0.015588
v 0.026309 -0.013000 0.014412
v 0.025191 -0.013000 0.014049
v 0.026500 -0.016000 0.015000
v 0.025809 -0.016000 0.015951
v 0.024691 -0.016000 0.015588
v 0.024691 -0.016000 0.014412
v 0.025809 -0.016000 0.014049
v 0.024691 -0.016000 0.015588
v 0.024500 -0.013000 0.015000
v -0.002000 -0.015000 0.019000
v -0.001866 -0.015500 0.019000
v -0.001500 -0.015866 0.019000
v -0.001000 -0.016000 0.019000
v -0.001000 -0.015866 0.019500
v -0.001000 -0.015500 0.019866
v -0.001000 -0.015000 0.020000
v -0.001500 -0.015000 0.019866
v -0.001866 -0.015000 0.019500
v -0.001494 -0.015494 0.019716
v 0.032000 -0.027000 0.007000
v 0.031866 -0.027000 0.007500
v 0.031500 -0.027000 0.007866
v 0.031000 -0.027000 0.008000
v 0.031000 -0.027500 0.007866
v 0.031000 -0.027866 0.007500
v 0.031000 -0.028000 0.007000
v 0.031500 -0.027866 0.007000
v 0.031866 -0.027500 0.007000
v 0.031494 -0.027494 0.007716
v 0.025000 -0.021000 0.005000
v 0.026427 -0.022036 0.005000
v 0.025882 -0.023714 0.005000
v 0.024118 -0.023714 0.005000
v 0.023573 -0.022036 0.005000
v 0.025000 -0.024000 0.008000
v 0.026427 -0.022964 0.008000
v 0.025882 -0.021286 0.008000
v 0.024118 -0.021286 0.008000
v 0.023573 -0.022964 0.008000
v 0.025882 -0.021286 0.008000
v 0.025000 -0.021000 0.005000
v -0.002000 -0.014000 0.019000
v -0.001866 -0.014000 0.019500
v -0.001500 -0.014000 0.019866
v -0.001000 -0.014000 0.020000
v -0.001000 -0.013500 0.019866
v -0.001000 -0.013134 0.019500
v -0.001000 -0.013000 0.019000
v -0.001500 -0.013134 0.019000
v -0.001866 -0.013500 0.019000
v -0.001494 -0.013506 0.019716
v -0.001000 -0.028000 0.006000
v -0.001000 -0.027866 0.005500
v -0.001000 -0.027500 0.005134
v -0.001000 -0.027000 0.005000
v 0.031000 -0.027000 0.005000
v 0.031000 -0.027500 0.005134
v 0.031000 -0.027866 0.005500
v 0.031000 -0.028000 0.006000
v 0.032000 -0.015000 0.019000
v 0.031866 -0.015000 0.019500
v 0.031500 -0.015000 0.019866
v 0.031000 -0.015000 0.020000
v 0.031000 -0.015500 0.019866
v 0.031000 -0.015866 0.019500
v 0.031000 -0.016000 0.019000
v 0.031500 -0.015866 0.019000
v 0.031866 -0.015500 0.019000
v 0.031494 -0.015494 0.019716
v 0.025000 -0.024000 0.008000
v 0.023573 -0.022964 0.008000
v 0.024118 -0.021286 0.008000
v 0.025882 -0.021286 0.008000
v 0.026427 -0.022964 0.008000
v 0.005000 -0.024000 0.008000
v 0.003573 -0.022964 0.008000
v 0.004118 -0.021286 0.008000
v 0.005882 -0.021286 0.008000
v 0.006427 -0.022964 0.008000
v 0.031000 -0.017000 0.008000
v -0.001000 -0.017000 0.008000
v -0.001000 -0.027000 0.008000
v 0.031000 -0.027000 0.008000
v 0.032000 -0.014000 0.006000
v 0.031866 -0.014000 0.005500
v 0.031500 -0.014000 0.005134
v 0.031000 -0.014000 0.005000
v 0.031000 -0.013500 0.005134
v 0.031000 -0.013134 0.005500
v 0.031000 -0.013000 0.006000
v 0.031500 -0.013134 0.006000
v 0.031866 -0.013500 0.006000
v 0.031494 -0.013506 0.005284
v -0.002000 -0.027000 0.006000
v -0.001866 -0.027000 0.005500
v -0.001500 -0.027000 0.005134
v -0.001000 -0.027000 0.005000
v -0.001000 -0.027500 0.005134
v -0.001000 -0.027866 0.005500
v -0.001000 -0.028000 0.006000
v -0.001500 -0.027866 0.006000
v -0.001866 -0.027500 0.006000
v -0.001494 -0.027716 0.005506
v 0.031000 -0.014000 0.005000
v 0.031500 -0.014000 0.005134
v 0.031866 -0.014000 0.005500
v 0.032000 -0.014000 0.006000
v 0.032000 -0.027000 0.006000
v 0.031866 -0.027000 0.005500
v 0.031500 -0.027000 0.005134
v 0.031000 -0.027000 0.005000
v -0.001000 -0.015000 0.020000
v 0.031000 -0.015000 0.020000
v 0.031000 -0.014000 0.020000
v -0.001000 -0.014000 0.020000
v -0.001000 -0.017000 0.008000
v -0.001500 -0.017000 0.007866
v -0.001866 -0.017000 0.007500
v -0.002000 -0.017000 0.007000
v -0.002000 -0.027000 0.007000
v -0.001866 -0.027000 0.007500
v -0.001500 -0.027000 0.007866
v -0.001000 -0.027000 0.008000
v 0.025000 -0.021000 0.005000
v 0.023573 -0.022036 0.005000
v 0.024118 -0.023714 0.005000
v 0.025882 -0.023714 0.005000
v 0.026427 -0.022036 0.005000
v 0.005000 -0.021000 0.005000
v 0.003573 -0.022036 0.005000
v 0.004118 -0.023714 0.005000
v 0.005882 -0.023714 0.005000
v 0.006427 -0.022036 0.005000
v 0.031000 -0.027000 0.005000
v -0.001000 -0.027000 0.005000
v -0.001000 -0.014000 0.005000
v 0.031000 -0.014000 0.005000
v 0.031000 -0.028000 0.006000
v 0.031500 -0.027866 0.006000
v 0.031866 -0.027500 0.006000
v 0.032000 -0.027000 0.006000
v 0.032000 -0.027000 0.007000
v 0.031866 -0.027500 0.007000
v 0.031500 -0.027866 0.007000
v 0.031000 -0.028000 0.007000
v -0.001000 -0.013000 0.006000
v -0.001500 -0.013134 0.006000
v -0.001866 -0.013500 0.006000
v -0.002000 -0.014000 0.006000
v -0.002000 -0.014000 0.019000
v -0.001866 -0.013500 0.019000
v -0.001500 -0.013134 0.019000
v -0.001000 -0.013000 0.019000
v 0.032000 -0.014000 0.019000
v 0.031866 -0.013500 0.019000
v 0.031500 -0.013134 0.019000
v 0.031000 -0.013000 0.019000
v 0.031000 -0.013134 0.019500
v 0.031000 -0.013500 0.019866
v 0.031000 -0.014000 0.020000
v 0.031500 -0.014000 0.019866
v 0.031866 -0.014000 0.019500
v 0.031494 -0.013506 0.019716
v -0.001000 -0.016000 0.019000
v -0.001500 -0.015866 0.019000
v -0.001866 -0.015500 0.019000
v -0.002000 -0.015000 0.019000
v -0.002000 -0.015000 0.009000
v -0.001866 -0.015500 0.009000
v -0.001500 -0.015866 0.009000
v -0.001000 -0.016000 0.009000
v 0.032000 -0.027000 0.006000
v 0.031866 -0.027500 0.006000
v 0.031500 -0.027866 0.006000
v 0.031000 -0.028000 0.006000
v 0.031000 -0.027866 0.005500
v 0.031000 -0.027500 0.005134
v 0.031000 -0.027000 0.005000
v 0.031500 -0.027000 0.005134
v 0.031866 -0.027000 0.005500
v 0.031494 -0.027716 0.005506
v -0.001000 -0.014000 0.005000
v -0.001000 -0.013500 0.005134
v -0.001000 -0.013134 0.005500
v -0.001000 -0.013000 0.006000
v 0.031000 -0.013000 0.006000
v 0.031000 -0.013134 0.005500
v 0.031000 -0.013500 0.005134
v 0.031000 -0.014000 0.005000
v 0.032000 0.014000 0.019000
v 0.031866 0.014000 0.019500
v 0.031500 0.014000 0.019866
v 0.031000 0.014000 0.020000
v 0.031000 0.013500 0.019866
v 0.031000 0.013134 0.019500
v 0.031000 0.013000 0.019000
v 0.031500 0.013134 0.019000
v 0.031866 0.013500 0.019000
v 0.031494 0.013506 0.019716
v 0.005000 0.024000 0.008000
v 0.006427 0.022964 0.008000
v 0.005882 0.021286 0.008000
v 0.004118 0.021286 0.008000
v 0.003573 0.022964 0.008000
v 0.025000 0.024000 0.008000
v 0.026427 0.022964 0.008000
v 0.025882 0.021286 0.008000
v 0.024118 0.021286 0.008000
v 0.023573 0.022964 0.008000
v -0.001000 0.017000 0.008000
v 0.031000 0.017000 0.008000
v 0.031000 0.027000 0.008000
v -0.001000 0.027000 0.008000
v 0.032000 0.017000 0.007000
v 0.032000 0.016000 0.007268
v 0.032000 0.015268 0.008000
v 0.032000 0.015000 0.009000
v 0.032000 0.015000 0.019000
v 0.032000 0.014000 0.019000
v 0.032000 0.014000 0.006000
v 0.032000 0.027000 0.006000
v 0.032000 0.027000 0.007000
v 0.032000 0.027000 0.007000
v 0.031866 0.027500 0.007000
v 0.031500 0.027866 0.007000
v 0.031000 0.028000 0.007000
v 0.031000 0.027866 0.007500
v 0.031000 0.027500 0.007866
v 0.031000 0.027000 0.008000
v 0.031500 0.027000 0.007866
v 0.031866 0.027000 0.007500
v 0.031494 0.027494 0.007716
v -0.002000 0.027000 0.006000
v -0.001866 0.027500 0.006000
v -0.001500 0.027866 0.006000
v -0.001000 0.028000 0.006000
v -0.001000 0.027866 0.005500
v -0.001000 0.027500 0.005134
v -0.001000 0.027000 0.005000
v -0.001500 0.027000 0.005134
v -0.001866 0.027000 0.005500
v -0.001494 0.027716 0.005506
v -0.002000 0.015000 0.009000
v -0.001866 0.015500 0.009000
v -0.001500 0.015866 0.009000
v -0.001000 0.016000 0.009000
v -0.001000 0.016134 0.008500
v -0.001000 0.016500 0.008134
v -0.001000 0.017000 0.008000
v -0.001500 0.017000 0.007866
v -0.001866 0.017000 0.007500
v -0.002000 0.017000 0.007000
v -0.002000 0.016000 0.007268
v -0.002000 0.015268 0.008000
v 0.031000 0.014000 0.005000
v 0.031000 0.013500 0.005134
v 0.031000 0.013134 0.005500
v 0.031000 0.013000 0.006000
v -0.001000 0.013000 0.006000
v -0.001000 0.013134 0.005500
v -0.001000 0.013500 0.005134
v -0.001000 0.014000 0.005000
v 0.031000 0.014000 0.020000
v 0.031500 0.014000 0.019866
v 0.031866 0.014000 0.019500
v 0.032000 0.014000 0.019000
v 0.032000 0.015000 0.019000
v 0.031866 0.015000 0.019500
v 0.031500 0.015000 0.019866
v 0.031000 0.015000 0.020000
v 0.005000 0.021000 0.005000
v 0.006427 0.022036 0.005000
v 0.005882 0.023714 0.005000
v 0.004118 0.023714 0.005000
v 0.003573 0.022036 0.005000
v 0.025000 0.021000 0.005000
v 0.026427 0.022036 0.005000
v 0.025882 0.023714 0.005000
v 0.024118 0.023714 0.005000
v 0.023573 0.022036 0.005000
v -0.001000 0.027000 0.005000
v 0.031000 0.027000 0.005000
v 0.031000 0.014000 0.005000
v -0.001000 0.014000 0.005000
v -0.001000 0.014000 0.005000
v -0.001500 0.014000 0.005134
v -0.001866 0.014000 0.005500
v -0.002000 0.014000 0.006000
v -0.002000 0.027000 0.006000
v -0.001866 0.027000 0.005500
v -0.001500 0.027000 0.005134
v -0.001000 0.027000 0.005000
v -0.001000 0.014000 0.020000
v -0.001000 0.013500 0.019866
v -0.001000 0.013134 0.019500
v -0.001000 0.013000 0.019000
v 0.031000 0.013000 0.019000
v 0.031000 0.013134 0.019500
v 0.031000 0.013500 0.019866
v 0.031000 0.014000 0.020000
v -0.001000 0.013000 0.019000
v -0.001500 0.013134 0.019000
v -0.001866 0.013500 0.019000
v -0.002000 0.014000 0.019000
v -0.002000 0.014000 0.006000
v -0.001866 0.013500 0.006000
v -0.001500 0.013134 0.006000
v -0.001000 0.013000 0.006000
v -0.001000 0.028000 0.006000
v -0.001500 0.027866 0.006000
v -0.001866 0.027500 0.006000
v -0.002000 0.027000 0.006000
v -0.002000 0.027000 0.007000
v -0.001866 0.027500 0.007000
v -0.001500 0.027866 0.007000
v -0.001000 0.028000 0.007000
v -0.002000 0.015000 0.019000
v -0.001866 0.015000 0.019500
v -0.001500 0.015000 0.019866
v -0.001000 0.015000 0.020000
v -0.001000 0.015500 0.019866
v -0.001000 0.015866 0.019500
v -0.001000 0.016000 0.019000
v -0.001500 0.015866 0.019000
v -0.001866 0.015500 0.019000
v -0.001494 0.015494 0.019716
v 0.031000 0.013000 0.006000
v 0.031500 0.013134 0.006000
v 0.031866 0.013500 0.006000
v 0.032000 0.014000 0.006000
v 0.032000 0.014000 0.019000
v 0.031866 0.013500 0.019000
v 0.031500 0.013134 0.019000
v 0.031000 0.013000 0.019000
v 0.031000 0.016000 0.009000
v 0.031000 0.016134 0.008500
v 0.031000 0.016500 0.008134
v 0.031000 0.017000 0.008000
v -0.001000 0.017000 0.008000
v -0.001000 0.016500 0.008134
v -0.001000 0.016134 0.008500
v -0.001000 0.016000 0.009000
v 0.031000 0.027000 0.008000
v 0.031000 0.027500 0.007866
v 0.031000 0.027866 0.007500
v 0.031000 0.028000 0.007000
v -0.001000 0.028000 0.007000
v -0.001000 0.027866 0.007500
v -0.001000 0.027500 0.007866
v -0.001000 0.027000 0.008000
v 0.005000 0.021000 0.005000
v 0.003573 0.022036 0.005000
v 0.004118 0.023714 0.005000
v 0.005882 0.023714 0.005000
v 0.006427 0.022036 0.005000
v 0.005000 0.024000 0.008000
v 0.003573 0.022964 0.008000
v 0.004118 0.021286 0.008000
v 0.005882 0.021286 0.008000
v 0.006427 0.022964 0.008000
v 0.004118 0.021286 0.008000
v 0.005000 0.021000 0.005000
v 0.005500 0.013000 0.015000
v 0.004809 0.013000 0.015951
v 0.003691 0.013000 0.015588
v 0.003691 0.013000 0.014412
v 0.004809 0.013000 0.014049
v 0.003500 0.016000 0.015000
v 0.004191 0.016000 0.015951
v 0.005309 0.016000 0.015588
v 0.005309 0.016000 0.014412
v 0.004191 0.016000 0.014049
v 0.005309 0.016000 0.015588
v 0.005500 0.013000 0.015000
v 0.026500 0.013000 0.015000
v 0.025809 0.013000 0.015951
v 0.024691 0.013000 0.015588
v 0.024691 0.013000 0.014412
v 0.025809 0.013000 0.014049
v 0.024500 0.016000 0.015000
v 0.025191 0.016000 0.015951
v 0.026309 0.016000 0.015588
v 0.026309 0.016000 0.014412
v 0.025191 0.016000 0.014049
v 0.026309 0.016000 0.015588
v 0.026500 0.013000 0.015000
v -0.001000 0.028000 0.007000
v 0.031000 0.028000 0.007000
v 0.031000 0.028000 0.006000
v -0.001000 0.028000 0.006000
v 0.031000 0.016000 0.019000
v 0.031500 0.015866 0.019000
v 0.031866 0.015500 0.019000
v 0.032000 0.015000 0.019000
v 0.032000 0.015000 0.009000
v 0.031866 0.015500 0.009000
v 0.031500 0.015866 0.009000
v 0.031000 0.016000 0.009000
v 0.032000 0.014000 0.006000
v 0.031866 0.013500 0.006000
v 0.031500 0.013134 0.006000
v 0.031000 0.013000 0.006000
v 0.031000 0.013134 0.005500
v 0.031000 0.013500 0.005134
v 0.031000 0.014000 0.005000
v 0.031500 0.014000 0.005134
v 0.031866 0.014000 0.005500
v 0.031494 0.013506 0.005284
v -0.002000 0.015000 0.009000
v -0.002000 0.015268 0.008000
v -0.002000 0.016000 0.007268
v -0.002000 0.017000 0.007000
v -0.002000 0.027000 0.007000
v -0.002000 0.027000 0.006000
v -0.002000 0.014000 0.006000
v -0.002000 0.014000 0.019000
v -0.002000 0.015000 0.019000
v 0.032000 0.027000 0.006000
v 0.031866 0.027000 0.005500
v 0.031500 0.027000 0.005134
v 0.031000 0.027000 0.005000
v 0.031000 0.027500 0.005134
v 0.031000 0.027866 0.005500
v 0.031000 0.028000 0.006000
v 0.031500 0.027866 0.006000
v 0.031866 0.027500 0.006000
v 0.031494 0.027716 0.005506
v 0.024500 0.016000 0.015000
v 0.025191 0.016000 0.014049
v 0.026309 0.016000 0.014412
v 0.026309 0.016000 0.015588
v 0.025191 0.016000 0.015951
v 0.003500 0.016000 0.015000
v 0.004191 0.016000 0.014049
v 0.005309 0.016000 0.014412
v 0.005309 0.016000 0.015588
v 0.004191 0.016000 0.015951
v 0.031000 0.016000 0.009000
v -0.001000 0.016000 0.009000
v -0.001000 0.016000 0.019000
v 0.031000 0.016000 0.019000
v 0.031000 0.017000 0.008000
v 0.031500 0.017000 0.007866
v 0.031866 0.017000 0.007500
v 0.032000 0.017000 0.007000
v 0.032000 0.027000 0.007000
v 0.031866 0.027000 0.007500
v 0.031500 0.027000 0.007866
v 0.031000 0.027000 0.008000
v 0.032000 0.017000 0.007000
v 0.031866 0.017000 0.007500
v 0.031500 0.017000 0.007866
v 0.031000 0.017000 0.008000
v 0.031000 0.016500 0.008134
v 0.031000 0.016134 0.008500
v 0.031000 0.016000 0.009000
v 0.031500 0.015866 0.009000
v 0.031866 0.015500 0.009000
v 0.032000 0.015000 0.009000
v 0.032000 0.015268 0.008000
v 0.032000 0.016000 0.007268
v -0.002000 0.027000 0.007000
v -0.001866 0.027000 0.007500
v -0.001500 0.027000 0.007866
v -0.001000 0.027000 0.008000
v -0.001000 0.027500 0.007866
v -0.001000 0.027866 0.007500
v -0.001000 0.028000 0.007000
v -0.001500 0.027866 0.007000
v -0.001866 0.027500 0.007000
v -0.001494 0.027494 0.007716
v 0.025000 0.021000 0.005000
v 0.023573 0.022036 0.005000
v 0.024118 0.023714 0.005000
v 0.025882 0.023714 0.005000
v 0.026427 0.022036 0.005000
v 0.025000 0.024000 0.008000
v 0.023573 0.022964 0.008000
v 0.024118 0.021286 0.008000
v 0.025882 0.021286 0.008000
v 0.026427 0.022964 0.008000
v 0.024118 0.021286 0.008000
v 0.025000 0.021000 0.005000
v -0.001000 0.015000 0.020000
v -0.001500 0.015000 0.019866
v -0.001866 0.015000 0.019500
v -0.002000 0.015000 0.019000
v -0.002000 0.014000 0.019000
v -0.001866 0.014000 0.019500
v -0.001500 0.014000 0.019866
v -0.001000 0.014000 0.020000
v -0.001000 0.016000 0.009000
v -0.001500 0.015866 0.009000
v -0.001866 0.015500 0.009000
v -0.002000 0.015000 0.009000
v -0.002000 0.015000 0.019000
v -0.001866 0.015500 0.019000
v -0.001500 0.015866 0.019000
v -0.001000 0.016000 0.019000
v -0.001000 0.027000 0.008000
v -0.001500 0.027000 0.007866
v -0.001866 0.027000 0.007500
v -0.002000 0.027000 0.007000
v -0.002000 0.017000 0.007000
v -0.001866 0.017000 0.007500
v -0.001500 0.017000 0.007866
v -0.001000 0.017000 0.008000
v 0.031000 0.028000 0.006000
v 0.031000 0.027866 0.005500
v 0.031000 0.027500 0.005134
v 0.031000 0.027000 0.005000
v -0.001000 0.027000 0.005000
v -0.001000 0.027500 0.005134
v -0.001000 0.027866 0.005500
v -0.001000 0.028000 0.006000
v 0.031000 0.015000 0.020000
v 0.031000 0.015500 0.019866
v 0.031000 0.015866 0.019500
v 0.031000 0.016000 0.019000
v -0.001000 0.016000 0.019000
v -0.001000 0.015866 0.019500
v -0.001000 0.015500 0.019866
v -0.001000 0.015000 0.020000
v 0.026500 0.013000 0.015000
v 0.025809 0.013000 0.014049
v 0.024691 0.013000 0.014412
v 0.024691 0.013000 0.015588
v 0.025809 0.013000 0.015951
v 0.005500 0.013000 0.015000
v 0.004809 0.013000 0.014049
v 0.003691 0.013000 0.014412
v 0.003691 0.013000 0.015588
v 0.004809 0.013000 0.015951
v 0.031000 0.013000 0.019000
v -0.001000 0.013000 0.019000
v -0.001000 0.013000 0.006000
v 0.031000 0.013000 0.006000
v -0.002000 0.014000 0.006000
v -0.001866 0.014000 0.005500
v -0.001500 0.014000 0.005134
v -0.001000 0.014000 0.005000
v -0.001000 0.013500 0.005134
v -0.001000 0.013134 0.005500
v -0.001000 0.013000 0.006000
v -0.001500 0.013134 0.006000
v -0.001866 0.013500 0.006000
v -0.001494 0.013506 0.005284
v 0.032000 0.015000 0.019000
v 0.031866 0.015500 0.019000
v 0.031500 0.015866 0.019000
v 0.031000 0.016000 0.019000
v 0.031000 0.015866 0.019500
v 0.031000 0.015500 0.019866
v 0.031000 0.015000 0.020000
v 0.031500 0.015000 0.019866
v 0.031866 0.015000 0.019500
v 0.031494 0.015494 0.019716
v 0.031000 0.027000 0.005000
v 0.031500 0.027000 0.005134
v 0.031866 0.027000 0.005500
v 0.032000 0.027000 0.006000
v 0.032000 0.014000 0.006000
v 0.031866 0.014000 0.005500
v 0.031500 0.014000 0.005134
v 0.031000 0.014000 0.005000
v 0.031000 0.015000 0.020000
v -0.001000 0.015000 0.020000
v -0.001000 0.014000 0.020000
v 0.031000 0.014000 0.020000
v -0.002000 0.014000 0.019000
v -0.001866 0.013500 0.019000
v -0.001500 0.013134 0.019000
v -0.001000 0.013000 0.019000
v -0.001000 0.013134 0.019500
v -0.001000 0.013500 0.019866
v -0.001000 0.014000 0.020000
v -0.001500 0.014000 0.019866
v -0.001866 0.014000 0.019500
v -0.001494 0.013506 0.019716
v 0.031000 0.028000 0.007000
v 0.031500 0.027866 0.007000
v 0.031866 0.027500 0.007000
v 0.032000 0.027000 0.007000
v 0.032000 0.027000 0.006000
v 0.031866 0.027500 0.006000
v 0.031500 0.027866 0.006000
v 0.031000 0.028000 0.006000
v 0.032000 -0.008966 0.017573
v 0.032000 0.009034 0.017573
v 0.032000 0.009034 0.031473
v 0.032000 -0.008966 0.031473
v 0.031000 -0.009966 0.017573
v 0.032000 -0.008966 0.017573
v 0.032000 -0.008966 0.031473
v 0.031000 -0.009966 0.031473
v 0.032000 0.009034 0.017573
v 0.031000 0.010034 0.017573
v 0.031000 0.010034 0.031473
v 0.032000 0.009034 0.031473
v 0.008550 -0.005966 0.021823
v 0.008250 -0.006266 0.021823
v 0.008250 -0.006266 0.017023
v 0.008550 -0.005966 0.017023
v 0.018750 -0.009516 0.017573
v 0.018750 -0.009516 0.017023
v 0.030814 -0.009516 0.017023
v 0.030814 -0.009516 0.017573
v -0.001550 -0.008780 0.017023
v -0.000813 -0.009516 0.017023
v -0.000813 -0.009516 0.017573
v -0.001550 -0.008780 0.017573
v 0.018750 -0.006266 0.021823
v 0.018750 -0.006266 0.017023
v 0.018750 -0.009516 0.017023
v 0.018750 -0.009516 0.017573
v 0.018750 -0.009966 0.017573
v 0.018750 -0.009966 0.021823
v -0.001550 0.008847 0.017023
v -0.001550 -0.008780 0.017023
v -0.001550 -0.008780 0.017573
v -0.001550 0.008847 0.017573
v 0.031550 0.008847 0.017023
v 0.030814 0.009584 0.017023
v 0.030814 0.009584 0.017573
v 0.031550 0.008847 0.017573
v 0.008250 -0.006266 0.017023
v 0.008250 -0.006266 0.021823
v 0.008250 -0.009966 0.021823
v 0.008250 -0.009966 0.017573
v 0.008250 -0.009516 0.017573
v 0.008250 -0.009516 0.017023
v 0.018750 -0.006266 0.021823
v 0.018450 -0.005966 0.021823
v 0.018450 -0.005966 0.017023
v 0.018750 -0.006266 0.017023
v 0.030814 -0.009516 0.017023
v 0.031550 -0.008780 0.017023
v 0.031550 -0.008780 0.017573
v 0.030814 -0.009516 0.017573
v 0.008250 -0.009516 0.017023
v 0.008250 -0.009516 0.017573
v -0.000813 -0.009516 0.017573
v -0.000813 -0.009516 0.017023
v 0.018750 0.009584 0.017023
v 0.018750 0.009584 0.017573
v 0.030814 0.009584 0.017573
v 0.030814 0.009584 0.017023
v 0.031550 -0.008780 0.017023
v 0.031550 0.008847 0.017023
v 0.031550 0.008847 0.017573
v 0.031550 -0.008780 0.017573
v -0.000813 0.009584 0.017023
v -0.001550 0.008847 0.017023
v -0.001550 0.008847 0.017573
v -0.000813 0.009584 0.017573
v 0.008550 -0.005966 0.021823
v 0.008550 -0.005966 0.017023
v 0.018450 -0.005966 0.017023
v 0.018450 -0.005966 0.021823
v 0.018750 0.006334 0.017023
v 0.018750 0.006334 0.021823
v 0.018750 0.010034 0.021823
v 0.018750 0.010034 0.017573
v 0.018750 0.009584 0.017573
v 0.018750 0.009584 0.017023
v -0.000813 0.009584 0.032023
v 0.030814 0.009584 0.032023
v 0.030814 0.009584 0.031473
v -0.000813 0.009584 0.031473
v 0.031550 -0.008780 0.032023
v 0.030814 -0.009516 0.032023
v 0.030814 -0.009516 0.031473
v 0.031550 -0.008780 0.031473
v -0.002000 -0.008966 0.017573
v -0.001000 -0.009966 0.017573
v -0.001000 -0.009966 0.031473
v -0.002000 -0.008966 0.031473
v 0.022500 -0.002466 0.032023
v 0.024455 -0.001525 0.032023
v 0.024938 0.000590 0.032023
v 0.023585 0.002286 0.032023
v 0.021416 0.002286 0.032023
v 0.020063 0.000590 0.032023
v 0.020546 -0.001525 0.032023
v 0.022500 -0.002466 0.035523
v 0.020546 -0.001525 0.035523
v 0.020063 0.000590 0.035523
v 0.021416 0.002286 0.035523
v 0.023585 0.002286 0.035523
v 0.024938 0.000590 0.035523
v 0.024455 -0.001525 0.035523
v 0.021416 0.002286 0.032023
v 0.021416 0.002286 0.035523
v 0.022500 -0.002466 0.035523
v 0.024455 -0.001525 0.035523
v 0.024938 0.000590 0.035523
v 0.023585 0.002286 0.035523
v 0.021416 0.002286 0.035523
v 0.020063 0.000590 0.035523
v 0.020546 -0.001525 0.035523
v -0.002000 0.009034 0.017573
v -0.002000 -0.008966 0.017573
v -0.002000 -0.008966 0.031473
v -0.002000 0.009034 0.031473
v 0.018750 0.009584 0.017573
v 0.018750 0.010034 0.017573
v 0.031000 0.010034 0.017573
v 0.032000 0.009034 0.017573
v 0.032000 -0.008966 0.017573
v 0.031000 -0.009966 0.017573
v 0.018750 -0.009966 0.017573
v 0.018750 -0.009516 0.017573
v 0.030814 -0.009516 0.017573
v 0.031550 -0.008780 0.017573
v 0.031550 0.008847 0.017573
v 0.030814 0.009584 0.017573
v -0.001000 0.010034 0.017573
v -0.002000 0.009034 0.017573
v -0.002000 0.009034 0.031473
v -0.001000 0.010034 0.031473
v 0.022500 0.001134 0.017023
v 0.023546 0.000374 0.017023
v 0.023147 -0.000856 0.017023
v 0.021854 -0.000856 0.017023
v 0.021454 0.000374 0.017023
v 0.022500 0.001134 0.017723
v 0.021454 0.000374 0.017723
v 0.021854 -0.000856 0.017723
v 0.023147 -0.000856 0.017723
v 0.023546 0.000374 0.017723
v 0.021854 -0.000856 0.017723
v 0.021854 -0.000856 0.017023
v 0.027000 0.007634 0.032023
v 0.027761 0.008187 0.032023
v 0.027470 0.009081 0.032023
v 0.026530 0.009081 0.032023
v 0.026239 0.008187 0.032023
v 0.027000 0.007634 0.017023
v 0.026239 0.008187 0.017023
v 0.026530 0.009081 0.017023
v 0.027470 0.009081 0.017023
v 0.027761 0.008187 0.017023
v 0.026530 0.009081 0.032023
v 0.026530 0.009081 0.017023
v 0.008550 0.006034 0.017023
v 0.008550 0.006034 0.021823
v 0.018450 0.006034 0.021823
v 0.018450 0.006034 0.017023
v 0.000000 0.007234 0.032023
v 0.000761 0.007787 0.032023
v 0.000470 0.008681 0.032023
v -0.000470 0.008681 0.032023
v -0.000761 0.007787 0.032023
v 0.000000 0.007234 0.017023
v -0.000761 0.007787 0.017023
v -0.000470 0.008681 0.017023
v 0.000470 0.008681 0.017023
v 0.000761 0.007787 0.017023
v -0.000470 0.008681 0.032023
v -0.000470 0.008681 0.017023
v -0.000400 -0.005666 0.032023
v 0.000361 -0.005113 0.032023
v 0.000070 -0.004219 0.032023
v -0.000870 -0.004219 0.032023
v -0.001161 -0.005113 0.032023
v -0.000400 -0.005666 0.017023
v -0.001161 -0.005113 0.017023
v -0.000870 -0.004219 0.017023
v 0.000070 -0.004219 0.017023
v 0.000361 -0.005113 0.017023
v -0.000870 -0.004219 0.032023
v -0.000870 -0.004219 0.017023
v 0.030814 -0.009516 0.032023
v -0.000813 -0.009516 0.032023
v -0.000813 -0.009516 0.031473
v 0.030814 -0.009516 0.031473
v 0.027000 -0.009166 0.032023
v 0.027761 -0.008613 0.032023
v 0.027470 -0.007719 0.032023
v 0.026530 -0.007719 0.032023
v 0.026239 -0.008613 0.032023
v 0.027000 -0.009166 0.017023
v 0.026239 -0.008613 0.017023
v 0.026530 -0.007719 0.017023
v 0.027470 -0.007719 0.017023
v 0.027761 -0.008613 0.017023
v 0.026530 -0.007719 0.032023
v 0.026530 -0.007719 0.017023
v 0.003100 0.007634 0.032023
v 0.003861 0.008187 0.032023
v 0.003570 0.009081 0.032023
v 0.002630 0.009081 0.032023
v 0.002339 0.008187 0.032023
v 0.003100 0.007634 0.017023
v 0.002339 0.008187 0.017023
v 0.002630 0.009081 0.017023
v 0.003570 0.009081 0.017023
v 0.003861 0.008187 0.017023
v 0.002630 0.009081 0.032023
v 0.002630 0.009081 0.017023
v -0.002000 0.009034 0.031473
v -0.002000 -0.008966 0.031473
v -0.001000 -0.009966 0.031473
v 0.031000 -0.009966 0.031473
v 0.032000 -0.008966 0.031473
v 0.032000 0.009034 0.031473
v 0.031000 0.010034 0.031473
v -0.001000 0.010034 0.031473
v 0.030814 -0.009516 0.031473
v -0.000813 -0.009516 0.031473
v -0.001550 -0.008780 0.031473
v -0.001550 0.008847 0.031473
v -0.000813 0.009584 0.031473
v 0.030814 0.009584 0.031473
v 0.031550 0.008847 0.031473
v 0.031550 -0.008780 0.031473
v 0.008250 -0.006266 0.021823
v 0.008550 -0.005966 0.021823
v 0.018450 -0.005966 0.021823
v 0.018750 -0.006266 0.021823
v 0.018750 -0.009966 0.021823
v 0.008250 -0.009966 0.021823
v 0.018750 0.006334 0.017023
v 0.018750 0.009584 0.017023
v 0.030814 0.009584 0.017023
v 0.031550 0.008847 0.017023
v 0.031550 -0.008780 0.017023
v 0.030814 -0.009516 0.017023
v 0.018750 -0.009516 0.017023
v 0.018750 -0.006266 0.017023
v 0.018450 -0.005966 0.017023
v 0.008550 -0.005966 0.017023
v 0.008250 -0.006266 0.017023
v 0.008250 -0.009516 0.017023
v -0.000813 -0.009516 0.017023
v -0.001550 -0.008780 0.017023
v -0.001550 0.008847 0.017023
v -0.000813 0.009584 0.017023
v 0.008250 0.009584 0.017023
v 0.008250 0.006334 0.017023
v 0.008550 0.006034 0.017023
v 0.018450 0.006034 0.017023
v 0.030000 -0.008766 0.017023
v 0.030761 -0.008213 0.017023
v 0.030470 -0.007319 0.017023
v 0.029530 -0.007319 0.017023
v 0.029239 -0.008213 0.017023
v 0.030000 0.007234 0.017023
v 0.030761 0.007787 0.017023
v 0.030470 0.008681 0.017023
v 0.029530 0.008681 0.017023
v 0.029239 0.007787 0.017023
v -0.000400 -0.005666 0.017023
v 0.000361 -0.005113 0.017023
v 0.000070 -0.004219 0.017023
v -0.000870 -0.004219 0.017023
v -0.001161 -0.005113 0.017023
v 0.003100 0.007634 0.017023
v 0.003861 0.008187 0.017023
v 0.003570 0.009081 0.017023
v 0.002630 0.009081 0.017023
v 0.002339 0.008187 0.017023
v 0.027000 -0.009166 0.017023
v 0.027761 -0.008613 0.017023
v 0.027470 -0.007719 0.017023
v 0.026530 -0.007719 0.017023
v 0.026239 -0.008613 0.017023
v 0.027000 0.007634 0.017023
v 0.027761 0.008187 0.017023
v 0.027470 0.009081 0.017023
v 0.026530 0.009081 0.017023
v 0.026239 0.008187 0.017023
v 0.000000 0.007234 0.017023
v 0.000761 0.007787 0.017023
v 0.000470 0.008681 0.017023
v -0.000470 0.008681 0.017023
v -0.000761 0.007787 0.017023
v 0.000000 -0.008766 0.017023
v 0.000761 -0.008213 0.017023
v 0.000470 -0.007319 0.017023
v -0.000470 -0.007319 0.017023
v -0.000761 -0.008213 0.017023
v 0.022500 0.001134 0.017023
v 0.021454 0.000374 0.017023
v 0.021854 -0.000856 0.017023
v 0.023147 -0.000856 0.017023
v 0.023546 0.000374 0.017023
v 0.008550 0.006034 0.021823
v 0.008250 0.006334 0.021823
v 0.008250 0.010034 0.021823
v 0.018750 0.010034 0.021823
v 0.018750 0.006334 0.021823
v 0.018450 0.006034 0.021823
v 0.008250 0.006334 0.021823
v 0.008250 0.006334 0.017023
v 0.008250 0.009584 0.017023
v 0.008250 0.009584 0.017573
v 0.008250 0.010034 0.017573
v 0.008250 0.010034 0.021823
v 0.030000 -0.008766 0.032023
v 0.030761 -0.008213 0.032023
v 0.030470 -0.007319 0.032023
v 0.029530 -0.007319 0.032023
v 0.029239 -0.008213 0.032023
v 0.030000 -0.008766 0.017023
v 0.029239 -0.008213 0.017023
v 0.029530 -0.007319 0.017023
v 0.030470 -0.007319 0.017023
v 0.030761 -0.008213 0.017023
v 0.029530 -0.007319 0.032023
v 0.029530 -0.007319 0.017023
v 0.018750 -0.009966 0.021823
v 0.018750 -0.009966 0.017573
v 0.031000 -0.009966 0.017573
v 0.031000 -0.009966 0.031473
v -0.001000 -0.009966 0.031473
v -0.001000 -0.009966 0.017573
v 0.008250 -0.009966 0.017573
v 0.008250 -0.009966 0.021823
v -0.001550 0.008847 0.032023
v -0.000813 0.009584 0.032023
v -0.000813 0.009584 0.031473
v -0.001550 0.008847 0.031473
v 0.008250 0.010034 0.021823
v 0.008250 0.010034 0.017573
v -0.001000 0.010034 0.017573
v -0.001000 0.010034 0.031473
v 0.031000 0.010034 0.031473
v 0.031000 0.010034 0.017573
v 0.018750 0.010034 0.017573
v 0.018750 0.010034 0.021823
v 0.030814 0.009584 0.032023
v 0.031550 0.008847 0.032023
v 0.031550 0.008847 0.031473
v 0.030814 0.009584 0.031473
v 0.018750 0.006334 0.021823
v 0.018750 0.006334 0.017023
v 0.018450 0.006034 0.017023
v 0.018450 0.006034 0.021823
v 0.031550 0.008847 0.032023
v 0.031550 -0.008780 0.032023
v 0.031550 -0.008780 0.031473
v 0.031550 0.008847 0.031473
v 0.008250 0.010034 0.017573
v 0.008250 0.009584 0.017573
v -0.000813 0.009584 0.017573
v -0.001550 0.008847 0.017573
v -0.001550 -0.008780 0.017573
v -0.000813 -0.009516 0.017573
v 0.008250 -0.009516 0.017573
v 0.008250 -0.009966 0.017573
v -0.001000 -0.009966 0.017573
v -0.002000 -0.008966 0.017573
v -0.002000 0.009034 0.017573
v -0.001000 0.010034 0.017573
v 0.000000 -0.008766 0.032023
v 0.000761 -0.008213 0.032023
v 0.000470 -0.007319 0.032023
v -0.000470 -0.007319 0.032023
v -0.000761 -0.008213 0.032023
v 0.000000 -0.008766 0.017023
v -0.000761 -0.008213 0.017023
v -0.000470 -0.007319 0.017023
v 0.000470 -0.007319 0.017023
v 0.000761 -0.008213 0.017023
v -0.000470 -0.007319 0.032023
v -0.000470 -0.007319 0.017023
v 0.030000 0.007234 0.032023
v 0.030761 0.007787 0.032023
v 0.030470 0.008681 0.032023
v 0.029530 0.008681 0.032023
v 0.029239 0.007787 0.032023
v 0.030000 0.007234 0.017023
v 0.029239 0.007787 0.017023
v 0.029530 0.008681 0.017023
v 0.030470 0.008681 0.017023
v 0.030761 0.007787 0.017023
v 0.029530 0.008681 0.032023
v 0.029530 0.008681 0.017023
v 0.008550 0.006034 0.021823
v 0.008550 0.006034 0.017023
v 0.008250 0.006334 0.017023
v 0.008250 0.006334 0.021823
v 0.008250 0.009584 0.017573
v 0.008250 0.009584 0.017023
v -0.000813 0.009584 0.017023
v -0.000813 0.009584 0.017573
v -0.000813 -0.009516 0.032023
v 0.030814 -0.009516 0.032023
v 0.031550 -0.008780 0.032023
v 0.031550 0.008847 0.032023
v 0.030814 0.009584 0.032023
v -0.000813 0.009584 0.032023
v -0.001550 0.008847 0.032023
v -0.001550 -0.008780 0.032023
v 0.030000 -0.008766 0.032023
v 0.029239 -0.008213 0.032023
v 0.029530 -0.007319 0.032023
v 0.030470 -0.007319 0.032023
v 0.030761 -0.008213 0.032023
v 0.030000 0.007234 0.032023
v 0.029239 0.007787 0.032023
v 0.029530 0.008681 0.032023
v 0.030470 0.008681 0.032023
v 0.030761 0.007787 0.032023
v -0.000400 -0.005666 0.032023
v -0.001161 -0.005113 0.032023
v -0.000870 -0.004219 0.032023
v 0.000070 -0.004219 0.032023
v 0.000361 -0.005113 0.032023
v 0.003100 0.007634 0.032023
v 0.002339 0.008187 0.032023
v 0.002630 0.009081 0.032023
v 0.003570 0.009081 0.032023
v 0.003861 0.008187 0.032023
v 0.027000 -0.009166 0.032023
v 0.026239 -0.008613 0.032023
v 0.026530 -0.007719 0.032023
v 0.027470 -0.007719 0.032023
v 0.027761 -0.008613 0.032023
v 0.027000 0.007634 0.032023
v 0.026239 0.008187 0.032023
v 0.026530 0.009081 0.032023
v 0.027470 0.009081 0.032023
v 0.027761 0.008187 0.032023
v 0.000000 0.007234 0.032023
v -0.000761 0.007787 0.032023
v -0.000470 0.008681 0.032023
v 0.000470 0.008681 0.032023
v 0.000761 0.007787 0.032023
v 0.000000 -0.008766 0.032023
v -0.000761 -0.008213 0.032023
v -0.000470 -0.007319 0.032023
v 0.000470 -0.007319 0.032023
v 0.000761 -0.008213 0.032023
v 0.022500 -0.002466 0.032023
v 0.020546 -0.001525 0.032023
v 0.020063 0.000590 0.032023
v 0.021416 0.002286 0.032023
v 0.023585 0.002286 0.032023
v 0.024938 0.000590 0.032023
v 0.024455 -0.001525 0.032023
v 0.022500 0.001134 0.017723
v 0.023546 0.000374 0.017723
v 0.023147 -0.000856 0.017723
v 0.021854 -0.000856 0.017723
v 0.021454 0.000374 0.017723
v -0.000813 -0.009516 0.032023
v -0.001550 -0.008780 0.032023
v -0.001550 -0.008780 0.031473
v -0.000813 -0.009516 0.031473
v -0.001550 -0.008780 0.032023
v -0.001550 0.008847 0.032023
v -0.001550 0.008847 0.031473
v -0.001550 -0.008780 0.031473
v 0.004700 -0.006616 0.035523
v 0.009500 -0.006616 0.035523
v 0.009500 -0.006616 0.035323
v 0.004700 -0.006616 0.035323
v 0.032000 -0.000216 0.035323
v 0.031800 -0.000216 0.035523
v 0.031800 -0.008883 0.035523
v 0.032000 -0.008966 0.035323
v -0.000400 -0.003066 0.035523
v -0.001800 -0.003066 0.035523
v -0.002000 -0.003266 0.035323
v -0.000400 -0.003266 0.035323
v 0.004700 0.008434 0.034023
v 0.004700 0.008434 0.035323
v 0.004700 0.010034 0.035323
v 0.004700 0.010034 0.034023
v 0.025400 0.010034 0.035323
v 0.004700 0.010034 0.035323
v 0.004900 0.009834 0.035523
v 0.025200 0.009834 0.035523
v 0.031127 -0.009273 0.032023
v 0.031127 -0.009273 0.031523
v 0.030920 -0.009432 0.031523
v 0.030679 -0.009532 0.031523
v 0.030420 -0.009566 0.031523
v 0.030420 -0.009566 0.032023
v 0.030679 -0.009532 0.032023
v 0.030920 -0.009432 0.032023
v 0.031307 0.009161 0.032023
v 0.031307 0.009161 0.031523
v 0.031466 0.008954 0.031523
v 0.031566 0.008713 0.031523
v 0.031600 0.008454 0.031523
v 0.031600 0.008454 0.032023
v 0.031566 0.008713 0.032023
v 0.031466 0.008954 0.032023
v -0.000400 -0.006466 0.034023
v -0.002000 -0.006466 0.034023
v -0.002000 -0.006466 0.035323
v -0.000400 -0.006466 0.035323
v 0.031000 0.010034 0.035323
v 0.028600 0.010034 0.035323
v 0.028800 0.009834 0.035523
v 0.030917 0.009834 0.035523
v 0.032000 -0.000216 0.031523
v 0.032000 -0.000216 0.035323
v 0.032000 -0.008966 0.035323
v 0.032000 -0.008966 0.031523
v -0.001127 -0.009273 0.032023
v -0.001127 -0.009273 0.031523
v -0.001307 -0.009093 0.031523
v -0.001307 -0.009093 0.032023
v 0.009500 -0.006616 0.035523
v 0.009750 -0.006549 0.035523
v 0.009933 -0.006366 0.035523
v 0.010000 -0.006116 0.035523
v 0.010000 -0.006116 0.035323
v 0.009933 -0.006366 0.035323
v 0.009750 -0.006549 0.035323
v 0.009500 -0.006616 0.035323
v -0.002000 -0.003266 0.035323
v -0.002000 0.009034 0.035323
v -0.002000 0.009034 0.031523
v -0.002000 -0.008966 0.031523
v -0.002000 -0.008966 0.035323
v -0.002000 -0.006466 0.035323
v -0.002000 -0.006466 0.034023
v -0.002000 -0.003266 0.034023
v -0.001000 0.010034 0.035323
v 0.001500 0.010034 0.035323
v 0.001500 0.010034 0.034023
v 0.004700 0.010034 0.034023
v 0.004700 0.010034 0.035323
v 0.025400 0.010034 0.035323
v 0.025400 0.010034 0.034023
v 0.028600 0.010034 0.034023
v 0.028600 0.010034 0.035323
v 0.031000 0.010034 0.035323
v 0.031000 0.010034 0.031523
v -0.001000 0.010034 0.031523
v 0.029496 0.000284 0.035523
v 0.031800 0.000284 0.035523
v 0.031800 0.008951 0.035523
v 0.030917 0.009834 0.035523
v 0.028800 0.009834 0.035523
v 0.028800 0.008434 0.035523
v 0.027900 0.006875 0.035523
v 0.026100 0.006875 0.035523
v 0.025200 0.008434 0.035523
v 0.025200 0.009834 0.035523
v 0.004900 0.009834 0.035523
v 0.004900 0.008434 0.035523
v 0.004000 0.006875 0.035523
v 0.002200 0.006875 0.035523
v 0.001300 0.008434 0.035523
v 0.001300 0.009834 0.035523
v -0.000917 0.009834 0.035523
v -0.001800 0.008951 0.035523
v -0.001800 -0.003066 0.035523
v -0.000400 -0.003066 0.035523
v 0.001159 -0.003966 0.035523
v 0.001159 -0.005766 0.035523
v -0.000400 -0.006666 0.035523
v -0.001800 -0.006666 0.035523
v -0.001800 -0.008883 0.035523
v -0.000917 -0.009766 0.035523
v 0.025200 -0.009766 0.035523
v 0.025200 -0.008366 0.035523
v 0.026100 -0.006807 0.035523
v 0.027900 -0.006807 0.035523
v 0.028800 -0.008366 0.035523
v 0.028800 -0.009766 0.035523
v 0.030917 -0.009766 0.035523
v 0.031800 -0.008883 0.035523
v 0.031800 -0.000216 0.035523
v 0.029496 -0.000216 0.035523
v 0.028276 -0.003921 0.035523
v 0.025263 -0.006398 0.035523
v 0.021392 -0.006878 0.035523
v 0.017865 -0.005211 0.035523
v 0.015777 -0.001916 0.035523
v 0.015777 0.001984 0.035523
v 0.017865 0.005279 0.035523
v 0.021392 0.006946 0.035523
v 0.025263 0.006466 0.035523
v 0.028276 0.003989 0.035523
v 0.004700 0.006684 0.035523
v 0.009500 0.006684 0.035523
v 0.009750 0.006617 0.035523
v 0.009933 0.006434 0.035523
v 0.010000 0.006184 0.035523
v 0.010000 -0.006116 0.035523
v 0.009933 -0.006366 0.035523
v 0.009750 -0.006549 0.035523
v 0.009500 -0.006616 0.035523
v 0.004700 -0.006616 0.035523
v 0.004450 -0.006549 0.035523
v 0.004267 -0.006366 0.035523
v 0.004200 -0.006116 0.035523
v 0.004200 0.006184 0.035523
v 0.004267 0.006434 0.035523
v 0.004450 0.006617 0.035523
v 0.030000 0.007034 0.035523
v 0.029189 0.007449 0.035523
v 0.029052 0.008350 0.035523
v 0.029849 0.009022 0.035523
v 0.030811 0.008619 0.035523
v 0.030890 0.007578 0.035523
v 0.030000 -0.008966 0.035523
v 0.029416 -0.008777 0.035523
v 0.029052 -0.008282 0.035523
v 0.029408 -0.007160 0.035523
v 0.030585 -0.007155 0.035523
v 0.030952 -0.008273 0.035523
v 0.000000 0.007034 0.035523
v -0.000951 0.007725 0.035523
v -0.000588 0.008843 0.035523
v 0.000588 0.008843 0.035523
v 0.000951 0.007725 0.035523
v 0.000000 -0.008966 0.035523
v -0.000951 -0.008275 0.035523
v -0.000588 -0.007157 0.035523
v 0.000588 -0.007157 0.035523
v 0.000951 -0.008275 0.035523
v -0.000400 -0.003266 0.034023
v -0.002000 -0.003266 0.034023
v -0.002000 -0.006466 0.034023
v -0.000400 -0.006466 0.034023
v 0.000986 -0.005666 0.034023
v 0.000986 -0.004066 0.034023
v -0.000400 -0.005766 0.034023
v -0.001256 -0.005144 0.034023
v -0.000929 -0.004138 0.034023
v 0.000129 -0.004138 0.034023
v 0.000456 -0.005144 0.034023
v 0.030420 0.009634 0.031523
v 0.030420 0.009634 0.032023
v -0.000420 0.009634 0.032023
v -0.000420 0.009634 0.031523
v 0.031600 -0.000216 0.035323
v 0.031600 0.000284 0.035323
v 0.029496 0.000284 0.035323
v 0.029500 0.000117 0.035323
v 0.029500 -0.000049 0.035323
v 0.029496 -0.000216 0.035323
v 0.031600 -0.008386 0.031523
v 0.031600 -0.008386 0.032023
v 0.031600 0.008454 0.032023
v 0.031600 0.008454 0.031523
v 0.004900 0.008434 0.035523
v 0.004900 0.009834 0.035523
v 0.004700 0.010034 0.035323
v 0.004700 0.008434 0.035323
v -0.001307 -0.009093 0.032023
v -0.001307 -0.009093 0.031523
v -0.001466 -0.008886 0.031523
v -0.001566 -0.008645 0.031523
v -0.001600 -0.008386 0.031523
v -0.001600 -0.008386 0.032023
v -0.001566 -0.008645 0.032023
v -0.001466 -0.008886 0.032023
v 0.001500 0.008434 0.034023
v 0.001500 0.008434 0.035323
v 0.002300 0.007048 0.035323
v 0.003900 0.007048 0.035323
v 0.004700 0.008434 0.035323
v 0.004700 0.008434 0.034023
v 0.003900 0.007048 0.034023
v 0.002300 0.007048 0.034023
v -0.002000 0.009034 0.035323
v -0.001000 0.010034 0.035323
v -0.001000 0.010034 0.031523
v -0.002000 0.009034 0.031523
v 0.000000 0.007034 0.035523
v 0.000951 0.007725 0.035523
v 0.000588 0.008843 0.035523
v -0.000588 0.008843 0.035523
v -0.000951 0.007725 0.035523
v 0.000000 0.007034 0.032023
v -0.000951 0.007725 0.032023
v -0.000588 0.008843 0.032023
v 0.000588 0.008843 0.032023
v 0.000951 0.007725 0.032023
v 0.000000 0.007034 0.032023
v 0.000000 0.007034 0.035523
v 0.010000 0.006184 0.035323
v 0.009933 0.006434 0.035323
v 0.009750 0.006617 0.035323
v 0.009500 0.006684 0.035323
v 0.004700 0.006684 0.035323
v 0.004450 0.006617 0.035323
v 0.004267 0.006434 0.035323
v 0.004200 0.006184 0.035323
v 0.004200 -0.006116 0.035323
v 0.004267 -0.006366 0.035323
v 0.004450 -0.006549 0.035323
v 0.004700 -0.006616 0.035323
v 0.009500 -0.006616 0.035323
v 0.009750 -0.006549 0.035323
v 0.009933 -0.006366 0.035323
v 0.010000 -0.006116 0.035323
v -0.001127 0.009341 0.031523
v -0.001127 0.009341 0.032023
v -0.001307 0.009161 0.032023
v -0.001307 0.009161 0.031523
v 0.031800 0.000284 0.035523
v 0.032000 0.000284 0.035323
v 0.032000 0.009034 0.035323
v 0.031800 0.008951 0.035523
v 0.027000 0.007534 0.034023
v 0.027856 0.008156 0.034023
v 0.027529 0.009162 0.034023
v 0.026471 0.009162 0.034023
v 0.026144 0.008156 0.034023
v 0.027000 0.007534 0.032023
v 0.026144 0.008156 0.032023
v 0.026471 0.009162 0.032023
v 0.027529 0.009162 0.032023
v 0.027856 0.008156 0.032023
v 0.027000 0.007534 0.032023
v 0.027000 0.007534 0.034023
v 0.004200 -0.006116 0.035523
v 0.004267 -0.006366 0.035523
v 0.004450 -0.006549 0.035523
v 0.004700 -0.006616 0.035523
v 0.004700 -0.006616 0.035323
v 0.004450 -0.006549 0.035323
v 0.004267 -0.006366 0.035323
v 0.004200 -0.006116 0.035323
v 0.022500 -0.003866 0.032523
v 0.025007 -0.002954 0.032523
v 0.026341 -0.000643 0.032523
v 0.025878 0.001984 0.032523
v 0.023834 0.003699 0.032523
v 0.021166 0.003699 0.032523
v 0.019123 0.001984 0.032523
v 0.018659 -0.000643 0.032523
v 0.019993 -0.002954 0.032523
v 0.022500 0.003034 0.032523
v 0.024622 0.002155 0.032523
v 0.025500 0.000034 0.032523
v 0.024622 -0.002087 0.032523
v 0.022500 -0.002966 0.032523
v 0.020379 -0.002087 0.032523
v 0.019500 0.000034 0.032523
v 0.020379 0.002155 0.032523
v 0.022500 0.003034 0.032523
v 0.020379 0.002155 0.032523
v 0.019500 0.000034 0.032523
v 0.020379 -0.002087 0.032523
v 0.022500 -0.002966 0.032523
v 0.024622 -0.002087 0.032523
v 0.025500 0.000034 0.032523
v 0.024622 0.002155 0.032523
v 0.022500 0.003034 0.032023
v 0.024622 0.002155 0.032023
v 0.025500 0.000034 0.032023
v 0.024622 -0.002087 0.032023
v 0.022500 -0.002966 0.032023
v 0.020379 -0.002087 0.032023
v 0.019500 0.000034 0.032023
v 0.020379 0.002155 0.032023
v 0.022500 0.003034 0.032523
v 0.022500 0.003034 0.032023
v -0.000400 -0.006466 0.035323
v -0.002000 -0.006466 0.035323
v -0.001800 -0.006666 0.035523
v -0.000400 -0.006666 0.035523
v 0.032000 0.000284 0.031523
v 0.031800 0.000284 0.031523
v 0.031800 -0.000216 0.031523
v 0.032000 -0.000216 0.031523
v 0.032000 -0.008966 0.031523
v 0.031000 -0.009966 0.031523
v -0.001000 -0.009966 0.031523
v -0.002000 -0.008966 0.031523
v -0.002000 0.009034 0.031523
v -0.001000 0.010034 0.031523
v 0.031000 0.010034 0.031523
v 0.032000 0.009034 0.031523
v 0.031600 -0.008386 0.031523
v 0.031600 0.008454 0.031523
v 0.031566 0.008713 0.031523
v 0.031466 0.008954 0.031523
v 0.031307 0.009161 0.031523
v 0.031127 0.009341 0.031523
v 0.030920 0.009500 0.031523
v 0.030679 0.009600 0.031523
v 0.030420 0.009634 0.031523
v -0.000420 0.009634 0.031523
v -0.000679 0.009600 0.031523
v -0.000920 0.009500 0.031523
v -0.001127 0.009341 0.031523
v -0.001307 0.009161 0.031523
v -0.001466 0.008954 0.031523
v -0.001566 0.008713 0.031523
v -0.001600 0.008454 0.031523
v -0.001600 -0.008386 0.031523
v -0.001566 -0.008645 0.031523
v -0.001466 -0.008886 0.031523
v -0.001307 -0.009093 0.031523
v -0.001127 -0.009273 0.031523
v -0.000920 -0.009432 0.031523
v -0.000679 -0.009532 0.031523
v -0.000420 -0.009566 0.031523
v 0.030420 -0.009566 0.031523
v 0.030679 -0.009532 0.031523
v 0.030920 -0.009432 0.031523
v 0.031127 -0.009273 0.031523
v 0.031307 -0.009093 0.031523
v 0.031466 -0.008886 0.031523
v 0.031566 -0.008645 0.031523
v 0.031000 -0.009966 0.035323
v 0.032000 -0.008966 0.035323
v 0.031800 -0.008883 0.035523
v 0.030917 -0.009766 0.035523
v -0.001000 -0.009966 0.035323
v -0.002000 -0.008966 0.035323
v -0.002000 -0.008966 0.031523
v -0.001000 -0.009966 0.031523
v 0.025400 -0.008366 0.034023
v 0.025400 -0.009966 0.034023
v 0.028600 -0.009966 0.034023
v 0.028600 -0.008366 0.034023
v 0.027800 -0.006981 0.034023
v 0.026200 -0.006981 0.034023
v 0.027000 -0.009266 0.034023
v 0.026144 -0.008644 0.034023
v 0.026471 -0.007638 0.034023
v 0.027529 -0.007638 0.034023
v 0.027856 -0.008644 0.034023
v 0.001500 0.008434 0.034023
v 0.001500 0.010034 0.034023
v 0.001500 0.010034 0.035323
v 0.001500 0.008434 0.035323
v 0.025200 -0.008366 0.035523
v 0.025200 -0.009766 0.035523
v 0.025400 -0.009966 0.035323
v 0.025400 -0.008366 0.035323
v 0.030000 -0.008966 0.035523
v 0.030952 -0.008273 0.035523
v 0.030585 -0.007155 0.035523
v 0.029408 -0.007160 0.035523
v 0.029052 -0.008282 0.035523
v 0.029416 -0.008777 0.035523
v 0.030000 -0.008966 0.032023
v 0.029049 -0.008275 0.032023
v 0.029412 -0.007157 0.032023
v 0.030588 -0.007157 0.032023
v 0.030951 -0.008275 0.032023
v 0.030000 -0.008966 0.032023
v 0.030000 -0.008966 0.035523
v 0.028600 0.008434 0.034023
v 0.028600 0.008434 0.035323
v 0.028600 0.010034 0.035323
v 0.028600 0.010034 0.034023
v 0.032000 0.000284 0.035323
v 0.032000 0.000284 0.031523
v 0.032000 0.009034 0.031523
v 0.032000 0.009034 0.035323
v 0.031000 0.010034 0.035323
v 0.032000 0.009034 0.035323
v 0.032000 0.009034 0.031523
v 0.031000 0.010034 0.031523
v -0.002000 0.009034 0.035323
v -0.002000 -0.003266 0.035323
v -0.001800 -0.003066 0.035523
v -0.001800 0.008951 0.035523
v -0.000400 -0.003266 0.034023
v -0.000400 -0.003266 0.035323
v -0.002000 -0.003266 0.035323
v -0.002000 -0.003266 0.034023
v 0.025400 0.008434 0.034023
v 0.025400 0.010034 0.034023
v 0.025400 0.010034 0.035323
v 0.025400 0.008434 0.035323
v 0.028600 -0.008366 0.034023
v 0.028600 -0.008366 0.035323
v 0.027800 -0.006981 0.035323
v 0.026200 -0.006981 0.035323
v 0.025400 -0.008366 0.035323
v 0.025400 -0.008366 0.034023
v 0.026200 -0.006981 0.034023
v 0.027800 -0.006981 0.034023
v 0.029496 0.000284 0.035523
v 0.028276 0.003989 0.035523
v 0.025263 0.006466 0.035523
v 0.021392 0.006946 0.035523
v 0.017865 0.005279 0.035523
v 0.015777 0.001984 0.035523
v 0.015777 -0.001916 0.035523
v 0.017865 -0.005211 0.035523
v 0.021392 -0.006878 0.035523
v 0.025263 -0.006398 0.035523
v 0.028276 -0.003921 0.035523
v 0.029496 -0.000216 0.035523
v 0.029496 -0.000216 0.035323
v 0.029500 -0.000049 0.035323
v 0.029500 0.000117 0.035323
v 0.029496 0.000284 0.035323
v 0.022500 -0.006966 0.035223
v 0.018637 -0.005804 0.035223
v 0.016057 -0.002703 0.035223
v 0.015617 0.001307 0.035223
v 0.017463 0.004894 0.035223
v 0.020982 0.006867 0.035223
v 0.025005 0.006570 0.035223
v 0.028196 0.004103 0.035223
v 0.029496 0.000284 0.035223
v 0.029500 0.000034 0.035223
v 0.029496 -0.000216 0.035223
v 0.028893 -0.002817 0.035223
v 0.027361 -0.005004 0.035223
v 0.025121 -0.006457 0.035223
v 0.020982 0.006867 0.035223
v 0.021392 0.006946 0.035523
v -0.000400 -0.005766 0.034023
v 0.000456 -0.005144 0.034023
v 0.000129 -0.004138 0.034023
v -0.000929 -0.004138 0.034023
v -0.001256 -0.005144 0.034023
v -0.000400 -0.005766 0.032023
v -0.001256 -0.005144 0.032023
v -0.000929 -0.004138 0.032023
v 0.000129 -0.004138 0.032023
v 0.000456 -0.005144 0.032023
v -0.000400 -0.005766 0.032023
v -0.000400 -0.005766 0.034023
v 0.028800 0.008434 0.035523
v 0.028800 0.009834 0.035523
v 0.028600 0.010034 0.035323
v 0.028600 0.008434 0.035323
v 0.030420 0.009634 0.032023
v 0.030420 0.009634 0.031523
v 0.030679 0.009600 0.031523
v 0.030920 0.009500 0.031523
v 0.031127 0.009341 0.031523
v 0.031127 0.009341 0.032023
v 0.030920 0.009500 0.032023
v 0.030679 0.009600 0.032023
v -0.001600 0.008454 0.032023
v -0.001600 0.008454 0.031523
v -0.001566 0.008713 0.031523
v -0.001466 0.008954 0.031523
v -0.001307 0.009161 0.031523
v -0.001307 0.009161 0.032023
v -0.001466 0.008954 0.032023
v -0.001566 0.008713 0.032023
v -0.002000 -0.006466 0.035323
v -0.002000 -0.008966 0.035323
v -0.001800 -0.008883 0.035523
v -0.001800 -0.006666 0.035523
v 0.028600 0.008434 0.034023
v 0.028600 0.010034 0.034023
v 0.025400 0.010034 0.034023
v 0.025400 0.008434 0.034023
v 0.026200 0.007048 0.034023
v 0.027800 0.007048 0.034023
v 0.027000 0.007534 0.034023
v 0.026144 0.008156 0.034023
v 0.026471 0.009162 0.034023
v 0.027529 0.009162 0.034023
v 0.027856 0.008156 0.034023
v -0.000400 -0.006666 0.035523
v 0.001159 -0.005766 0.035523
v 0.001159 -0.003966 0.035523
v -0.000400 -0.003066 0.035523
v -0.000400 -0.003266 0.035323
v 0.000986 -0.004066 0.035323
v 0.000986 -0.005666 0.035323
v -0.000400 -0.006466 0.035323
v 0.009500 0.006684 0.035523
v 0.004700 0.006684 0.035523
v 0.004700 0.006684 0.035323
v 0.009500 0.006684 0.035323
v 0.031127 -0.009273 0.031523
v 0.031127 -0.009273 0.032023
v 0.031307 -0.009093 0.032023
v 0.031307 -0.009093 0.031523
v 0.030000 0.007034 0.035523
v 0.030890 0.007578 0.035523
v 0.030811 0.008619 0.035523
v 0.029849 0.009022 0.035523
v 0.029052 0.008350 0.035523
v 0.029189 0.007449 0.035523
v 0.030000 0.007034 0.032023
v 0.029049 0.007725 0.032023
v 0.029412 0.008843 0.032023
v 0.030588 0.008843 0.032023
v 0.030951 0.007725 0.032023
v 0.030000 0.007034 0.032023
v 0.030000 0.007034 0.035523
v 0.003100 0.007534 0.034023
v 0.003956 0.008156 0.034023
v 0.003629 0.009162 0.034023
v 0.002571 0.009162 0.034023
v 0.002244 0.008156 0.034023
v 0.003100 0.007534 0.032023
v 0.002244 0.008156 0.032023
v 0.002571 0.009162 0.032023
v 0.003629 0.009162 0.032023
v 0.003956 0.008156 0.032023
v 0.003100 0.007534 0.032023
v 0.003100 0.007534 0.034023
v 0.022500 -0.004466 0.035523
v 0.025393 -0.003413 0.035523
v 0.026932 -0.000748 0.035523
v 0.026397 0.002284 0.035523
v 0.024039 0.004262 0.035523
v 0.020961 0.004262 0.035523
v 0.018603 0.002284 0.035523
v 0.018069 -0.000748 0.035523
v 0.019608 -0.003413 0.035523
v 0.022500 -0.003866 0.034923
v 0.019993 -0.002954 0.034923
v 0.018659 -0.000643 0.034923
v 0.019123 0.001984 0.034923
v 0.021166 0.003699 0.034923
v 0.023834 0.003699 0.034923
v 0.025878 0.001984 0.034923
v 0.026341 -0.000643 0.034923
v 0.025007 -0.002954 0.034923
v 0.026397 0.002284 0.035523
v 0.025878 0.001984 0.034923
v 0.031000 -0.009966 0.035323
v 0.028600 -0.009966 0.035323
v 0.028600 -0.009966 0.034023
v 0.025400 -0.009966 0.034023
v 0.025400 -0.009966 0.035323
v -0.001000 -0.009966 0.035323
v -0.001000 -0.009966 0.031523
v 0.031000 -0.009966 0.031523
v 0.027000 -0.009266 0.034023
v 0.027856 -0.008644 0.034023
v 0.027529 -0.007638 0.034023
v 0.026471 -0.007638 0.034023
v 0.026144 -0.008644 0.034023
v 0.027000 -0.009266 0.032023
v 0.026144 -0.008644 0.032023
v 0.026471 -0.007638 0.032023
v 0.027529 -0.007638 0.032023
v 0.027856 -0.008644 0.032023
v 0.027000 -0.009266 0.032023
v 0.027000 -0.009266 0.034023
v 0.025400 -0.008366 0.034023
v 0.025400 -0.008366 0.035323
v 0.025400 -0.009966 0.035323
v 0.025400 -0.009966 0.034023
v -0.002000 -0.008966 0.035323
v -0.001000 -0.009966 0.035323
v -0.000917 -0.009766 0.035523
v -0.001800 -0.008883 0.035523
v 0.031600 0.000284 0.035323
v 0.031600 -0.000216 0.035323
v 0.031800 -0.000216 0.035123
v 0.031800 0.000284 0.035123
v 0.010000 -0.006116 0.035523
v 0.010000 0.006184 0.035523
v 0.010000 0.006184 0.035323
v 0.010000 -0.006116 0.035323
v 0.031600 -0.008386 0.032023
v 0.031600 -0.008386 0.031523
v 0.031566 -0.008645 0.031523
v 0.031466 -0.008886 0.031523
v 0.031307 -0.009093 0.031523
v 0.031307 -0.009093 0.032023
v 0.031466 -0.008886 0.032023
v 0.031566 -0.008645 0.032023
v -0.001127 0.009341 0.032023
v -0.001127 0.009341 0.031523
v -0.000920 0.009500 0.031523
v -0.000679 0.009600 0.031523
v -0.000420 0.009634 0.031523
v -0.000420 0.009634 0.032023
v -0.000679 0.009600 0.032023
v -0.000920 0.009500 0.032023
v 0.022500 -0.006966 0.035223
v 0.025121 -0.006457 0.035223
v 0.027361 -0.005004 0.035223
v 0.028893 -0.002817 0.035223
v 0.029496 -0.000216 0.035223
v 0.029500 0.000034 0.035223
v 0.029496 0.000284 0.035223
v 0.028196 0.004103 0.035223
v 0.025005 0.006570 0.035223
v 0.020982 0.006867 0.035223
v 0.017463 0.004894 0.035223
v 0.015617 0.001307 0.035223
v 0.016057 -0.002703 0.035223
v 0.018637 -0.005804 0.035223
v 0.022500 -0.004966 0.035223
v 0.020587 -0.004586 0.035223
v 0.018965 -0.003502 0.035223
v 0.017881 -0.001880 0.035223
v 0.017500 0.000034 0.035223
v 0.017881 0.001947 0.035223
v 0.018965 0.003569 0.035223
v 0.020587 0.004653 0.035223
v 0.022500 0.005034 0.035223
v 0.024414 0.004653 0.035223
v 0.026036 0.003569 0.035223
v 0.027120 0.001947 0.035223
v 0.027500 0.000034 0.035223
v 0.027120 -0.001880 0.035223
v 0.026036 -0.003502 0.035223
v 0.024414 -0.004586 0.035223
v 0.004700 0.006684 0.035523
v 0.004450 0.006617 0.035523
v 0.004267 0.006434 0.035523
v 0.004200 0.006184 0.035523
v 0.004200 0.006184 0.035323
v 0.004267 0.006434 0.035323
v 0.004450 0.006617 0.035323
v 0.004700 0.006684 0.035323
v 0.032000 -0.008966 0.035323
v 0.031000 -0.009966 0.035323
v 0.031000 -0.009966 0.031523
v 0.032000 -0.008966 0.031523
v -0.001600 0.008454 0.031523
v -0.001600 0.008454 0.032023
v -0.001600 -0.008386 0.032023
v -0.001600 -0.008386 0.031523
v 0.004200 0.006184 0.035523
v 0.004200 -0.006116 0.035523
v 0.004200 -0.006116 0.035323
v 0.004200 0.006184 0.035323
v 0.022500 -0.003866 0.034923
v 0.025007 -0.002954 0.034923
v 0.026341 -0.000643 0.034923
v 0.025878 0.001984 0.034923
v 0.023834 0.003699 0.034923
v 0.021166 0.003699 0.034923
v 0.019123 0.001984 0.034923
v 0.018659 -0.000643 0.034923
v 0.019993 -0.002954 0.034923
v 0.022500 -0.003866 0.032523
v 0.019993 -0.002954 0.032523
v 0.018659 -0.000643 0.032523
v 0.019123 0.001984 0.032523
v 0.021166 0.003699 0.032523
v 0.023834 0.003699 0.032523
v 0.025878 0.001984 0.032523
v 0.026341 -0.000643 0.032523
v 0.025007 -0.002954 0.032523
v 0.021166 0.003699 0.034923
v 0.021166 0.003699 0.032523
v -0.000400 -0.006466 0.034023
v -0.000400 -0.006466 0.035323
v 0.000986 -0.005666 0.035323
v 0.000986 -0.004066 0.035323
v -0.000400 -0.003266 0.035323
v -0.000400 -0.003266 0.034023
v 0.000986 -0.004066 0.034023
v 0.000986 -0.005666 0.034023
v 0.028800 -0.008366 0.035523
v 0.027900 -0.006807 0.035523
v 0.026100 -0.006807 0.035523
v 0.025200 -0.008366 0.035523
v 0.025400 -0.008366 0.035323
v 0.026200 -0.006981 0.035323
v 0.027800 -0.006981 0.035323
v 0.028600 -0.008366 0.035323
v 0.010000 0.006184 0.035523
v 0.009933 0.006434 0.035523
v 0.009750 0.006617 0.035523
v 0.009500 0.006684 0.035523
v 0.009500 0.006684 0.035323
v 0.009750 0.006617 0.035323
v 0.009933 0.006434 0.035323
v 0.010000 0.006184 0.035323
v 0.028600 -0.008366 0.035323
v 0.028600 -0.009966 0.035323
v 0.028800 -0.009766 0.035523
v 0.028800 -0.008366 0.035523
v -0.001000 -0.009966 0.035323
v 0.025400 -0.009966 0.035323
v 0.025200 -0.009766 0.035523
v -0.000917 -0.009766 0.035523
v 0.031800 0.000284 0.035123
v 0.031800 0.000284 0.031523
v 0.032000 0.000284 0.031523
v 0.032000 0.000284 0.035323
v 0.031800 0.000284 0.035523
v 0.029496 0.000284 0.035523
v 0.029496 0.000284 0.035323
v 0.031600 0.000284 0.035323
v 0.030917 0.009834 0.035523
v 0.031800 0.008951 0.035523
v 0.032000 0.009034 0.035323
v 0.031000 0.010034 0.035323
v 0.031127 -0.009273 0.032023
v 0.030920 -0.009432 0.032023
v 0.030679 -0.009532 0.032023
v 0.030420 -0.009566 0.032023
v -0.000420 -0.009566 0.032023
v -0.000679 -0.009532 0.032023
v -0.000920 -0.009432 0.032023
v -0.001127 -0.009273 0.032023
v -0.001307 -0.009093 0.032023
v -0.001466 -0.008886 0.032023
v -0.001566 -0.008645 0.032023
v -0.001600 -0.008386 0.032023
v -0.001600 0.008454 0.032023
v -0.001566 0.008713 0.032023
v -0.001466 0.008954 0.032023
v -0.001307 0.009161 0.032023
v -0.001127 0.009341 0.032023
v -0.000920 0.009500 0.032023
v -0.000679 0.009600 0.032023
v -0.000420 0.009634 0.032023
v 0.030420 0.009634 0.032023
v 0.030679 0.009600 0.032023
v 0.030920 0.009500 0.032023
v 0.031127 0.009341 0.032023
v 0.031307 0.009161 0.032023
v 0.031466 0.008954 0.032023
v 0.031566 0.008713 0.032023
v 0.031600 0.008454 0.032023
v 0.031600 -0.008386 0.032023
v 0.031566 -0.008645 0.032023
v 0.031466 -0.008886 0.032023
v 0.031307 -0.009093 0.032023
v 0.027000 -0.009266 0.032023
v 0.027856 -0.008644 0.032023
v 0.027529 -0.007638 0.032023
v 0.026471 -0.007638 0.032023
v 0.026144 -0.008644 0.032023
v 0.027000 0.007534 0.032023
v 0.027856 0.008156 0.032023
v 0.027529 0.009162 0.032023
v 0.026471 0.009162 0.032023
v 0.026144 0.008156 0.032023
v -0.000400 -0.005766 0.032023
v 0.000456 -0.005144 0.032023
v 0.000129 -0.004138 0.032023
v -0.000929 -0.004138 0.032023
v -0.001256 -0.005144 0.032023
v 0.003100 0.007534 0.032023
v 0.003956 0.008156 0.032023
v 0.003629 0.009162 0.032023
v 0.002571 0.009162 0.032023
v 0.002244 0.008156 0.032023
v 0.022500 0.003034 0.032023
v 0.020379 0.002155 0.032023
v 0.019500 0.000034 0.032023
v 0.020379 -0.002087 0.032023
v 0.022500 -0.002966 0.032023
v 0.024622 -0.002087 0.032023
v 0.025500 0.000034 0.032023
v 0.024622 0.002155 0.032023
v 0.030000 0.007034 0.032023
v 0.030951 0.007725 0.032023
v 0.030588 0.008843 0.032023
v 0.029412 0.008843 0.032023
v 0.029049 0.007725 0.032023
v 0.030000 -0.008966 0.032023
v 0.030951 -0.008275 0.032023
v 0.030588 -0.007157 0.032023
v 0.029412 -0.007157 0.032023
v 0.029049 -0.008275 0.032023
v 0.000000 0.007034 0.032023
v 0.000951 0.007725 0.032023
v 0.000588 0.008843 0.032023
v -0.000588 0.008843 0.032023
v -0.000951 0.007725 0.032023
v 0.000000 -0.008966 0.032023
v 0.000951 -0.008275 0.032023
v 0.000588 -0.007157 0.032023
v -0.000588 -0.007157 0.032023
v -0.000951 -0.008275 0.032023
v 0.022500 -0.004966 0.035523
v 0.025439 -0.004011 0.035523
v 0.027256 -0.001511 0.035523
v 0.027256 0.001579 0.035523
v 0.025439 0.004079 0.035523
v 0.022500 0.005034 0.035523
v 0.019561 0.004079 0.035523
v 0.017745 0.001579 0.035523
v 0.017745 -0.001511 0.035523
v 0.019561 -0.004011 0.035523
v 0.022500 -0.004466 0.035523
v 0.019608 -0.003413 0.035523
v 0.018069 -0.000748 0.035523
v 0.018603 0.002284 0.035523
v 0.020961 0.004262 0.035523
v 0.024039 0.004262 0.035523
v 0.026397 0.002284 0.035523
v 0.026932 -0.000748 0.035523
v 0.025393 -0.003413 0.035523
v 0.028600 -0.008366 0.034023
v 0.028600 -0.009966 0.034023
v 0.028600 -0.009966 0.035323
v 0.028600 -0.008366 0.035323
v 0.004700 0.008434 0.034023
v 0.004700 0.010034 0.034023
v 0.001500 0.010034 0.034023
v 0.001500 0.008434 0.034023
v 0.002300 0.007048 0.034023
v 0.003900 0.007048 0.034023
v 0.003100 0.007534 0.034023
v 0.002244 0.008156 0.034023
v 0.002571 0.009162 0.034023
v 0.003629 0.009162 0.034023
v 0.003956 0.008156 0.034023
v 0.025200 0.008434 0.035523
v 0.026100 0.006875 0.035523
v 0.027900 0.006875 0.035523
v 0.028800 0.008434 0.035523
v 0.028600 0.008434 0.035323
v 0.027800 0.007048 0.035323
v 0.026200 0.007048 0.035323
v 0.025400 0.008434 0.035323
v 0.025400 0.008434 0.035323
v 0.025400 0.010034 0.035323
v 0.025200 0.009834 0.035523
v 0.025200 0.008434 0.035523
v -0.000420 -0.009566 0.032023
v -0.000420 -0.009566 0.031523
v -0.000679 -0.009532 0.031523
v -0.000920 -0.009432 0.031523
v -0.001127 -0.009273 0.031523
v -0.001127 -0.009273 0.032023
v -0.000920 -0.009432 0.032023
v -0.000679 -0.009532 0.032023
v 0.031600 -0.000216 0.035323
v 0.029496 -0.000216 0.035323
v 0.029496 -0.000216 0.035523
v 0.031800 -0.000216 0.035523
v 0.032000 -0.000216 0.035323
v 0.032000 -0.000216 0.031523
v 0.031800 -0.000216 0.031523
v 0.031800 -0.000216 0.035123
v 0.001300 0.008434 0.035523
v 0.002200 0.006875 0.035523
v 0.004000 0.006875 0.035523
v 0.004900 0.008434 0.035523
v 0.004700 0.008434 0.035323
v 0.003900 0.007048 0.035323
v 0.002300 0.007048 0.035323
v 0.001500 0.008434 0.035323
v 0.022500 -0.004966 0.035523
v 0.019561 -0.004011 0.035523
v 0.017745 -0.001511 0.035523
v 0.017745 0.001579 0.035523
v 0.019561 0.004079 0.035523
v 0.022500 0.005034 0.035523
v 0.025439 0.004079 0.035523
v 0.027256 0.001579 0.035523
v 0.027256 -0.001511 0.035523
v 0.025439 -0.004011 0.035523
v 0.022500 -0.004966 0.035223
v 0.024414 -0.004586 0.035223
v 0.026036 -0.003502 0.035223
v 0.027120 -0.001880 0.035223
v 0.027500 0.000034 0.035223
v 0.027120 0.001947 0.035223
v 0.026036 0.003569 0.035223
v 0.024414 0.004653 0.035223
v 0.022500 0.005034 0.035223
v 0.020587 0.004653 0.035223
v 0.018965 0.003569 0.035223
v 0.017881 0.001947 0.035223
v 0.017500 0.000034 0.035223
v 0.017881 -0.001880 0.035223
v 0.018965 -0.003502 0.035223
v 0.020587 -0.004586 0.035223
v 0.022500 0.005034 0.035223
v 0.022500 0.005034 0.035523
v -0.001000 0.010034 0.035323
v -0.002000 0.009034 0.035323
v -0.001800 0.008951 0.035523
v -0.000917 0.009834 0.035523
v 0.028600 -0.009966 0.035323
v 0.031000 -0.009966 0.035323
v 0.030917 -0.009766 0.035523
v 0.028800 -0.009766 0.035523
v 0.001500 0.010034 0.035323
v -0.001000 0.010034 0.035323
v -0.000917 0.009834 0.035523
v 0.001300 0.009834 0.035523
v 0.025400 0.008434 0.034023
v 0.025400 0.008434 0.035323
v 0.026200 0.007048 0.035323
v 0.027800 0.007048 0.035323
v 0.028600 0.008434 0.035323
v 0.028600 0.008434 0.034023
v 0.027800 0.007048 0.034023
v 0.026200 0.007048 0.034023
v 0.031307 0.009161 0.031523
v 0.031307 0.009161 0.032023
v 0.031127 0.009341 0.032023
v 0.031127 0.009341 0.031523
v 0.001500 0.008434 0.035323
v 0.001500 0.010034 0.035323
v 0.001300 0.009834 0.035523
v 0.001300 0.008434 0.035523
v 0.031800 0.000284 0.035123
v 0.031800 -0.000216 0.035123
v 0.031800 -0.000216 0.031523
v 0.031800 0.000284 0.031523
v 0.000000 -0.008966 0.035523
v 0.000951 -0.008275 0.035523
v 0.000588 -0.007157 0.035523
v -0.000588 -0.007157 0.035523
v -0.000951 -0.008275 0.035523
v 0.000000 -0.008966 0.032023
v -0.000951 -0.008275 0.032023
v -0.000588 -0.007157 0.032023
v 0.000588 -0.007157 0.032023
v 0.000951 -0.008275 0.032023
v 0.000000 -0.008966 0.032023
v 0.000000 -0.008966 0.035523
v 0.030420 -0.009566 0.032023
v 0.030420 -0.009566 0.031523
v -0.000420 -0.009566 0.031523
v -0.000420 -0.009566 0.032023
v 0.030000 0.007000 0.017000
v 0.030951 0.007691 0.017000
v 0.030588 0.008809 0.017000
v 0.029412 0.008809 0.017000
v 0.029049 0.007691 0.017000
v 0.030000 0.007000 0.012500
v 0.029049 0.007691 0.012500
v 0.029412 0.008809 0.012500
v 0.030588 0.008809 0.012500
v 0.030951 0.007691 0.012500
v 0.029412 0.008809 0.017000
v 0.029412 0.008809 0.012500
v 0.031800 -0.002500 0.014500
v 0.031800 0.002500 0.014500
v 0.032000 0.002700 0.014700
v 0.032000 -0.002700 0.014700
v 0.022500 -0.003350 0.012700
v 0.020131 -0.002369 0.012700
v 0.019150 -0.000000 0.012700
v 0.020131 0.002369 0.012700
v 0.022500 0.003350 0.012700
v 0.024869 0.002369 0.012700
v 0.025850 -0.000000 0.012700
v 0.024869 -0.002369 0.012700
v 0.022500 0.003350 0.013700
v 0.020131 0.002369 0.013700
v 0.019150 -0.000000 0.013700
v 0.020131 -0.002369 0.013700
v 0.022500 -0.003350 0.013700
v 0.024869 -0.002369 0.013700
v 0.025850 -0.000000 0.013700
v 0.024869 0.002369 0.013700
v 0.022500 -0.003350 0.012700
v 0.022500 -0.003350 0.013700
v 0.007550 0.006183 0.017000
v 0.007550 0.006183 0.020100
v 0.007550 0.009144 0.020100
v 0.007550 0.009144 0.017500
v 0.007550 0.009600 0.017500
v 0.007550 0.009600 0.017000
v 0.018750 0.010000 0.012700
v 0.031000 0.010000 0.012700
v 0.030917 0.009800 0.012500
v 0.018950 0.009800 0.012500
v 0.018750 0.006300 0.012700
v 0.018450 0.006000 0.012700
v 0.018450 0.006000 0.014500
v 0.018750 0.006300 0.014800
v 0.019450 -0.009200 0.020100
v 0.019450 -0.009200 0.017500
v 0.019450 -0.009600 0.017500
v 0.019450 -0.009600 0.017000
v 0.019450 -0.005300 0.017000
v 0.019450 -0.005300 0.020100
v 0.018750 -0.010000 0.012700
v 0.031000 -0.010000 0.012700
v 0.031000 -0.010000 0.017500
v 0.018750 -0.010000 0.017500
v 0.018450 -0.006000 0.012700
v 0.018750 -0.006300 0.012700
v 0.018750 -0.006300 0.014800
v 0.018450 -0.006000 0.014500
v 0.018450 -0.006000 0.012700
v 0.008550 -0.006000 0.012700
v 0.008467 -0.005800 0.012500
v 0.018533 -0.005800 0.012500
v 0.003100 0.007700 0.013200
v 0.003766 0.008184 0.013200
v 0.003511 0.008966 0.013200
v 0.002689 0.008966 0.013200
v 0.002434 0.008184 0.013200
v 0.022500 -0.001100 0.014500
v 0.021454 -0.000340 0.014500
v 0.021853 0.000890 0.014500
v 0.023147 0.000890 0.014500
v 0.023546 -0.000340 0.014500
v 0.022500 0.001100 0.017700
v 0.021454 0.000340 0.017700
v 0.021853 -0.000890 0.017700
v 0.023147 -0.000890 0.017700
v 0.023546 0.000340 0.017700
v 0.021853 -0.000890 0.017700
v 0.022500 -0.001100 0.014500
v 0.008250 -0.006300 0.012700
v 0.008550 -0.006000 0.012700
v 0.008550 -0.006000 0.014500
v 0.008250 -0.006300 0.014800
v 0.031600 0.008834 0.017000
v 0.031600 -0.008834 0.017000
v 0.031600 -0.008834 0.017500
v 0.031600 0.008834 0.017500
v -0.001000 -0.010000 0.012700
v 0.008250 -0.010000 0.012700
v 0.008250 -0.010000 0.017500
v -0.001000 -0.010000 0.017500
v 0.008250 -0.010000 0.012700
v 0.008250 -0.006300 0.012700
v 0.008250 -0.006300 0.014800
v 0.008250 -0.006500 0.015000
v 0.008250 -0.006500 0.015600
v 0.008250 -0.006300 0.015600
v 0.008250 -0.006300 0.020100
v 0.008250 -0.009500 0.020100
v 0.008250 -0.009500 0.017500
v 0.008250 -0.010000 0.017500
v 0.008550 -0.006000 0.012700
v 0.018450 -0.006000 0.012700
v 0.018450 -0.006000 0.014500
v 0.017250 -0.006000 0.014500
v 0.017250 -0.006000 0.015600
v 0.018450 -0.006000 0.015600
v 0.018450 -0.006000 0.020100
v 0.008550 -0.006000 0.020100
v 0.008550 -0.006000 0.015600
v 0.009750 -0.006000 0.015600
v 0.009750 -0.006000 0.014500
v 0.008550 -0.006000 0.014500
v 0.017250 -0.006500 0.015000
v 0.018750 -0.006500 0.015000
v 0.018750 -0.006500 0.015600
v 0.017250 -0.006500 0.015600
v 0.008550 -0.006000 0.015600
v 0.008250 -0.006300 0.015600
v 0.008250 -0.006500 0.015600
v 0.009750 -0.006500 0.015600
v 0.009750 -0.006000 0.015600
v 0.003100 0.007700 0.017000
v 0.003766 0.008184 0.017000
v 0.003511 0.008966 0.017000
v 0.002689 0.008966 0.017000
v 0.002434 0.008184 0.017000
v 0.003100 0.007700 0.013200
v 0.002434 0.008184 0.013200
v 0.002689 0.008966 0.013200
v 0.003511 0.008966 0.013200
v 0.003766 0.008184 0.013200
v 0.002689 0.008966 0.017000
v 0.002689 0.008966 0.013200
v -0.002000 -0.009000 0.012700
v -0.001000 -0.010000 0.012700
v -0.001000 -0.010000 0.017500
v -0.002000 -0.009000 0.017500
v 0.017250 -0.006500 0.015000
v 0.017250 -0.006500 0.015600
v 0.017250 -0.006000 0.015600
v 0.017250 -0.006000 0.014500
v 0.008550 0.006000 0.014500
v 0.008250 0.006300 0.014800
v 0.008250 0.006500 0.015000
v 0.009750 0.006500 0.015000
v 0.009750 0.006000 0.014500
v 0.008250 0.006300 0.015600
v 0.008250 0.006300 0.020100
v 0.008550 0.006000 0.020100
v 0.008550 0.006000 0.015600
v 0.008050 -0.009800 0.012500
v 0.008050 -0.006217 0.012500
v 0.008250 -0.006300 0.012700
v 0.008250 -0.010000 0.012700
v 0.018750 0.006500 0.015000
v 0.017250 0.006500 0.015000
v 0.017250 0.006500 0.015600
v 0.018750 0.006500 0.015600
v -0.000917 0.009800 0.012500
v -0.001800 0.008917 0.012500
v -0.002000 0.009000 0.012700
v -0.001000 0.010000 0.012700
v -0.000834 -0.009600 0.017000
v -0.001600 -0.008834 0.017000
v -0.001600 -0.008834 0.017500
v -0.000834 -0.009600 0.017500
v 0.019050 0.009500 0.017500
v 0.019050 0.009500 0.020100
v 0.019379 0.009500 0.020100
v 0.019379 0.009500 0.017500
v 0.009750 -0.006000 0.014500
v 0.009750 -0.006000 0.015600
v 0.009750 -0.006500 0.015600
v 0.009750 -0.006500 0.015000
v 0.019379 0.009600 0.017500
v 0.019379 0.009600 0.017000
v 0.030834 0.009600 0.017000
v 0.030834 0.009600 0.017500
v 0.018750 0.010000 0.012700
v 0.018750 0.006300 0.012700
v 0.018750 0.006300 0.014800
v 0.018750 0.006500 0.015000
v 0.018750 0.006500 0.015600
v 0.018750 0.006300 0.015600
v 0.018750 0.006300 0.020100
v 0.018750 0.009200 0.020100
v 0.018750 0.009200 0.017500
v 0.018750 0.010000 0.017500
v 0.018450 0.006000 0.012700
v 0.008550 0.006000 0.012700
v 0.008550 0.006000 0.014500
v 0.009750 0.006000 0.014500
v 0.009750 0.006000 0.015600
v 0.008550 0.006000 0.015600
v 0.008550 0.006000 0.020100
v 0.018450 0.006000 0.020100
v 0.018450 0.006000 0.015600
v 0.017250 0.006000 0.015600
v 0.017250 0.006000 0.014500
v 0.018450 0.006000 0.014500
v 0.007850 0.009444 0.020100
v 0.007850 0.009444 0.017500
v 0.007550 0.009144 0.017500
v 0.007550 0.009144 0.020100
v 0.008250 -0.006500 0.015000
v 0.009750 -0.006500 0.015000
v 0.009750 -0.006500 0.015600
v 0.008250 -0.006500 0.015600
v 0.008250 0.006300 0.015600
v 0.008550 0.006000 0.015600
v 0.009750 0.006000 0.015600
v 0.009750 0.006500 0.015600
v 0.008250 0.006500 0.015600
v 0.007850 -0.009500 0.020100
v 0.007850 -0.009500 0.017500
v 0.008250 -0.009500 0.017500
v 0.008250 -0.009500 0.020100
v 0.019450 -0.009600 0.017000
v 0.019450 -0.009600 0.017500
v 0.030834 -0.009600 0.017500
v 0.030834 -0.009600 0.017000
v 0.032000 -0.002700 0.012700
v 0.032000 -0.009000 0.012700
v 0.031800 -0.008917 0.012500
v 0.031800 -0.002700 0.012500
v 0.031900 -0.002600 0.012600
v 0.022500 0.003350 0.013700
v 0.024869 0.002369 0.013700
v 0.025850 -0.000000 0.013700
v 0.024869 -0.002369 0.013700
v 0.022500 -0.003350 0.013700
v 0.020131 -0.002369 0.013700
v 0.019150 -0.000000 0.013700
v 0.020131 0.002369 0.013700
v 0.022500 -0.002800 0.013700
v 0.024689 -0.001746 0.013700
v 0.025230 0.000623 0.013700
v 0.023715 0.002523 0.013700
v 0.021285 0.002523 0.013700
v 0.019770 0.000623 0.013700
v 0.020311 -0.001746 0.013700
v 0.030000 -0.002500 0.017000
v 0.030000 -0.002500 0.012700
v 0.030000 0.002500 0.012700
v 0.030000 0.002500 0.017000
v 0.018950 0.009800 0.012500
v 0.018950 0.006217 0.012500
v 0.018750 0.006300 0.012700
v 0.018750 0.010000 0.012700
v 0.018750 0.006300 0.014800
v 0.018450 0.006000 0.014500
v 0.017250 0.006000 0.014500
v 0.017250 0.006500 0.015000
v 0.018750 0.006500 0.015000
v 0.008250 -0.006300 0.014800
v 0.008550 -0.006000 0.014500
v 0.009750 -0.006000 0.014500
v 0.009750 -0.006500 0.015000
v 0.008250 -0.006500 0.015000
v 0.031000 -0.010000 0.012700
v 0.018750 -0.010000 0.012700
v 0.018950 -0.009800 0.012500
v 0.030917 -0.009800 0.012500
v 0.027000 0.007700 0.013200
v 0.027666 0.008184 0.013200
v 0.027411 0.008966 0.013200
v 0.026589 0.008966 0.013200
v 0.026334 0.008184 0.013200
v -0.001800 -0.008917 0.012500
v -0.000917 -0.009800 0.012500
v -0.001000 -0.010000 0.012700
v -0.002000 -0.009000 0.012700
v -0.002000 0.009000 0.012700
v -0.002000 -0.009000 0.012700
v -0.002000 -0.009000 0.017500
v -0.002000 0.009000 0.017500
v -0.001600 0.008834 0.017000
v -0.000834 0.009600 0.017000
v -0.000834 0.009600 0.017500
v -0.001600 0.008834 0.017500
v 0.022500 -0.003550 0.012500
v 0.019990 -0.002510 0.012500
v 0.018950 -0.000000 0.012500
v 0.019990 0.002510 0.012500
v 0.022500 0.003550 0.012500
v 0.025010 0.002510 0.012500
v 0.026050 -0.000000 0.012500
v 0.025010 -0.002510 0.012500
v 0.022500 -0.003350 0.012700
v 0.024869 -0.002369 0.012700
v 0.025850 -0.000000 0.012700
v 0.024869 0.002369 0.012700
v 0.022500 0.003350 0.012700
v 0.020131 0.002369 0.012700
v 0.019150 -0.000000 0.012700
v 0.020131 -0.002369 0.012700
v 0.026050 -0.000000 0.012500
v 0.025850 -0.000000 0.012700
v 0.008467 0.005800 0.012500
v 0.008050 0.006217 0.012500
v 0.008250 0.006300 0.012700
v 0.008550 0.006000 0.012700
v 0.031000 -0.002500 0.014500
v 0.031000 0.002500 0.014500
v 0.031800 0.002500 0.014500
v 0.031800 -0.002500 0.014500
v 0.022500 0.005000 0.012500
v 0.020587 0.004619 0.012500
v 0.018964 0.003536 0.012500
v 0.017881 0.001913 0.012500
v 0.017500 -0.000000 0.012500
v 0.017881 -0.001913 0.012500
v 0.018964 -0.003536 0.012500
v 0.020587 -0.004619 0.012500
v 0.022500 -0.005000 0.012500
v 0.024413 -0.004619 0.012500
v 0.026036 -0.003536 0.012500
v 0.027119 -0.001913 0.012500
v 0.027500 -0.000000 0.012500
v 0.027119 0.001913 0.012500
v 0.026036 0.003536 0.012500
v 0.024413 0.004619 0.012500
v 0.022500 0.005000 0.012800
v 0.025439 0.004045 0.012800
v 0.027255 0.001545 0.012800
v 0.027255 -0.001545 0.012800
v 0.025439 -0.004045 0.012800
v 0.022500 -0.005000 0.012800
v 0.019561 -0.004045 0.012800
v 0.017745 -0.001545 0.012800
v 0.017745 0.001545 0.012800
v 0.019561 0.004045 0.012800
v 0.022500 -0.005000 0.012800
v 0.022500 -0.005000 0.012500
v 0.019150 -0.009500 0.017500
v 0.018750 -0.009500 0.017500
v 0.018750 -0.010000 0.017500
v 0.031000 -0.010000 0.017500
v 0.032000 -0.009000 0.017500
v 0.032000 0.009000 0.017500
v 0.031000 0.010000 0.017500
v 0.018750 0.010000 0.017500
v 0.018750 0.009200 0.017500
v 0.019050 0.009500 0.017500
v 0.019379 0.009500 0.017500
v 0.019379 0.009600 0.017500
v 0.030834 0.009600 0.017500
v 0.031600 0.008834 0.017500
v 0.031600 -0.008834 0.017500
v 0.030834 -0.009600 0.017500
v 0.019450 -0.009600 0.017500
v 0.019450 -0.009200 0.017500
v -0.000000 -0.009000 0.017000
v 0.000951 -0.008309 0.017000
v 0.000588 -0.007191 0.017000
v -0.000588 -0.007191 0.017000
v -0.000951 -0.008309 0.017000
v -0.000000 -0.009000 0.012500
v -0.000951 -0.008309 0.012500
v -0.000588 -0.007191 0.012500
v 0.000588 -0.007191 0.012500
v 0.000951 -0.008309 0.012500
v -0.000588 -0.007191 0.017000
v -0.000588 -0.007191 0.012500
v 0.019379 0.009500 0.017500
v 0.019379 0.009500 0.020100
v 0.019379 0.005300 0.020100
v 0.019379 0.005300 0.017000
v 0.019379 0.009600 0.017000
v 0.019379 0.009600 0.017500
v 0.007850 0.009444 0.017500
v 0.007850 0.009444 0.020100
v 0.008250 0.009444 0.020100
v 0.008250 0.009444 0.017500
v 0.007550 -0.009200 0.017500
v 0.007550 -0.009200 0.020100
v 0.007550 -0.005300 0.020100
v 0.007550 -0.005300 0.017000
v 0.007550 -0.009600 0.017000
v 0.007550 -0.009600 0.017500
v 0.027000 0.007700 0.017000
v 0.027666 0.008184 0.017000
v 0.027411 0.008966 0.017000
v 0.026589 0.008966 0.017000
v 0.026334 0.008184 0.017000
v 0.027000 0.007700 0.013200
v 0.026334 0.008184 0.013200
v 0.026589 0.008966 0.013200
v 0.027411 0.008966 0.013200
v 0.027666 0.008184 0.013200
v 0.026589 0.008966 0.017000
v 0.026589 0.008966 0.013200
v -0.001600 -0.008834 0.017000
v -0.001600 0.008834 0.017000
v -0.001600 0.008834 0.017500
v -0.001600 -0.008834 0.017500
v 0.019150 -0.009500 0.020100
v 0.019150 -0.009500 0.017500
v 0.019450 -0.009200 0.017500
v 0.019450 -0.009200 0.020100
v 0.018950 0.006217 0.012500
v 0.018533 0.005800 0.012500
v 0.018450 0.006000 0.012700
v 0.018750 0.006300 0.012700
v -0.000000 0.007000 0.017000
v 0.000951 0.007691 0.017000
v 0.000588 0.008809 0.017000
v -0.000588 0.008809 0.017000
v -0.000951 0.007691 0.017000
v -0.000000 0.007000 0.012500
v -0.000951 0.007691 0.012500
v -0.000588 0.008809 0.012500
v 0.000588 0.008809 0.012500
v 0.000951 0.007691 0.012500
v -0.000588 0.008809 0.017000
v -0.000588 0.008809 0.012500
v 0.007550 -0.009200 0.020100
v 0.007550 -0.009200 0.017500
v 0.007850 -0.009500 0.017500
v 0.007850 -0.009500 0.020100
v -0.000400 -0.005600 0.017000
v 0.000266 -0.005116 0.017000
v 0.000011 -0.004334 0.017000
v -0.000811 -0.004334 0.017000
v -0.001066 -0.005116 0.017000
v -0.000400 -0.005600 0.013200
v -0.001066 -0.005116 0.013200
v -0.000811 -0.004334 0.013200
v 0.000011 -0.004334 0.013200
v 0.000266 -0.005116 0.013200
v -0.000811 -0.004334 0.017000
v -0.000811 -0.004334 0.013200
v 0.031000 -0.010000 0.012700
v 0.032000 -0.009000 0.012700
v 0.032000 -0.009000 0.017500
v 0.031000 -0.010000 0.017500
v -0.002000 -0.009000 0.012700
v -0.002000 0.009000 0.012700
v -0.001800 0.008917 0.012500
v -0.001800 -0.008917 0.012500
v 0.008250 0.006300 0.012700
v 0.008250 0.010000 0.012700
v 0.008250 0.010000 0.017500
v 0.008250 0.009444 0.017500
v 0.008250 0.009444 0.020100
v 0.008250 0.006300 0.020100
v 0.008250 0.006300 0.015600
v 0.008250 0.006500 0.015600
v 0.008250 0.006500 0.015000
v 0.008250 0.006300 0.014800
v 0.022500 -0.001300 0.014300
v 0.021264 -0.000402 0.014300
v 0.021736 0.001052 0.014300
v 0.023264 0.001052 0.014300
v 0.023736 -0.000402 0.014300
v 0.022500 -0.001100 0.014500
v 0.023546 -0.000340 0.014500
v 0.023147 0.000890 0.014500
v 0.021853 0.000890 0.014500
v 0.021454 -0.000340 0.014500
v 0.023546 -0.000340 0.014500
v 0.023736 -0.000402 0.014300
v 0.022500 0.001100 0.017700
v 0.023546 0.000340 0.017700
v 0.023147 -0.000890 0.017700
v 0.021853 -0.000890 0.017700
v 0.021454 0.000340 0.017700
v 0.027000 -0.009100 0.017000
v 0.027666 -0.008616 0.017000
v 0.027411 -0.007834 0.017000
v 0.026589 -0.007834 0.017000
v 0.026334 -0.008616 0.017000
v 0.027000 -0.009100 0.013200
v 0.026334 -0.008616 0.013200
v 0.026589 -0.007834 0.013200
v 0.027411 -0.007834 0.013200
v 0.027666 -0.008616 0.013200
v 0.026589 -0.007834 0.017000
v 0.026589 -0.007834 0.013200
v 0.008250 -0.010000 0.012700
v -0.001000 -0.010000 0.012700
v -0.000917 -0.009800 0.012500
v 0.008050 -0.009800 0.012500
v 0.032000 0.009000 0.012700
v 0.031000 0.010000 0.012700
v 0.031000 0.010000 0.017500
v 0.032000 0.009000 0.017500
v 0.007550 -0.009200 0.020100
v 0.007850 -0.009500 0.020100
v 0.008250 -0.009500 0.020100
v 0.008250 -0.006300 0.020100
v 0.008550 -0.006000 0.020100
v 0.018450 -0.006000 0.020100
v 0.018750 -0.006300 0.020100
v 0.018750 -0.009500 0.020100
v 0.019150 -0.009500 0.020100
v 0.019450 -0.009200 0.020100
v 0.019450 -0.005300 0.020100
v 0.007550 -0.005300 0.020100
v 0.029800 -0.002700 0.012500
v 0.029800 0.002700 0.012500
v 0.030000 0.002500 0.012700
v 0.030000 -0.002500 0.012700
v 0.007550 0.009600 0.017000
v 0.007550 0.009600 0.017500
v -0.000834 0.009600 0.017500
v -0.000834 0.009600 0.017000
v 0.007550 0.006183 0.017000
v 0.007550 0.009600 0.017000
v -0.000834 0.009600 0.017000
v -0.001600 0.008834 0.017000
v -0.001600 -0.008834 0.017000
v -0.000834 -0.009600 0.017000
v 0.007550 -0.009600 0.017000
v 0.007550 -0.005300 0.017000
v 0.019450 -0.005300 0.017000
v 0.019450 -0.009600 0.017000
v 0.030834 -0.009600 0.017000
v 0.031600 -0.008834 0.017000
v 0.031600 0.008834 0.017000
v 0.030834 0.009600 0.017000
v 0.019379 0.009600 0.017000
v 0.019379 0.005300 0.017000
v 0.008869 0.005300 0.017000
v 0.008456 0.005633 0.017000
v 0.008015 0.005928 0.017000
v 0.022500 -0.002500 0.017000
v 0.020545 -0.001559 0.017000
v 0.020063 0.000556 0.017000
v 0.021415 0.002252 0.017000
v 0.023585 0.002252 0.017000
v 0.024937 0.000556 0.017000
v 0.024455 -0.001559 0.017000
v 0.030000 -0.009000 0.017000
v 0.029049 -0.008309 0.017000
v 0.029412 -0.007191 0.017000
v 0.030588 -0.007191 0.017000
v 0.030951 -0.008309 0.017000
v 0.030000 0.007000 0.017000
v 0.029049 0.007691 0.017000
v 0.029412 0.008809 0.017000
v 0.030588 0.008809 0.017000
v 0.030951 0.007691 0.017000
v -0.000000 -0.009000 0.017000
v -0.000951 -0.008309 0.017000
v -0.000588 -0.007191 0.017000
v 0.000588 -0.007191 0.017000
v 0.000951 -0.008309 0.017000
v -0.000000 0.007000 0.017000
v -0.000951 0.007691 0.017000
v -0.000588 0.008809 0.017000
v 0.000588 0.008809 0.017000
v 0.000951 0.007691 0.017000
v 0.031000 0.002500 0.017000
v 0.031000 -0.002500 0.017000
v 0.030000 -0.002500 0.017000
v 0.030000 0.002500 0.017000
v 0.027000 0.007700 0.017000
v 0.026334 0.008184 0.017000
v 0.026589 0.008966 0.017000
v 0.027411 0.008966 0.017000
v 0.027666 0.008184 0.017000
v 0.027000 -0.009100 0.017000
v 0.026334 -0.008616 0.017000
v 0.026589 -0.007834 0.017000
v 0.027411 -0.007834 0.017000
v 0.027666 -0.008616 0.017000
v -0.000400 -0.005600 0.017000
v -0.001066 -0.005116 0.017000
v -0.000811 -0.004334 0.017000
v 0.000011 -0.004334 0.017000
v 0.000266 -0.005116 0.017000
v 0.003100 0.007700 0.017000
v 0.002434 0.008184 0.017000
v 0.002689 0.008966 0.017000
v 0.003511 0.008966 0.017000
v 0.003766 0.008184 0.017000
v 0.019050 0.009500 0.020100
v 0.019050 0.009500 0.017500
v 0.018750 0.009200 0.017500
v 0.018750 0.009200 0.020100
v 0.009750 0.006500 0.015000
v 0.008250 0.006500 0.015000
v 0.008250 0.006500 0.015600
v 0.009750 0.006500 0.015600
v 0.022500 0.007000 0.012800
v 0.026284 0.005889 0.012800
v 0.028867 0.002908 0.012800
v 0.029429 -0.000996 0.012800
v 0.027790 -0.004584 0.012800
v 0.024472 -0.006716 0.012800
v 0.020528 -0.006716 0.012800
v 0.017210 -0.004584 0.012800
v 0.015571 -0.000996 0.012800
v 0.016133 0.002908 0.012800
v 0.018716 0.005889 0.012800
v 0.022500 0.005000 0.012800
v 0.019561 0.004045 0.012800
v 0.017745 0.001545 0.012800
v 0.017745 -0.001545 0.012800
v 0.019561 -0.004045 0.012800
v 0.022500 -0.005000 0.012800
v 0.025439 -0.004045 0.012800
v 0.027255 -0.001545 0.012800
v 0.027255 0.001545 0.012800
v 0.025439 0.004045 0.012800
v 0.007850 0.009444 0.017500
v 0.008250 0.009444 0.017500
v 0.008250 0.010000 0.017500
v -0.001000 0.010000 0.017500
v -0.002000 0.009000 0.017500
v -0.002000 -0.009000 0.017500
v -0.001000 -0.010000 0.017500
v 0.008250 -0.010000 0.017500
v 0.008250 -0.009500 0.017500
v 0.007850 -0.009500 0.017500
v 0.007550 -0.009200 0.017500
v 0.007550 -0.009600 0.017500
v -0.000834 -0.009600 0.017500
v -0.001600 -0.008834 0.017500
v -0.001600 0.008834 0.017500
v -0.000834 0.009600 0.017500
v 0.007550 0.009600 0.017500
v 0.007550 0.009144 0.017500
v 0.019050 0.009500 0.020100
v 0.018750 0.009200 0.020100
v 0.018750 0.006300 0.020100
v 0.018450 0.006000 0.020100
v 0.008550 0.006000 0.020100
v 0.008250 0.006300 0.020100
v 0.008250 0.009444 0.020100
v 0.007850 0.009444 0.020100
v 0.007550 0.009144 0.020100
v 0.007550 0.006183 0.020100
v 0.008015 0.005928 0.020100
v 0.008456 0.005633 0.020100
v 0.008869 0.005300 0.020100
v 0.019379 0.005300 0.020100
v 0.019379 0.009500 0.020100
v 0.031000 0.010000 0.012700
v 0.018750 0.010000 0.012700
v 0.018750 0.010000 0.017500
v 0.031000 0.010000 0.017500
v 0.032000 0.002700 0.012700
v 0.032000 0.002700 0.014700
v 0.031800 0.002500 0.014500
v 0.031800 0.002500 0.012700
v 0.031900 0.002600 0.012600
v 0.022500 -0.002500 0.017000
v 0.024455 -0.001559 0.017000
v 0.024937 0.000556 0.017000
v 0.023585 0.002252 0.017000
v 0.021415 0.002252 0.017000
v 0.020063 0.000556 0.017000
v 0.020545 -0.001559 0.017000
v 0.022500 -0.002500 0.018500
v 0.020545 -0.001559 0.018500
v 0.020063 0.000556 0.018500
v 0.021415 0.002252 0.018500
v 0.023585 0.002252 0.018500
v 0.024937 0.000556 0.018500
v 0.024455 -0.001559 0.018500
v 0.021415 0.002252 0.017000
v 0.021415 0.002252 0.018500
v 0.030917 -0.009800 0.012500
v 0.031800 -0.008917 0.012500
v 0.032000 -0.009000 0.012700
v 0.031000 -0.010000 0.012700
v 0.019150 -0.009500 0.017500
v 0.019150 -0.009500 0.020100
v 0.018750 -0.009500 0.020100
v 0.018750 -0.009500 0.017500
v 0.008550 -0.006000 0.015600
v 0.008550 -0.006000 0.020100
v 0.008250 -0.006300 0.020100
v 0.008250 -0.006300 0.015600
v 0.018750 -0.006300 0.015600
v 0.018750 -0.006300 0.020100
v 0.018450 -0.006000 0.020100
v 0.018450 -0.006000 0.015600
v 0.022500 0.007000 0.012500
v 0.025592 0.006280 0.012500
v 0.028048 0.004268 0.012500
v 0.029363 0.001378 0.012500
v 0.029266 -0.001796 0.012500
v 0.027777 -0.004600 0.012500
v 0.025202 -0.006458 0.012500
v 0.022071 -0.006987 0.012500
v 0.019029 -0.006079 0.012500
v 0.018785 -0.005933 0.012500
v 0.018548 -0.005778 0.012500
v 0.016309 -0.003266 0.012500
v 0.015500 -0.000000 0.012500
v 0.016309 0.003266 0.012500
v 0.018548 0.005778 0.012500
v 0.018785 0.005933 0.012500
v 0.019029 0.006079 0.012500
v 0.019844 0.006477 0.012500
v 0.020704 0.006766 0.012500
v 0.021595 0.006941 0.012500
v 0.022500 0.007000 0.012800
v 0.018716 0.005889 0.012800
v 0.016133 0.002908 0.012800
v 0.015571 -0.000996 0.012800
v 0.017210 -0.004584 0.012800
v 0.020528 -0.006716 0.012800
v 0.024472 -0.006716 0.012800
v 0.027790 -0.004584 0.012800
v 0.029429 -0.000996 0.012800
v 0.028867 0.002908 0.012800
v 0.026284 0.005889 0.012800
v 0.022071 -0.006987 0.012500
v 0.020528 -0.006716 0.012800
v 0.018533 -0.005800 0.012500
v 0.018950 -0.006217 0.012500
v 0.018750 -0.006300 0.012700
v 0.018450 -0.006000 0.012700
v 0.018750 -0.010000 0.012700
v 0.018750 -0.006300 0.012700
v 0.018950 -0.006217 0.012500
v 0.018950 -0.009800 0.012500
v 0.018450 0.006000 0.015600
v 0.018750 0.006300 0.015600
v 0.018750 0.006500 0.015600
v 0.017250 0.006500 0.015600
v 0.017250 0.006000 0.015600
v 0.031000 -0.002500 0.014500
v 0.031800 -0.002500 0.014500
v 0.031800 -0.002500 0.012700
v 0.030000 -0.002500 0.012700
v 0.030000 -0.002500 0.017000
v 0.031000 -0.002500 0.017000
v 0.031000 -0.002500 0.014500
v 0.031000 -0.002500 0.017000
v 0.031000 0.002500 0.017000
v 0.031000 0.002500 0.014500
v 0.022500 -0.002500 0.018500
v 0.024455 -0.001559 0.018500
v 0.024937 0.000556 0.018500
v 0.023585 0.002252 0.018500
v 0.021415 0.002252 0.018500
v 0.020063 0.000556 0.018500
v 0.020545 -0.001559 0.018500
v 0.031800 -0.002700 0.012500
v 0.029800 -0.002700 0.012500
v 0.030000 -0.002500 0.012700
v 0.031800 -0.002500 0.012700
v 0.031900 -0.002600 0.012600
v 0.022500 0.005000 0.012500
v 0.024413 0.004619 0.012500
v 0.026036 0.003536 0.012500
v 0.027119 0.001913 0.012500
v 0.027500 -0.000000 0.012500
v 0.027119 -0.001913 0.012500
v 0.026036 -0.003536 0.012500
v 0.024413 -0.004619 0.012500
v 0.022500 -0.005000 0.012500
v 0.020587 -0.004619 0.012500
v 0.018964 -0.003536 0.012500
v 0.017881 -0.001913 0.012500
v 0.017500 -0.000000 0.012500
v 0.017881 0.001913 0.012500
v 0.018964 0.003536 0.012500
v 0.020587 0.004619 0.012500
v 0.022500 -0.003550 0.012500
v 0.025010 -0.002510 0.012500
v 0.026050 -0.000000 0.012500
v 0.025010 0.002510 0.012500
v 0.022500 0.003550 0.012500
v 0.019990 0.002510 0.012500
v 0.018950 -0.000000 0.012500
v 0.019990 -0.002510 0.012500
v 0.032000 0.002700 0.012700
v 0.032000 0.009000 0.012700
v 0.032000 0.009000 0.017500
v 0.032000 -0.009000 0.017500
v 0.032000 -0.009000 0.012700
v 0.032000 -0.002700 0.012700
v 0.032000 -0.002700 0.014700
v 0.032000 0.002700 0.014700
v 0.030000 -0.009000 0.017000
v 0.030951 -0.008309 0.017000
v 0.030588 -0.007191 0.017000
v 0.029412 -0.007191 0.017000
v 0.029049 -0.008309 0.017000
v 0.030000 -0.009000 0.012500
v 0.029049 -0.008309 0.012500
v 0.029412 -0.007191 0.012500
v 0.030588 -0.007191 0.012500
v 0.030951 -0.008309 0.012500
v 0.029412 -0.007191 0.017000
v 0.029412 -0.007191 0.012500
v 0.008250 0.010000 0.012700
v 0.008250 0.006300 0.012700
v 0.008050 0.006217 0.012500
v 0.008050 0.009800 0.012500
v -0.001000 0.010000 0.012700
v 0.008250 0.010000 0.012700
v 0.008050 0.009800 0.012500
v -0.000917 0.009800 0.012500
v 0.008550 0.006000 0.012700
v 0.018450 0.006000 0.012700
v 0.018533 0.005800 0.012500
v 0.008467 0.005800 0.012500
v 0.018750 -0.006300 0.015600
v 0.018450 -0.006000 0.015600
v 0.017250 -0.006000 0.015600
v 0.017250 -0.006500 0.015600
v 0.018750 -0.006500 0.015600
v -0.000400 -0.005600 0.013200
v 0.000266 -0.005116 0.013200
v 0.000011 -0.004334 0.013200
v -0.000811 -0.004334 0.013200
v -0.001066 -0.005116 0.013200
v 0.031800 0.002500 0.012700
v 0.030000 0.002500 0.012700
v 0.029800 0.002700 0.012500
v 0.031800 0.002700 0.012500
v 0.031900 0.002600 0.012600
v 0.008250 0.010000 0.012700
v -0.001000 0.010000 0.012700
v -0.001000 0.010000 0.017500
v 0.008250 0.010000 0.017500
v 0.009750 0.006500 0.015000
v 0.009750 0.006500 0.015600
v 0.009750 0.006000 0.015600
v 0.009750 0.006000 0.014500
v 0.022500 -0.002800 0.013700
v 0.020311 -0.001746 0.013700
v 0.019770 0.000623 0.013700
v 0.021285 0.002523 0.013700
v 0.023715 0.002523 0.013700
v 0.025230 0.000623 0.013700
v 0.024689 -0.001746 0.013700
v 0.022500 -0.002600 0.013900
v 0.024533 -0.001621 0.013900
v 0.025035 0.000579 0.013900
v 0.023628 0.002343 0.013900
v 0.021372 0.002343 0.013900
v 0.019965 0.000579 0.013900
v 0.020467 -0.001621 0.013900
v 0.024533 -0.001621 0.013900
v 0.024689 -0.001746 0.013700
v 0.018450 -0.006000 0.014500
v 0.018750 -0.006300 0.014800
v 0.018750 -0.006500 0.015000
v 0.017250 -0.006500 0.015000
v 0.017250 -0.006000 0.014500
v 0.027000 -0.009100 0.013200
v 0.027666 -0.008616 0.013200
v 0.027411 -0.007834 0.013200
v 0.026589 -0.007834 0.013200
v 0.026334 -0.008616 0.013200
v 0.022500 0.002600 0.014300
v 0.024533 0.001621 0.014300
v 0.025035 -0.000579 0.014300
v 0.023628 -0.002343 0.014300
v 0.021372 -0.002343 0.014300
v 0.019965 -0.000579 0.014300
v 0.020467 0.001621 0.014300
v 0.022500 -0.001300 0.014300
v 0.023736 -0.000402 0.014300
v 0.023264 0.001052 0.014300
v 0.021736 0.001052 0.014300
v 0.021264 -0.000402 0.014300
v 0.008050 -0.006217 0.012500
v 0.008467 -0.005800 0.012500
v 0.008550 -0.006000 0.012700
v 0.008250 -0.006300 0.012700
v 0.018750 -0.006300 0.012700
v 0.018750 -0.010000 0.012700
v 0.018750 -0.010000 0.017500
v 0.018750 -0.009500 0.017500
v 0.018750 -0.009500 0.020100
v 0.018750 -0.006300 0.020100
v 0.018750 -0.006300 0.015600
v 0.018750 -0.006500 0.015600
v 0.018750 -0.006500 0.015000
v 0.018750 -0.006300 0.014800
v 0.031800 0.008917 0.012500
v 0.031800 0.002700 0.012500
v 0.029800 0.002700 0.012500
v 0.029800 -0.002700 0.012500
v 0.031800 -0.002700 0.012500
v 0.031800 -0.008917 0.012500
v 0.030917 -0.009800 0.012500
v 0.018950 -0.009800 0.012500
v 0.018950 -0.006217 0.012500
v 0.018533 -0.005800 0.012500
v 0.008467 -0.005800 0.012500
v 0.008050 -0.006217 0.012500
v 0.008050 -0.009800 0.012500
v -0.000917 -0.009800 0.012500
v -0.001800 -0.008917 0.012500
v -0.001800 0.008917 0.012500
v -0.000917 0.009800 0.012500
v 0.008050 0.009800 0.012500
v 0.008050 0.006217 0.012500
v 0.008467 0.005800 0.012500
v 0.018533 0.005800 0.012500
v 0.018950 0.006217 0.012500
v 0.018950 0.009800 0.012500
v 0.030917 0.009800 0.012500
v 0.030000 -0.009000 0.012500
v 0.030951 -0.008309 0.012500
v 0.030588 -0.007191 0.012500
v 0.029412 -0.007191 0.012500
v 0.029049 -0.008309 0.012500
v 0.030000 0.007000 0.012500
v 0.030951 0.007691 0.012500
v 0.030588 0.008809 0.012500
v 0.029412 0.008809 0.012500
v 0.029049 0.007691 0.012500
v -0.000000 -0.009000 0.012500
v 0.000951 -0.008309 0.012500
v 0.000588 -0.007191 0.012500
v -0.000588 -0.007191 0.012500
v -0.000951 -0.008309 0.012500
v -0.000000 0.007000 0.012500
v 0.000951 0.007691 0.012500
v 0.000588 0.008809 0.012500
v -0.000588 0.008809 0.012500
v -0.000951 0.007691 0.012500
v 0.022500 0.007000 0.012500
v 0.021595 0.006941 0.012500
v 0.020704 0.006766 0.012500
v 0.019844 0.006477 0.012500
v 0.019029 0.006079 0.012500
v 0.018785 0.005933 0.012500
v 0.018548 0.005778 0.012500
v 0.016309 0.003266 0.012500
v 0.015500 -0.000000 0.012500
v 0.016309 -0.003266 0.012500
v 0.018548 -0.005778 0.012500
v 0.018785 -0.005933 0.012500
v 0.019029 -0.006079 0.012500
v 0.022071 -0.006987 0.012500
v 0.025202 -0.006458 0.012500
v 0.027777 -0.004600 0.012500
v 0.029266 -0.001796 0.012500
v 0.029363 0.001378 0.012500
v 0.028048 0.004268 0.012500
v 0.025592 0.006280 0.012500
v 0.031800 -0.002500 0.012700
v 0.031800 -0.002500 0.014500
v 0.032000 -0.002700 0.014700
v 0.032000 -0.002700 0.012700
v 0.031900 -0.002600 0.012600
v 0.019450 -0.005300 0.017000
v 0.007550 -0.005300 0.017000
v 0.007550 -0.005300 0.020100
v 0.019450 -0.005300 0.020100
v 0.017250 0.006000 0.014500
v 0.017250 0.006000 0.015600
v 0.017250 0.006500 0.015600
v 0.017250 0.006500 0.015000
v 0.018450 0.006000 0.015600
v 0.018450 0.006000 0.020100
v 0.018750 0.006300 0.020100
v 0.018750 0.006300 0.015600
v 0.031600 -0.008834 0.017000
v 0.030834 -0.009600 0.017000
v 0.030834 -0.009600 0.017500
v 0.031600 -0.008834 0.017500
v 0.030834 0.009600 0.017000
v 0.031600 0.008834 0.017000
v 0.031600 0.008834 0.017500
v 0.030834 0.009600 0.017500
v 0.007550 -0.009600 0.017500
v 0.007550 -0.009600 0.017000
v -0.000834 -0.009600 0.017000
v -0.000834 -0.009600 0.017500
v -0.001000 0.010000 0.012700
v -0.002000 0.009000 0.012700
v -0.002000 0.009000 0.017500
v -0.001000 0.010000 0.017500
v 0.032000 0.009000 0.012700
v 0.032000 0.002700 0.012700
v 0.031900 0.002600 0.012600
v 0.031800 0.002700 0.012500
v 0.031800 0.008917 0.012500
v 0.007550 0.006183 0.017000
v 0.008015 0.005928 0.017000
v 0.008456 0.005633 0.017000
v 0.008869 0.005300 0.017000
v 0.008869 0.005300 0.020100
v 0.008456 0.005633 0.020100
v 0.008015 0.005928 0.020100
v 0.007550 0.006183 0.020100
v 0.030000 0.002500 0.017000
v 0.030000 0.002500 0.012700
v 0.031800 0.002500 0.012700
v 0.031800 0.002500 0.014500
v 0.031000 0.002500 0.014500
v 0.031000 0.002500 0.017000
v 0.031000 0.010000 0.012700
v 0.032000 0.009000 0.012700
v 0.031800 0.008917 0.012500
v 0.030917 0.009800 0.012500
v 0.022500 -0.002600 0.013900
v 0.020467 -0.001621 0.013900
v 0.019965 0.000579 0.013900
v 0.021372 0.002343 0.013900
v 0.023628 0.002343 0.013900
v 0.025035 0.000579 0.013900
v 0.024533 -0.001621 0.013900
v 0.022500 0.002600 0.014300
v 0.020467 0.001621 0.014300
v 0.019965 -0.000579 0.014300
v 0.021372 -0.002343 0.014300
v 0.023628 -0.002343 0.014300
v 0.025035 -0.000579 0.014300
v 0.024533 0.001621 0.014300
v 0.021372 -0.002343 0.014300
v 0.022500 -0.002600 0.013900
v 0.008550 0.006000 0.012700
v 0.008250 0.006300 0.012700
v 0.008250 0.006300 0.014800
v 0.008550 0.006000 0.014500
v 0.008869 0.005300 0.017000
v 0.019379 0.005300 0.017000
v 0.019379 0.005300 0.020100
v 0.008869 0.005300 0.020100
v 0.031800 -0.002500 0.014400
v 0.031800 0.002500 0.014400
v 0.031000 0.002500 0.014400
v 0.031000 -0.002500 0.014400
v 0.030106 0.002500 0.017000
v 0.031000 0.002500 0.017000
v 0.031000 0.002500 0.014400
v 0.031800 0.002500 0.014400
v 0.032000 0.002500 0.014200
v 0.032000 0.002500 0.012700
v 0.031800 0.002500 0.012500
v 0.030000 0.002500 0.012500
v 0.030000 0.002500 0.016399
v 0.031000 0.002500 0.017000
v 0.031000 -0.002500 0.017000
v 0.031000 -0.002500 0.014400
v 0.031000 0.002500 0.014400
v 0.031000 0.002500 0.017000
v 0.030106 0.002500 0.017000
v 0.030106 -0.002500 0.017000
v 0.031000 -0.002500 0.017000
v 0.032000 0.002500 0.014200
v 0.031800 0.002500 0.014400
v 0.031800 -0.002500 0.014400
v 0.032000 -0.002500 0.014200
v 0.031000 -0.002500 0.017000
v 0.030106 -0.002500 0.017000
v 0.030000 -0.002500 0.016399
v 0.030000 -0.002500 0.012500
v 0.031800 -0.002500 0.012500
v 0.032000 -0.002500 0.012700
v 0.032000 -0.002500 0.014200
v 0.031800 -0.002500 0.014400
v 0.031000 -0.002500 0.014400
v 0.032000 -0.002500 0.012700
v 0.031800 -0.002500 0.012500
v 0.031800 0.002500 0.012500
v 0.032000 0.002500 0.012700
v 0.032000 -0.002500 0.012700
v 0.032000 0.002500 0.012700
v 0.032000 0.002500 0.014200
v 0.032000 -0.002500 0.014200
v 0.030106 -0.002500 0.017000
v 0.030106 0.002500 0.017000
v 0.030000 0.002500 0.016399
v 0.030000 -0.002500 0.016399
v 0.031800 0.002500 0.012500
v 0.031800 -0.002500 0.012500
v 0.030000 -0.002500 0.012500
v 0.030000 0.002500 0.012500
v 0.030000 -0.002500 0.016399
v 0.030000 0.002500 0.016399
v 0.030000 0.002500 0.012500
v 0.030000 -0.002500 0.012500
v 0.027176 -0.009486 0.035005
v 0.027176 -0.009330 0.035086
v 0.027176 -0.009168 0.035154
v 0.027176 -0.009001 0.035209
v 0.027176 -0.009001 0.034650
v 0.027176 -0.009486 0.034650
v 0.025914 -0.008224 0.035005
v 0.025902 -0.008341 0.035005
v 0.025902 -0.008459 0.035005
v 0.025914 -0.008576 0.035005
v 0.025914 -0.008576 0.034650
v 0.025902 -0.008459 0.034650
v 0.025902 -0.008341 0.034650
v 0.025914 -0.008224 0.034650
v 0.025914 -0.008576 0.035005
v 0.026070 -0.008576 0.035086
v 0.026232 -0.008576 0.035154
v 0.026399 -0.008576 0.035209
v 0.026399 -0.008576 0.034650
v 0.025914 -0.008576 0.034650
v 0.027176 -0.009486 0.034650
v 0.027176 -0.009001 0.034650
v 0.027233 -0.008789 0.034650
v 0.027389 -0.008633 0.034650
v 0.027601 -0.008576 0.034650
v 0.028086 -0.008576 0.034650
v 0.028098 -0.008459 0.034650
v 0.028098 -0.008341 0.034650
v 0.028086 -0.008224 0.034650
v 0.027601 -0.008224 0.034650
v 0.027389 -0.008167 0.034650
v 0.027233 -0.008011 0.034650
v 0.027176 -0.007799 0.034650
v 0.027176 -0.007314 0.034650
v 0.027059 -0.007302 0.034650
v 0.026941 -0.007302 0.034650
v 0.026824 -0.007314 0.034650
v 0.026824 -0.007799 0.034650
v 0.026767 -0.008011 0.034650
v 0.026611 -0.008167 0.034650
v 0.026399 -0.008224 0.034650
v 0.025914 -0.008224 0.034650
v 0.025902 -0.008341 0.034650
v 0.025902 -0.008459 0.034650
v 0.025914 -0.008576 0.034650
v 0.026399 -0.008576 0.034650
v 0.026611 -0.008633 0.034650
v 0.026767 -0.008789 0.034650
v 0.026824 -0.009001 0.034650
v 0.026824 -0.009486 0.034650
v 0.026941 -0.009498 0.034650
v 0.027059 -0.009498 0.034650
v 0.026824 -0.009486 0.035005
v 0.026941 -0.009498 0.035005
v 0.027059 -0.009498 0.035005
v 0.027176 -0.009486 0.035005
v 0.027176 -0.009486 0.034650
v 0.027059 -0.009498 0.034650
v 0.026941 -0.009498 0.034650
v 0.026824 -0.009486 0.034650
v 0.026399 -0.008576 0.035209
v 0.026699 -0.008701 0.035259
v 0.026824 -0.009001 0.035209
v 0.026824 -0.009001 0.034650
v 0.026767 -0.008789 0.034650
v 0.026611 -0.008633 0.034650
v 0.026399 -0.008576 0.034650
v 0.026824 -0.009001 0.035209
v 0.026824 -0.009168 0.035154
v 0.026824 -0.009330 0.035086
v 0.026824 -0.009486 0.035005
v 0.026824 -0.009486 0.034650
v 0.026824 -0.009001 0.034650
v 0.027176 -0.009001 0.035209
v 0.027301 -0.008701 0.035259
v 0.027601 -0.008576 0.035209
v 0.027601 -0.008576 0.034650
v 0.027389 -0.008633 0.034650
v 0.027233 -0.008789 0.034650
v 0.027176 -0.009001 0.034650
v 0.027000 -0.009667 0.034000
v 0.025795 -0.008791 0.034000
v 0.026255 -0.007375 0.034000
v 0.027745 -0.007375 0.034000
v 0.028205 -0.008791 0.034000
v 0.026300 -0.008400 0.034000
v 0.026784 -0.009066 0.034000
v 0.027566 -0.008811 0.034000
v 0.027566 -0.007989 0.034000
v 0.026784 -0.007734 0.034000
v 0.027176 -0.009486 0.035005
v 0.027059 -0.009498 0.035005
v 0.026941 -0.009498 0.035005
v 0.026824 -0.009486 0.035005
v 0.026824 -0.009330 0.035086
v 0.026824 -0.009168 0.035154
v 0.026824 -0.009001 0.035209
v 0.026699 -0.008701 0.035259
v 0.026399 -0.008576 0.035209
v 0.026232 -0.008576 0.035154
v 0.026070 -0.008576 0.035086
v 0.025914 -0.008576 0.035005
v 0.025902 -0.008459 0.035005
v 0.025902 -0.008341 0.035005
v 0.025914 -0.008224 0.035005
v 0.026070 -0.008224 0.035086
v 0.026232 -0.008224 0.035154
v 0.026399 -0.008224 0.035209
v 0.026699 -0.008099 0.035259
v 0.026824 -0.007799 0.035209
v 0.026824 -0.007632 0.035154
v 0.026824 -0.007470 0.035086
v 0.026824 -0.007314 0.035005
v 0.026941 -0.007302 0.035005
v 0.027059 -0.007302 0.035005
v 0.027176 -0.007314 0.035005
v 0.027176 -0.007470 0.035086
v 0.027176 -0.007632 0.035154
v 0.027176 -0.007799 0.035209
v 0.027301 -0.008099 0.035259
v 0.027601 -0.008224 0.035209
v 0.027768 -0.008224 0.035154
v 0.027930 -0.008224 0.035086
v 0.028086 -0.008224 0.035005
v 0.028098 -0.008341 0.035005
v 0.028098 -0.008459 0.035005
v 0.028086 -0.008576 0.035005
v 0.027930 -0.008576 0.035086
v 0.027768 -0.008576 0.035154
v 0.027601 -0.008576 0.035209
v 0.027301 -0.008701 0.035259
v 0.027176 -0.009001 0.035209
v 0.027176 -0.009168 0.035154
v 0.027176 -0.009330 0.035086
v 0.027000 -0.009667 0.034899
v 0.027437 -0.009589 0.034899
v 0.027821 -0.009365 0.034899
v 0.028104 -0.009022 0.034899
v 0.028251 -0.008603 0.034899
v 0.028267 -0.008400 0.034899
v 0.028251 -0.008197 0.034899
v 0.027896 -0.007504 0.034899
v 0.027203 -0.007149 0.034899
v 0.027000 -0.007133 0.034899
v 0.026797 -0.007149 0.034899
v 0.026104 -0.007504 0.034899
v 0.025749 -0.008197 0.034899
v 0.025733 -0.008400 0.034899
v 0.025749 -0.008603 0.034899
v 0.026179 -0.009365 0.034899
v 0.026941 -0.007302 0.035005
v 0.027000 -0.007133 0.034899
v 0.026399 -0.008224 0.035209
v 0.026232 -0.008224 0.035154
v 0.026070 -0.008224 0.035086
v 0.025914 -0.008224 0.035005
v 0.025914 -0.008224 0.034650
v 0.026399 -0.008224 0.034650
v 0.026824 -0.007314 0.035005
v 0.026824 -0.007470 0.035086
v 0.026824 -0.007632 0.035154
v 0.026824 -0.007799 0.035209
v 0.026824 -0.007799 0.034650
v 0.026824 -0.007314 0.034650
v 0.027601 -0.008576 0.035209
v 0.027768 -0.008576 0.035154
v 0.027930 -0.008576 0.035086
v 0.028086 -0.008576 0.035005
v 0.028086 -0.008576 0.034650
v 0.027601 -0.008576 0.034650
v 0.028086 -0.008576 0.035005
v 0.028098 -0.008459 0.035005
v 0.028098 -0.008341 0.035005
v 0.028086 -0.008224 0.035005
v 0.028086 -0.008224 0.034650
v 0.028098 -0.008341 0.034650
v 0.028098 -0.008459 0.034650
v 0.028086 -0.008576 0.034650
v 0.026824 -0.007799 0.035209
v 0.026699 -0.008099 0.035259
v 0.026399 -0.008224 0.035209
v 0.026399 -0.008224 0.034650
v 0.026611 -0.008167 0.034650
v 0.026767 -0.008011 0.034650
v 0.026824 -0.007799 0.034650
v 0.027601 -0.008224 0.035209
v 0.027301 -0.008099 0.035259
v 0.027176 -0.007799 0.035209
v 0.027176 -0.007799 0.034650
v 0.027233 -0.008011 0.034650
v 0.027389 -0.008167 0.034650
v 0.027601 -0.008224 0.034650
v 0.027000 -0.007700 0.013500
v 0.026334 -0.008184 0.013500
v 0.026589 -0.008966 0.013500
v 0.027411 -0.008966 0.013500
v 0.027666 -0.008184 0.013500
v 0.027000 -0.007550 0.013650
v 0.027808 -0.008137 0.013650
v 0.027500 -0.009088 0.013650
v 0.026500 -0.009088 0.013650
v 0.026192 -0.008137 0.013650
v 0.027411 -0.008966 0.013500
v 0.027500 -0.009088 0.013650
v 0.027000 -0.007550 0.017500
v 0.027785 -0.008075 0.017500
v 0.027601 -0.009001 0.017500
v 0.026675 -0.009185 0.017500
v 0.026150 -0.008400 0.017500
v 0.026399 -0.007799 0.017500
v 0.027000 -0.007550 0.013650
v 0.026192 -0.008137 0.013650
v 0.026500 -0.009088 0.013650
v 0.027500 -0.009088 0.013650
v 0.027808 -0.008137 0.013650
v 0.027000 -0.007550 0.017500
v 0.027000 -0.007550 0.013650
v 0.027000 -0.007550 0.017500
v 0.026399 -0.007799 0.017500
v 0.026150 -0.008400 0.017500
v 0.026675 -0.009185 0.017500
v 0.027601 -0.009001 0.017500
v 0.027785 -0.008075 0.017500
v 0.026300 -0.008400 0.017500
v 0.026353 -0.008132 0.017500
v 0.026505 -0.007905 0.017500
v 0.026732 -0.007753 0.017500
v 0.027000 -0.007700 0.017500
v 0.027647 -0.008132 0.017500
v 0.027495 -0.008895 0.017500
v 0.026732 -0.009047 0.017500
v 0.026300 -0.008400 0.034000
v 0.026784 -0.007734 0.034000
v 0.027566 -0.007989 0.034000
v 0.027566 -0.008811 0.034000
v 0.026784 -0.009066 0.034000
v 0.026300 -0.008400 0.017500
v 0.026732 -0.009047 0.017500
v 0.027495 -0.008895 0.017500
v 0.027647 -0.008132 0.017500
v 0.027000 -0.007700 0.017500
v 0.026732 -0.007753 0.017500
v 0.026505 -0.007905 0.017500
v 0.026353 -0.008132 0.017500
v 0.026300 -0.008400 0.034000
v 0.026300 -0.008400 0.017500
v 0.028086 -0.008224 0.035005
v 0.027930 -0.008224 0.035086
v 0.027768 -0.008224 0.035154
v 0.027601 -0.008224 0.035209
v 0.027601 -0.008224 0.034650
v 0.028086 -0.008224 0.034650
v 0.027000 -0.009667 0.034000
v 0.028205 -0.008791 0.034000
v 0.027745 -0.007375 0.034000
v 0.026255 -0.007375 0.034000
v 0.025795 -0.008791 0.034000
v 0.027000 -0.009667 0.034899
v 0.026179 -0.009365 0.034899
v 0.025749 -0.008603 0.034899
v 0.025733 -0.008400 0.034899
v 0.025749 -0.008197 0.034899
v 0.026104 -0.007504 0.034899
v 0.026797 -0.007149 0.034899
v 0.027000 -0.007133 0.034899
v 0.027203 -0.007149 0.034899
v 0.027896 -0.007504 0.034899
v 0.028251 -0.008197 0.034899
v 0.028267 -0.008400 0.034899
v 0.028251 -0.008603 0.034899
v 0.028104 -0.009022 0.034899
v 0.027821 -0.009365 0.034899
v 0.027437 -0.009589 0.034899
v 0.027000 -0.007133 0.034899
v 0.027000 -0.006900 0.034449
v 0.026118 -0.009614 0.034449
v 0.027882 -0.009614 0.034449
v 0.028427 -0.007936 0.034449
v 0.027000 -0.006900 0.034449
v 0.025573 -0.007936 0.034449
v 0.027745 -0.007375 0.034000
v 0.027176 -0.007314 0.035005
v 0.027059 -0.007302 0.035005
v 0.026941 -0.007302 0.035005
v 0.026824 -0.007314 0.035005
v 0.026824 -0.007314 0.034650
v 0.026941 -0.007302 0.034650
v 0.027059 -0.007302 0.034650
v 0.027176 -0.007314 0.034650
v 0.027176 -0.007799 0.035209
v 0.027176 -0.007632 0.035154
v 0.027176 -0.007470 0.035086
v 0.027176 -0.007314 0.035005
v 0.027176 -0.007314 0.034650
v 0.027176 -0.007799 0.034650
v 0.027000 -0.007700 0.013500
v 0.027666 -0.008184 0.013500
v 0.027411 -0.008966 0.013500
v 0.026589 -0.008966 0.013500
v 0.026334 -0.008184 0.013500
v 0.026824 0.007799 0.035209
v 0.026824 0.007632 0.035154
v 0.026824 0.007470 0.035086
v 0.026824 0.007314 0.035005
v 0.026824 0.007314 0.034650
v 0.026824 0.007799 0.034650
v 0.026824 0.007314 0.035005
v 0.026941 0.007302 0.035005
v 0.027059 0.007302 0.035005
v 0.027176 0.007314 0.035005
v 0.027176 0.007314 0.034650
v 0.027059 0.007302 0.034650
v 0.026941 0.007302 0.034650
v 0.026824 0.007314 0.034650
v 0.027000 0.009100 0.013500
v 0.027666 0.008616 0.013500
v 0.027411 0.007834 0.013500
v 0.026589 0.007834 0.013500
v 0.026334 0.008616 0.013500
v 0.027000 0.009100 0.013500
v 0.026334 0.008616 0.013500
v 0.026589 0.007834 0.013500
v 0.027411 0.007834 0.013500
v 0.027666 0.008616 0.013500
v 0.027000 0.009250 0.013650
v 0.027808 0.008663 0.013650
v 0.027500 0.007712 0.013650
v 0.026500 0.007712 0.013650
v 0.026192 0.008663 0.013650
v 0.027411 0.007834 0.013500
v 0.027500 0.007712 0.013650
v 0.027000 0.009250 0.017500
v 0.027785 0.008725 0.017500
v 0.027601 0.007799 0.017500
v 0.026675 0.007615 0.017500
v 0.026150 0.008400 0.017500
v 0.026399 0.009001 0.017500
v 0.027000 0.009250 0.013650
v 0.026192 0.008663 0.013650
v 0.026500 0.007712 0.013650
v 0.027500 0.007712 0.013650
v 0.027808 0.008663 0.013650
v 0.027000 0.009250 0.017500
v 0.027000 0.009250 0.013650
v 0.027176 0.009001 0.035209
v 0.027176 0.009168 0.035154
v 0.027176 0.009330 0.035086
v 0.027176 0.009486 0.035005
v 0.027176 0.009486 0.034650
v 0.027176 0.009001 0.034650
v 0.027601 0.008576 0.035209
v 0.027301 0.008701 0.035259
v 0.027176 0.009001 0.035209
v 0.027176 0.009001 0.034650
v 0.027233 0.008789 0.034650
v 0.027389 0.008633 0.034650
v 0.027601 0.008576 0.034650
v 0.027176 0.009486 0.035005
v 0.027059 0.009498 0.035005
v 0.026941 0.009498 0.035005
v 0.026824 0.009486 0.035005
v 0.026824 0.009486 0.034650
v 0.026941 0.009498 0.034650
v 0.027059 0.009498 0.034650
v 0.027176 0.009486 0.034650
v 0.026300 0.008400 0.034000
v 0.026784 0.009066 0.034000
v 0.027566 0.008811 0.034000
v 0.027566 0.007989 0.034000
v 0.026784 0.007734 0.034000
v 0.026300 0.008400 0.017500
v 0.026732 0.007753 0.017500
v 0.027495 0.007905 0.017500
v 0.027647 0.008668 0.017500
v 0.027000 0.009100 0.017500
v 0.026732 0.009047 0.017500
v 0.026505 0.008895 0.017500
v 0.026353 0.008668 0.017500
v 0.026300 0.008400 0.034000
v 0.026300 0.008400 0.017500
v 0.025914 0.008576 0.035005
v 0.025902 0.008459 0.035005
v 0.025902 0.008341 0.035005
v 0.025914 0.008224 0.035005
v 0.025914 0.008224 0.034650
v 0.025902 0.008341 0.034650
v 0.025902 0.008459 0.034650
v 0.025914 0.008576 0.034650
v 0.027176 0.007314 0.034650
v 0.027176 0.007799 0.034650
v 0.027233 0.008011 0.034650
v 0.027389 0.008167 0.034650
v 0.027601 0.008224 0.034650
v 0.028086 0.008224 0.034650
v 0.028098 0.008341 0.034650
v 0.028098 0.008459 0.034650
v 0.028086 0.008576 0.034650
v 0.027601 0.008576 0.034650
v 0.027389 0.008633 0.034650
v 0.027233 0.008789 0.034650
v 0.027176 0.009001 0.034650
v 0.027176 0.009486 0.034650
v 0.027059 0.009498 0.034650
v 0.026941 0.009498 0.034650
v 0.026824 0.009486 0.034650
v 0.026824 0.009001 0.034650
v 0.026767 0.008789 0.034650
v 0.026611 0.008633 0.034650
v 0.026399 0.008576 0.034650
v 0.025914 0.008576 0.034650
v 0.025902 0.008459 0.034650
v 0.025902 0.008341 0.034650
v 0.025914 0.008224 0.034650
v 0.026399 0.008224 0.034650
v 0.026611 0.008167 0.034650
v 0.026767 0.008011 0.034650
v 0.026824 0.007799 0.034650
v 0.026824 0.007314 0.034650
v 0.026941 0.007302 0.034650
v 0.027059 0.007302 0.034650
v 0.026399 0.008224 0.035209
v 0.026699 0.008099 0.035259
v 0.026824 0.007799 0.035209
v 0.026824 0.007799 0.034650
v 0.026767 0.008011 0.034650
v 0.026611 0.008167 0.034650
v 0.026399 0.008224 0.034650
v 0.025914 0.008224 0.035005
v 0.026070 0.008224 0.035086
v 0.026232 0.008224 0.035154
v 0.026399 0.008224 0.035209
v 0.026399 0.008224 0.034650
v 0.025914 0.008224 0.034650
v 0.027176 0.007314 0.035005
v 0.027176 0.007470 0.035086
v 0.027176 0.007632 0.035154
v 0.027176 0.007799 0.035209
v 0.027176 0.007799 0.034650
v 0.027176 0.007314 0.034650
v 0.028086 0.008224 0.035005
v 0.028098 0.008341 0.035005
v 0.028098 0.008459 0.035005
v 0.028086 0.008576 0.035005
v 0.028086 0.008576 0.034650
v 0.028098 0.008459 0.034650
v 0.028098 0.008341 0.034650
v 0.028086 0.008224 0.034650
v 0.027176 0.007799 0.035209
v 0.027301 0.008099 0.035259
v 0.027601 0.008224 0.035209
v 0.027601 0.008224 0.034650
v 0.027389 0.008167 0.034650
v 0.027233 0.008011 0.034650
v 0.027176 0.007799 0.034650
v 0.026824 0.009001 0.035209
v 0.026699 0.008701 0.035259
v 0.026399 0.008576 0.035209
v 0.026399 0.008576 0.034650
v 0.026611 0.008633 0.034650
v 0.026767 0.008789 0.034650
v 0.026824 0.009001 0.034650
v 0.026399 0.008576 0.035209
v 0.026232 0.008576 0.035154
v 0.026070 0.008576 0.035086
v 0.025914 0.008576 0.035005
v 0.025914 0.008576 0.034650
v 0.026399 0.008576 0.034650
v 0.027000 0.009250 0.017500
v 0.026399 0.009001 0.017500
v 0.026150 0.008400 0.017500
v 0.026675 0.007615 0.017500
v 0.027601 0.007799 0.017500
v 0.027785 0.008725 0.017500
v 0.026300 0.008400 0.017500
v 0.026353 0.008668 0.017500
v 0.026505 0.008895 0.017500
v 0.026732 0.009047 0.017500
v 0.027000 0.009100 0.017500
v 0.027647 0.008668 0.017500
v 0.027495 0.007905 0.017500
v 0.026732 0.007753 0.017500
v 0.027000 0.007133 0.034000
v 0.028205 0.008009 0.034000
v 0.027745 0.009425 0.034000
v 0.026255 0.009425 0.034000
v 0.025795 0.008009 0.034000
v 0.027000 0.007133 0.034899
v 0.026179 0.007435 0.034899
v 0.025749 0.008197 0.034899
v 0.025733 0.008400 0.034899
v 0.025749 0.008603 0.034899
v 0.026104 0.009296 0.034899
v 0.026797 0.009651 0.034899
v 0.027000 0.009667 0.034899
v 0.027203 0.009651 0.034899
v 0.027896 0.009296 0.034899
v 0.028251 0.008603 0.034899
v 0.028267 0.008400 0.034899
v 0.028251 0.008197 0.034899
v 0.028104 0.007778 0.034899
v 0.027821 0.007435 0.034899
v 0.027437 0.007211 0.034899
v 0.027000 0.009667 0.034899
v 0.027000 0.009900 0.034449
v 0.026118 0.007186 0.034449
v 0.027882 0.007186 0.034449
v 0.028427 0.008864 0.034449
v 0.027000 0.009900 0.034449
v 0.025573 0.008864 0.034449
v 0.027745 0.009425 0.034000
v 0.027176 0.007314 0.035005
v 0.027059 0.007302 0.035005
v 0.026941 0.007302 0.035005
v 0.026824 0.007314 0.035005
v 0.026824 0.007470 0.035086
v 0.026824 0.007632 0.035154
v 0.026824 0.007799 0.035209
v 0.026699 0.008099 0.035259
v 0.026399 0.008224 0.035209
v 0.026232 0.008224 0.035154
v 0.026070 0.008224 0.035086
v 0.025914 0.008224 0.035005
v 0.025902 0.008341 0.035005
v 0.025902 0.008459 0.035005
v 0.025914 0.008576 0.035005
v 0.026070 0.008576 0.035086
v 0.026232 0.008576 0.035154
v 0.026399 0.008576 0.035209
v 0.026699 0.008701 0.035259
v 0.026824 0.009001 0.035209
v 0.026824 0.009168 0.035154
v 0.026824 0.009330 0.035086
v 0.026824 0.009486 0.035005
v 0.026941 0.009498 0.035005
v 0.027059 0.009498 0.035005
v 0.027176 0.009486 0.035005
v 0.027176 0.009330 0.035086
v 0.027176 0.009168 0.035154
v 0.027176 0.009001 0.035209
v 0.027301 0.008701 0.035259
v 0.027601 0.008576 0.035209
v 0.027768 0.008576 0.035154
v 0.027930 0.008576 0.035086
v 0.028086 0.008576 0.035005
v 0.028098 0.008459 0.035005
v 0.028098 0.008341 0.035005
v 0.028086 0.008224 0.035005
v 0.027930 0.008224 0.035086
v 0.027768 0.008224 0.035154
v 0.027601 0.008224 0.035209
v 0.027301 0.008099 0.035259
v 0.027176 0.007799 0.035209
v 0.027176 0.007632 0.035154
v 0.027176 0.007470 0.035086
v 0.027000 0.007133 0.034899
v 0.027437 0.007211 0.034899
v 0.027821 0.007435 0.034899
v 0.028104 0.007778 0.034899
v 0.028251 0.008197 0.034899
v 0.028267 0.008400 0.034899
v 0.028251 0.008603 0.034899
v 0.027896 0.009296 0.034899
v 0.027203 0.009651 0.034899
v 0.027000 0.009667 0.034899
v 0.026797 0.009651 0.034899
v 0.026104 0.009296 0.034899
v 0.025749 0.008603 0.034899
v 0.025733 0.008400 0.034899
v 0.025749 0.008197 0.034899
v 0.026179 0.007435 0.034899
v 0.026941 0.009498 0.035005
v 0.027000 0.009667 0.034899
v 0.027601 0.008224 0.035209
v 0.027768 0.008224 0.035154
v 0.027930 0.008224 0.035086
v 0.028086 0.008224 0.035005
v 0.028086 0.008224 0.034650
v 0.027601 0.008224 0.034650
v 0.027000 0.007133 0.034000
v 0.025795 0.008009 0.034000
v 0.026255 0.009425 0.034000
v 0.027745 0.009425 0.034000
v 0.028205 0.008009 0.034000
v 0.026300 0.008400 0.034000
v 0.026784 0.007734 0.034000
v 0.027566 0.007989 0.034000
v 0.027566 0.008811 0.034000
v 0.026784 0.009066 0.034000
v 0.026824 0.009486 0.035005
v 0.026824 0.009330 0.035086
v 0.026824 0.009168 0.035154
v 0.026824 0.009001 0.035209
v 0.026824 0.009001 0.034650
v 0.026824 0.009486 0.034650
v 0.028086 0.008576 0.035005
v 0.027930 0.008576 0.035086
v 0.027768 0.008576 0.035154
v 0.027601 0.008576 0.035209
v 0.027601 0.008576 0.034650
v 0.028086 0.008576 0.034650
v -0.001100 -0.004900 0.034000
v -0.000616 -0.004234 0.034000
v 0.000166 -0.004489 0.034000
v 0.000166 -0.005311 0.034000
v -0.000616 -0.005566 0.034000
v -0.001100 -0.004900 0.017500
v -0.000668 -0.005547 0.017500
v 0.000095 -0.005395 0.017500
v 0.000247 -0.004632 0.017500
v -0.000400 -0.004200 0.017500
v -0.000668 -0.004253 0.017500
v -0.000895 -0.004405 0.017500
v -0.001047 -0.004632 0.017500
v -0.001100 -0.004900 0.034000
v -0.001100 -0.004900 0.017500
v -0.000224 -0.005501 0.035209
v -0.000099 -0.005201 0.035259
v 0.000201 -0.005076 0.035209
v 0.000201 -0.005076 0.034650
v -0.000011 -0.005133 0.034650
v -0.000167 -0.005289 0.034650
v -0.000224 -0.005501 0.034650
v -0.000400 -0.004200 0.013500
v -0.001066 -0.004684 0.013500
v -0.000811 -0.005466 0.013500
v 0.000011 -0.005466 0.013500
v 0.000266 -0.004684 0.013500
v -0.000400 -0.004050 0.013650
v 0.000408 -0.004637 0.013650
v 0.000100 -0.005588 0.013650
v -0.000900 -0.005588 0.013650
v -0.001208 -0.004637 0.013650
v 0.000011 -0.005466 0.013500
v 0.000100 -0.005588 0.013650
v 0.000201 -0.005076 0.035209
v 0.000368 -0.005076 0.035154
v 0.000530 -0.005076 0.035086
v 0.000686 -0.005076 0.035005
v 0.000686 -0.005076 0.034650
v 0.000201 -0.005076 0.034650
v -0.000576 -0.004299 0.035209
v -0.000701 -0.004599 0.035259
v -0.001001 -0.004724 0.035209
v -0.001001 -0.004724 0.034650
v -0.000789 -0.004667 0.034650
v -0.000633 -0.004511 0.034650
v -0.000576 -0.004299 0.034650
v -0.000400 -0.006167 0.034000
v -0.001605 -0.005291 0.034000
v -0.001145 -0.003875 0.034000
v 0.000345 -0.003875 0.034000
v 0.000805 -0.005291 0.034000
v -0.001100 -0.004900 0.034000
v -0.000616 -0.005566 0.034000
v 0.000166 -0.005311 0.034000
v 0.000166 -0.004489 0.034000
v -0.000616 -0.004234 0.034000
v -0.000400 -0.004050 0.017500
v -0.001001 -0.004299 0.017500
v -0.001250 -0.004900 0.017500
v -0.000725 -0.005685 0.017500
v 0.000201 -0.005501 0.017500
v 0.000385 -0.004575 0.017500
v -0.001100 -0.004900 0.017500
v -0.001047 -0.004632 0.017500
v -0.000895 -0.004405 0.017500
v -0.000668 -0.004253 0.017500
v -0.000400 -0.004200 0.017500
v 0.000247 -0.004632 0.017500
v 0.000095 -0.005395 0.017500
v -0.000668 -0.005547 0.017500
v -0.000224 -0.005986 0.035005
v -0.000341 -0.005998 0.035005
v -0.000459 -0.005998 0.035005
v -0.000576 -0.005986 0.035005
v -0.000576 -0.005830 0.035086
v -0.000576 -0.005668 0.035154
v -0.000576 -0.005501 0.035209
v -0.000701 -0.005201 0.035259
v -0.001001 -0.005076 0.035209
v -0.001168 -0.005076 0.035154
v -0.001330 -0.005076 0.035086
v -0.001486 -0.005076 0.035005
v -0.001498 -0.004959 0.035005
v -0.001498 -0.004841 0.035005
v -0.001486 -0.004724 0.035005
v -0.001330 -0.004724 0.035086
v -0.001168 -0.004724 0.035154
v -0.001001 -0.004724 0.035209
v -0.000701 -0.004599 0.035259
v -0.000576 -0.004299 0.035209
v -0.000576 -0.004132 0.035154
v -0.000576 -0.003970 0.035086
v -0.000576 -0.003814 0.035005
v -0.000459 -0.003802 0.035005
v -0.000341 -0.003802 0.035005
v -0.000224 -0.003814 0.035005
v -0.000224 -0.003970 0.035086
v -0.000224 -0.004132 0.035154
v -0.000224 -0.004299 0.035209
v -0.000099 -0.004599 0.035259
v 0.000201 -0.004724 0.035209
v 0.000368 -0.004724 0.035154
v 0.000530 -0.004724 0.035086
v 0.000686 -0.004724 0.035005
v 0.000698 -0.004841 0.035005
v 0.000698 -0.004959 0.035005
v 0.000686 -0.005076 0.035005
v 0.000530 -0.005076 0.035086
v 0.000368 -0.005076 0.035154
v 0.000201 -0.005076 0.035209
v -0.000099 -0.005201 0.035259
v -0.000224 -0.005501 0.035209
v -0.000224 -0.005668 0.035154
v -0.000224 -0.005830 0.035086
v -0.000400 -0.006167 0.034899
v 0.000037 -0.006089 0.034899
v 0.000421 -0.005865 0.034899
v 0.000704 -0.005522 0.034899
v 0.000851 -0.005103 0.034899
v 0.000867 -0.004900 0.034899
v 0.000851 -0.004697 0.034899
v 0.000496 -0.004004 0.034899
v -0.000197 -0.003649 0.034899
v -0.000400 -0.003633 0.034899
v -0.000603 -0.003649 0.034899
v -0.001296 -0.004004 0.034899
v -0.001651 -0.004697 0.034899
v -0.001667 -0.004900 0.034899
v -0.001651 -0.005103 0.034899
v -0.001221 -0.005865 0.034899
v -0.000459 -0.003802 0.035005
v -0.000400 -0.003633 0.034899
v -0.000400 -0.006167 0.034000
v 0.000805 -0.005291 0.034000
v 0.000345 -0.003875 0.034000
v -0.001145 -0.003875 0.034000
v -0.001605 -0.005291 0.034000
v -0.000400 -0.006167 0.034899
v -0.001221 -0.005865 0.034899
v -0.001651 -0.005103 0.034899
v -0.001667 -0.004900 0.034899
v -0.001651 -0.004697 0.034899
v -0.001296 -0.004004 0.034899
v -0.000603 -0.003649 0.034899
v -0.000400 -0.003633 0.034899
v -0.000197 -0.003649 0.034899
v 0.000496 -0.004004 0.034899
v 0.000851 -0.004697 0.034899
v 0.000867 -0.004900 0.034899
v 0.000851 -0.005103 0.034899
v 0.000704 -0.005522 0.034899
v 0.000421 -0.005865 0.034899
v 0.000037 -0.006089 0.034899
v -0.000400 -0.003633 0.034899
v -0.000400 -0.003400 0.034449
v -0.001282 -0.006114 0.034449
v 0.000482 -0.006114 0.034449
v 0.001027 -0.004436 0.034449
v -0.000400 -0.003400 0.034449
v -0.001827 -0.004436 0.034449
v 0.000345 -0.003875 0.034000
v -0.001001 -0.005076 0.035209
v -0.000701 -0.005201 0.035259
v -0.000576 -0.005501 0.035209
v -0.000576 -0.005501 0.034650
v -0.000633 -0.005289 0.034650
v -0.000789 -0.005133 0.034650
v -0.001001 -0.005076 0.034650
v -0.001486 -0.005076 0.035005
v -0.001330 -0.005076 0.035086
v -0.001168 -0.005076 0.035154
v -0.001001 -0.005076 0.035209
v -0.001001 -0.005076 0.034650
v -0.001486 -0.005076 0.034650
v -0.000224 -0.004299 0.035209
v -0.000224 -0.004132 0.035154
v -0.000224 -0.003970 0.035086
v -0.000224 -0.003814 0.035005
v -0.000224 -0.003814 0.034650
v -0.000224 -0.004299 0.034650
v 0.000686 -0.005076 0.035005
v 0.000698 -0.004959 0.035005
v 0.000698 -0.004841 0.035005
v 0.000686 -0.004724 0.035005
v 0.000686 -0.004724 0.034650
v 0.000698 -0.004841 0.034650
v 0.000698 -0.004959 0.034650
v 0.000686 -0.005076 0.034650
v 0.000686 -0.004724 0.035005
v 0.000530 -0.004724 0.035086
v 0.000368 -0.004724 0.035154
v 0.000201 -0.004724 0.035209
v 0.000201 -0.004724 0.034650
v 0.000686 -0.004724 0.034650
v -0.000576 -0.003814 0.035005
v -0.000576 -0.003970 0.035086
v -0.000576 -0.004132 0.035154
v -0.000576 -0.004299 0.035209
v -0.000576 -0.004299 0.034650
v -0.000576 -0.003814 0.034650
v 0.000201 -0.004724 0.035209
v -0.000099 -0.004599 0.035259
v -0.000224 -0.004299 0.035209
v -0.000224 -0.004299 0.034650
v -0.000167 -0.004511 0.034650
v -0.000011 -0.004667 0.034650
v 0.000201 -0.004724 0.034650
v -0.000400 -0.004050 0.017500
v 0.000385 -0.004575 0.017500
v 0.000201 -0.005501 0.017500
v -0.000725 -0.005685 0.017500
v -0.001250 -0.004900 0.017500
v -0.001001 -0.004299 0.017500
v -0.000400 -0.004050 0.013650
v -0.001208 -0.004637 0.013650
v -0.000900 -0.005588 0.013650
v 0.000100 -0.005588 0.013650
v 0.000408 -0.004637 0.013650
v -0.000400 -0.004050 0.017500
v -0.000400 -0.004050 0.013650
v -0.000224 -0.005986 0.035005
v -0.000224 -0.005830 0.035086
v -0.000224 -0.005668 0.035154
v -0.000224 -0.005501 0.035209
v -0.000224 -0.005501 0.034650
v -0.000224 -0.005986 0.034650
v -0.001486 -0.004724 0.035005
v -0.001498 -0.004841 0.035005
v -0.001498 -0.004959 0.035005
v -0.001486 -0.005076 0.035005
v -0.001486 -0.005076 0.034650
v -0.001498 -0.004959 0.034650
v -0.001498 -0.004841 0.034650
v -0.001486 -0.004724 0.034650
v -0.000400 -0.004200 0.013500
v 0.000266 -0.004684 0.013500
v 0.000011 -0.005466 0.013500
v -0.000811 -0.005466 0.013500
v -0.001066 -0.004684 0.013500
v -0.000224 -0.003814 0.035005
v -0.000341 -0.003802 0.035005
v -0.000459 -0.003802 0.035005
v -0.000576 -0.003814 0.035005
v -0.000576 -0.003814 0.034650
v -0.000459 -0.003802 0.034650
v -0.000341 -0.003802 0.034650
v -0.000224 -0.003814 0.034650
v -0.001001 -0.004724 0.035209
v -0.001168 -0.004724 0.035154
v -0.001330 -0.004724 0.035086
v -0.001486 -0.004724 0.035005
v -0.001486 -0.004724 0.034650
v -0.001001 -0.004724 0.034650
v -0.000576 -0.005986 0.035005
v -0.000459 -0.005998 0.035005
v -0.000341 -0.005998 0.035005
v -0.000224 -0.005986 0.035005
v -0.000224 -0.005986 0.034650
v -0.000341 -0.005998 0.034650
v -0.000459 -0.005998 0.034650
v -0.000576 -0.005986 0.034650
v -0.000576 -0.005501 0.035209
v -0.000576 -0.005668 0.035154
v -0.000576 -0.005830 0.035086
v -0.000576 -0.005986 0.035005
v -0.000576 -0.005986 0.034650
v -0.000576 -0.005501 0.034650
v -0.000224 -0.005986 0.034650
v -0.000224 -0.005501 0.034650
v -0.000167 -0.005289 0.034650
v -0.000011 -0.005133 0.034650
v 0.000201 -0.005076 0.034650
v 0.000686 -0.005076 0.034650
v 0.000698 -0.004959 0.034650
v 0.000698 -0.004841 0.034650
v 0.000686 -0.004724 0.034650
v 0.000201 -0.004724 0.034650
v -0.000011 -0.004667 0.034650
v -0.000167 -0.004511 0.034650
v -0.000224 -0.004299 0.034650
v -0.000224 -0.003814 0.034650
v -0.000341 -0.003802 0.034650
v -0.000459 -0.003802 0.034650
v -0.000576 -0.003814 0.034650
v -0.000576 -0.004299 0.034650
v -0.000633 -0.004511 0.034650
v -0.000789 -0.004667 0.034650
v -0.001001 -0.004724 0.034650
v -0.001486 -0.004724 0.034650
v -0.001498 -0.004841 0.034650
v -0.001498 -0.004959 0.034650
v -0.001486 -0.005076 0.034650
v -0.001001 -0.005076 0.034650
v -0.000789 -0.005133 0.034650
v -0.000633 -0.005289 0.034650
v -0.000576 -0.005501 0.034650
v -0.000576 -0.005986 0.034650
v -0.000459 -0.005998 0.034650
v -0.000341 -0.005998 0.034650
v 0.003100 0.009100 0.013500
v 0.003766 0.008616 0.013500
v 0.003511 0.007834 0.013500
v 0.002689 0.007834 0.013500
v 0.002434 0.008616 0.013500
v 0.003100 0.009100 0.013500
v 0.002434 0.008616 0.013500
v 0.002689 0.007834 0.013500
v 0.003511 0.007834 0.013500
v 0.003766 0.008616 0.013500
v 0.003100 0.009250 0.013650
v 0.003908 0.008663 0.013650
v 0.003600 0.007712 0.013650
v 0.002600 0.007712 0.013650
v 0.002292 0.008663 0.013650
v 0.003511 0.007834 0.013500
v 0.003600 0.007712 0.013650
v 0.003100 0.009250 0.017500
v 0.003885 0.008725 0.017500
v 0.003701 0.007799 0.017500
v 0.002775 0.007615 0.017500
v 0.002250 0.008400 0.017500
v 0.002499 0.009001 0.017500
v 0.003100 0.009250 0.013650
v 0.002292 0.008663 0.013650
v 0.002600 0.007712 0.013650
v 0.003600 0.007712 0.013650
v 0.003908 0.008663 0.013650
v 0.003100 0.009250 0.017500
v 0.003100 0.009250 0.013650
v 0.003100 0.009250 0.017500
v 0.002499 0.009001 0.017500
v 0.002250 0.008400 0.017500
v 0.002775 0.007615 0.017500
v 0.003701 0.007799 0.017500
v 0.003885 0.008725 0.017500
v 0.002400 0.008400 0.017500
v 0.002453 0.008668 0.017500
v 0.002605 0.008895 0.017500
v 0.002832 0.009047 0.017500
v 0.003100 0.009100 0.017500
v 0.003747 0.008668 0.017500
v 0.003595 0.007905 0.017500
v 0.002832 0.007753 0.017500
v 0.002400 0.008400 0.034000
v 0.002884 0.009066 0.034000
v 0.003666 0.008811 0.034000
v 0.003666 0.007989 0.034000
v 0.002884 0.007734 0.034000
v 0.002400 0.008400 0.017500
v 0.002832 0.007753 0.017500
v 0.003595 0.007905 0.017500
v 0.003747 0.008668 0.017500
v 0.003100 0.009100 0.017500
v 0.002832 0.009047 0.017500
v 0.002605 0.008895 0.017500
v 0.002453 0.008668 0.017500
v 0.002400 0.008400 0.034000
v 0.002400 0.008400 0.017500
v 0.003100 0.007133 0.034000
v 0.001895 0.008009 0.034000
v 0.002355 0.009425 0.034000
v 0.003845 0.009425 0.034000
v 0.004305 0.008009 0.034000
v 0.002400 0.008400 0.034000
v 0.002884 0.007734 0.034000
v 0.003666 0.007989 0.034000
v 0.003666 0.008811 0.034000
v 0.002884 0.009066 0.034000
v 0.003100 0.007133 0.034000
v 0.004305 0.008009 0.034000
v 0.003845 0.009425 0.034000
v 0.002355 0.009425 0.034000
v 0.001895 0.008009 0.034000
v 0.003100 0.007133 0.034899
v 0.002279 0.007435 0.034899
v 0.001849 0.008197 0.034899
v 0.001833 0.008400 0.034899
v 0.001849 0.008603 0.034899
v 0.002204 0.009296 0.034899
v 0.002897 0.009651 0.034899
v 0.003100 0.009667 0.034899
v 0.003303 0.009651 0.034899
v 0.003996 0.009296 0.034899
v 0.004351 0.008603 0.034899
v 0.004367 0.008400 0.034899
v 0.004351 0.008197 0.034899
v 0.004204 0.007778 0.034899
v 0.003921 0.007435 0.034899
v 0.003537 0.007211 0.034899
v 0.003100 0.009667 0.034899
v 0.003100 0.009900 0.034449
v 0.002218 0.007186 0.034449
v 0.003982 0.007186 0.034449
v 0.004527 0.008864 0.034449
v 0.003100 0.009900 0.034449
v 0.001673 0.008864 0.034449
v 0.003845 0.009425 0.034000
v 0.003276 0.007314 0.035005
v 0.003159 0.007302 0.035005
v 0.003041 0.007302 0.035005
v 0.002924 0.007314 0.035005
v 0.002924 0.007470 0.035086
v 0.002924 0.007632 0.035154
v 0.002924 0.007799 0.035209
v 0.002799 0.008099 0.035259
v 0.002499 0.008224 0.035209
v 0.002332 0.008224 0.035154
v 0.002170 0.008224 0.035086
v 0.002014 0.008224 0.035005
v 0.002002 0.008341 0.035005
v 0.002002 0.008459 0.035005
v 0.002014 0.008576 0.035005
v 0.002170 0.008576 0.035086
v 0.002332 0.008576 0.035154
v 0.002499 0.008576 0.035209
v 0.002799 0.008701 0.035259
v 0.002924 0.009001 0.035209
v 0.002924 0.009168 0.035154
v 0.002924 0.009330 0.035086
v 0.002924 0.009486 0.035005
v 0.003041 0.009498 0.035005
v 0.003159 0.009498 0.035005
v 0.003276 0.009486 0.035005
v 0.003276 0.009330 0.035086
v 0.003276 0.009168 0.035154
v 0.003276 0.009001 0.035209
v 0.003401 0.008701 0.035259
v 0.003701 0.008576 0.035209
v 0.003868 0.008576 0.035154
v 0.004030 0.008576 0.035086
v 0.004186 0.008576 0.035005
v 0.004198 0.008459 0.035005
v 0.004198 0.008341 0.035005
v 0.004186 0.008224 0.035005
v 0.004030 0.008224 0.035086
v 0.003868 0.008224 0.035154
v 0.003701 0.008224 0.035209
v 0.003401 0.008099 0.035259
v 0.003276 0.007799 0.035209
v 0.003276 0.007632 0.035154
v 0.003276 0.007470 0.035086
v 0.003100 0.007133 0.034899
v 0.003537 0.007211 0.034899
v 0.003921 0.007435 0.034899
v 0.004204 0.007778 0.034899
v 0.004351 0.008197 0.034899
v 0.004367 0.008400 0.034899
v 0.004351 0.008603 0.034899
v 0.003996 0.009296 0.034899
v 0.003303 0.009651 0.034899
v 0.003100 0.009667 0.034899
v 0.002897 0.009651 0.034899
v 0.002204 0.009296 0.034899
v 0.001849 0.008603 0.034899
v 0.001833 0.008400 0.034899
v 0.001849 0.008197 0.034899
v 0.002279 0.007435 0.034899
v 0.003041 0.009498 0.035005
v 0.003100 0.009667 0.034899
v 0.002924 0.007314 0.035005
v 0.003041 0.007302 0.035005
v 0.003159 0.007302 0.035005
v 0.003276 0.007314 0.035005
v 0.003276 0.007314 0.034650
v 0.003159 0.007302 0.034650
v 0.003041 0.007302 0.034650
v 0.002924 0.007314 0.034650
v 0.003276 0.007314 0.035005
v 0.003276 0.007470 0.035086
v 0.003276 0.007632 0.035154
v 0.003276 0.007799 0.035209
v 0.003276 0.007799 0.034650
v 0.003276 0.007314 0.034650
v 0.003276 0.007314 0.034650
v 0.003276 0.007799 0.034650
v 0.003333 0.008011 0.034650
v 0.003489 0.008167 0.034650
v 0.003701 0.008224 0.034650
v 0.004186 0.008224 0.034650
v 0.004198 0.008341 0.034650
v 0.004198 0.008459 0.034650
v 0.004186 0.008576 0.034650
v 0.003701 0.008576 0.034650
v 0.003489 0.008633 0.034650
v 0.003333 0.008789 0.034650
v 0.003276 0.009001 0.034650
v 0.003276 0.009486 0.034650
v 0.003159 0.009498 0.034650
v 0.003041 0.009498 0.034650
v 0.002924 0.009486 0.034650
v 0.002924 0.009001 0.034650
v 0.002867 0.008789 0.034650
v 0.002711 0.008633 0.034650
v 0.002499 0.008576 0.034650
v 0.002014 0.008576 0.034650
v 0.002002 0.008459 0.034650
v 0.002002 0.008341 0.034650
v 0.002014 0.008224 0.034650
v 0.002499 0.008224 0.034650
v 0.002711 0.008167 0.034650
v 0.002867 0.008011 0.034650
v 0.002924 0.007799 0.034650
v 0.002924 0.007314 0.034650
v 0.003041 0.007302 0.034650
v 0.003159 0.007302 0.034650
v 0.002924 0.007799 0.035209
v 0.002924 0.007632 0.035154
v 0.002924 0.007470 0.035086
v 0.002924 0.007314 0.035005
v 0.002924 0.007314 0.034650
v 0.002924 0.007799 0.034650
v 0.002499 0.008224 0.035209
v 0.002799 0.008099 0.035259
v 0.002924 0.007799 0.035209
v 0.002924 0.007799 0.034650
v 0.002867 0.008011 0.034650
v 0.002711 0.008167 0.034650
v 0.002499 0.008224 0.034650
v 0.002014 0.008224 0.035005
v 0.002170 0.008224 0.035086
v 0.002332 0.008224 0.035154
v 0.002499 0.008224 0.035209
v 0.002499 0.008224 0.034650
v 0.002014 0.008224 0.034650
v 0.002014 0.008576 0.035005
v 0.002002 0.008459 0.035005
v 0.002002 0.008341 0.035005
v 0.002014 0.008224 0.035005
v 0.002014 0.008224 0.034650
v 0.002002 0.008341 0.034650
v 0.002002 0.008459 0.034650
v 0.002014 0.008576 0.034650
v 0.003276 0.007799 0.035209
v 0.003401 0.008099 0.035259
v 0.003701 0.008224 0.035209
v 0.003701 0.008224 0.034650
v 0.003489 0.008167 0.034650
v 0.003333 0.008011 0.034650
v 0.003276 0.007799 0.034650
v 0.002499 0.008576 0.035209
v 0.002332 0.008576 0.035154
v 0.002170 0.008576 0.035086
v 0.002014 0.008576 0.035005
v 0.002014 0.008576 0.034650
v 0.002499 0.008576 0.034650
v 0.003701 0.008224 0.035209
v 0.003868 0.008224 0.035154
v 0.004030 0.008224 0.035086
v 0.004186 0.008224 0.035005
v 0.004186 0.008224 0.034650
v 0.003701 0.008224 0.034650
v 0.002924 0.009001 0.035209
v 0.002799 0.008701 0.035259
v 0.002499 0.008576 0.035209
v 0.002499 0.008576 0.034650
v 0.002711 0.008633 0.034650
v 0.002867 0.008789 0.034650
v 0.002924 0.009001 0.034650
v 0.004186 0.008224 0.035005
v 0.004198 0.008341 0.035005
v 0.004198 0.008459 0.035005
v 0.004186 0.008576 0.035005
v 0.004186 0.008576 0.034650
v 0.004198 0.008459 0.034650
v 0.004198 0.008341 0.034650
v 0.004186 0.008224 0.034650
v 0.002924 0.009486 0.035005
v 0.002924 0.009330 0.035086
v 0.002924 0.009168 0.035154
v 0.002924 0.009001 0.035209
v 0.002924 0.009001 0.034650
v 0.002924 0.009486 0.034650
v 0.004186 0.008576 0.035005
v 0.004030 0.008576 0.035086
v 0.003868 0.008576 0.035154
v 0.003701 0.008576 0.035209
v 0.003701 0.008576 0.034650
v 0.004186 0.008576 0.034650
v 0.003276 0.009486 0.035005
v 0.003159 0.009498 0.035005
v 0.003041 0.009498 0.035005
v 0.002924 0.009486 0.035005
v 0.002924 0.009486 0.034650
v 0.003041 0.009498 0.034650
v 0.003159 0.009498 0.034650
v 0.003276 0.009486 0.034650
v 0.003701 0.008576 0.035209
v 0.003401 0.008701 0.035259
v 0.003276 0.009001 0.035209
v 0.003276 0.009001 0.034650
v 0.003333 0.008789 0.034650
v 0.003489 0.008633 0.034650
v 0.003701 0.008576 0.034650
v 0.003276 0.009001 0.035209
v 0.003276 0.009168 0.035154
v 0.003276 0.009330 0.035086
v 0.003276 0.009486 0.035005
v 0.003276 0.009486 0.034650
v 0.003276 0.009001 0.034650
v 0.017450 -0.009900 0.016500
v 0.017450 -0.008302 0.016500
v 0.018500 -0.008302 0.016500
v 0.018500 -0.009900 0.016500
v 0.017450 -0.008600 0.020100
v 0.017450 -0.008600 0.017400
v 0.017450 -0.008302 0.017400
v 0.017450 -0.008302 0.016500
v 0.017450 -0.009900 0.016500
v 0.017450 -0.009900 0.020100
v 0.018500 -0.008600 0.020100
v 0.018500 -0.008600 0.017400
v 0.017450 -0.008600 0.017400
v 0.017450 -0.008600 0.020100
v 0.018500 -0.009900 0.016500
v 0.018500 -0.008302 0.016500
v 0.018500 -0.008302 0.017400
v 0.018500 -0.008600 0.017400
v 0.018500 -0.008600 0.020100
v 0.018500 -0.007900 0.020100
v 0.018500 -0.007900 0.015600
v 0.018500 -0.006100 0.015600
v 0.018500 -0.006100 0.021600
v 0.018500 -0.009900 0.021600
v 0.008500 -0.009900 0.016500
v 0.009550 -0.009900 0.016500
v 0.009550 -0.009900 0.020100
v 0.017450 -0.009900 0.020100
v 0.017450 -0.009900 0.016500
v 0.018500 -0.009900 0.016500
v 0.018500 -0.009900 0.021600
v 0.008500 -0.009900 0.021600
v 0.009550 -0.009900 0.016500
v 0.008500 -0.009900 0.016500
v 0.008500 -0.008302 0.016500
v 0.009550 -0.008302 0.016500
v 0.009550 -0.008600 0.017400
v 0.009550 -0.008600 0.020100
v 0.009550 -0.009900 0.020100
v 0.009550 -0.009900 0.016500
v 0.009550 -0.008302 0.016500
v 0.009550 -0.008302 0.017400
v 0.017450 -0.008302 0.016500
v 0.017450 -0.008302 0.017400
v 0.018500 -0.008302 0.017400
v 0.018500 -0.008302 0.016500
v 0.009550 -0.008600 0.017400
v 0.008500 -0.008600 0.017400
v 0.008500 -0.008600 0.020100
v 0.009550 -0.008600 0.020100
v 0.018500 -0.008600 0.017400
v 0.018500 -0.008302 0.017400
v 0.017450 -0.008302 0.017400
v 0.017450 -0.008600 0.017400
v 0.018050 -0.007202 0.020100
v 0.017450 -0.007202 0.020100
v 0.017450 -0.007900 0.020100
v 0.018500 -0.007900 0.020100
v 0.018500 -0.008600 0.020100
v 0.017450 -0.008600 0.020100
v 0.017450 -0.009900 0.020100
v 0.009550 -0.009900 0.020100
v 0.009550 -0.008600 0.020100
v 0.008500 -0.008600 0.020100
v 0.008500 -0.007900 0.020100
v 0.009550 -0.007900 0.020100
v 0.009550 -0.007202 0.020100
v 0.008950 -0.007202 0.020100
v 0.008950 -0.006602 0.020100
v 0.018050 -0.006602 0.020100
v 0.010680 -0.007380 0.020100
v 0.010680 -0.008020 0.020100
v 0.011320 -0.008020 0.020100
v 0.011320 -0.007380 0.020100
v 0.013180 -0.007380 0.020100
v 0.013180 -0.008020 0.020100
v 0.013820 -0.008020 0.020100
v 0.013820 -0.007380 0.020100
v 0.015680 -0.007380 0.020100
v 0.015680 -0.008020 0.020100
v 0.016320 -0.008020 0.020100
v 0.016320 -0.007380 0.020100
v 0.009550 -0.008302 0.017400
v 0.008500 -0.008302 0.017400
v 0.008500 -0.008600 0.017400
v 0.009550 -0.008600 0.017400
v 0.018050 -0.007202 0.020100
v 0.018050 -0.007202 0.016600
v 0.017450 -0.007202 0.016600
v 0.017450 -0.007202 0.020100
v 0.008500 -0.008302 0.017400
v 0.009550 -0.008302 0.017400
v 0.009550 -0.008302 0.016500
v 0.008500 -0.008302 0.016500
v 0.018050 -0.007202 0.016600
v 0.018050 -0.007202 0.020100
v 0.018050 -0.006602 0.020100
v 0.018050 -0.006602 0.015600
v 0.018050 -0.007900 0.015600
v 0.018050 -0.007900 0.016600
v 0.008500 -0.009900 0.021600
v 0.018500 -0.009900 0.021600
v 0.018500 -0.006100 0.021600
v 0.008500 -0.006100 0.021600
v 0.010680 -0.008020 0.021600
v 0.010680 -0.007380 0.021600
v 0.011320 -0.007380 0.021600
v 0.011320 -0.008020 0.021600
v 0.013180 -0.008020 0.021600
v 0.013180 -0.007380 0.021600
v 0.013820 -0.007380 0.021600
v 0.013820 -0.008020 0.021600
v 0.015680 -0.008020 0.021600
v 0.015680 -0.007380 0.021600
v 0.016320 -0.007380 0.021600
v 0.016320 -0.008020 0.021600
v 0.008500 -0.007900 0.015600
v 0.008500 -0.007900 0.020100
v 0.008500 -0.008600 0.020100
v 0.008500 -0.008600 0.017400
v 0.008500 -0.008302 0.017400
v 0.008500 -0.008302 0.016500
v 0.008500 -0.009900 0.016500
v 0.008500 -0.009900 0.021600
v 0.008500 -0.006100 0.021600
v 0.008500 -0.006100 0.015600
v 0.017450 -0.007900 0.016600
v 0.018050 -0.007900 0.016600
v 0.018050 -0.007900 0.015600
v 0.018500 -0.007900 0.015600
v 0.018500 -0.007900 0.020100
v 0.017450 -0.007900 0.020100
v 0.018050 -0.007202 0.016600
v 0.018050 -0.007900 0.016600
v 0.017450 -0.007900 0.016600
v 0.017450 -0.007202 0.016600
v 0.010680 -0.007380 0.021600
v 0.010680 -0.008020 0.021600
v 0.010680 -0.008020 0.024800
v 0.010680 -0.007380 0.024800
v 0.008500 -0.007900 0.015600
v 0.008950 -0.007900 0.015600
v 0.008950 -0.007900 0.016600
v 0.009550 -0.007900 0.016600
v 0.009550 -0.007900 0.020100
v 0.008500 -0.007900 0.020100
v 0.008500 -0.006100 0.021600
v 0.018500 -0.006100 0.021600
v 0.018500 -0.006100 0.015600
v 0.008500 -0.006100 0.015600
v 0.018050 -0.006602 0.015600
v 0.008950 -0.006602 0.015600
v 0.008950 -0.007900 0.015600
v 0.008500 -0.007900 0.015600
v 0.008500 -0.006100 0.015600
v 0.018500 -0.006100 0.015600
v 0.018500 -0.007900 0.015600
v 0.018050 -0.007900 0.015600
v 0.010680 -0.008020 0.020100
v 0.010680 -0.007380 0.020100
v 0.010680 -0.007380 0.016100
v 0.010680 -0.008020 0.016100
v 0.017450 -0.007202 0.016600
v 0.017450 -0.007900 0.016600
v 0.017450 -0.007900 0.020100
v 0.017450 -0.007202 0.020100
v 0.011320 -0.007380 0.021600
v 0.010680 -0.007380 0.021600
v 0.010680 -0.007380 0.024800
v 0.011320 -0.007380 0.024800
v 0.008950 -0.006602 0.015600
v 0.018050 -0.006602 0.015600
v 0.018050 -0.006602 0.020100
v 0.008950 -0.006602 0.020100
v 0.011320 -0.008020 0.020100
v 0.010680 -0.008020 0.020100
v 0.010680 -0.008020 0.016100
v 0.011320 -0.008020 0.016100
v 0.013180 -0.008020 0.020100
v 0.013180 -0.007380 0.020100
v 0.013180 -0.007380 0.016100
v 0.013180 -0.008020 0.016100
v 0.010680 -0.007380 0.020100
v 0.011320 -0.007380 0.020100
v 0.011320 -0.007380 0.016100
v 0.010680 -0.007380 0.016100
v 0.011320 -0.008020 0.021600
v 0.011320 -0.007380 0.021600
v 0.011320 -0.007380 0.024800
v 0.011320 -0.008020 0.024800
v 0.008950 -0.007202 0.020100
v 0.008950 -0.007202 0.016600
v 0.008950 -0.007900 0.016600
v 0.008950 -0.007900 0.015600
v 0.008950 -0.006602 0.015600
v 0.008950 -0.006602 0.020100
v 0.011320 -0.007380 0.020100
v 0.011320 -0.008020 0.020100
v 0.011320 -0.008020 0.016100
v 0.011320 -0.007380 0.016100
v 0.015680 -0.008020 0.020100
v 0.015680 -0.007380 0.020100
v 0.015680 -0.007380 0.016100
v 0.015680 -0.008020 0.016100
v 0.013820 -0.008020 0.020100
v 0.013180 -0.008020 0.020100
v 0.013180 -0.008020 0.016100
v 0.013820 -0.008020 0.016100
v 0.013180 -0.007380 0.020100
v 0.013820 -0.007380 0.020100
v 0.013820 -0.007380 0.016100
v 0.013180 -0.007380 0.016100
v 0.010680 -0.007380 0.016100
v 0.011320 -0.007380 0.016100
v 0.011320 -0.008020 0.016100
v 0.010680 -0.008020 0.016100
v 0.010680 -0.008020 0.021600
v 0.011320 -0.008020 0.021600
v 0.011320 -0.008020 0.024800
v 0.010680 -0.008020 0.024800
v 0.009550 -0.007202 0.016600
v 0.008950 -0.007202 0.016600
v 0.008950 -0.007202 0.020100
v 0.009550 -0.007202 0.020100
v 0.009550 -0.007202 0.020100
v 0.009550 -0.007900 0.020100
v 0.009550 -0.007900 0.016600
v 0.009550 -0.007202 0.016600
v 0.016320 -0.008020 0.020100
v 0.015680 -0.008020 0.020100
v 0.015680 -0.008020 0.016100
v 0.016320 -0.008020 0.016100
v 0.015680 -0.007380 0.020100
v 0.016320 -0.007380 0.020100
v 0.016320 -0.007380 0.016100
v 0.015680 -0.007380 0.016100
v 0.013820 -0.007380 0.020100
v 0.013820 -0.008020 0.020100
v 0.013820 -0.008020 0.016100
v 0.013820 -0.007380 0.016100
v 0.013180 -0.007380 0.016100
v 0.013820 -0.007380 0.016100
v 0.013820 -0.008020 0.016100
v 0.013180 -0.008020 0.016100
v 0.013180 -0.007380 0.021600
v 0.013180 -0.008020 0.021600
v 0.013180 -0.008020 0.024800
v 0.013180 -0.007380 0.024800
v 0.011320 -0.008020 0.024800
v 0.011320 -0.007380 0.024800
v 0.010680 -0.007380 0.024800
v 0.010680 -0.008020 0.024800
v 0.009550 -0.007900 0.016600
v 0.008950 -0.007900 0.016600
v 0.008950 -0.007202 0.016600
v 0.009550 -0.007202 0.016600
v 0.016320 -0.007380 0.020100
v 0.016320 -0.008020 0.020100
v 0.016320 -0.008020 0.016100
v 0.016320 -0.007380 0.016100
v 0.015680 -0.007380 0.016100
v 0.016320 -0.007380 0.016100
v 0.016320 -0.008020 0.016100
v 0.015680 -0.008020 0.016100
v 0.015680 -0.007380 0.021600
v 0.015680 -0.008020 0.021600
v 0.015680 -0.008020 0.024800
v 0.015680 -0.007380 0.024800
v 0.013820 -0.007380 0.021600
v 0.013180 -0.007380 0.021600
v 0.013180 -0.007380 0.024800
v 0.013820 -0.007380 0.024800
v 0.013180 -0.008020 0.021600
v 0.013820 -0.008020 0.021600
v 0.013820 -0.008020 0.024800
v 0.013180 -0.008020 0.024800
v 0.016320 -0.007380 0.021600
v 0.015680 -0.007380 0.021600
v 0.015680 -0.007380 0.024800
v 0.016320 -0.007380 0.024800
v 0.015680 -0.008020 0.021600
v 0.016320 -0.008020 0.021600
v 0.016320 -0.008020 0.024800
v 0.015680 -0.008020 0.024800
v 0.013820 -0.008020 0.021600
v 0.013820 -0.007380 0.021600
v 0.013820 -0.007380 0.024800
v 0.013820 -0.008020 0.024800
v 0.013820 -0.008020 0.024800
v 0.013820 -0.007380 0.024800
v 0.013180 -0.007380 0.024800
v 0.013180 -0.008020 0.024800
v 0.016320 -0.008020 0.021600
v 0.016320 -0.007380 0.021600
v 0.016320 -0.007380 0.024800
v 0.016320 -0.008020 0.024800
v 0.016320 -0.008020 0.024800
v 0.016320 -0.007380 0.024800
v 0.015680 -0.007380 0.024800
v 0.015680 -0.008020 0.024800
v 0.009550 0.009900 0.016500
v 0.009550 0.008302 0.016500
v 0.008500 0.008302 0.016500
v 0.008500 0.009900 0.016500
v 0.009550 0.008600 0.020100
v 0.009550 0.008600 0.017400
v 0.009550 0.008302 0.017400
v 0.009550 0.008302 0.016500
v 0.009550 0.009900 0.016500
v 0.009550 0.009900 0.020100
v 0.008500 0.008600 0.020100
v 0.008500 0.008600 0.017400
v 0.009550 0.008600 0.017400
v 0.009550 0.008600 0.020100
v 0.008500 0.009900 0.016500
v 0.008500 0.008302 0.016500
v 0.008500 0.008302 0.017400
v 0.008500 0.008600 0.017400
v 0.008500 0.008600 0.020100
v 0.008500 0.007900 0.020100
v 0.008500 0.007900 0.015600
v 0.008500 0.006100 0.015600
v 0.008500 0.006100 0.021600
v 0.008500 0.009900 0.021600
v 0.018500 0.009900 0.016500
v 0.017450 0.009900 0.016500
v 0.017450 0.009900 0.020100
v 0.009550 0.009900 0.020100
v 0.009550 0.009900 0.016500
v 0.008500 0.009900 0.016500
v 0.008500 0.009900 0.021600
v 0.018500 0.009900 0.021600
v 0.017450 0.009900 0.016500
v 0.018500 0.009900 0.016500
v 0.018500 0.008302 0.016500
v 0.017450 0.008302 0.016500
v 0.017450 0.008600 0.017400
v 0.017450 0.008600 0.020100
v 0.017450 0.009900 0.020100
v 0.017450 0.009900 0.016500
v 0.017450 0.008302 0.016500
v 0.017450 0.008302 0.017400
v 0.009550 0.008302 0.016500
v 0.009550 0.008302 0.017400
v 0.008500 0.008302 0.017400
v 0.008500 0.008302 0.016500
v 0.017450 0.008600 0.017400
v 0.018500 0.008600 0.017400
v 0.018500 0.008600 0.020100
v 0.017450 0.008600 0.020100
v 0.008500 0.008600 0.017400
v 0.008500 0.008302 0.017400
v 0.009550 0.008302 0.017400
v 0.009550 0.008600 0.017400
v 0.008950 0.007202 0.020100
v 0.009550 0.007202 0.020100
v 0.009550 0.007900 0.020100
v 0.008500 0.007900 0.020100
v 0.008500 0.008600 0.020100
v 0.009550 0.008600 0.020100
v 0.009550 0.009900 0.020100
v 0.017450 0.009900 0.020100
v 0.017450 0.008600 0.020100
v 0.018500 0.008600 0.020100
v 0.018500 0.007900 0.020100
v 0.017450 0.007900 0.020100
v 0.017450 0.007202 0.020100
v 0.018050 0.007202 0.020100
v 0.018050 0.006602 0.020100
v 0.008950 0.006602 0.020100
v 0.016320 0.007380 0.020100
v 0.016320 0.008020 0.020100
v 0.015680 0.008020 0.020100
v 0.015680 0.007380 0.020100
v 0.013820 0.007380 0.020100
v 0.013820 0.008020 0.020100
v 0.013180 0.008020 0.020100
v 0.013180 0.007380 0.020100
v 0.011320 0.007380 0.020100
v 0.011320 0.008020 0.020100
v 0.010680 0.008020 0.020100
v 0.010680 0.007380 0.020100
v 0.017450 0.008302 0.017400
v 0.018500 0.008302 0.017400
v 0.018500 0.008600 0.017400
v 0.017450 0.008600 0.017400
v 0.008950 0.007202 0.020100
v 0.008950 0.007202 0.016600
v 0.009550 0.007202 0.016600
v 0.009550 0.007202 0.020100
v 0.018500 0.008302 0.017400
v 0.017450 0.008302 0.017400
v 0.017450 0.008302 0.016500
v 0.018500 0.008302 0.016500
v 0.008950 0.007202 0.016600
v 0.008950 0.007202 0.020100
v 0.008950 0.006602 0.020100
v 0.008950 0.006602 0.015600
v 0.008950 0.007900 0.015600
v 0.008950 0.007900 0.016600
v 0.018500 0.009900 0.021600
v 0.008500 0.009900 0.021600
v 0.008500 0.006100 0.021600
v 0.018500 0.006100 0.021600
v 0.016320 0.008020 0.021600
v 0.016320 0.007380 0.021600
v 0.015680 0.007380 0.021600
v 0.015680 0.008020 0.021600
v 0.013820 0.008020 0.021600
v 0.013820 0.007380 0.021600
v 0.013180 0.007380 0.021600
v 0.013180 0.008020 0.021600
v 0.011320 0.008020 0.021600
v 0.011320 0.007380 0.021600
v 0.010680 0.007380 0.021600
v 0.010680 0.008020 0.021600
v 0.018500 0.007900 0.015600
v 0.018500 0.007900 0.020100
v 0.018500 0.008600 0.020100
v 0.018500 0.008600 0.017400
v 0.018500 0.008302 0.017400
v 0.018500 0.008302 0.016500
v 0.018500 0.009900 0.016500
v 0.018500 0.009900 0.021600
v 0.018500 0.006100 0.021600
v 0.018500 0.006100 0.015600
v 0.009550 0.007900 0.016600
v 0.008950 0.007900 0.016600
v 0.008950 0.007900 0.015600
v 0.008500 0.007900 0.015600
v 0.008500 0.007900 0.020100
v 0.009550 0.007900 0.020100
v 0.008950 0.007202 0.016600
v 0.008950 0.007900 0.016600
v 0.009550 0.007900 0.016600
v 0.009550 0.007202 0.016600
v 0.016320 0.007380 0.021600
v 0.016320 0.008020 0.021600
v 0.016320 0.008020 0.024800
v 0.016320 0.007380 0.024800
v 0.018500 0.007900 0.015600
v 0.018050 0.007900 0.015600
v 0.018050 0.007900 0.016600
v 0.017450 0.007900 0.016600
v 0.017450 0.007900 0.020100
v 0.018500 0.007900 0.020100
v 0.018500 0.006100 0.021600
v 0.008500 0.006100 0.021600
v 0.008500 0.006100 0.015600
v 0.018500 0.006100 0.015600
v 0.008950 0.006602 0.015600
v 0.018050 0.006602 0.015600
v 0.018050 0.007900 0.015600
v 0.018500 0.007900 0.015600
v 0.018500 0.006100 0.015600
v 0.008500 0.006100 0.015600
v 0.008500 0.007900 0.015600
v 0.008950 0.007900 0.015600
v 0.016320 0.008020 0.020100
v 0.016320 0.007380 0.020100
v 0.016320 0.007380 0.016100
v 0.016320 0.008020 0.016100
v 0.009550 0.007202 0.016600
v 0.009550 0.007900 0.016600
v 0.009550 0.007900 0.020100
v 0.009550 0.007202 0.020100
v 0.015680 0.007380 0.021600
v 0.016320 0.007380 0.021600
v 0.016320 0.007380 0.024800
v 0.015680 0.007380 0.024800
v 0.018050 0.006602 0.015600
v 0.008950 0.006602 0.015600
v 0.008950 0.006602 0.020100
v 0.018050 0.006602 0.020100
v 0.015680 0.008020 0.020100
v 0.016320 0.008020 0.020100
v 0.016320 0.008020 0.016100
v 0.015680 0.008020 0.016100
v 0.013820 0.008020 0.020100
v 0.013820 0.007380 0.020100
v 0.013820 0.007380 0.016100
v 0.013820 0.008020 0.016100
v 0.016320 0.007380 0.020100
v 0.015680 0.007380 0.020100
v 0.015680 0.007380 0.016100
v 0.016320 0.007380 0.016100
v 0.015680 0.008020 0.021600
v 0.015680 0.007380 0.021600
v 0.015680 0.007380 0.024800
v 0.015680 0.008020 0.024800
v 0.018050 0.007202 0.020100
v 0.018050 0.007202 0.016600
v 0.018050 0.007900 0.016600
v 0.018050 0.007900 0.015600
v 0.018050 0.006602 0.015600
v 0.018050 0.006602 0.020100
v 0.015680 0.007380 0.020100
v 0.015680 0.008020 0.020100
v 0.015680 0.008020 0.016100
v 0.015680 0.007380 0.016100
v 0.011320 0.008020 0.020100
v 0.011320 0.007380 0.020100
v 0.011320 0.007380 0.016100
v 0.011320 0.008020 0.016100
v 0.013180 0.008020 0.020100
v 0.013820 0.008020 0.020100
v 0.013820 0.008020 0.016100
v 0.013180 0.008020 0.016100
v 0.013820 0.007380 0.020100
v 0.013180 0.007380 0.020100
v 0.013180 0.007380 0.016100
v 0.013820 0.007380 0.016100
v 0.016320 0.007380 0.016100
v 0.015680 0.007380 0.016100
v 0.015680 0.008020 0.016100
v 0.016320 0.008020 0.016100
v 0.016320 0.008020 0.021600
v 0.015680 0.008020 0.021600
v 0.015680 0.008020 0.024800
v 0.016320 0.008020 0.024800
v 0.017450 0.007202 0.016600
v 0.018050 0.007202 0.016600
v 0.018050 0.007202 0.020100
v 0.017450 0.007202 0.020100
v 0.017450 0.007202 0.020100
v 0.017450 0.007900 0.020100
v 0.017450 0.007900 0.016600
v 0.017450 0.007202 0.016600
v 0.010680 0.008020 0.020100
v 0.011320 0.008020 0.020100
v 0.011320 0.008020 0.016100
v 0.010680 0.008020 0.016100
v 0.011320 0.007380 0.020100
v 0.010680 0.007380 0.020100
v 0.010680 0.007380 0.016100
v 0.011320 0.007380 0.016100
v 0.013180 0.007380 0.020100
v 0.013180 0.008020 0.020100
v 0.013180 0.008020 0.016100
v 0.013180 0.007380 0.016100
v 0.013820 0.007380 0.016100
v 0.013180 0.007380 0.016100
v 0.013180 0.008020 0.016100
v 0.013820 0.008020 0.016100
v 0.013820 0.007380 0.021600
v 0.013820 0.008020 0.021600
v 0.013820 0.008020 0.024800
v 0.013820 0.007380 0.024800
v 0.015680 0.008020 0.024800
v 0.015680 0.007380 0.024800
v 0.016320 0.007380 0.024800
v 0.016320 0.008020 0.024800
v 0.017450 0.007900 0.016600
v 0.018050 0.007900 0.016600
v 0.018050 0.007202 0.016600
v 0.017450 0.007202 0.016600
v 0.010680 0.007380 0.020100
v 0.010680 0.008020 0.020100
v 0.010680 0.008020 0.016100
v 0.010680 0.007380 0.016100
v 0.011320 0.007380 0.016100
v 0.010680 0.007380 0.016100
v 0.010680 0.008020 0.016100
v 0.011320 0.008020 0.016100
v 0.011320 0.007380 0.021600
v 0.011320 0.008020 0.021600
v 0.011320 0.008020 0.024800
v 0.011320 0.007380 0.024800
v 0.013180 0.007380 0.021600
v 0.013820 0.007380 0.021600
v 0.013820 0.007380 0.024800
v 0.013180 0.007380 0.024800
v 0.013820 0.008020 0.021600
v 0.013180 0.008020 0.021600
v 0.013180 0.008020 0.024800
v 0.013820 0.008020 0.024800
v 0.010680 0.007380 0.021600
v 0.011320 0.007380 0.021600
v 0.011320 0.007380 0.024800
v 0.010680 0.007380 0.024800
v 0.011320 0.008020 0.021600
v 0.010680 0.008020 0.021600
v 0.010680 0.008020 0.024800
v 0.011320 0.008020 0.024800
v 0.013180 0.008020 0.021600
v 0.013180 0.007380 0.021600
v 0.013180 0.007380 0.024800
v 0.013180 0.008020 0.024800
v 0.013180 0.008020 0.024800
v 0.013180 0.007380 0.024800
v 0.013820 0.007380 0.024800
v 0.013820 0.008020 0.024800
v 0.010680 0.008020 0.021600
v 0.010680 0.007380 0.021600
v 0.010680 0.007380 0.024800
v 0.010680 0.008020 0.024800
v 0.010680 0.008020 0.024800
v 0.010680 0.007380 0.024800
v 0.011320 0.007380 0.024800
v 0.011320 0.008020 0.024800
v 0.027777 0.011534 0.022270
v 0.027344 0.011534 0.022520
v 0.027284 0.010034 0.022416
v 0.027717 0.010034 0.022166
v 0.030500 0.010034 0.023773
v 0.030500 0.011834 0.023773
v 0.030500 0.011834 0.022868
v 0.030500 0.010034 0.022868
v 0.030500 0.010034 0.024273
v 0.030500 0.011834 0.024273
v 0.030380 0.011834 0.024273
v 0.030380 0.011534 0.024273
v 0.006810 0.010034 0.033023
v 0.006810 0.011834 0.033023
v 0.006492 0.011834 0.032473
v 0.006492 0.010034 0.032473
v 0.015777 0.011534 0.025776
v 0.015344 0.011534 0.025526
v 0.015344 0.011834 0.025526
v 0.015777 0.011834 0.025776
v 0.004250 0.010034 0.031023
v 0.004250 0.011534 0.031143
v 0.004250 0.011834 0.031143
v 0.004250 0.011834 0.031023
v -0.000380 0.011534 0.023773
v -0.000380 0.011534 0.024273
v -0.000500 0.010034 0.024273
v -0.000500 0.010034 0.023773
v 0.027021 0.010034 0.016389
v 0.027021 0.011834 0.016389
v 0.027810 0.011834 0.015023
v 0.027810 0.010034 0.015023
v 0.027107 0.010034 0.013807
v 0.027003 0.011534 0.013867
v 0.027003 0.011834 0.013867
v 0.027107 0.011834 0.013807
v 0.023191 0.010034 0.015023
v 0.023191 0.011834 0.015023
v 0.023508 0.011834 0.015573
v 0.023508 0.010034 0.015573
v 0.020893 0.010034 0.019240
v 0.020997 0.011534 0.019180
v 0.020997 0.011834 0.019180
v 0.020893 0.011834 0.019240
v 0.018500 0.010164 0.025178
v 0.018500 0.011834 0.025178
v 0.018671 0.011834 0.025178
v 0.018671 0.010534 0.025178
v 0.016500 0.010034 0.026333
v 0.016500 0.011834 0.026333
v 0.017284 0.011834 0.025880
v 0.017284 0.010034 0.025880
v 0.014717 0.010034 0.022416
v 0.014717 0.011834 0.022416
v 0.014657 0.011834 0.022520
v 0.014657 0.011534 0.022520
v 0.014657 0.011534 0.022520
v 0.014224 0.011534 0.022270
v 0.014284 0.010034 0.022166
v 0.014717 0.010034 0.022416
v 0.004250 0.010034 0.017023
v 0.004250 0.011834 0.017023
v 0.004250 0.011834 0.016903
v 0.004250 0.011534 0.016903
v 0.024357 0.010034 0.029240
v 0.024357 0.011834 0.029240
v 0.024253 0.011834 0.029300
v 0.024253 0.011534 0.029300
v 0.002645 0.010034 0.016811
v 0.002645 0.011834 0.016811
v 0.000995 0.011834 0.016836
v 0.000099 0.011834 0.018222
v 0.000755 0.011834 0.019736
v 0.002378 0.011834 0.020033
v 0.003526 0.011834 0.018847
v 0.003178 0.011834 0.017234
v 0.003178 0.010034 0.017234
v 0.003526 0.010034 0.018847
v 0.002378 0.010034 0.020033
v 0.000755 0.010034 0.019736
v 0.000099 0.010034 0.018222
v 0.000995 0.010034 0.016836
v 0.005249 0.010034 0.031023
v 0.005249 0.011834 0.031023
v 0.004750 0.011834 0.031023
v 0.004750 0.010034 0.031023
v 0.027356 0.010034 0.031236
v 0.027356 0.011834 0.031236
v 0.029006 0.011834 0.031211
v 0.029901 0.011834 0.029824
v 0.029246 0.011834 0.028310
v 0.027622 0.011834 0.028014
v 0.026474 0.011834 0.029199
v 0.026823 0.011834 0.030812
v 0.026823 0.010034 0.030812
v 0.026474 0.010034 0.029199
v 0.027622 0.010034 0.028014
v 0.029246 0.010034 0.028310
v 0.029901 0.010034 0.029824
v 0.029006 0.010034 0.031211
v 0.020747 0.011534 0.029300
v 0.020997 0.011534 0.028867
v 0.020997 0.011834 0.028867
v 0.020747 0.011834 0.029300
v 0.015344 0.011534 0.022520
v 0.015777 0.011534 0.022270
v 0.015777 0.011834 0.022270
v 0.015344 0.011834 0.022520
v 0.030380 0.011534 0.024273
v 0.030380 0.011534 0.023773
v 0.030500 0.010034 0.023773
v 0.030500 0.010034 0.024273
v 0.030380 0.011534 0.023773
v 0.030380 0.011534 0.024273
v 0.030380 0.011834 0.024273
v 0.030380 0.011834 0.023773
v 0.005655 0.010034 0.035023
v 0.005655 0.011834 0.035023
v 0.006107 0.011834 0.034240
v 0.006107 0.010034 0.034240
v 0.015344 0.011534 0.025526
v 0.015777 0.011534 0.025776
v 0.015717 0.010034 0.025880
v 0.015284 0.010034 0.025630
v 0.014224 0.011534 0.022270
v 0.014657 0.011534 0.022520
v 0.014657 0.011834 0.022520
v 0.014224 0.011834 0.022270
v 0.013500 0.010034 0.026333
v 0.013500 0.011834 0.026333
v 0.014284 0.011834 0.025880
v 0.014284 0.010034 0.025880
v 0.002643 0.010034 0.033807
v 0.002643 0.011834 0.033807
v 0.002747 0.011834 0.033747
v 0.002747 0.011534 0.033747
v -0.000500 0.010034 0.024273
v -0.000380 0.011534 0.024273
v -0.000380 0.011834 0.024273
v -0.000500 0.011834 0.024273
v 0.027810 0.010034 0.015023
v 0.027810 0.011834 0.015023
v 0.027357 0.011834 0.014240
v 0.027357 0.010034 0.014240
v 0.023893 0.010034 0.013807
v 0.023893 0.011834 0.013807
v 0.023997 0.011834 0.013867
v 0.023997 0.011534 0.013867
v 0.024346 0.010034 0.013023
v 0.024346 0.011834 0.013023
v 0.023893 0.011834 0.013807
v 0.023893 0.010034 0.013807
v 0.020643 0.010034 0.018807
v 0.020643 0.011834 0.018807
v 0.020747 0.011834 0.018747
v 0.020747 0.011534 0.018747
v 0.020747 0.011534 0.018747
v 0.020997 0.011534 0.019180
v 0.020893 0.010034 0.019240
v 0.020643 0.010034 0.018807
v 0.017717 0.010034 0.025630
v 0.017717 0.011834 0.025630
v 0.018500 0.011834 0.025178
v 0.018500 0.010164 0.025178
v 0.018201 0.010034 0.025351
v 0.015284 0.010034 0.022416
v 0.015344 0.011534 0.022520
v 0.015344 0.011834 0.022520
v 0.015284 0.011834 0.022416
v 0.004750 0.011534 0.016903
v 0.004250 0.011534 0.016903
v 0.004250 0.011834 0.016903
v 0.004750 0.011834 0.016903
v 0.003346 0.010034 0.013023
v 0.003346 0.011834 0.013023
v 0.002893 0.011834 0.013807
v 0.002893 0.010034 0.013807
v 0.020997 0.011534 0.019180
v 0.020747 0.011534 0.018747
v 0.020747 0.011834 0.018747
v 0.020997 0.011834 0.019180
v 0.002980 0.010034 0.016389
v 0.002980 0.011834 0.016389
v 0.002645 0.011834 0.016811
v 0.002645 0.010034 0.016811
v 0.004250 0.010034 0.031023
v 0.004250 0.011834 0.031023
v 0.003346 0.011834 0.031023
v 0.003346 0.010034 0.031023
v 0.027021 0.010034 0.031657
v 0.027021 0.011834 0.031657
v 0.027356 0.011834 0.031236
v 0.027356 0.010034 0.031236
v 0.020643 0.010034 0.029240
v 0.020747 0.011534 0.029300
v 0.020747 0.011834 0.029300
v 0.020643 0.011834 0.029240
v 0.020997 0.011534 0.028867
v 0.020747 0.011534 0.029300
v 0.020643 0.010034 0.029240
v 0.020893 0.010034 0.028807
v 0.015777 0.011534 0.022270
v 0.015344 0.011534 0.022520
v 0.015284 0.010034 0.022416
v 0.015717 0.010034 0.022166
v 0.030500 0.010034 0.023773
v 0.030380 0.011534 0.023773
v 0.030380 0.011834 0.023773
v 0.030500 0.011834 0.023773
v 0.007750 0.010034 0.032023
v 0.007750 0.011534 0.031903
v 0.007750 0.011834 0.031903
v 0.007750 0.011834 0.032023
v 0.006357 0.010034 0.033807
v 0.006357 0.011834 0.033807
v 0.006810 0.011834 0.033023
v 0.006810 0.010034 0.033023
v 0.015717 0.010034 0.025880
v 0.015777 0.011534 0.025776
v 0.015777 0.011834 0.025776
v 0.015717 0.011834 0.025880
v 0.014284 0.010034 0.025880
v 0.014284 0.011834 0.025880
v 0.014224 0.011834 0.025776
v 0.014224 0.011534 0.025776
v 0.014717 0.010034 0.025630
v 0.014657 0.011534 0.025526
v 0.014657 0.011834 0.025526
v 0.014717 0.011834 0.025630
v 0.002997 0.011534 0.034180
v 0.002747 0.011534 0.033747
v 0.002747 0.011834 0.033747
v 0.002997 0.011834 0.034180
v 0.027107 0.010034 0.013807
v 0.027107 0.011834 0.013807
v 0.026655 0.011834 0.013023
v 0.026655 0.010034 0.013023
v 0.023747 0.011534 0.014300
v 0.023997 0.011534 0.013867
v 0.023997 0.011834 0.013867
v 0.023747 0.011834 0.014300
v 0.023643 0.010034 0.014240
v 0.023643 0.011834 0.014240
v 0.023191 0.011834 0.015023
v 0.023191 0.010034 0.015023
v 0.015000 0.010034 0.025467
v 0.015000 0.011834 0.025467
v 0.015284 0.011834 0.025630
v 0.015284 0.010034 0.025630
v 0.004250 0.011534 0.016903
v 0.004750 0.011534 0.016903
v 0.004750 0.010034 0.017023
v 0.004250 0.010034 0.017023
v 0.002643 0.010034 0.014240
v 0.002643 0.011834 0.014240
v 0.002191 0.011834 0.015023
v 0.002191 0.010034 0.015023
v 0.004750 0.010034 0.017023
v 0.004750 0.011534 0.016903
v 0.004750 0.011834 0.016903
v 0.004750 0.011834 0.017023
v 0.002191 0.010034 0.015023
v 0.002191 0.011834 0.015023
v 0.002980 0.011834 0.016389
v 0.002980 0.010034 0.016389
v 0.027810 0.010034 0.033023
v 0.027810 0.011834 0.033023
v 0.027021 0.011834 0.031657
v 0.027021 0.010034 0.031657
v 0.022250 0.010034 0.032023
v 0.022250 0.011834 0.032023
v 0.022250 0.011834 0.031903
v 0.022250 0.011534 0.031903
v 0.007750 0.011534 0.031903
v 0.007250 0.011534 0.031903
v 0.007250 0.011834 0.031903
v 0.007750 0.011834 0.031903
v 0.003346 0.010034 0.035023
v 0.003346 0.011834 0.035023
v 0.005655 0.011834 0.035023
v 0.005655 0.010034 0.035023
v 0.017284 0.010034 0.025880
v 0.017284 0.011834 0.025880
v 0.017224 0.011834 0.025776
v 0.017224 0.011534 0.025776
v 0.014657 0.011534 0.025526
v 0.014224 0.011534 0.025776
v 0.014224 0.011834 0.025776
v 0.014657 0.011834 0.025526
v 0.014224 0.011534 0.025776
v 0.014657 0.011534 0.025526
v 0.014717 0.010034 0.025630
v 0.014284 0.010034 0.025880
v 0.002747 0.011534 0.033747
v 0.002997 0.011534 0.034180
v 0.002893 0.010034 0.034240
v 0.002643 0.010034 0.033807
v 0.023997 0.011534 0.013867
v 0.023747 0.011534 0.014300
v 0.023643 0.010034 0.014240
v 0.023893 0.010034 0.013807
v 0.026655 0.010034 0.013023
v 0.026655 0.011834 0.013023
v 0.024346 0.011834 0.013023
v 0.024346 0.010034 0.013023
v 0.022250 0.010034 0.016023
v 0.022250 0.011534 0.016143
v 0.022250 0.011834 0.016143
v 0.022250 0.011834 0.016023
v 0.017717 0.010034 0.025630
v 0.017657 0.011534 0.025526
v 0.017657 0.011834 0.025526
v 0.017717 0.011834 0.025630
v 0.015717 0.010034 0.025880
v 0.015717 0.011834 0.025880
v 0.016500 0.011834 0.026333
v 0.016500 0.010034 0.026333
v 0.005655 0.010034 0.013023
v 0.005655 0.011834 0.013023
v 0.003346 0.011834 0.013023
v 0.003346 0.010034 0.013023
v 0.003346 0.010034 0.031023
v 0.003346 0.011834 0.031023
v 0.003178 0.011834 0.030812
v 0.003178 0.010034 0.030812
v 0.025750 0.011534 0.031143
v 0.025250 0.011534 0.031143
v 0.025250 0.010034 0.031023
v 0.025750 0.010034 0.031023
v 0.026655 0.010034 0.035023
v 0.026655 0.011834 0.035023
v 0.027107 0.011834 0.034240
v 0.027107 0.010034 0.034240
v 0.025250 0.010034 0.031023
v 0.025250 0.011534 0.031143
v 0.025250 0.011834 0.031143
v 0.025250 0.011834 0.031023
v 0.020191 0.010034 0.030023
v 0.020191 0.011834 0.030023
v 0.021346 0.011834 0.032023
v 0.021346 0.010034 0.032023
v 0.022750 0.011534 0.031903
v 0.022250 0.011534 0.031903
v 0.022250 0.011834 0.031903
v 0.022750 0.011834 0.031903
v 0.007250 0.010034 0.032023
v 0.007250 0.011834 0.032023
v 0.007250 0.011834 0.031903
v 0.007250 0.011534 0.031903
v 0.007250 0.011534 0.031903
v 0.007750 0.011534 0.031903
v 0.007750 0.010034 0.032023
v 0.007250 0.010034 0.032023
v 0.002191 0.010034 0.033023
v 0.002191 0.011834 0.033023
v 0.002643 0.011834 0.033807
v 0.002643 0.010034 0.033807
v 0.017657 0.011534 0.025526
v 0.017224 0.011534 0.025776
v 0.017224 0.011834 0.025776
v 0.017657 0.011834 0.025526
v 0.002893 0.010034 0.034240
v 0.002997 0.011534 0.034180
v 0.002997 0.011834 0.034180
v 0.002893 0.011834 0.034240
v 0.023643 0.010034 0.014240
v 0.023747 0.011534 0.014300
v 0.023747 0.011834 0.014300
v 0.023643 0.011834 0.014240
v 0.022750 0.010034 0.016023
v 0.022750 0.011834 0.016023
v 0.022750 0.011834 0.016143
v 0.022750 0.011534 0.016143
v 0.022750 0.011534 0.016143
v 0.022250 0.011534 0.016143
v 0.022250 0.010034 0.016023
v 0.022750 0.010034 0.016023
v 0.014717 0.010034 0.025630
v 0.014717 0.011834 0.025630
v 0.015000 0.011834 0.025467
v 0.015000 0.010034 0.025467
v 0.003178 0.010034 0.030812
v 0.003178 0.011834 0.030812
v 0.003526 0.011834 0.029199
v 0.002378 0.011834 0.028014
v 0.000755 0.011834 0.028310
v 0.000099 0.011834 0.029824
v 0.000995 0.011834 0.031211
v 0.002645 0.011834 0.031236
v 0.002645 0.010034 0.031236
v 0.000995 0.010034 0.031211
v 0.000099 0.010034 0.029824
v 0.000755 0.010034 0.028310
v 0.002378 0.010034 0.028014
v 0.003526 0.010034 0.029199
v 0.027357 0.010034 0.033807
v 0.027357 0.011834 0.033807
v 0.027810 0.011834 0.033023
v 0.027810 0.010034 0.033023
v 0.025750 0.010034 0.031023
v 0.025750 0.011834 0.031023
v 0.025750 0.011834 0.031143
v 0.025750 0.011534 0.031143
v 0.021346 0.010034 0.032023
v 0.021346 0.011834 0.032023
v 0.022250 0.011834 0.032023
v 0.022250 0.010034 0.032023
v 0.022250 0.011534 0.031903
v 0.022750 0.011534 0.031903
v 0.022750 0.010034 0.032023
v 0.022250 0.010034 0.032023
v 0.002893 0.010034 0.034240
v 0.002893 0.011834 0.034240
v 0.003346 0.011834 0.035023
v 0.003346 0.010034 0.035023
v 0.017224 0.011534 0.025776
v 0.017657 0.011534 0.025526
v 0.017717 0.010034 0.025630
v 0.017284 0.010034 0.025880
v 0.006107 0.010034 0.034240
v 0.006107 0.011834 0.034240
v 0.006003 0.011834 0.034180
v 0.006003 0.011534 0.034180
v 0.022250 0.011534 0.016143
v 0.022750 0.011534 0.016143
v 0.022750 0.011834 0.016143
v 0.022250 0.011834 0.016143
v 0.002645 0.010034 0.031236
v 0.002645 0.011834 0.031236
v 0.002980 0.011834 0.031657
v 0.002980 0.010034 0.031657
v 0.024346 0.010034 0.035023
v 0.024346 0.011834 0.035023
v 0.026655 0.011834 0.035023
v 0.026655 0.010034 0.035023
v 0.025250 0.011534 0.031143
v 0.025750 0.011534 0.031143
v 0.025750 0.011834 0.031143
v 0.025250 0.011834 0.031143
v 0.022750 0.010034 0.032023
v 0.022750 0.011834 0.032023
v 0.023249 0.011834 0.032023
v 0.023249 0.010034 0.032023
v 0.022750 0.010034 0.032023
v 0.022750 0.011534 0.031903
v 0.022750 0.011834 0.031903
v 0.022750 0.011834 0.032023
v 0.002980 0.010034 0.031657
v 0.002980 0.011834 0.031657
v 0.002191 0.011834 0.033023
v 0.002191 0.010034 0.033023
v 0.006253 0.011534 0.033747
v 0.006003 0.011534 0.034180
v 0.006003 0.011834 0.034180
v 0.006253 0.011834 0.033747
v 0.023191 0.010034 0.033023
v 0.023191 0.011834 0.033023
v 0.023643 0.011834 0.033807
v 0.023643 0.010034 0.033807
v 0.023643 0.010034 0.033807
v 0.023643 0.011834 0.033807
v 0.023747 0.011834 0.033747
v 0.023747 0.011534 0.033747
v 0.006357 0.010034 0.033807
v 0.006253 0.011534 0.033747
v 0.006253 0.011834 0.033747
v 0.006357 0.011834 0.033807
v 0.006003 0.011534 0.034180
v 0.006253 0.011534 0.033747
v 0.006357 0.010034 0.033807
v 0.006107 0.010034 0.034240
v 0.023893 0.010034 0.034240
v 0.023893 0.011834 0.034240
v 0.024346 0.011834 0.035023
v 0.024346 0.010034 0.035023
v 0.023997 0.011534 0.034180
v 0.023747 0.011534 0.033747
v 0.023747 0.011834 0.033747
v 0.023997 0.011834 0.034180
v 0.023508 0.010034 0.032473
v 0.023508 0.011834 0.032473
v 0.023191 0.011834 0.033023
v 0.023191 0.010034 0.033023
v 0.023747 0.011534 0.033747
v 0.023997 0.011534 0.034180
v 0.023893 0.010034 0.034240
v 0.023643 0.010034 0.033807
v 0.023249 0.010034 0.032023
v 0.023249 0.011834 0.032023
v 0.023441 0.011834 0.032093
v 0.023544 0.011834 0.032271
v 0.023508 0.011834 0.032473
v 0.023508 0.010034 0.032473
v 0.023544 0.010034 0.032271
v 0.023441 0.010034 0.032093
v 0.027357 0.010034 0.033807
v 0.027253 0.011534 0.033747
v 0.027253 0.011834 0.033747
v 0.027357 0.011834 0.033807
v 0.023893 0.010034 0.034240
v 0.023997 0.011534 0.034180
v 0.023997 0.011834 0.034180
v 0.023893 0.011834 0.034240
v 0.027003 0.011534 0.034180
v 0.027253 0.011534 0.033747
v 0.027357 0.010034 0.033807
v 0.027107 0.010034 0.034240
v 0.027107 0.010034 0.034240
v 0.027107 0.011834 0.034240
v 0.027003 0.011834 0.034180
v 0.027003 0.011534 0.034180
v 0.027253 0.011534 0.033747
v 0.027003 0.011534 0.034180
v 0.027003 0.011834 0.034180
v 0.027253 0.011834 0.033747
v 0.021765 0.010034 0.038123
v 0.008236 0.010034 0.038123
v 0.008236 0.010034 0.037323
v 0.010500 0.010034 0.037323
v 0.010500 0.010034 0.033752
v 0.010114 0.010034 0.033590
v 0.009775 0.010034 0.033342
v 0.009504 0.010034 0.033023
v 0.007964 0.010034 0.033023
v 0.006232 0.010034 0.036023
v 0.005000 0.010034 0.036023
v 0.005000 0.010034 0.037323
v 0.004000 0.010034 0.037323
v 0.004000 0.010034 0.036023
v 0.002750 0.010034 0.036023
v 0.002750 0.010034 0.035523
v 0.002480 0.010034 0.035523
v 0.001036 0.010034 0.033023
v 0.001399 0.010034 0.032394
v 0.000358 0.010034 0.031994
v -0.000440 0.010034 0.031213
v -0.000861 0.010034 0.030180
v -0.001000 0.010034 0.030180
v -0.001000 0.010034 0.035523
v -0.002000 0.010034 0.035523
v -0.002000 0.010034 0.012523
v -0.001000 0.010034 0.012523
v -0.001000 0.010034 0.017866
v -0.000861 0.010034 0.017866
v -0.000440 0.010034 0.016833
v 0.000358 0.010034 0.016052
v 0.001399 0.010034 0.015652
v 0.001036 0.010034 0.015023
v 0.002480 0.010034 0.012523
v 0.002750 0.010034 0.012523
v 0.002750 0.010034 0.012023
v 0.004000 0.010034 0.012023
v 0.004000 0.010034 0.010723
v 0.005000 0.010034 0.010723
v 0.005000 0.010034 0.012023
v 0.006232 0.010034 0.012023
v 0.007964 0.010034 0.015023
v 0.009504 0.010034 0.015023
v 0.009775 0.010034 0.014704
v 0.010114 0.010034 0.014457
v 0.010500 0.010034 0.014294
v 0.010500 0.010034 0.010723
v 0.008236 0.010034 0.010723
v 0.008236 0.010034 0.009923
v 0.021765 0.010034 0.009923
v 0.021765 0.010034 0.010723
v 0.019500 0.010034 0.010723
v 0.019500 0.010034 0.014294
v 0.019887 0.010034 0.014457
v 0.020225 0.010034 0.014704
v 0.020497 0.010034 0.015023
v 0.022036 0.010034 0.015023
v 0.023768 0.010034 0.012023
v 0.025000 0.010034 0.012023
v 0.025000 0.010034 0.010723
v 0.026000 0.010034 0.010723
v 0.026000 0.010034 0.012023
v 0.027250 0.010034 0.012023
v 0.027250 0.010034 0.012523
v 0.027521 0.010034 0.012523
v 0.028964 0.010034 0.015023
v 0.028601 0.010034 0.015652
v 0.029643 0.010034 0.016052
v 0.030440 0.010034 0.016833
v 0.030861 0.010034 0.017866
v 0.031000 0.010034 0.017866
v 0.031000 0.010034 0.012523
v 0.032000 0.010034 0.012523
v 0.032000 0.010034 0.035523
v 0.031000 0.010034 0.035523
v 0.031000 0.010034 0.030180
v 0.030861 0.010034 0.030180
v 0.030440 0.010034 0.031213
v 0.029643 0.010034 0.031994
v 0.028601 0.010034 0.032394
v 0.028964 0.010034 0.033023
v 0.027521 0.010034 0.035523
v 0.027250 0.010034 0.035523
v 0.027250 0.010034 0.036023
v 0.026000 0.010034 0.036023
v 0.026000 0.010034 0.037323
v 0.025000 0.010034 0.037323
v 0.025000 0.010034 0.036023
v 0.023768 0.010034 0.036023
v 0.022036 0.010034 0.033023
v 0.020497 0.010034 0.033023
v 0.020225 0.010034 0.033342
v 0.019887 0.010034 0.033590
v 0.019500 0.010034 0.033752
v 0.019500 0.010034 0.037323
v 0.021765 0.010034 0.037323
v 0.000854 0.010034 0.020932
v 0.000055 0.010034 0.020455
v -0.000539 0.010034 0.019739
v -0.000861 0.010034 0.018866
v -0.001000 0.010034 0.018866
v -0.001000 0.010034 0.022002
v 0.029146 0.010034 0.027114
v 0.029945 0.010034 0.027591
v 0.030540 0.010034 0.028307
v 0.030861 0.010034 0.029180
v 0.031000 0.010034 0.029180
v 0.031000 0.010034 0.026044
v -0.001000 0.010034 0.026044
v -0.001000 0.010034 0.029180
v -0.000861 0.010034 0.029180
v -0.000539 0.010034 0.028307
v 0.000055 0.010034 0.027591
v 0.000854 0.010034 0.027114
v 0.019000 0.010034 0.015223
v 0.018239 0.010034 0.015776
v 0.018530 0.010034 0.016670
v 0.019470 0.010034 0.016670
v 0.019761 0.010034 0.015776
v 0.011000 0.010034 0.015223
v 0.010239 0.010034 0.015776
v 0.010530 0.010034 0.016670
v 0.011470 0.010034 0.016670
v 0.011761 0.010034 0.015776
v 0.019000 0.010034 0.031223
v 0.018239 0.010034 0.031776
v 0.018530 0.010034 0.032670
v 0.019470 0.010034 0.032670
v 0.019761 0.010034 0.031776
v 0.011000 0.010034 0.031223
v 0.010239 0.010034 0.031776
v 0.010530 0.010034 0.032670
v 0.011470 0.010034 0.032670
v 0.011761 0.010034 0.031776
v 0.016843 0.010034 0.016616
v 0.013157 0.010034 0.016616
v 0.011642 0.010034 0.017491
v 0.011642 0.010034 0.019241
v 0.013157 0.010034 0.020116
v 0.016843 0.010034 0.020116
v 0.018359 0.010034 0.019241
v 0.018359 0.010034 0.017491
v 0.017247 0.010034 0.015616
v 0.017496 0.010034 0.015034
v 0.017932 0.010034 0.014574
v 0.018500 0.010034 0.014294
v 0.018500 0.010034 0.010723
v 0.015500 0.010034 0.010723
v 0.015500 0.010034 0.015616
v 0.012754 0.010034 0.015616
v 0.014500 0.010034 0.015616
v 0.014500 0.010034 0.010723
v 0.011500 0.010034 0.010723
v 0.011500 0.010034 0.014294
v 0.012068 0.010034 0.014574
v 0.012504 0.010034 0.015034
v 0.016843 0.010034 0.027930
v 0.013157 0.010034 0.027930
v 0.011642 0.010034 0.028805
v 0.011642 0.010034 0.030555
v 0.013157 0.010034 0.031430
v 0.016843 0.010034 0.031430
v 0.018359 0.010034 0.030555
v 0.018359 0.010034 0.028805
v 0.017247 0.010034 0.032430
v 0.015500 0.010034 0.032430
v 0.015500 0.010034 0.037323
v 0.018500 0.010034 0.037323
v 0.018500 0.010034 0.033752
v 0.017932 0.010034 0.033472
v 0.017496 0.010034 0.033012
v 0.012754 0.010034 0.032430
v 0.012504 0.010034 0.033012
v 0.012068 0.010034 0.033472
v 0.011500 0.010034 0.033752
v 0.011500 0.010034 0.037323
v 0.014500 0.010034 0.037323
v 0.014500 0.010034 0.032430
v 0.031000 0.010034 0.022002
v 0.031000 0.010034 0.018866
v 0.030861 0.010034 0.018866
v 0.030540 0.010034 0.019739
v 0.029945 0.010034 0.020455
v 0.029146 0.010034 0.020932
v 0.024492 0.010034 0.017473
v 0.024456 0.010034 0.017271
v 0.024559 0.010034 0.017093
v 0.024752 0.010034 0.017023
v 0.025250 0.010034 0.017023
v 0.025750 0.010034 0.017023
v 0.026655 0.010034 0.017023
v 0.026823 0.010034 0.017234
v 0.026474 0.010034 0.018847
v 0.027622 0.010034 0.020033
v 0.029246 0.010034 0.019736
v 0.029901 0.010034 0.018222
v 0.029006 0.010034 0.016836
v 0.027356 0.010034 0.016811
v 0.027021 0.010034 0.016389
v 0.027810 0.010034 0.015023
v 0.027357 0.010034 0.014240
v 0.027107 0.010034 0.013807
v 0.026655 0.010034 0.013023
v 0.024346 0.010034 0.013023
v 0.023893 0.010034 0.013807
v 0.023643 0.010034 0.014240
v 0.023191 0.010034 0.015023
v 0.023508 0.010034 0.015573
v 0.023544 0.010034 0.015775
v 0.023441 0.010034 0.015953
v 0.023249 0.010034 0.016023
v 0.022750 0.010034 0.016023
v 0.022250 0.010034 0.016023
v 0.021346 0.010034 0.016023
v 0.020191 0.010034 0.018023
v 0.020643 0.010034 0.018807
v 0.020893 0.010034 0.019240
v 0.021173 0.010034 0.019723
v 0.020855 0.010034 0.019835
v 0.020547 0.010034 0.019969
v 0.020250 0.010034 0.020126
v 0.019771 0.010034 0.019296
v 0.018406 0.010034 0.021659
v 0.018603 0.010034 0.021773
v 0.018446 0.010034 0.022070
v 0.018312 0.010034 0.022378
v 0.018201 0.010034 0.022695
v 0.017717 0.010034 0.022416
v 0.017284 0.010034 0.022166
v 0.016500 0.010034 0.021714
v 0.015717 0.010034 0.022166
v 0.015284 0.010034 0.022416
v 0.015000 0.010034 0.022580
v 0.014717 0.010034 0.022416
v 0.014284 0.010034 0.022166
v 0.013500 0.010034 0.021714
v 0.012717 0.010034 0.022166
v 0.012284 0.010034 0.022416
v 0.011800 0.010034 0.022695
v 0.011689 0.010034 0.022378
v 0.011554 0.010034 0.022070
v 0.011397 0.010034 0.021773
v 0.011594 0.010034 0.021659
v 0.010230 0.010034 0.019296
v 0.009750 0.010034 0.020126
v 0.009453 0.010034 0.019969
v 0.009145 0.010034 0.019835
v 0.008828 0.010034 0.019723
v 0.009107 0.010034 0.019240
v 0.009357 0.010034 0.018807
v 0.009810 0.010034 0.018023
v 0.008655 0.010034 0.016023
v 0.007750 0.010034 0.016023
v 0.007250 0.010034 0.016023
v 0.006752 0.010034 0.016023
v 0.006559 0.010034 0.015953
v 0.006456 0.010034 0.015775
v 0.006492 0.010034 0.015573
v 0.006810 0.010034 0.015023
v 0.006357 0.010034 0.014240
v 0.006107 0.010034 0.013807
v 0.005655 0.010034 0.013023
v 0.003346 0.010034 0.013023
v 0.002893 0.010034 0.013807
v 0.002643 0.010034 0.014240
v 0.002191 0.010034 0.015023
v 0.002980 0.010034 0.016389
v 0.002645 0.010034 0.016811
v 0.000995 0.010034 0.016836
v 0.000099 0.010034 0.018222
v 0.000755 0.010034 0.019736
v 0.002378 0.010034 0.020033
v 0.003526 0.010034 0.018847
v 0.003178 0.010034 0.017234
v 0.003346 0.010034 0.017023
v 0.004250 0.010034 0.017023
v 0.004750 0.010034 0.017023
v 0.005249 0.010034 0.017023
v 0.005441 0.010034 0.017093
v 0.005544 0.010034 0.017271
v 0.005508 0.010034 0.017473
v 0.005191 0.010034 0.018023
v 0.005643 0.010034 0.018807
v 0.005893 0.010034 0.019240
v 0.006173 0.010034 0.019723
v 0.005855 0.010034 0.019835
v 0.005547 0.010034 0.019969
v 0.005250 0.010034 0.020126
v 0.004541 0.010034 0.018898
v 0.004131 0.010034 0.019893
v 0.003370 0.010034 0.020654
v 0.002375 0.010034 0.021064
v 0.003603 0.010034 0.021773
v 0.003446 0.010034 0.022070
v 0.003312 0.010034 0.022378
v 0.003201 0.010034 0.022695
v 0.002717 0.010034 0.022416
v 0.002284 0.010034 0.022166
v 0.001500 0.010034 0.021714
v -0.000500 0.010034 0.022868
v -0.000500 0.010034 0.023773
v -0.000500 0.010034 0.024273
v -0.000500 0.010034 0.025178
v 0.001500 0.010034 0.026333
v 0.002284 0.010034 0.025880
v 0.002717 0.010034 0.025630
v 0.003201 0.010034 0.025351
v 0.003312 0.010034 0.025668
v 0.003446 0.010034 0.025976
v 0.003603 0.010034 0.026273
v 0.002375 0.010034 0.026982
v 0.003370 0.010034 0.027393
v 0.004131 0.010034 0.028153
v 0.004541 0.010034 0.029148
v 0.005250 0.010034 0.027920
v 0.005547 0.010034 0.028077
v 0.005855 0.010034 0.028212
v 0.006173 0.010034 0.028323
v 0.005893 0.010034 0.028807
v 0.005643 0.010034 0.029240
v 0.005191 0.010034 0.030023
v 0.005508 0.010034 0.030573
v 0.005544 0.010034 0.030775
v 0.005441 0.010034 0.030953
v 0.005249 0.010034 0.031023
v 0.004750 0.010034 0.031023
v 0.004250 0.010034 0.031023
v 0.003346 0.010034 0.031023
v 0.003178 0.010034 0.030812
v 0.003526 0.010034 0.029199
v 0.002378 0.010034 0.028014
v 0.000755 0.010034 0.028310
v 0.000099 0.010034 0.029824
v 0.000995 0.010034 0.031211
v 0.002645 0.010034 0.031236
v 0.002980 0.010034 0.031657
v 0.002191 0.010034 0.033023
v 0.002643 0.010034 0.033807
v 0.002893 0.010034 0.034240
v 0.003346 0.010034 0.035023
v 0.005655 0.010034 0.035023
v 0.006107 0.010034 0.034240
v 0.006357 0.010034 0.033807
v 0.006810 0.010034 0.033023
v 0.006492 0.010034 0.032473
v 0.006456 0.010034 0.032271
v 0.006559 0.010034 0.032093
v 0.006752 0.010034 0.032023
v 0.007250 0.010034 0.032023
v 0.007750 0.010034 0.032023
v 0.008655 0.010034 0.032023
v 0.009810 0.010034 0.030023
v 0.009357 0.010034 0.029240
v 0.009107 0.010034 0.028807
v 0.008828 0.010034 0.028323
v 0.009145 0.010034 0.028212
v 0.009453 0.010034 0.028077
v 0.009750 0.010034 0.027920
v 0.010230 0.010034 0.028751
v 0.011594 0.010034 0.026387
v 0.011397 0.010034 0.026273
v 0.011554 0.010034 0.025976
v 0.011689 0.010034 0.025668
v 0.011800 0.010034 0.025351
v 0.012284 0.010034 0.025630
v 0.012717 0.010034 0.025880
v 0.013500 0.010034 0.026333
v 0.014284 0.010034 0.025880
v 0.014717 0.010034 0.025630
v 0.015000 0.010034 0.025467
v 0.015284 0.010034 0.025630
v 0.015717 0.010034 0.025880
v 0.016500 0.010034 0.026333
v 0.017284 0.010034 0.025880
v 0.017717 0.010034 0.025630
v 0.018201 0.010034 0.025351
v 0.018312 0.010034 0.025668
v 0.018446 0.010034 0.025976
v 0.018603 0.010034 0.026273
v 0.018406 0.010034 0.026387
v 0.019771 0.010034 0.028751
v 0.020250 0.010034 0.027920
v 0.020547 0.010034 0.028077
v 0.020855 0.010034 0.028212
v 0.021173 0.010034 0.028323
v 0.020893 0.010034 0.028807
v 0.020643 0.010034 0.029240
v 0.020191 0.010034 0.030023
v 0.021346 0.010034 0.032023
v 0.022250 0.010034 0.032023
v 0.022750 0.010034 0.032023
v 0.023249 0.010034 0.032023
v 0.023441 0.010034 0.032093
v 0.023544 0.010034 0.032271
v 0.023508 0.010034 0.032473
v 0.023191 0.010034 0.033023
v 0.023643 0.010034 0.033807
v 0.023893 0.010034 0.034240
v 0.024346 0.010034 0.035023
v 0.026655 0.010034 0.035023
v 0.027107 0.010034 0.034240
v 0.027357 0.010034 0.033807
v 0.027810 0.010034 0.033023
v 0.027021 0.010034 0.031657
v 0.027356 0.010034 0.031236
v 0.029006 0.010034 0.031211
v 0.029901 0.010034 0.029824
v 0.029246 0.010034 0.028310
v 0.027622 0.010034 0.028014
v 0.026474 0.010034 0.029199
v 0.026823 0.010034 0.030812
v 0.026655 0.010034 0.031023
v 0.025750 0.010034 0.031023
v 0.025250 0.010034 0.031023
v 0.024752 0.010034 0.031023
v 0.024559 0.010034 0.030953
v 0.024456 0.010034 0.030775
v 0.024492 0.010034 0.030573
v 0.024810 0.010034 0.030023
v 0.024357 0.010034 0.029240
v 0.024107 0.010034 0.028807
v 0.023828 0.010034 0.028323
v 0.024145 0.010034 0.028212
v 0.024453 0.010034 0.028077
v 0.024750 0.010034 0.027920
v 0.025459 0.010034 0.029148
v 0.025870 0.010034 0.028153
v 0.026631 0.010034 0.027393
v 0.027625 0.010034 0.026982
v 0.026397 0.010034 0.026273
v 0.026554 0.010034 0.025976
v 0.026689 0.010034 0.025668
v 0.026800 0.010034 0.025351
v 0.027284 0.010034 0.025630
v 0.027717 0.010034 0.025880
v 0.028500 0.010034 0.026333
v 0.030500 0.010034 0.025178
v 0.030500 0.010034 0.024273
v 0.030500 0.010034 0.023773
v 0.030500 0.010034 0.022868
v 0.028500 0.010034 0.021714
v 0.027717 0.010034 0.022166
v 0.027284 0.010034 0.022416
v 0.026800 0.010034 0.022695
v 0.026689 0.010034 0.022378
v 0.026554 0.010034 0.022070
v 0.026397 0.010034 0.021773
v 0.027625 0.010034 0.021064
v 0.026631 0.010034 0.020654
v 0.025870 0.010034 0.019893
v 0.025459 0.010034 0.018898
v 0.024750 0.010034 0.020126
v 0.024453 0.010034 0.019969
v 0.024145 0.010034 0.019835
v 0.023828 0.010034 0.019723
v 0.024107 0.010034 0.019240
v 0.024357 0.010034 0.018807
v 0.024810 0.010034 0.018023
v 0.021765 0.010234 0.038323
v 0.008236 0.010234 0.038323
v 0.008236 0.010034 0.038123
v 0.021765 0.010034 0.038123
v -0.001000 0.009984 0.038323
v 0.000000 0.009984 0.038323
v 0.000975 0.009723 0.038323
v 0.001689 0.009009 0.038323
v 0.001950 0.008034 0.038323
v 0.001950 0.006758 0.038323
v 0.001980 0.006687 0.038323
v 0.002050 0.006658 0.038323
v 0.002121 0.006687 0.038323
v 0.003851 0.008418 0.038323
v 0.005136 0.009403 0.038323
v 0.006631 0.010023 0.038323
v 0.008236 0.010234 0.038323
v 0.021765 0.010234 0.038323
v 0.023370 0.010023 0.038323
v 0.024865 0.009403 0.038323
v 0.026149 0.008418 0.038323
v 0.027880 0.006687 0.038323
v 0.027950 0.006658 0.038323
v 0.028021 0.006687 0.038323
v 0.028050 0.006758 0.038323
v 0.028050 0.008034 0.038323
v 0.028311 0.009009 0.038323
v 0.029025 0.009723 0.038323
v 0.030000 0.009984 0.038323
v 0.031000 0.009984 0.038323
v 0.031000 0.010620 0.038323
v 0.029586 0.012034 0.038323
v 0.000414 0.012034 0.038323
v -0.001000 0.010620 0.038323
v 0.000000 0.009984 0.038323
v -0.001000 0.009984 0.038323
v -0.000917 0.009784 0.038123
v 0.000000 0.009784 0.038123
v -0.001800 0.009784 0.037240
v -0.000917 0.009784 0.038123
v -0.001000 0.009984 0.038323
v -0.002000 0.009984 0.037323
v 0.000000 0.009784 0.038123
v -0.000917 0.009784 0.038123
v -0.001800 0.009784 0.037240
v -0.001800 0.009784 0.036823
v 0.000000 0.009784 0.036823
v -0.001800 0.009784 0.036823
v -0.001800 0.009784 0.037240
v -0.002000 0.009984 0.037323
v -0.002000 0.009984 0.036823
v 0.000000 0.011534 0.020407
v -0.000861 0.010673 0.018866
v -0.000861 0.010034 0.018866
v -0.000539 0.010034 0.019739
v 0.000055 0.010034 0.020455
v 0.000854 0.010034 0.020932
v 0.000854 0.011534 0.020932
v 0.000549 0.011534 0.020792
v 0.000263 0.011534 0.020617
v 0.008236 0.010034 0.038123
v 0.006683 0.009829 0.038123
v 0.005236 0.009230 0.038123
v 0.003993 0.008276 0.038123
v 0.003993 0.008276 0.037323
v 0.005236 0.009230 0.037323
v 0.006683 0.009829 0.037323
v 0.008236 0.010034 0.037323
v 0.026008 0.008276 0.038123
v 0.024765 0.009230 0.038123
v 0.023318 0.009829 0.038123
v 0.021765 0.010034 0.038123
v 0.021765 0.010034 0.037323
v 0.023318 0.009829 0.037323
v 0.024765 0.009230 0.037323
v 0.026008 0.008276 0.037323
v -0.002000 0.009984 0.036823
v -0.002000 0.009984 0.037323
v -0.002000 0.011034 0.037323
v -0.002000 0.011034 0.010723
v -0.002000 0.009984 0.010723
v -0.002000 0.009984 0.011223
v -0.002000 0.008034 0.011223
v -0.002000 0.008034 0.012523
v -0.002000 0.010034 0.012523
v -0.002000 0.010034 0.035523
v -0.002000 0.008034 0.035523
v -0.002000 0.008034 0.036823
v 0.008236 0.010234 0.038323
v 0.006631 0.010023 0.038323
v 0.005136 0.009403 0.038323
v 0.003851 0.008418 0.038323
v 0.003993 0.008276 0.038123
v 0.005236 0.009230 0.038123
v 0.006683 0.009829 0.038123
v 0.008236 0.010034 0.038123
v 0.026149 0.008418 0.038323
v 0.024865 0.009403 0.038323
v 0.023370 0.010023 0.038323
v 0.021765 0.010234 0.038323
v 0.021765 0.010034 0.038123
v 0.023318 0.009829 0.038123
v 0.024765 0.009230 0.038123
v 0.026008 0.008276 0.038123
v 0.030000 0.011534 0.027639
v 0.030861 0.010673 0.029180
v 0.030861 0.010034 0.029180
v 0.030540 0.010034 0.028307
v 0.029945 0.010034 0.027591
v 0.029146 0.010034 0.027114
v 0.029146 0.011534 0.027114
v 0.029452 0.011534 0.027254
v 0.029738 0.011534 0.027430
v -0.000861 0.010673 0.018866
v -0.001000 0.010534 0.018866
v -0.001000 0.010034 0.018866
v -0.000861 0.010034 0.018866
v -0.001000 0.010034 0.022002
v -0.001000 0.010534 0.022002
v 0.000000 0.011534 0.021425
v 0.000854 0.011534 0.020932
v 0.000854 0.010034 0.020932
v -0.000861 0.010673 0.017866
v 0.000000 0.011534 0.016325
v 0.000421 0.011534 0.016013
v 0.000893 0.011534 0.015786
v 0.001399 0.011534 0.015652
v 0.001399 0.010034 0.015652
v 0.000358 0.010034 0.016052
v -0.000440 0.010034 0.016833
v -0.000861 0.010034 0.017866
v 0.005000 0.011534 0.037323
v 0.010500 0.011534 0.037323
v 0.010500 0.010034 0.037323
v 0.008236 0.010034 0.037323
v 0.006683 0.009829 0.037323
v 0.005236 0.009230 0.037323
v 0.003993 0.008276 0.037323
v 0.002750 0.007034 0.037323
v 0.002750 0.011534 0.037323
v 0.004000 0.011534 0.037323
v 0.004000 0.010034 0.037323
v 0.005000 0.010034 0.037323
v 0.003993 0.008276 0.009923
v 0.005236 0.009230 0.009923
v 0.006683 0.009829 0.009923
v 0.008236 0.010034 0.009923
v 0.008236 0.010034 0.010723
v 0.006683 0.009829 0.010723
v 0.005236 0.009230 0.010723
v 0.003993 0.008276 0.010723
v 0.021765 0.010034 0.037323
v 0.019500 0.010034 0.037323
v 0.019500 0.011534 0.037323
v 0.025000 0.011534 0.037323
v 0.025000 0.010034 0.037323
v 0.026000 0.010034 0.037323
v 0.026000 0.011534 0.037323
v 0.027250 0.011534 0.037323
v 0.027250 0.007034 0.037323
v 0.026008 0.008276 0.037323
v 0.024765 0.009230 0.037323
v 0.023318 0.009829 0.037323
v 0.021765 0.010034 0.009923
v 0.023318 0.009829 0.009923
v 0.024765 0.009230 0.009923
v 0.026008 0.008276 0.009923
v 0.026008 0.008276 0.010723
v 0.024765 0.009230 0.010723
v 0.023318 0.009829 0.010723
v 0.021765 0.010034 0.010723
v -0.001000 0.009984 0.038323
v -0.001000 0.010620 0.038323
v -0.002000 0.011034 0.037323
v -0.002000 0.009984 0.037323
v 0.001950 0.008034 0.038323
v 0.001689 0.009009 0.038323
v 0.000975 0.009723 0.038323
v 0.000000 0.009984 0.038323
v 0.000000 0.009784 0.038123
v 0.000875 0.009549 0.038123
v 0.001516 0.008909 0.038123
v 0.001750 0.008034 0.038123
v -0.001000 0.010034 0.026044
v -0.001000 0.010534 0.026044
v -0.001000 0.010534 0.029180
v -0.001000 0.010034 0.029180
v 0.030861 0.010673 0.029180
v 0.031000 0.010534 0.029180
v 0.031000 0.010034 0.029180
v 0.030861 0.010034 0.029180
v 0.031000 0.010034 0.026044
v 0.031000 0.010534 0.026044
v 0.030000 0.011534 0.026621
v 0.029146 0.011534 0.027114
v 0.029146 0.010034 0.027114
v 0.030861 0.010673 0.030180
v 0.030000 0.011534 0.031721
v 0.029580 0.011534 0.032033
v 0.029108 0.011534 0.032260
v 0.028601 0.011534 0.032394
v 0.028601 0.010034 0.032394
v 0.029643 0.010034 0.031994
v 0.030440 0.010034 0.031213
v 0.030861 0.010034 0.030180
v -0.001000 0.010534 0.022002
v -0.001000 0.010034 0.022002
v -0.001000 0.010034 0.018866
v -0.001000 0.010534 0.018866
v -0.001000 0.010534 0.012523
v 0.000000 0.011534 0.012523
v 0.000000 0.011534 0.016325
v -0.000861 0.010673 0.017866
v -0.001000 0.010534 0.017866
v 0.000000 0.011534 0.021425
v -0.001000 0.010534 0.022002
v -0.001000 0.010534 0.018866
v -0.000861 0.010673 0.018866
v 0.000000 0.011534 0.020407
v 0.010500 0.010034 0.033752
v 0.010500 0.010034 0.037323
v 0.010500 0.011534 0.037323
v 0.010500 0.011534 0.033752
v 0.019500 0.010034 0.037323
v 0.019500 0.010034 0.033752
v 0.019500 0.011534 0.033752
v 0.019500 0.011534 0.037323
v 0.003851 0.008418 0.009723
v 0.005136 0.009403 0.009723
v 0.006631 0.010023 0.009723
v 0.008236 0.010234 0.009723
v 0.008236 0.010034 0.009923
v 0.006683 0.009829 0.009923
v 0.005236 0.009230 0.009923
v 0.003993 0.008276 0.009923
v -0.001000 0.010620 0.038323
v 0.000414 0.012034 0.038323
v 0.000000 0.013034 0.037323
v -0.002000 0.011034 0.037323
v 0.001950 0.006758 0.038323
v 0.001950 0.008034 0.038323
v 0.001750 0.008034 0.038123
v 0.001750 0.006758 0.038123
v 0.001750 0.008034 0.038123
v 0.001516 0.008909 0.038123
v 0.000875 0.009549 0.038123
v 0.000000 0.009784 0.038123
v 0.000000 0.009784 0.036823
v 0.000875 0.009549 0.036823
v 0.001516 0.008909 0.036823
v 0.001750 0.008034 0.036823
v 0.027880 0.006687 0.038323
v 0.026149 0.008418 0.038323
v 0.026008 0.008276 0.038123
v 0.027738 0.006546 0.038123
v 0.003851 0.008418 0.038323
v 0.002121 0.006687 0.038323
v 0.002262 0.006546 0.038123
v 0.003993 0.008276 0.038123
v 0.019000 0.010034 0.015223
v 0.019761 0.010034 0.015776
v 0.019470 0.010034 0.016670
v 0.018530 0.010034 0.016670
v 0.018239 0.010034 0.015776
v 0.019000 0.013034 0.015223
v 0.018239 0.013034 0.015776
v 0.018530 0.013034 0.016670
v 0.019470 0.013034 0.016670
v 0.019761 0.013034 0.015776
v 0.019000 0.013034 0.015223
v 0.019000 0.010034 0.015223
v -0.001000 0.010534 0.029180
v -0.000861 0.010673 0.029180
v -0.000861 0.010034 0.029180
v -0.001000 0.010034 0.029180
v -0.001000 0.010534 0.026044
v -0.001000 0.010034 0.026044
v 0.000854 0.010034 0.027114
v 0.000854 0.011534 0.027114
v 0.000000 0.011534 0.026621
v -0.001000 0.010534 0.035523
v -0.001000 0.010034 0.035523
v -0.001000 0.010034 0.030180
v -0.001000 0.010534 0.030180
v 0.031000 0.010534 0.026044
v 0.031000 0.010034 0.026044
v 0.031000 0.010034 0.029180
v 0.031000 0.010534 0.029180
v 0.031000 0.010534 0.035523
v 0.030000 0.011534 0.035523
v 0.030000 0.011534 0.031721
v 0.030861 0.010673 0.030180
v 0.031000 0.010534 0.030180
v 0.030000 0.011534 0.026621
v 0.031000 0.010534 0.026044
v 0.031000 0.010534 0.029180
v 0.030861 0.010673 0.029180
v 0.030000 0.011534 0.027639
v -0.001000 0.010034 0.012523
v -0.001000 0.010534 0.012523
v -0.001000 0.010534 0.017866
v -0.001000 0.010034 0.017866
v -0.001000 0.010534 0.017866
v -0.000861 0.010673 0.017866
v -0.000861 0.010034 0.017866
v -0.001000 0.010034 0.017866
v 0.000000 0.011534 0.021425
v 0.000000 0.011534 0.020407
v 0.000263 0.011534 0.020617
v 0.000549 0.011534 0.020792
v 0.000854 0.011534 0.020932
v 0.009504 0.010034 0.033023
v 0.009775 0.010034 0.033342
v 0.010114 0.010034 0.033590
v 0.010500 0.010034 0.033752
v 0.010500 0.011534 0.033752
v 0.010114 0.011534 0.033590
v 0.009775 0.011534 0.033342
v 0.009504 0.011534 0.033023
v 0.004000 0.011534 0.037323
v 0.004000 0.011534 0.036023
v 0.004000 0.010034 0.036023
v 0.004000 0.010034 0.037323
v 0.019500 0.010034 0.033752
v 0.019887 0.010034 0.033590
v 0.020225 0.010034 0.033342
v 0.020497 0.010034 0.033023
v 0.020497 0.011534 0.033023
v 0.020225 0.011534 0.033342
v 0.019887 0.011534 0.033590
v 0.019500 0.011534 0.033752
v 0.003993 0.008276 0.038123
v 0.002262 0.006546 0.038123
v 0.002262 0.006546 0.036823
v 0.001897 0.006180 0.036823
v 0.001897 0.006180 0.035523
v 0.002750 0.007034 0.035523
v 0.002750 0.007034 0.037323
v 0.003993 0.008276 0.037323
v 0.008236 0.010234 0.009723
v 0.021765 0.010234 0.009723
v 0.021765 0.010034 0.009923
v 0.008236 0.010034 0.009923
v 0.027738 0.006546 0.038123
v 0.026008 0.008276 0.038123
v 0.026008 0.008276 0.037323
v 0.027250 0.007034 0.037323
v 0.027250 0.007034 0.035523
v 0.028104 0.006180 0.035523
v 0.028104 0.006180 0.036823
v 0.027738 0.006546 0.036823
v 0.030000 0.013034 0.037323
v 0.000000 0.013034 0.037323
v 0.000414 0.012034 0.038323
v 0.029586 0.012034 0.038323
v 0.001950 0.006758 0.038323
v 0.001750 0.006758 0.038123
v 0.001838 0.006546 0.038123
v 0.002050 0.006458 0.038123
v 0.002262 0.006546 0.038123
v 0.002121 0.006687 0.038323
v 0.002050 0.006658 0.038323
v 0.001980 0.006687 0.038323
v 0.001750 0.006758 0.038123
v 0.001750 0.008034 0.038123
v 0.001750 0.008034 0.036823
v 0.001750 0.006758 0.036823
v 0.028050 0.006758 0.038323
v 0.028021 0.006687 0.038323
v 0.027950 0.006658 0.038323
v 0.027880 0.006687 0.038323
v 0.027738 0.006546 0.038123
v 0.027950 0.006458 0.038123
v 0.028162 0.006546 0.038123
v 0.028250 0.006758 0.038123
v 0.011000 0.010034 0.015223
v 0.011761 0.010034 0.015776
v 0.011470 0.010034 0.016670
v 0.010530 0.010034 0.016670
v 0.010239 0.010034 0.015776
v 0.011000 0.013034 0.015223
v 0.010239 0.013034 0.015776
v 0.010530 0.013034 0.016670
v 0.011470 0.013034 0.016670
v 0.011761 0.013034 0.015776
v 0.011000 0.013034 0.015223
v 0.011000 0.010034 0.015223
v -0.000861 0.010673 0.029180
v 0.000000 0.011534 0.027639
v 0.000263 0.011534 0.027430
v 0.000549 0.011534 0.027254
v 0.000854 0.011534 0.027114
v 0.000854 0.010034 0.027114
v 0.000055 0.010034 0.027591
v -0.000539 0.010034 0.028307
v -0.000861 0.010034 0.029180
v 0.025000 0.011534 0.037323
v 0.025000 0.011534 0.036023
v 0.025000 0.010034 0.036023
v 0.025000 0.010034 0.037323
v 0.000000 0.011534 0.031721
v -0.000861 0.010673 0.030180
v -0.000861 0.010034 0.030180
v -0.000440 0.010034 0.031213
v 0.000358 0.010034 0.031994
v 0.001399 0.010034 0.032394
v 0.001399 0.011534 0.032394
v 0.000893 0.011534 0.032260
v 0.000421 0.011534 0.032033
v 0.031000 0.010034 0.035523
v 0.031000 0.010534 0.035523
v 0.031000 0.010534 0.030180
v 0.031000 0.010034 0.030180
v 0.031000 0.010534 0.030180
v 0.030861 0.010673 0.030180
v 0.030861 0.010034 0.030180
v 0.031000 0.010034 0.030180
v 0.030000 0.011534 0.026621
v 0.030000 0.011534 0.027639
v 0.029738 0.011534 0.027430
v 0.029452 0.011534 0.027254
v 0.029146 0.011534 0.027114
v 0.028964 0.010034 0.033023
v 0.028964 0.011534 0.033023
v 0.027521 0.011534 0.035523
v 0.027521 0.010034 0.035523
v 0.011500 0.010034 0.033752
v 0.012068 0.010034 0.033472
v 0.012504 0.010034 0.033012
v 0.012754 0.010034 0.032430
v 0.012754 0.011534 0.032430
v 0.012504 0.011534 0.033012
v 0.012068 0.011534 0.033472
v 0.011500 0.011534 0.033752
v 0.007964 0.010034 0.033023
v 0.009504 0.010034 0.033023
v 0.009504 0.011534 0.033023
v 0.007964 0.011534 0.033023
v 0.002750 0.011534 0.012023
v 0.002750 0.010034 0.012023
v 0.002750 0.010034 0.012523
v 0.002750 0.007034 0.012523
v 0.002750 0.007034 0.010723
v 0.002750 0.011534 0.010723
v 0.006232 0.011534 0.036023
v 0.007964 0.011534 0.033023
v 0.009504 0.011534 0.033023
v 0.009775 0.011534 0.033342
v 0.010114 0.011534 0.033590
v 0.010500 0.011534 0.033752
v 0.010500 0.011534 0.037323
v 0.005000 0.011534 0.037323
v 0.005000 0.011534 0.036023
v 0.020497 0.010034 0.033023
v 0.022036 0.010034 0.033023
v 0.022036 0.011534 0.033023
v 0.020497 0.011534 0.033023
v 0.002262 0.006546 0.009923
v 0.003993 0.008276 0.009923
v 0.003993 0.008276 0.010723
v 0.002750 0.007034 0.010723
v 0.002750 0.007034 0.012523
v 0.001897 0.006180 0.012523
v 0.001897 0.006180 0.011223
v 0.002262 0.006546 0.011223
v 0.021765 0.010234 0.009723
v 0.023370 0.010023 0.009723
v 0.024865 0.009403 0.009723
v 0.026149 0.008418 0.009723
v 0.026008 0.008276 0.009923
v 0.024765 0.009230 0.009923
v 0.023318 0.009829 0.009923
v 0.021765 0.010034 0.009923
v 0.025000 0.011534 0.037323
v 0.019500 0.011534 0.037323
v 0.019500 0.011534 0.033752
v 0.019887 0.011534 0.033590
v 0.020225 0.011534 0.033342
v 0.020497 0.011534 0.033023
v 0.022036 0.011534 0.033023
v 0.023768 0.011534 0.036023
v 0.025000 0.011534 0.036023
v 0.026008 0.008276 0.009923
v 0.027738 0.006546 0.009923
v 0.027738 0.006546 0.011223
v 0.028104 0.006180 0.011223
v 0.028104 0.006180 0.012523
v 0.027250 0.007034 0.012523
v 0.027250 0.007034 0.010723
v 0.026008 0.008276 0.010723
v 0.030000 0.013034 0.010723
v 0.000000 0.013034 0.010723
v 0.000000 0.013034 0.037323
v 0.030000 0.013034 0.037323
v 0.006475 0.013034 0.030023
v 0.007183 0.013034 0.029048
v 0.008329 0.013034 0.029421
v 0.008329 0.013034 0.030626
v 0.007183 0.013034 0.030998
v 0.001500 0.013034 0.022998
v 0.002475 0.013034 0.023706
v 0.002103 0.013034 0.024852
v 0.000898 0.013034 0.024852
v 0.000525 0.013034 0.023706
v 0.008525 0.013034 0.018023
v 0.007817 0.013034 0.018998
v 0.006671 0.013034 0.018626
v 0.006671 0.013034 0.017421
v 0.007817 0.013034 0.017048
v 0.013500 0.013034 0.025048
v 0.012525 0.013034 0.024340
v 0.012898 0.013034 0.023194
v 0.014103 0.013034 0.023194
v 0.014475 0.013034 0.024340
v 0.000818 0.013034 0.029680
v 0.001527 0.013034 0.028705
v 0.002673 0.013034 0.029078
v 0.002673 0.013034 0.030282
v 0.001527 0.013034 0.030655
v 0.026500 0.013034 0.024023
v 0.025564 0.013034 0.026594
v 0.023195 0.013034 0.027962
v 0.020500 0.013034 0.027487
v 0.018741 0.013034 0.025391
v 0.018741 0.013034 0.022655
v 0.020500 0.013034 0.020559
v 0.023195 0.013034 0.020084
v 0.025564 0.013034 0.021452
v 0.023525 0.013034 0.030023
v 0.022817 0.013034 0.030998
v 0.021671 0.013034 0.030626
v 0.021671 0.013034 0.029421
v 0.022817 0.013034 0.029048
v 0.028500 0.013034 0.022998
v 0.029475 0.013034 0.023706
v 0.029103 0.013034 0.024852
v 0.027898 0.013034 0.024852
v 0.027525 0.013034 0.023706
v 0.021475 0.013034 0.018023
v 0.022183 0.013034 0.017048
v 0.023329 0.013034 0.017421
v 0.023329 0.013034 0.018626
v 0.022183 0.013034 0.018998
v 0.016500 0.013034 0.025048
v 0.015525 0.013034 0.024340
v 0.015898 0.013034 0.023194
v 0.017103 0.013034 0.023194
v 0.017475 0.013034 0.024340
v 0.000818 0.013034 0.018366
v 0.001527 0.013034 0.017391
v 0.002673 0.013034 0.017764
v 0.002673 0.013034 0.018969
v 0.001527 0.013034 0.019341
v 0.014182 0.013034 0.029680
v 0.013474 0.013034 0.030655
v 0.012328 0.013034 0.030282
v 0.012328 0.013034 0.029078
v 0.013474 0.013034 0.028705
v 0.014182 0.013034 0.018366
v 0.013474 0.013034 0.019341
v 0.012328 0.013034 0.018969
v 0.012328 0.013034 0.017764
v 0.013474 0.013034 0.017391
v 0.029182 0.013034 0.029680
v 0.028474 0.013034 0.030655
v 0.027328 0.013034 0.030282
v 0.027328 0.013034 0.029078
v 0.028474 0.013034 0.028705
v 0.029182 0.013034 0.018366
v 0.028474 0.013034 0.019341
v 0.027328 0.013034 0.018969
v 0.027328 0.013034 0.017764
v 0.028474 0.013034 0.017391
v 0.015818 0.013034 0.029680
v 0.016527 0.013034 0.028705
v 0.017673 0.013034 0.029078
v 0.017673 0.013034 0.030282
v 0.016527 0.013034 0.030655
v 0.015818 0.013034 0.018366
v 0.016527 0.013034 0.017391
v 0.017673 0.013034 0.017764
v 0.017673 0.013034 0.018969
v 0.016527 0.013034 0.019341
v 0.025500 0.013034 0.034048
v 0.024525 0.013034 0.033340
v 0.024898 0.013034 0.032194
v 0.026103 0.013034 0.032194
v 0.026475 0.013034 0.033340
v 0.025500 0.013034 0.016048
v 0.024525 0.013034 0.015340
v 0.024898 0.013034 0.014194
v 0.026103 0.013034 0.014194
v 0.026475 0.013034 0.015340
v 0.004500 0.013034 0.034048
v 0.003525 0.013034 0.033340
v 0.003898 0.013034 0.032194
v 0.005103 0.013034 0.032194
v 0.005475 0.013034 0.033340
v 0.004500 0.013034 0.016048
v 0.003525 0.013034 0.015340
v 0.003898 0.013034 0.014194
v 0.005103 0.013034 0.014194
v 0.005475 0.013034 0.015340
v 0.019000 0.013034 0.015223
v 0.019761 0.013034 0.015776
v 0.019470 0.013034 0.016670
v 0.018530 0.013034 0.016670
v 0.018239 0.013034 0.015776
v 0.011000 0.013034 0.015223
v 0.011761 0.013034 0.015776
v 0.011470 0.013034 0.016670
v 0.010530 0.013034 0.016670
v 0.010239 0.013034 0.015776
v 0.019000 0.013034 0.031223
v 0.019761 0.013034 0.031776
v 0.019470 0.013034 0.032670
v 0.018530 0.013034 0.032670
v 0.018239 0.013034 0.031776
v 0.011000 0.013034 0.031223
v 0.011761 0.013034 0.031776
v 0.011470 0.013034 0.032670
v 0.010530 0.013034 0.032670
v 0.010239 0.013034 0.031776
v 0.003500 0.013034 0.024023
v 0.004436 0.013034 0.021452
v 0.006806 0.013034 0.020084
v 0.009500 0.013034 0.020559
v 0.011259 0.013034 0.022655
v 0.011259 0.013034 0.025391
v 0.009500 0.013034 0.027487
v 0.006806 0.013034 0.027962
v 0.004436 0.013034 0.026594
v 0.002262 0.006546 0.038123
v 0.002050 0.006458 0.038123
v 0.001838 0.006546 0.038123
v 0.001750 0.006758 0.038123
v 0.001750 0.006758 0.036823
v 0.001973 0.006468 0.036823
v 0.002262 0.006546 0.036823
v 0.032000 0.011034 0.037323
v 0.030000 0.013034 0.037323
v 0.029586 0.012034 0.038323
v 0.031000 0.010620 0.038323
v 0.028050 0.008034 0.038323
v 0.028050 0.006758 0.038323
v 0.028250 0.006758 0.038123
v 0.028250 0.008034 0.038123
v 0.028250 0.006758 0.038123
v 0.028162 0.006546 0.038123
v 0.027950 0.006458 0.038123
v 0.027738 0.006546 0.038123
v 0.027738 0.006546 0.036823
v 0.028027 0.006468 0.036823
v 0.028250 0.006758 0.036823
v 0.019000 0.010034 0.031223
v 0.019761 0.010034 0.031776
v 0.019470 0.010034 0.032670
v 0.018530 0.010034 0.032670
v 0.018239 0.010034 0.031776
v 0.019000 0.013034 0.031223
v 0.018239 0.013034 0.031776
v 0.018530 0.013034 0.032670
v 0.019470 0.013034 0.032670
v 0.019761 0.013034 0.031776
v 0.019000 0.013034 0.031223
v 0.019000 0.010034 0.031223
v 0.000000 0.011534 0.035523
v -0.001000 0.010534 0.035523
v -0.001000 0.010534 0.030180
v -0.000861 0.010673 0.030180
v 0.000000 0.011534 0.031721
v 0.009107 0.010034 0.019240
v 0.009107 0.011834 0.019240
v 0.009003 0.011834 0.019180
v 0.009003 0.011534 0.019180
v -0.001000 0.010534 0.026044
v 0.000000 0.011534 0.026621
v 0.000000 0.011534 0.027639
v -0.000861 0.010673 0.029180
v -0.001000 0.010534 0.029180
v 0.000000 0.011534 0.027639
v 0.000000 0.011534 0.026621
v 0.000854 0.011534 0.027114
v 0.000549 0.011534 0.027254
v 0.000263 0.011534 0.027430
v 0.028964 0.010034 0.033023
v 0.028601 0.010034 0.032394
v 0.028601 0.011534 0.032394
v 0.028964 0.011534 0.033023
v 0.012754 0.010034 0.032430
v 0.014500 0.010034 0.032430
v 0.014500 0.011534 0.032430
v 0.012754 0.011534 0.032430
v 0.006232 0.010034 0.036023
v 0.007964 0.010034 0.033023
v 0.007964 0.011534 0.033023
v 0.006232 0.011534 0.036023
v 0.004000 0.011534 0.012023
v 0.004000 0.010034 0.012023
v 0.002750 0.010034 0.012023
v 0.002750 0.011534 0.012023
v 0.002750 0.007034 0.037323
v 0.002750 0.007034 0.035523
v 0.002750 0.010034 0.035523
v 0.002750 0.010034 0.036023
v 0.002750 0.011534 0.036023
v 0.002750 0.011534 0.037323
v 0.005000 0.011534 0.036023
v 0.005000 0.011534 0.037323
v 0.005000 0.010034 0.037323
v 0.005000 0.010034 0.036023
v 0.005500 0.011534 0.027487
v 0.004541 0.011534 0.029148
v 0.004131 0.011534 0.028153
v 0.003370 0.011534 0.027393
v 0.002375 0.011534 0.026982
v 0.004036 0.011534 0.026023
v 0.004436 0.011534 0.026594
v 0.004929 0.011534 0.027087
v 0.023768 0.011534 0.036023
v 0.022036 0.011534 0.033023
v 0.022036 0.010034 0.033023
v 0.023768 0.010034 0.036023
v 0.026149 0.008418 0.009723
v 0.027880 0.006687 0.009723
v 0.027738 0.006546 0.009923
v 0.026008 0.008276 0.009923
v 0.025964 0.011534 0.026023
v 0.027625 0.011534 0.026982
v 0.026631 0.011534 0.027393
v 0.025870 0.011534 0.028153
v 0.025459 0.011534 0.029148
v 0.024500 0.011534 0.027487
v 0.025071 0.011534 0.027087
v 0.025564 0.011534 0.026594
v 0.027250 0.011534 0.036023
v 0.027250 0.010034 0.036023
v 0.027250 0.010034 0.035523
v 0.027250 0.007034 0.035523
v 0.027250 0.007034 0.037323
v 0.027250 0.011534 0.037323
v 0.003500 0.013034 0.024023
v 0.004436 0.013034 0.026594
v 0.006806 0.013034 0.027962
v 0.009500 0.013034 0.027487
v 0.011259 0.013034 0.025391
v 0.011259 0.013034 0.022655
v 0.009500 0.013034 0.020559
v 0.006806 0.013034 0.020084
v 0.004436 0.013034 0.021452
v 0.003671 0.011834 0.025178
v 0.003519 0.011834 0.024413
v 0.003519 0.011834 0.023633
v 0.003671 0.011834 0.022868
v 0.003671 0.010534 0.022868
v 0.003771 0.010534 0.022578
v 0.003893 0.010534 0.022295
v 0.004036 0.010534 0.022023
v 0.004036 0.011534 0.022023
v 0.004436 0.011534 0.021452
v 0.004929 0.011534 0.020959
v 0.005500 0.011534 0.020559
v 0.005500 0.010534 0.020559
v 0.005772 0.010534 0.020416
v 0.006055 0.010534 0.020293
v 0.006346 0.010534 0.020193
v 0.006346 0.011834 0.020193
v 0.007110 0.011834 0.020042
v 0.007890 0.011834 0.020042
v 0.008655 0.011834 0.020193
v 0.008655 0.010534 0.020193
v 0.008946 0.010534 0.020293
v 0.009228 0.010534 0.020416
v 0.009500 0.010534 0.020559
v 0.009500 0.011534 0.020559
v 0.010071 0.011534 0.020959
v 0.010564 0.011534 0.021452
v 0.010964 0.011534 0.022023
v 0.010964 0.010534 0.022023
v 0.011108 0.010534 0.022295
v 0.011230 0.010534 0.022578
v 0.011330 0.010534 0.022868
v 0.011330 0.011834 0.022868
v 0.011481 0.011834 0.023633
v 0.011481 0.011834 0.024413
v 0.011330 0.011834 0.025178
v 0.011330 0.010534 0.025178
v 0.011230 0.010534 0.025469
v 0.011108 0.010534 0.025751
v 0.010964 0.010534 0.026023
v 0.010964 0.011534 0.026023
v 0.010564 0.011534 0.026594
v 0.010071 0.011534 0.027087
v 0.009500 0.011534 0.027487
v 0.009500 0.010534 0.027487
v 0.009228 0.010534 0.027631
v 0.008946 0.010534 0.027753
v 0.008655 0.010534 0.027853
v 0.008655 0.011834 0.027853
v 0.007890 0.011834 0.028004
v 0.007110 0.011834 0.028004
v 0.006346 0.011834 0.027853
v 0.006346 0.010534 0.027853
v 0.006055 0.010534 0.027753
v 0.005772 0.010534 0.027631
v 0.005500 0.010534 0.027487
v 0.005500 0.011534 0.027487
v 0.004929 0.011534 0.027087
v 0.004436 0.011534 0.026594
v 0.004036 0.011534 0.026023
v 0.004036 0.010534 0.026023
v 0.003893 0.010534 0.025751
v 0.003771 0.010534 0.025469
v 0.003671 0.010534 0.025178
v 0.003500 0.013034 0.024023
v 0.003519 0.011834 0.024413
v 0.000000 0.009784 0.036823
v -0.001800 0.009784 0.036823
v -0.002000 0.009984 0.036823
v -0.002000 0.008034 0.036823
v -0.001732 0.007034 0.036823
v -0.001000 0.006302 0.036823
v 0.000000 0.006034 0.036823
v 0.001543 0.006034 0.036823
v 0.001673 0.006051 0.036823
v 0.001793 0.006101 0.036823
v 0.001897 0.006180 0.036823
v 0.002262 0.006546 0.036823
v 0.001973 0.006468 0.036823
v 0.001750 0.006758 0.036823
v 0.001750 0.008034 0.036823
v 0.001516 0.008909 0.036823
v 0.000875 0.009549 0.036823
v -0.001025 0.008034 0.036823
v -0.000317 0.009009 0.036823
v 0.000829 0.008636 0.036823
v 0.000829 0.007431 0.036823
v -0.000317 0.007059 0.036823
v 0.031000 0.010620 0.038323
v 0.031000 0.009984 0.038323
v 0.032000 0.009984 0.037323
v 0.032000 0.011034 0.037323
v 0.030000 0.013034 0.010723
v 0.030000 0.013034 0.037323
v 0.032000 0.011034 0.037323
v 0.032000 0.011034 0.010723
v 0.000000 0.013034 0.037323
v 0.000000 0.013034 0.010723
v -0.002000 0.011034 0.010723
v -0.002000 0.011034 0.037323
v 0.030000 0.009984 0.038323
v 0.029025 0.009723 0.038323
v 0.028311 0.009009 0.038323
v 0.028050 0.008034 0.038323
v 0.028250 0.008034 0.038123
v 0.028485 0.008909 0.038123
v 0.029125 0.009549 0.038123
v 0.030000 0.009784 0.038123
v 0.028250 0.008034 0.038123
v 0.028250 0.006758 0.038123
v 0.028250 0.006758 0.036823
v 0.028250 0.008034 0.036823
v 0.011000 0.010034 0.031223
v 0.011761 0.010034 0.031776
v 0.011470 0.010034 0.032670
v 0.010530 0.010034 0.032670
v 0.010239 0.010034 0.031776
v 0.011000 0.013034 0.031223
v 0.010239 0.013034 0.031776
v 0.010530 0.013034 0.032670
v 0.011470 0.013034 0.032670
v 0.011761 0.013034 0.031776
v 0.011000 0.013034 0.031223
v 0.011000 0.010034 0.031223
v -0.000861 0.010673 0.030180
v -0.001000 0.010534 0.030180
v -0.001000 0.010034 0.030180
v -0.000861 0.010034 0.030180
v 0.009253 0.011534 0.018747
v 0.009003 0.011534 0.019180
v 0.009003 0.011834 0.019180
v 0.009253 0.011834 0.018747
v 0.014500 0.010034 0.032430
v 0.014500 0.010034 0.037323
v 0.014500 0.011534 0.037323
v 0.014500 0.011534 0.032430
v 0.005000 0.011534 0.036023
v 0.005000 0.010034 0.036023
v 0.006232 0.010034 0.036023
v 0.006232 0.011534 0.036023
v 0.005000 0.010034 0.012023
v 0.005000 0.011534 0.012023
v 0.006232 0.011534 0.012023
v 0.006232 0.010034 0.012023
v 0.004000 0.011534 0.037323
v 0.002750 0.011534 0.037323
v 0.002750 0.011534 0.036023
v 0.004000 0.011534 0.036023
v 0.027521 0.011534 0.012523
v 0.030000 0.011534 0.012523
v 0.030000 0.011534 0.016325
v 0.029580 0.011534 0.016013
v 0.029108 0.011534 0.015786
v 0.028601 0.011534 0.015652
v 0.028964 0.011534 0.015023
v 0.026000 0.011534 0.036023
v 0.026000 0.010034 0.036023
v 0.027250 0.010034 0.036023
v 0.027250 0.011534 0.036023
v 0.027880 0.006687 0.009723
v 0.027950 0.006658 0.009723
v 0.028021 0.006687 0.009723
v 0.028050 0.006758 0.009723
v 0.028250 0.006758 0.009923
v 0.028162 0.006546 0.009923
v 0.027950 0.006458 0.009923
v 0.027738 0.006546 0.009923
v 0.025000 0.010034 0.036023
v 0.025000 0.011534 0.036023
v 0.023768 0.011534 0.036023
v 0.023768 0.010034 0.036023
v 0.026000 0.011534 0.037323
v 0.026000 0.011534 0.036023
v 0.027250 0.011534 0.036023
v 0.027250 0.011534 0.037323
v 0.028457 0.006034 0.035523
v 0.028328 0.006051 0.035523
v 0.028207 0.006101 0.035523
v 0.028104 0.006180 0.035523
v 0.027250 0.007034 0.035523
v 0.027250 0.010034 0.035523
v 0.027521 0.010034 0.035523
v 0.027521 0.011534 0.035523
v 0.030000 0.011534 0.035523
v 0.031000 0.010534 0.035523
v 0.031000 0.010034 0.035523
v 0.032000 0.010034 0.035523
v 0.032000 0.008034 0.035523
v 0.031732 0.007034 0.035523
v 0.031000 0.006302 0.035523
v 0.030000 0.006034 0.035523
v 0.028975 0.008034 0.035523
v 0.029683 0.007059 0.035523
v 0.030829 0.007431 0.035523
v 0.030829 0.008636 0.035523
v 0.029683 0.009009 0.035523
v 0.013157 0.011834 0.031430
v 0.011642 0.011834 0.030555
v 0.011642 0.011834 0.028805
v 0.013157 0.011834 0.027930
v 0.016843 0.011834 0.027930
v 0.018359 0.011834 0.028805
v 0.018359 0.011834 0.030555
v 0.016843 0.011834 0.031430
v 0.014182 0.011834 0.029680
v 0.013474 0.011834 0.028705
v 0.012328 0.011834 0.029078
v 0.012328 0.011834 0.030282
v 0.013474 0.011834 0.030655
v 0.015818 0.011834 0.029680
v 0.016527 0.011834 0.030655
v 0.017673 0.011834 0.030282
v 0.017673 0.011834 0.029078
v 0.016527 0.011834 0.028705
v -0.001025 0.008034 0.035523
v -0.000317 0.009009 0.035523
v 0.000829 0.008636 0.035523
v 0.000829 0.007431 0.035523
v -0.000317 0.007059 0.035523
v -0.001025 0.008034 0.036823
v -0.000317 0.007059 0.036823
v 0.000829 0.007431 0.036823
v 0.000829 0.008636 0.036823
v -0.000317 0.009009 0.036823
v -0.001025 0.008034 0.036823
v -0.001025 0.008034 0.035523
v 0.031000 0.009984 0.038323
v 0.030000 0.009984 0.038323
v 0.030000 0.009784 0.038123
v 0.030917 0.009784 0.038123
v 0.031000 0.010620 0.009723
v 0.029586 0.012034 0.009723
v 0.030000 0.013034 0.010723
v 0.032000 0.011034 0.010723
v 0.000000 0.013034 0.010723
v 0.030000 0.013034 0.010723
v 0.029586 0.012034 0.009723
v 0.000414 0.012034 0.009723
v 0.030000 0.009784 0.038123
v 0.029125 0.009549 0.038123
v 0.028485 0.008909 0.038123
v 0.028250 0.008034 0.038123
v 0.028250 0.008034 0.036823
v 0.028485 0.008909 0.036823
v 0.029125 0.009549 0.036823
v 0.030000 0.009784 0.036823
v 0.016843 0.010034 0.016616
v 0.016843 0.011834 0.016616
v 0.013157 0.011834 0.016616
v 0.013157 0.010034 0.016616
v 0.001399 0.010034 0.032394
v 0.001036 0.010034 0.033023
v 0.001036 0.011534 0.033023
v 0.001399 0.011534 0.032394
v 0.009003 0.011534 0.019180
v 0.009253 0.011534 0.018747
v 0.009357 0.010034 0.018807
v 0.009107 0.010034 0.019240
v 0.001543 0.006034 0.012523
v 0.001673 0.006051 0.012523
v 0.001793 0.006101 0.012523
v 0.001897 0.006180 0.012523
v 0.002750 0.007034 0.012523
v 0.002750 0.010034 0.012523
v 0.002480 0.010034 0.012523
v 0.002480 0.011534 0.012523
v 0.000000 0.011534 0.012523
v -0.001000 0.010534 0.012523
v -0.001000 0.010034 0.012523
v -0.002000 0.010034 0.012523
v -0.002000 0.008034 0.012523
v -0.001732 0.007034 0.012523
v -0.001000 0.006302 0.012523
v 0.000000 0.006034 0.012523
v -0.001025 0.008034 0.012523
v -0.000317 0.009009 0.012523
v 0.000829 0.008636 0.012523
v 0.000829 0.007431 0.012523
v -0.000317 0.007059 0.012523
v 0.014500 0.010034 0.037323
v 0.011500 0.010034 0.037323
v 0.011500 0.011534 0.037323
v 0.014500 0.011534 0.037323
v 0.000000 0.011534 0.012523
v 0.002480 0.011534 0.012523
v 0.001036 0.011534 0.015023
v 0.001399 0.011534 0.015652
v 0.000893 0.011534 0.015786
v 0.000421 0.011534 0.016013
v 0.000000 0.011534 0.016325
v 0.004000 0.010034 0.036023
v 0.004000 0.011534 0.036023
v 0.002750 0.011534 0.036023
v 0.002750 0.010034 0.036023
v 0.004000 0.011534 0.012023
v 0.004000 0.011534 0.010723
v 0.004000 0.010034 0.010723
v 0.004000 0.010034 0.012023
v 0.001897 0.006180 0.035523
v 0.001793 0.006101 0.035523
v 0.001673 0.006051 0.035523
v 0.001543 0.006034 0.035523
v 0.000000 0.006034 0.035523
v -0.001000 0.006302 0.035523
v -0.001732 0.007034 0.035523
v -0.002000 0.008034 0.035523
v -0.002000 0.010034 0.035523
v -0.001000 0.010034 0.035523
v -0.001000 0.010534 0.035523
v 0.000000 0.011534 0.035523
v 0.002480 0.011534 0.035523
v 0.002480 0.010034 0.035523
v 0.002750 0.010034 0.035523
v 0.002750 0.007034 0.035523
v -0.001025 0.008034 0.035523
v -0.000317 0.007059 0.035523
v 0.000829 0.007431 0.035523
v 0.000829 0.008636 0.035523
v -0.000317 0.009009 0.035523
v 0.028050 0.006758 0.009723
v 0.028050 0.008034 0.009723
v 0.028250 0.008034 0.009923
v 0.028250 0.006758 0.009923
v 0.031000 0.009984 0.009723
v 0.030000 0.009984 0.009723
v 0.029025 0.009723 0.009723
v 0.028311 0.009009 0.009723
v 0.028050 0.008034 0.009723
v 0.028050 0.006758 0.009723
v 0.028021 0.006687 0.009723
v 0.027950 0.006658 0.009723
v 0.027880 0.006687 0.009723
v 0.026149 0.008418 0.009723
v 0.024865 0.009403 0.009723
v 0.023370 0.010023 0.009723
v 0.021765 0.010234 0.009723
v 0.008236 0.010234 0.009723
v 0.006631 0.010023 0.009723
v 0.005136 0.009403 0.009723
v 0.003851 0.008418 0.009723
v 0.002121 0.006687 0.009723
v 0.002050 0.006658 0.009723
v 0.001980 0.006687 0.009723
v 0.001950 0.006758 0.009723
v 0.001950 0.008034 0.009723
v 0.001689 0.009009 0.009723
v 0.000975 0.009723 0.009723
v 0.000000 0.009984 0.009723
v -0.001000 0.009984 0.009723
v -0.001000 0.010620 0.009723
v 0.000414 0.012034 0.009723
v 0.029586 0.012034 0.009723
v 0.031000 0.010620 0.009723
v 0.026000 0.011534 0.036023
v 0.026000 0.011534 0.037323
v 0.026000 0.010034 0.037323
v 0.026000 0.010034 0.036023
v 0.004000 0.011534 0.010723
v 0.004000 0.011534 0.012023
v 0.002750 0.011534 0.012023
v 0.002750 0.011534 0.010723
v 0.032000 0.008034 0.036823
v 0.032000 0.009984 0.036823
v 0.031800 0.009784 0.036823
v 0.030000 0.009784 0.036823
v 0.029125 0.009549 0.036823
v 0.028485 0.008909 0.036823
v 0.028250 0.008034 0.036823
v 0.028250 0.006758 0.036823
v 0.028027 0.006468 0.036823
v 0.027738 0.006546 0.036823
v 0.028104 0.006180 0.036823
v 0.028207 0.006101 0.036823
v 0.028328 0.006051 0.036823
v 0.028457 0.006034 0.036823
v 0.030000 0.006034 0.036823
v 0.031000 0.006302 0.036823
v 0.031732 0.007034 0.036823
v 0.028975 0.008034 0.036823
v 0.029683 0.009009 0.036823
v 0.030829 0.008636 0.036823
v 0.030829 0.007431 0.036823
v 0.029683 0.007059 0.036823
v 0.013157 0.011834 0.020116
v 0.011642 0.011834 0.019241
v 0.011642 0.011834 0.017491
v 0.013157 0.011834 0.016616
v 0.016843 0.011834 0.016616
v 0.018359 0.011834 0.017491
v 0.018359 0.011834 0.019241
v 0.016843 0.011834 0.020116
v 0.014182 0.011834 0.018366
v 0.013474 0.011834 0.017391
v 0.012328 0.011834 0.017764
v 0.012328 0.011834 0.018969
v 0.013474 0.011834 0.019341
v 0.015818 0.011834 0.018366
v 0.016527 0.011834 0.019341
v 0.017673 0.011834 0.018969
v 0.017673 0.011834 0.017764
v 0.016527 0.011834 0.017391
v 0.000000 0.006034 0.036823
v -0.001000 0.006302 0.036823
v -0.001732 0.007034 0.036823
v -0.002000 0.008034 0.036823
v -0.002000 0.008034 0.035523
v -0.001732 0.007034 0.035523
v -0.001000 0.006302 0.035523
v 0.000000 0.006034 0.035523
v 0.032000 0.009984 0.037323
v 0.032000 0.009984 0.036823
v 0.032000 0.008034 0.036823
v 0.032000 0.008034 0.035523
v 0.032000 0.010034 0.035523
v 0.032000 0.010034 0.012523
v 0.032000 0.008034 0.012523
v 0.032000 0.008034 0.011223
v 0.032000 0.009984 0.011223
v 0.032000 0.009984 0.010723
v 0.032000 0.011034 0.010723
v 0.032000 0.011034 0.037323
v 0.030917 0.009784 0.038123
v 0.031800 0.009784 0.037240
v 0.032000 0.009984 0.037323
v 0.031000 0.009984 0.038323
v 0.001543 0.006034 0.035523
v 0.001673 0.006051 0.035523
v 0.001793 0.006101 0.035523
v 0.001897 0.006180 0.035523
v 0.001897 0.006180 0.036823
v 0.001793 0.006101 0.036823
v 0.001673 0.006051 0.036823
v 0.001543 0.006034 0.036823
v -0.001000 0.010620 0.009723
v -0.001000 0.009984 0.009723
v -0.002000 0.009984 0.010723
v -0.002000 0.011034 0.010723
v 0.018500 0.010034 0.014294
v 0.017932 0.010034 0.014574
v 0.017496 0.010034 0.015034
v 0.017247 0.010034 0.015616
v 0.017247 0.011534 0.015616
v 0.017496 0.011534 0.015034
v 0.017932 0.011534 0.014574
v 0.018500 0.011534 0.014294
v 0.013157 0.010034 0.016616
v 0.013157 0.011834 0.016616
v 0.011642 0.011834 0.017491
v 0.011642 0.011834 0.019241
v 0.013157 0.011834 0.020116
v 0.013157 0.010034 0.020116
v 0.011642 0.010034 0.019241
v 0.011642 0.010034 0.017491
v 0.016843 0.010034 0.020116
v 0.016843 0.011834 0.020116
v 0.018359 0.011834 0.019241
v 0.018359 0.011834 0.017491
v 0.016843 0.011834 0.016616
v 0.016843 0.010034 0.016616
v 0.018359 0.010034 0.017491
v 0.018359 0.010034 0.019241
v 0.001036 0.011534 0.033023
v 0.001036 0.010034 0.033023
v 0.002480 0.010034 0.035523
v 0.002480 0.011534 0.035523
v 0.009357 0.010034 0.018807
v 0.009253 0.011534 0.018747
v 0.009253 0.011834 0.018747
v 0.009357 0.011834 0.018807
v 0.030000 0.011534 0.035523
v 0.027521 0.011534 0.035523
v 0.028964 0.011534 0.033023
v 0.028601 0.011534 0.032394
v 0.029108 0.011534 0.032260
v 0.029580 0.011534 0.032033
v 0.030000 0.011534 0.031721
v -0.001025 0.008034 0.011223
v -0.000317 0.009009 0.011223
v 0.000829 0.008636 0.011223
v 0.000829 0.007431 0.011223
v -0.000317 0.007059 0.011223
v -0.001025 0.008034 0.012523
v -0.000317 0.007059 0.012523
v 0.000829 0.007431 0.012523
v 0.000829 0.008636 0.012523
v -0.000317 0.009009 0.012523
v -0.001025 0.008034 0.012523
v -0.001025 0.008034 0.011223
v 0.011500 0.010034 0.037323
v 0.011500 0.010034 0.033752
v 0.011500 0.011534 0.033752
v 0.011500 0.011534 0.037323
v 0.001036 0.010034 0.015023
v 0.001399 0.010034 0.015652
v 0.001399 0.011534 0.015652
v 0.001036 0.011534 0.015023
v 0.005000 0.011534 0.010723
v 0.005000 0.011534 0.012023
v 0.005000 0.010034 0.012023
v 0.005000 0.010034 0.010723
v 0.028975 0.008034 0.035523
v 0.029683 0.009009 0.035523
v 0.030829 0.008636 0.035523
v 0.030829 0.007431 0.035523
v 0.029683 0.007059 0.035523
v 0.028975 0.008034 0.036823
v 0.029683 0.007059 0.036823
v 0.030829 0.007431 0.036823
v 0.030829 0.008636 0.036823
v 0.029683 0.009009 0.036823
v 0.028975 0.008034 0.036823
v 0.028975 0.008034 0.035523
v 0.028050 0.008034 0.009723
v 0.028311 0.009009 0.009723
v 0.029025 0.009723 0.009723
v 0.030000 0.009984 0.009723
v 0.030000 0.009784 0.009923
v 0.029125 0.009549 0.009923
v 0.028485 0.008909 0.009923
v 0.028250 0.008034 0.009923
v 0.002121 0.006687 0.009723
v 0.003851 0.008418 0.009723
v 0.003993 0.008276 0.009923
v 0.002262 0.006546 0.009923
v 0.030000 0.009984 0.009723
v 0.031000 0.009984 0.009723
v 0.030917 0.009784 0.009923
v 0.030000 0.009784 0.009923
v 0.008236 0.010034 0.010723
v 0.010500 0.010034 0.010723
v 0.010500 0.011534 0.010723
v 0.005000 0.011534 0.010723
v 0.005000 0.010034 0.010723
v 0.004000 0.010034 0.010723
v 0.004000 0.011534 0.010723
v 0.002750 0.011534 0.010723
v 0.002750 0.007034 0.010723
v 0.003993 0.008276 0.010723
v 0.005236 0.009230 0.010723
v 0.006683 0.009829 0.010723
v 0.023768 0.011534 0.012023
v 0.022036 0.011534 0.015023
v 0.020497 0.011534 0.015023
v 0.020225 0.011534 0.014704
v 0.019887 0.011534 0.014457
v 0.019500 0.011534 0.014294
v 0.019500 0.011534 0.010723
v 0.025000 0.011534 0.010723
v 0.025000 0.011534 0.012023
v 0.028457 0.006034 0.036823
v 0.028328 0.006051 0.036823
v 0.028207 0.006101 0.036823
v 0.028104 0.006180 0.036823
v 0.028104 0.006180 0.035523
v 0.028207 0.006101 0.035523
v 0.028328 0.006051 0.035523
v 0.028457 0.006034 0.035523
v 0.025000 0.011534 0.010723
v 0.019500 0.011534 0.010723
v 0.019500 0.010034 0.010723
v 0.021765 0.010034 0.010723
v 0.023318 0.009829 0.010723
v 0.024765 0.009230 0.010723
v 0.026008 0.008276 0.010723
v 0.027250 0.007034 0.010723
v 0.027250 0.011534 0.010723
v 0.026000 0.011534 0.010723
v 0.026000 0.010034 0.010723
v 0.025000 0.010034 0.010723
v 0.011330 0.011834 0.022868
v 0.011500 0.011834 0.022868
v 0.012284 0.011834 0.022416
v 0.012344 0.011834 0.022520
v 0.012777 0.011834 0.022270
v 0.012717 0.011834 0.022166
v 0.013500 0.011834 0.021714
v 0.014284 0.011834 0.022166
v 0.014224 0.011834 0.022270
v 0.014657 0.011834 0.022520
v 0.014717 0.011834 0.022416
v 0.015000 0.011834 0.022580
v 0.015284 0.011834 0.022416
v 0.015344 0.011834 0.022520
v 0.015777 0.011834 0.022270
v 0.015717 0.011834 0.022166
v 0.016500 0.011834 0.021714
v 0.017284 0.011834 0.022166
v 0.017224 0.011834 0.022270
v 0.017657 0.011834 0.022520
v 0.017717 0.011834 0.022416
v 0.018500 0.011834 0.022868
v 0.018671 0.011834 0.022868
v 0.018519 0.011834 0.023633
v 0.018519 0.011834 0.024413
v 0.018671 0.011834 0.025178
v 0.018500 0.011834 0.025178
v 0.017717 0.011834 0.025630
v 0.017657 0.011834 0.025526
v 0.017224 0.011834 0.025776
v 0.017284 0.011834 0.025880
v 0.016500 0.011834 0.026333
v 0.015717 0.011834 0.025880
v 0.015777 0.011834 0.025776
v 0.015344 0.011834 0.025526
v 0.015284 0.011834 0.025630
v 0.015000 0.011834 0.025467
v 0.014717 0.011834 0.025630
v 0.014657 0.011834 0.025526
v 0.014224 0.011834 0.025776
v 0.014284 0.011834 0.025880
v 0.013500 0.011834 0.026333
v 0.012717 0.011834 0.025880
v 0.012777 0.011834 0.025776
v 0.012344 0.011834 0.025526
v 0.012284 0.011834 0.025630
v 0.011500 0.011834 0.025178
v 0.011330 0.011834 0.025178
v 0.011481 0.011834 0.024413
v 0.011481 0.011834 0.023633
v 0.013500 0.011834 0.025048
v 0.014475 0.011834 0.024340
v 0.014103 0.011834 0.023194
v 0.012898 0.011834 0.023194
v 0.012525 0.011834 0.024340
v 0.016500 0.011834 0.025048
v 0.017475 0.011834 0.024340
v 0.017103 0.011834 0.023194
v 0.015898 0.011834 0.023194
v 0.015525 0.011834 0.024340
v 0.032000 0.009984 0.036823
v 0.032000 0.009984 0.037323
v 0.031800 0.009784 0.037240
v 0.031800 0.009784 0.036823
v 0.030917 0.009784 0.038123
v 0.030000 0.009784 0.038123
v 0.030000 0.009784 0.036823
v 0.031800 0.009784 0.036823
v 0.031800 0.009784 0.037240
v -0.002000 0.011034 0.010723
v 0.000000 0.013034 0.010723
v 0.000414 0.012034 0.009723
v -0.001000 0.010620 0.009723
v 0.028457 0.006034 0.036823
v 0.028457 0.006034 0.035523
v 0.030000 0.006034 0.035523
v 0.030000 0.006034 0.036823
v -0.002000 0.009984 0.011223
v -0.002000 0.009984 0.010723
v -0.001800 0.009784 0.010806
v -0.001800 0.009784 0.011223
v 0.014500 0.010034 0.015616
v 0.012754 0.010034 0.015616
v 0.012754 0.011534 0.015616
v 0.014500 0.011534 0.015616
v 0.018500 0.010034 0.010723
v 0.018500 0.010034 0.014294
v 0.018500 0.011534 0.014294
v 0.018500 0.011534 0.010723
v 0.017247 0.010034 0.015616
v 0.015500 0.010034 0.015616
v 0.015500 0.011534 0.015616
v 0.017247 0.011534 0.015616
v 0.013157 0.010034 0.020116
v 0.013157 0.011834 0.020116
v 0.016843 0.011834 0.020116
v 0.016843 0.010034 0.020116
v 0.007750 0.010034 0.016023
v 0.007750 0.011834 0.016023
v 0.007750 0.011834 0.016143
v 0.007750 0.011534 0.016143
v 0.002480 0.011534 0.035523
v 0.000000 0.011534 0.035523
v 0.000000 0.011534 0.031721
v 0.000421 0.011534 0.032033
v 0.000893 0.011534 0.032260
v 0.001399 0.011534 0.032394
v 0.001036 0.011534 0.033023
v 0.028457 0.006034 0.012523
v 0.028328 0.006051 0.012523
v 0.028207 0.006101 0.012523
v 0.028104 0.006180 0.012523
v 0.028104 0.006180 0.011223
v 0.028207 0.006101 0.011223
v 0.028328 0.006051 0.011223
v 0.028457 0.006034 0.011223
v 0.015500 0.010034 0.032430
v 0.017247 0.010034 0.032430
v 0.017247 0.011534 0.032430
v 0.015500 0.011534 0.032430
v 0.006232 0.011534 0.012023
v 0.007964 0.011534 0.015023
v 0.007964 0.010034 0.015023
v 0.006232 0.010034 0.012023
v 0.028250 0.008034 0.009923
v 0.028485 0.008909 0.009923
v 0.029125 0.009549 0.009923
v 0.030000 0.009784 0.009923
v 0.030000 0.009784 0.011223
v 0.029125 0.009549 0.011223
v 0.028485 0.008909 0.011223
v 0.028250 0.008034 0.011223
v 0.001750 0.006758 0.009923
v 0.001950 0.006758 0.009723
v 0.001980 0.006687 0.009723
v 0.002050 0.006658 0.009723
v 0.002121 0.006687 0.009723
v 0.002262 0.006546 0.009923
v 0.002050 0.006458 0.009923
v 0.001838 0.006546 0.009923
v 0.031000 0.009984 0.009723
v 0.032000 0.009984 0.010723
v 0.031800 0.009784 0.010806
v 0.030917 0.009784 0.009923
v 0.019500 0.010034 0.014294
v 0.019500 0.010034 0.010723
v 0.019500 0.011534 0.010723
v 0.019500 0.011534 0.014294
v 0.024500 0.011534 0.020559
v 0.025459 0.011534 0.018898
v 0.025870 0.011534 0.019893
v 0.026631 0.011534 0.020654
v 0.027625 0.011534 0.021064
v 0.025964 0.011534 0.022023
v 0.025564 0.011534 0.021452
v 0.025071 0.011534 0.020959
v 0.032000 0.008034 0.036823
v 0.031732 0.007034 0.036823
v 0.031000 0.006302 0.036823
v 0.030000 0.006034 0.036823
v 0.030000 0.006034 0.035523
v 0.031000 0.006302 0.035523
v 0.031732 0.007034 0.035523
v 0.032000 0.008034 0.035523
v 0.008655 0.011834 0.027853
v 0.008655 0.011834 0.028023
v 0.009107 0.011834 0.028807
v 0.009003 0.011834 0.028867
v 0.009253 0.011834 0.029300
v 0.009357 0.011834 0.029240
v 0.009810 0.011834 0.030023
v 0.008655 0.011834 0.032023
v 0.007750 0.011834 0.032023
v 0.007750 0.011834 0.031903
v 0.007250 0.011834 0.031903
v 0.007250 0.011834 0.032023
v 0.006752 0.011834 0.032023
v 0.006559 0.011834 0.032093
v 0.006456 0.011834 0.032271
v 0.006492 0.011834 0.032473
v 0.006810 0.011834 0.033023
v 0.006357 0.011834 0.033807
v 0.006253 0.011834 0.033747
v 0.006003 0.011834 0.034180
v 0.006107 0.011834 0.034240
v 0.005655 0.011834 0.035023
v 0.003346 0.011834 0.035023
v 0.002893 0.011834 0.034240
v 0.002997 0.011834 0.034180
v 0.002747 0.011834 0.033747
v 0.002643 0.011834 0.033807
v 0.002191 0.011834 0.033023
v 0.002980 0.011834 0.031657
v 0.002645 0.011834 0.031236
v 0.000995 0.011834 0.031211
v 0.000099 0.011834 0.029824
v 0.000755 0.011834 0.028310
v 0.002378 0.011834 0.028014
v 0.003526 0.011834 0.029199
v 0.003178 0.011834 0.030812
v 0.003346 0.011834 0.031023
v 0.004250 0.011834 0.031023
v 0.004250 0.011834 0.031143
v 0.004750 0.011834 0.031143
v 0.004750 0.011834 0.031023
v 0.005249 0.011834 0.031023
v 0.005441 0.011834 0.030953
v 0.005544 0.011834 0.030775
v 0.005508 0.011834 0.030573
v 0.005191 0.011834 0.030023
v 0.005643 0.011834 0.029240
v 0.005747 0.011834 0.029300
v 0.005997 0.011834 0.028867
v 0.005893 0.011834 0.028807
v 0.006346 0.011834 0.028023
v 0.006346 0.011834 0.027853
v 0.007110 0.011834 0.028004
v 0.007890 0.011834 0.028004
v 0.006475 0.011834 0.030023
v 0.007183 0.011834 0.030998
v 0.008329 0.011834 0.030626
v 0.008329 0.011834 0.029421
v 0.007183 0.011834 0.029048
v 0.000818 0.011834 0.029680
v 0.001527 0.011834 0.030655
v 0.002673 0.011834 0.030282
v 0.002673 0.011834 0.029078
v 0.001527 0.011834 0.028705
v 0.004500 0.011834 0.034048
v 0.005475 0.011834 0.033340
v 0.005103 0.011834 0.032194
v 0.003898 0.011834 0.032194
v 0.003525 0.011834 0.033340
v 0.001543 0.006034 0.035523
v 0.001543 0.006034 0.036823
v 0.000000 0.006034 0.036823
v 0.000000 0.006034 0.035523
v -0.002000 0.008034 0.011223
v -0.002000 0.009984 0.011223
v -0.001800 0.009784 0.011223
v 0.000000 0.009784 0.011223
v 0.000875 0.009549 0.011223
v 0.001516 0.008909 0.011223
v 0.001750 0.008034 0.011223
v 0.001750 0.006758 0.011223
v 0.001973 0.006468 0.011223
v 0.002262 0.006546 0.011223
v 0.001897 0.006180 0.011223
v 0.001793 0.006101 0.011223
v 0.001673 0.006051 0.011223
v 0.001543 0.006034 0.011223
v 0.000000 0.006034 0.011223
v -0.001000 0.006302 0.011223
v -0.001732 0.007034 0.011223
v -0.001025 0.008034 0.011223
v -0.000317 0.007059 0.011223
v 0.000829 0.007431 0.011223
v 0.000829 0.008636 0.011223
v -0.000317 0.009009 0.011223
v -0.000917 0.009784 0.009923
v -0.001800 0.009784 0.010806
v -0.002000 0.009984 0.010723
v -0.001000 0.009984 0.009723
v 0.016843 0.010034 0.027930
v 0.016843 0.011834 0.027930
v 0.013157 0.011834 0.027930
v 0.013157 0.010034 0.027930
v 0.014500 0.010034 0.010723
v 0.014500 0.010034 0.015616
v 0.014500 0.011534 0.015616
v 0.014500 0.011534 0.010723
v 0.012754 0.010034 0.015616
v 0.012504 0.010034 0.015034
v 0.012068 0.010034 0.014574
v 0.011500 0.010034 0.014294
v 0.011500 0.011534 0.014294
v 0.012068 0.011534 0.014574
v 0.012504 0.011534 0.015034
v 0.012754 0.011534 0.015616
v 0.015500 0.010034 0.010723
v 0.018500 0.010034 0.010723
v 0.018500 0.011534 0.010723
v 0.015500 0.011534 0.010723
v 0.019036 0.010534 0.022023
v 0.018978 0.010284 0.021990
v 0.018820 0.010101 0.021898
v 0.018603 0.010034 0.021773
v 0.018406 0.010034 0.021659
v 0.018406 0.011534 0.021659
v 0.019036 0.011534 0.022023
v 0.015500 0.010034 0.015616
v 0.015500 0.010034 0.010723
v 0.015500 0.011534 0.010723
v 0.015500 0.011534 0.015616
v 0.006475 0.013034 0.030023
v 0.007183 0.013034 0.030998
v 0.008329 0.013034 0.030626
v 0.008329 0.013034 0.029421
v 0.007183 0.013034 0.029048
v 0.006475 0.011834 0.030023
v 0.007183 0.011834 0.029048
v 0.008329 0.011834 0.029421
v 0.008329 0.011834 0.030626
v 0.007183 0.011834 0.030998
v 0.006475 0.011834 0.030023
v 0.006475 0.013034 0.030023
v 0.007250 0.011534 0.016143
v 0.007750 0.011534 0.016143
v 0.007750 0.011834 0.016143
v 0.007250 0.011834 0.016143
v 0.008655 0.010164 0.020023
v 0.008655 0.011834 0.020023
v 0.009107 0.011834 0.019240
v 0.009107 0.010034 0.019240
v 0.008828 0.010034 0.019723
v 0.030000 0.011534 0.020407
v 0.030000 0.011534 0.021425
v 0.029146 0.011534 0.020932
v 0.029452 0.011534 0.020792
v 0.029738 0.011534 0.020617
v 0.001036 0.010034 0.015023
v 0.001036 0.011534 0.015023
v 0.002480 0.011534 0.012523
v 0.002480 0.010034 0.012523
v 0.028457 0.006034 0.012523
v 0.028457 0.006034 0.011223
v 0.030000 0.006034 0.011223
v 0.030000 0.006034 0.012523
v 0.001543 0.006034 0.011223
v 0.001673 0.006051 0.011223
v 0.001793 0.006101 0.011223
v 0.001897 0.006180 0.011223
v 0.001897 0.006180 0.012523
v 0.001793 0.006101 0.012523
v 0.001673 0.006051 0.012523
v 0.001543 0.006034 0.012523
v 0.017247 0.010034 0.032430
v 0.017496 0.010034 0.033012
v 0.017932 0.010034 0.033472
v 0.018500 0.010034 0.033752
v 0.018500 0.011534 0.033752
v 0.017932 0.011534 0.033472
v 0.017496 0.011534 0.033012
v 0.017247 0.011534 0.032430
v 0.009504 0.010034 0.015023
v 0.007964 0.010034 0.015023
v 0.007964 0.011534 0.015023
v 0.009504 0.011534 0.015023
v 0.005500 0.010534 0.027487
v 0.005467 0.010284 0.027545
v 0.005375 0.010101 0.027704
v 0.005250 0.010034 0.027920
v 0.004541 0.010034 0.029148
v 0.004541 0.011534 0.029148
v 0.005500 0.011534 0.027487
v 0.001750 0.006758 0.009923
v 0.001838 0.006546 0.009923
v 0.002050 0.006458 0.009923
v 0.002262 0.006546 0.009923
v 0.002262 0.006546 0.011223
v 0.001973 0.006468 0.011223
v 0.001750 0.006758 0.011223
v 0.028250 0.006758 0.009923
v 0.028250 0.008034 0.009923
v 0.028250 0.008034 0.011223
v 0.028250 0.006758 0.011223
v 0.001950 0.008034 0.009723
v 0.001950 0.006758 0.009723
v 0.001750 0.006758 0.009923
v 0.001750 0.008034 0.009923
v 0.031000 0.009984 0.009723
v 0.031000 0.010620 0.009723
v 0.032000 0.011034 0.010723
v 0.032000 0.009984 0.010723
v 0.020497 0.010034 0.015023
v 0.020225 0.010034 0.014704
v 0.019887 0.010034 0.014457
v 0.019500 0.010034 0.014294
v 0.019500 0.011534 0.014294
v 0.019887 0.011534 0.014457
v 0.020225 0.011534 0.014704
v 0.020497 0.011534 0.015023
v 0.010500 0.010034 0.010723
v 0.010500 0.010034 0.014294
v 0.010500 0.011534 0.014294
v 0.010500 0.011534 0.010723
v 0.025964 0.010534 0.026023
v 0.026022 0.010284 0.026057
v 0.026181 0.010101 0.026148
v 0.026397 0.010034 0.026273
v 0.027625 0.010034 0.026982
v 0.027625 0.011534 0.026982
v 0.025964 0.011534 0.026023
v 0.005000 0.011534 0.010723
v 0.010500 0.011534 0.010723
v 0.010500 0.011534 0.014294
v 0.010114 0.011534 0.014457
v 0.009775 0.011534 0.014704
v 0.009504 0.011534 0.015023
v 0.007964 0.011534 0.015023
v 0.006232 0.011534 0.012023
v 0.005000 0.011534 0.012023
v 0.027738 0.006546 0.009923
v 0.027950 0.006458 0.009923
v 0.028162 0.006546 0.009923
v 0.028250 0.006758 0.009923
v 0.028250 0.006758 0.011223
v 0.028027 0.006468 0.011223
v 0.027738 0.006546 0.011223
v 0.027250 0.007034 0.010723
v 0.027250 0.007034 0.012523
v 0.027250 0.010034 0.012523
v 0.027250 0.010034 0.012023
v 0.027250 0.011534 0.012023
v 0.027250 0.011534 0.010723
v 0.003671 0.011834 0.025178
v 0.003500 0.011834 0.025178
v 0.002717 0.011834 0.025630
v 0.002657 0.011834 0.025526
v 0.002224 0.011834 0.025776
v 0.002284 0.011834 0.025880
v 0.001500 0.011834 0.026333
v -0.000500 0.011834 0.025178
v -0.000500 0.011834 0.024273
v -0.000380 0.011834 0.024273
v -0.000380 0.011834 0.023773
v -0.000500 0.011834 0.023773
v -0.000500 0.011834 0.022868
v 0.001500 0.011834 0.021714
v 0.002284 0.011834 0.022166
v 0.002224 0.011834 0.022270
v 0.002657 0.011834 0.022520
v 0.002717 0.011834 0.022416
v 0.003500 0.011834 0.022868
v 0.003671 0.011834 0.022868
v 0.003519 0.011834 0.023633
v 0.003519 0.011834 0.024413
v 0.001500 0.011834 0.022998
v 0.000525 0.011834 0.023706
v 0.000898 0.011834 0.024852
v 0.002103 0.011834 0.024852
v 0.002475 0.011834 0.023706
v -0.002000 0.008034 0.011223
v -0.001732 0.007034 0.011223
v -0.001000 0.006302 0.011223
v 0.000000 0.006034 0.011223
v 0.000000 0.006034 0.012523
v -0.001000 0.006302 0.012523
v -0.001732 0.007034 0.012523
v -0.002000 0.008034 0.012523
v 0.030000 0.009784 0.011223
v 0.031800 0.009784 0.011223
v 0.032000 0.009984 0.011223
v 0.032000 0.008034 0.011223
v 0.031732 0.007034 0.011223
v 0.031000 0.006302 0.011223
v 0.030000 0.006034 0.011223
v 0.028457 0.006034 0.011223
v 0.028328 0.006051 0.011223
v 0.028207 0.006101 0.011223
v 0.028104 0.006180 0.011223
v 0.027738 0.006546 0.011223
v 0.028027 0.006468 0.011223
v 0.028250 0.006758 0.011223
v 0.028250 0.008034 0.011223
v 0.028485 0.008909 0.011223
v 0.029125 0.009549 0.011223
v 0.028975 0.008034 0.011223
v 0.029683 0.007059 0.011223
v 0.030829 0.007431 0.011223
v 0.030829 0.008636 0.011223
v 0.029683 0.009009 0.011223
v 0.013157 0.010034 0.027930
v 0.013157 0.011834 0.027930
v 0.011642 0.011834 0.028805
v 0.011642 0.011834 0.030555
v 0.013157 0.011834 0.031430
v 0.013157 0.010034 0.031430
v 0.011642 0.010034 0.030555
v 0.011642 0.010034 0.028805
v 0.016843 0.010034 0.031430
v 0.016843 0.011834 0.031430
v 0.018359 0.011834 0.030555
v 0.018359 0.011834 0.028805
v 0.016843 0.011834 0.027930
v 0.016843 0.010034 0.027930
v 0.018359 0.010034 0.028805
v 0.018359 0.010034 0.030555
v 0.011500 0.010034 0.010723
v 0.014500 0.010034 0.010723
v 0.014500 0.011534 0.010723
v 0.011500 0.011534 0.010723
v 0.011500 0.010034 0.014294
v 0.011500 0.010034 0.010723
v 0.011500 0.011534 0.010723
v 0.011500 0.011534 0.014294
v 0.018603 0.010034 0.021773
v 0.018820 0.010101 0.021898
v 0.018978 0.010284 0.021990
v 0.019036 0.010534 0.022023
v 0.018893 0.010534 0.022295
v 0.018771 0.010534 0.022578
v 0.018671 0.010534 0.022868
v 0.018500 0.010164 0.022868
v 0.018201 0.010034 0.022695
v 0.018312 0.010034 0.022378
v 0.018446 0.010034 0.022070
v 0.018500 0.011534 0.014294
v 0.017932 0.011534 0.014574
v 0.017496 0.011534 0.015034
v 0.017247 0.011534 0.015616
v 0.015500 0.011534 0.015616
v 0.015500 0.011534 0.010723
v 0.018500 0.011534 0.010723
v 0.011500 0.010164 0.022868
v 0.011500 0.011834 0.022868
v 0.011330 0.011834 0.022868
v 0.011330 0.010534 0.022868
v 0.007750 0.011534 0.016143
v 0.007250 0.011534 0.016143
v 0.007250 0.010034 0.016023
v 0.007750 0.010034 0.016023
v 0.006346 0.011834 0.020193
v 0.006346 0.011834 0.020023
v 0.005893 0.011834 0.019240
v 0.005997 0.011834 0.019180
v 0.005747 0.011834 0.018747
v 0.005643 0.011834 0.018807
v 0.005191 0.011834 0.018023
v 0.005508 0.011834 0.017473
v 0.005544 0.011834 0.017271
v 0.005441 0.011834 0.017093
v 0.005249 0.011834 0.017023
v 0.004750 0.011834 0.017023
v 0.004750 0.011834 0.016903
v 0.004250 0.011834 0.016903
v 0.004250 0.011834 0.017023
v 0.003346 0.011834 0.017023
v 0.003178 0.011834 0.017234
v 0.003526 0.011834 0.018847
v 0.002378 0.011834 0.020033
v 0.000755 0.011834 0.019736
v 0.000099 0.011834 0.018222
v 0.000995 0.011834 0.016836
v 0.002645 0.011834 0.016811
v 0.002980 0.011834 0.016389
v 0.002191 0.011834 0.015023
v 0.002643 0.011834 0.014240
v 0.002747 0.011834 0.014300
v 0.002997 0.011834 0.013867
v 0.002893 0.011834 0.013807
v 0.003346 0.011834 0.013023
v 0.005655 0.011834 0.013023
v 0.006107 0.011834 0.013807
v 0.006003 0.011834 0.013867
v 0.006253 0.011834 0.014300
v 0.006357 0.011834 0.014240
v 0.006810 0.011834 0.015023
v 0.006492 0.011834 0.015573
v 0.006456 0.011834 0.015775
v 0.006559 0.011834 0.015953
v 0.006752 0.011834 0.016023
v 0.007250 0.011834 0.016023
v 0.007250 0.011834 0.016143
v 0.007750 0.011834 0.016143
v 0.007750 0.011834 0.016023
v 0.008655 0.011834 0.016023
v 0.009810 0.011834 0.018023
v 0.009357 0.011834 0.018807
v 0.009253 0.011834 0.018747
v 0.009003 0.011834 0.019180
v 0.009107 0.011834 0.019240
v 0.008655 0.011834 0.020023
v 0.008655 0.011834 0.020193
v 0.007890 0.011834 0.020042
v 0.007110 0.011834 0.020042
v 0.008525 0.011834 0.018023
v 0.007817 0.011834 0.017048
v 0.006671 0.011834 0.017421
v 0.006671 0.011834 0.018626
v 0.007817 0.011834 0.018998
v 0.000818 0.011834 0.018366
v 0.001527 0.011834 0.019341
v 0.002673 0.011834 0.018969
v 0.002673 0.011834 0.017764
v 0.001527 0.011834 0.017391
v 0.004500 0.011834 0.016048
v 0.005475 0.011834 0.015340
v 0.005103 0.011834 0.014194
v 0.003898 0.011834 0.014194
v 0.003525 0.011834 0.015340
v 0.009357 0.010034 0.018807
v 0.009357 0.011834 0.018807
v 0.009810 0.011834 0.018023
v 0.009810 0.010034 0.018023
v 0.001543 0.006034 0.011223
v 0.001543 0.006034 0.012523
v 0.000000 0.006034 0.012523
v 0.000000 0.006034 0.011223
v 0.018500 0.010034 0.033752
v 0.018500 0.010034 0.037323
v 0.018500 0.011534 0.037323
v 0.018500 0.011534 0.033752
v 0.011500 0.011534 0.033752
v 0.012068 0.011534 0.033472
v 0.012504 0.011534 0.033012
v 0.012754 0.011534 0.032430
v 0.014500 0.011534 0.032430
v 0.014500 0.011534 0.037323
v 0.011500 0.011534 0.037323
v 0.010500 0.010034 0.014294
v 0.010114 0.010034 0.014457
v 0.009775 0.010034 0.014704
v 0.009504 0.010034 0.015023
v 0.009504 0.011534 0.015023
v 0.009775 0.011534 0.014704
v 0.010114 0.011534 0.014457
v 0.010500 0.011534 0.014294
v 0.028104 0.006180 0.012523
v 0.028207 0.006101 0.012523
v 0.028328 0.006051 0.012523
v 0.028457 0.006034 0.012523
v 0.030000 0.006034 0.012523
v 0.031000 0.006302 0.012523
v 0.031732 0.007034 0.012523
v 0.032000 0.008034 0.012523
v 0.032000 0.010034 0.012523
v 0.031000 0.010034 0.012523
v 0.031000 0.010534 0.012523
v 0.030000 0.011534 0.012523
v 0.027521 0.011534 0.012523
v 0.027521 0.010034 0.012523
v 0.027250 0.010034 0.012523
v 0.027250 0.007034 0.012523
v 0.028975 0.008034 0.012523
v 0.029683 0.009009 0.012523
v 0.030829 0.008636 0.012523
v 0.030829 0.007431 0.012523
v 0.029683 0.007059 0.012523
v 0.004541 0.010034 0.029148
v 0.004131 0.010034 0.028153
v 0.003370 0.010034 0.027393
v 0.002375 0.010034 0.026982
v 0.002375 0.011534 0.026982
v 0.003370 0.011534 0.027393
v 0.004131 0.011534 0.028153
v 0.004541 0.011534 0.029148
v 0.000000 0.009784 0.009923
v 0.000875 0.009549 0.009923
v 0.001516 0.008909 0.009923
v 0.001750 0.008034 0.009923
v 0.001750 0.008034 0.011223
v 0.001516 0.008909 0.011223
v 0.000875 0.009549 0.011223
v 0.000000 0.009784 0.011223
v 0.001750 0.008034 0.009923
v 0.001750 0.006758 0.009923
v 0.001750 0.006758 0.011223
v 0.001750 0.008034 0.011223
v 0.031800 0.009784 0.011223
v 0.031800 0.009784 0.010806
v 0.032000 0.009984 0.010723
v 0.032000 0.009984 0.011223
v 0.022036 0.010034 0.015023
v 0.020497 0.010034 0.015023
v 0.020497 0.011534 0.015023
v 0.022036 0.011534 0.015023
v 0.027625 0.010034 0.026982
v 0.026631 0.010034 0.027393
v 0.025870 0.010034 0.028153
v 0.025459 0.010034 0.029148
v 0.025459 0.011534 0.029148
v 0.025870 0.011534 0.028153
v 0.026631 0.011534 0.027393
v 0.027625 0.011534 0.026982
v 0.026330 0.011834 0.022868
v 0.026481 0.011834 0.023633
v 0.026481 0.011834 0.024413
v 0.026330 0.011834 0.025178
v 0.026330 0.010534 0.025178
v 0.026230 0.010534 0.025469
v 0.026108 0.010534 0.025751
v 0.025964 0.010534 0.026023
v 0.025964 0.011534 0.026023
v 0.025564 0.011534 0.026594
v 0.025071 0.011534 0.027087
v 0.024500 0.011534 0.027487
v 0.024500 0.010534 0.027487
v 0.024228 0.010534 0.027631
v 0.023946 0.010534 0.027753
v 0.023655 0.010534 0.027853
v 0.023655 0.011834 0.027853
v 0.022890 0.011834 0.028004
v 0.022110 0.011834 0.028004
v 0.021346 0.011834 0.027853
v 0.021346 0.010534 0.027853
v 0.021055 0.010534 0.027753
v 0.020772 0.010534 0.027631
v 0.020500 0.010534 0.027487
v 0.020500 0.011534 0.027487
v 0.019929 0.011534 0.027087
v 0.019436 0.011534 0.026594
v 0.019036 0.011534 0.026023
v 0.019036 0.010534 0.026023
v 0.018893 0.010534 0.025751
v 0.018771 0.010534 0.025469
v 0.018671 0.010534 0.025178
v 0.018671 0.011834 0.025178
v 0.018519 0.011834 0.024413
v 0.018519 0.011834 0.023633
v 0.018671 0.011834 0.022868
v 0.018671 0.010534 0.022868
v 0.018771 0.010534 0.022578
v 0.018893 0.010534 0.022295
v 0.019036 0.010534 0.022023
v 0.019036 0.011534 0.022023
v 0.019436 0.011534 0.021452
v 0.019929 0.011534 0.020959
v 0.020500 0.011534 0.020559
v 0.020500 0.010534 0.020559
v 0.020772 0.010534 0.020416
v 0.021055 0.010534 0.020293
v 0.021346 0.010534 0.020193
v 0.021346 0.011834 0.020193
v 0.022110 0.011834 0.020042
v 0.022890 0.011834 0.020042
v 0.023655 0.011834 0.020193
v 0.023655 0.010534 0.020193
v 0.023946 0.010534 0.020293
v 0.024228 0.010534 0.020416
v 0.024500 0.010534 0.020559
v 0.024500 0.011534 0.020559
v 0.025071 0.011534 0.020959
v 0.025564 0.011534 0.021452
v 0.025964 0.011534 0.022023
v 0.025964 0.010534 0.022023
v 0.026108 0.010534 0.022295
v 0.026230 0.010534 0.022578
v 0.026330 0.010534 0.022868
v 0.026500 0.013034 0.024023
v 0.025564 0.013034 0.021452
v 0.023195 0.013034 0.020084
v 0.020500 0.013034 0.020559
v 0.018741 0.013034 0.022655
v 0.018741 0.013034 0.025391
v 0.020500 0.013034 0.027487
v 0.023195 0.013034 0.027962
v 0.025564 0.013034 0.026594
v 0.026481 0.011834 0.023633
v 0.026500 0.013034 0.024023
v 0.004036 0.011534 0.022023
v 0.002375 0.011534 0.021064
v 0.003370 0.011534 0.020654
v 0.004131 0.011534 0.019893
v 0.004541 0.011534 0.018898
v 0.005500 0.011534 0.020559
v 0.004929 0.011534 0.020959
v 0.004436 0.011534 0.021452
v 0.001500 0.013034 0.022998
v 0.000525 0.013034 0.023706
v 0.000898 0.013034 0.024852
v 0.002103 0.013034 0.024852
v 0.002475 0.013034 0.023706
v 0.001500 0.011834 0.022998
v 0.002475 0.011834 0.023706
v 0.002103 0.011834 0.024852
v 0.000898 0.011834 0.024852
v 0.000525 0.011834 0.023706
v 0.001500 0.011834 0.022998
v 0.001500 0.013034 0.022998
v 0.031000 0.010034 0.022002
v 0.031000 0.010534 0.022002
v 0.031000 0.010534 0.018866
v 0.031000 0.010034 0.018866
v 0.028975 0.008034 0.011223
v 0.029683 0.009009 0.011223
v 0.030829 0.008636 0.011223
v 0.030829 0.007431 0.011223
v 0.029683 0.007059 0.011223
v 0.028975 0.008034 0.012523
v 0.029683 0.007059 0.012523
v 0.030829 0.007431 0.012523
v 0.030829 0.008636 0.012523
v 0.029683 0.009009 0.012523
v 0.028975 0.008034 0.012523
v 0.028975 0.008034 0.011223
v -0.000917 0.009784 0.009923
v 0.000000 0.009784 0.009923
v 0.000000 0.009784 0.011223
v -0.001800 0.009784 0.011223
v -0.001800 0.009784 0.010806
v -0.001000 0.009984 0.009723
v 0.000000 0.009984 0.009723
v 0.000000 0.009784 0.009923
v -0.000917 0.009784 0.009923
v 0.015500 0.010034 0.037323
v 0.015500 0.010034 0.032430
v 0.015500 0.011534 0.032430
v 0.015500 0.011534 0.037323
v 0.013157 0.010034 0.031430
v 0.013157 0.011834 0.031430
v 0.016843 0.011834 0.031430
v 0.016843 0.010034 0.031430
v 0.014500 0.011534 0.015616
v 0.012754 0.011534 0.015616
v 0.012504 0.011534 0.015034
v 0.012068 0.011534 0.014574
v 0.011500 0.011534 0.014294
v 0.011500 0.011534 0.010723
v 0.014500 0.011534 0.010723
v 0.018406 0.010034 0.021659
v 0.019771 0.010034 0.019296
v 0.019771 0.011534 0.019296
v 0.018406 0.011534 0.021659
v 0.020500 0.011534 0.020559
v 0.019929 0.011534 0.020959
v 0.019436 0.011534 0.021452
v 0.019036 0.011534 0.022023
v 0.018406 0.011534 0.021659
v 0.019771 0.011534 0.019296
v 0.013500 0.010034 0.021714
v 0.013500 0.011834 0.021714
v 0.012717 0.011834 0.022166
v 0.012717 0.010034 0.022166
v 0.007250 0.010034 0.016023
v 0.007250 0.011534 0.016143
v 0.007250 0.011834 0.016143
v 0.007250 0.011834 0.016023
v 0.023655 0.011834 0.027853
v 0.023655 0.011834 0.028023
v 0.024107 0.011834 0.028807
v 0.024003 0.011834 0.028867
v 0.024253 0.011834 0.029300
v 0.024357 0.011834 0.029240
v 0.024810 0.011834 0.030023
v 0.024492 0.011834 0.030573
v 0.024456 0.011834 0.030775
v 0.024559 0.011834 0.030953
v 0.024752 0.011834 0.031023
v 0.025250 0.011834 0.031023
v 0.025250 0.011834 0.031143
v 0.025750 0.011834 0.031143
v 0.025750 0.011834 0.031023
v 0.026655 0.011834 0.031023
v 0.026823 0.011834 0.030812
v 0.026474 0.011834 0.029199
v 0.027622 0.011834 0.028014
v 0.029246 0.011834 0.028310
v 0.029901 0.011834 0.029824
v 0.029006 0.011834 0.031211
v 0.027356 0.011834 0.031236
v 0.027021 0.011834 0.031657
v 0.027810 0.011834 0.033023
v 0.027357 0.011834 0.033807
v 0.027253 0.011834 0.033747
v 0.027003 0.011834 0.034180
v 0.027107 0.011834 0.034240
v 0.026655 0.011834 0.035023
v 0.024346 0.011834 0.035023
v 0.023893 0.011834 0.034240
v 0.023997 0.011834 0.034180
v 0.023747 0.011834 0.033747
v 0.023643 0.011834 0.033807
v 0.023191 0.011834 0.033023
v 0.023508 0.011834 0.032473
v 0.023544 0.011834 0.032271
v 0.023441 0.011834 0.032093
v 0.023249 0.011834 0.032023
v 0.022750 0.011834 0.032023
v 0.022750 0.011834 0.031903
v 0.022250 0.011834 0.031903
v 0.022250 0.011834 0.032023
v 0.021346 0.011834 0.032023
v 0.020191 0.011834 0.030023
v 0.020643 0.011834 0.029240
v 0.020747 0.011834 0.029300
v 0.020997 0.011834 0.028867
v 0.020893 0.011834 0.028807
v 0.021346 0.011834 0.028023
v 0.021346 0.011834 0.027853
v 0.022110 0.011834 0.028004
v 0.022890 0.011834 0.028004
v 0.023525 0.011834 0.030023
v 0.022817 0.011834 0.029048
v 0.021671 0.011834 0.029421
v 0.021671 0.011834 0.030626
v 0.022817 0.011834 0.030998
v 0.029182 0.011834 0.029680
v 0.028474 0.011834 0.028705
v 0.027328 0.011834 0.029078
v 0.027328 0.011834 0.030282
v 0.028474 0.011834 0.030655
v 0.025500 0.011834 0.034048
v 0.026475 0.011834 0.033340
v 0.026103 0.011834 0.032194
v 0.024898 0.011834 0.032194
v 0.024525 0.011834 0.033340
v 0.008655 0.010534 0.020193
v 0.008655 0.011834 0.020193
v 0.008655 0.011834 0.020023
v 0.008655 0.010164 0.020023
v 0.030000 0.006034 0.011223
v 0.031000 0.006302 0.011223
v 0.031732 0.007034 0.011223
v 0.032000 0.008034 0.011223
v 0.032000 0.008034 0.012523
v 0.031732 0.007034 0.012523
v 0.031000 0.006302 0.012523
v 0.030000 0.006034 0.012523
v 0.018500 0.010034 0.037323
v 0.015500 0.010034 0.037323
v 0.015500 0.011534 0.037323
v 0.018500 0.011534 0.037323
v 0.015500 0.011534 0.032430
v 0.017247 0.011534 0.032430
v 0.017496 0.011534 0.033012
v 0.017932 0.011534 0.033472
v 0.018500 0.011534 0.033752
v 0.018500 0.011534 0.037323
v 0.015500 0.011534 0.037323
v 0.030000 0.011534 0.012523
v 0.031000 0.010534 0.012523
v 0.031000 0.010534 0.017866
v 0.030861 0.010673 0.017866
v 0.030000 0.011534 0.016325
v 0.028964 0.011534 0.015023
v 0.028964 0.010034 0.015023
v 0.027521 0.010034 0.012523
v 0.027521 0.011534 0.012523
v 0.003603 0.010034 0.026273
v 0.003820 0.010101 0.026148
v 0.003978 0.010284 0.026057
v 0.004036 0.010534 0.026023
v 0.004036 0.011534 0.026023
v 0.002375 0.011534 0.026982
v 0.002375 0.010034 0.026982
v 0.000000 0.009984 0.009723
v 0.000975 0.009723 0.009723
v 0.001689 0.009009 0.009723
v 0.001950 0.008034 0.009723
v 0.001750 0.008034 0.009923
v 0.001516 0.008909 0.009923
v 0.000875 0.009549 0.009923
v 0.000000 0.009784 0.009923
v 0.030000 0.009784 0.009923
v 0.030917 0.009784 0.009923
v 0.031800 0.009784 0.010806
v 0.031800 0.009784 0.011223
v 0.030000 0.009784 0.011223
v 0.023768 0.010034 0.012023
v 0.022036 0.010034 0.015023
v 0.022036 0.011534 0.015023
v 0.023768 0.011534 0.012023
v 0.024750 0.010034 0.027920
v 0.024625 0.010101 0.027704
v 0.024534 0.010284 0.027545
v 0.024500 0.010534 0.027487
v 0.024500 0.011534 0.027487
v 0.025459 0.011534 0.029148
v 0.025459 0.010034 0.029148
v 0.026330 0.010534 0.025178
v 0.026330 0.011834 0.025178
v 0.026500 0.011834 0.025178
v 0.026500 0.010164 0.025178
v 0.026000 0.011534 0.010723
v 0.027250 0.011534 0.010723
v 0.027250 0.011534 0.012023
v 0.026000 0.011534 0.012023
v 0.025000 0.011534 0.012023
v 0.025000 0.011534 0.010723
v 0.025000 0.010034 0.010723
v 0.025000 0.010034 0.012023
v 0.014182 0.011834 0.029680
v 0.013474 0.011834 0.030655
v 0.012328 0.011834 0.030282
v 0.012328 0.011834 0.029078
v 0.013474 0.011834 0.028705
v 0.014182 0.013034 0.029680
v 0.013474 0.013034 0.028705
v 0.012328 0.013034 0.029078
v 0.012328 0.013034 0.030282
v 0.013474 0.013034 0.030655
v 0.014182 0.013034 0.029680
v 0.014182 0.011834 0.029680
v 0.003671 0.010534 0.022868
v 0.003671 0.011834 0.022868
v 0.003500 0.011834 0.022868
v 0.003500 0.010164 0.022868
v 0.003500 0.010164 0.025178
v 0.003500 0.011834 0.025178
v 0.003671 0.011834 0.025178
v 0.003671 0.010534 0.025178
v 0.008525 0.013034 0.018023
v 0.007817 0.013034 0.017048
v 0.006671 0.013034 0.017421
v 0.006671 0.013034 0.018626
v 0.007817 0.013034 0.018998
v 0.008525 0.011834 0.018023
v 0.007817 0.011834 0.018998
v 0.006671 0.011834 0.018626
v 0.006671 0.011834 0.017421
v 0.007817 0.011834 0.017048
v 0.008525 0.011834 0.018023
v 0.008525 0.013034 0.018023
v 0.031000 0.010534 0.012523
v 0.031000 0.010034 0.012523
v 0.031000 0.010034 0.017866
v 0.031000 0.010534 0.017866
v 0.020250 0.010034 0.020126
v 0.020375 0.010101 0.020343
v 0.020467 0.010284 0.020501
v 0.020500 0.010534 0.020559
v 0.020500 0.011534 0.020559
v 0.019771 0.011534 0.019296
v 0.019771 0.010034 0.019296
v 0.019036 0.011534 0.026023
v 0.019436 0.011534 0.026594
v 0.019929 0.011534 0.027087
v 0.020500 0.011534 0.027487
v 0.019771 0.011534 0.028751
v 0.018406 0.011534 0.026387
v 0.012284 0.010034 0.022416
v 0.012284 0.011834 0.022416
v 0.011500 0.011834 0.022868
v 0.011500 0.010164 0.022868
v 0.011800 0.010034 0.022695
v 0.006357 0.010034 0.014240
v 0.006357 0.011834 0.014240
v 0.006253 0.011834 0.014300
v 0.006253 0.011534 0.014300
v 0.026330 0.011834 0.022868
v 0.026500 0.011834 0.022868
v 0.027284 0.011834 0.022416
v 0.027344 0.011834 0.022520
v 0.027777 0.011834 0.022270
v 0.027717 0.011834 0.022166
v 0.028500 0.011834 0.021714
v 0.030500 0.011834 0.022868
v 0.030500 0.011834 0.023773
v 0.030380 0.011834 0.023773
v 0.030380 0.011834 0.024273
v 0.030500 0.011834 0.024273
v 0.030500 0.011834 0.025178
v 0.028500 0.011834 0.026333
v 0.027717 0.011834 0.025880
v 0.027777 0.011834 0.025776
v 0.027344 0.011834 0.025526
v 0.027284 0.011834 0.025630
v 0.026500 0.011834 0.025178
v 0.026330 0.011834 0.025178
v 0.026481 0.011834 0.024413
v 0.026481 0.011834 0.023633
v 0.028500 0.011834 0.022998
v 0.027525 0.011834 0.023706
v 0.027898 0.011834 0.024852
v 0.029103 0.011834 0.024852
v 0.029475 0.011834 0.023706
v 0.009750 0.010034 0.020126
v 0.009625 0.010101 0.020343
v 0.009534 0.010284 0.020501
v 0.009500 0.010534 0.020559
v 0.009228 0.010534 0.020416
v 0.008946 0.010534 0.020293
v 0.008655 0.010534 0.020193
v 0.008655 0.010164 0.020023
v 0.008828 0.010034 0.019723
v 0.009145 0.010034 0.019835
v 0.009453 0.010034 0.019969
v 0.030000 0.011534 0.016325
v 0.030861 0.010673 0.017866
v 0.030861 0.010034 0.017866
v 0.030440 0.010034 0.016833
v 0.029643 0.010034 0.016052
v 0.028601 0.010034 0.015652
v 0.028601 0.011534 0.015652
v 0.029108 0.011534 0.015786
v 0.029580 0.011534 0.016013
v 0.030861 0.010673 0.017866
v 0.031000 0.010534 0.017866
v 0.031000 0.010034 0.017866
v 0.030861 0.010034 0.017866
v 0.028601 0.010034 0.015652
v 0.028964 0.010034 0.015023
v 0.028964 0.011534 0.015023
v 0.028601 0.011534 0.015652
v 0.031000 0.010534 0.022002
v 0.030000 0.011534 0.021425
v 0.030000 0.011534 0.020407
v 0.030861 0.010673 0.018866
v 0.031000 0.010534 0.018866
v 0.003201 0.010034 0.025351
v 0.003500 0.010164 0.025178
v 0.003671 0.010534 0.025178
v 0.003771 0.010534 0.025469
v 0.003893 0.010534 0.025751
v 0.004036 0.010534 0.026023
v 0.003978 0.010284 0.026057
v 0.003820 0.010101 0.026148
v 0.003603 0.010034 0.026273
v 0.003446 0.010034 0.025976
v 0.003312 0.010034 0.025668
v 0.005250 0.010034 0.027920
v 0.005375 0.010101 0.027704
v 0.005467 0.010284 0.027545
v 0.005500 0.010534 0.027487
v 0.005772 0.010534 0.027631
v 0.006055 0.010534 0.027753
v 0.006346 0.010534 0.027853
v 0.006346 0.010164 0.028023
v 0.006173 0.010034 0.028323
v 0.005855 0.010034 0.028212
v 0.005547 0.010034 0.028077
v 0.025000 0.011534 0.012023
v 0.025000 0.010034 0.012023
v 0.023768 0.010034 0.012023
v 0.023768 0.011534 0.012023
v 0.023828 0.010034 0.028323
v 0.023655 0.010164 0.028023
v 0.023655 0.010534 0.027853
v 0.023946 0.010534 0.027753
v 0.024228 0.010534 0.027631
v 0.024500 0.010534 0.027487
v 0.024534 0.010284 0.027545
v 0.024625 0.010101 0.027704
v 0.024750 0.010034 0.027920
v 0.024453 0.010034 0.028077
v 0.024145 0.010034 0.028212
v 0.026500 0.010164 0.025178
v 0.026500 0.011834 0.025178
v 0.027284 0.011834 0.025630
v 0.027284 0.010034 0.025630
v 0.026800 0.010034 0.025351
v 0.026397 0.010034 0.026273
v 0.026181 0.010101 0.026148
v 0.026022 0.010284 0.026057
v 0.025964 0.010534 0.026023
v 0.026108 0.010534 0.025751
v 0.026230 0.010534 0.025469
v 0.026330 0.010534 0.025178
v 0.026500 0.010164 0.025178
v 0.026800 0.010034 0.025351
v 0.026689 0.010034 0.025668
v 0.026554 0.010034 0.025976
v 0.026000 0.011534 0.010723
v 0.026000 0.011534 0.012023
v 0.026000 0.010034 0.012023
v 0.026000 0.010034 0.010723
v 0.014182 0.013034 0.018366
v 0.013474 0.013034 0.017391
v 0.012328 0.013034 0.017764
v 0.012328 0.013034 0.018969
v 0.013474 0.013034 0.019341
v 0.014182 0.011834 0.018366
v 0.013474 0.011834 0.019341
v 0.012328 0.011834 0.018969
v 0.012328 0.011834 0.017764
v 0.013474 0.011834 0.017391
v 0.014182 0.011834 0.018366
v 0.014182 0.013034 0.018366
v 0.015818 0.013034 0.029680
v 0.016527 0.013034 0.030655
v 0.017673 0.013034 0.030282
v 0.017673 0.013034 0.029078
v 0.016527 0.013034 0.028705
v 0.015818 0.011834 0.029680
v 0.016527 0.011834 0.028705
v 0.017673 0.011834 0.029078
v 0.017673 0.011834 0.030282
v 0.016527 0.011834 0.030655
v 0.015818 0.011834 0.029680
v 0.015818 0.013034 0.029680
v 0.003603 0.010034 0.021773
v 0.003820 0.010101 0.021898
v 0.003978 0.010284 0.021990
v 0.004036 0.010534 0.022023
v 0.003893 0.010534 0.022295
v 0.003771 0.010534 0.022578
v 0.003671 0.010534 0.022868
v 0.003500 0.010164 0.022868
v 0.003201 0.010034 0.022695
v 0.003312 0.010034 0.022378
v 0.003446 0.010034 0.022070
v 0.005893 0.010034 0.028807
v 0.005893 0.011834 0.028807
v 0.005997 0.011834 0.028867
v 0.005997 0.011534 0.028867
v 0.013500 0.013034 0.025048
v 0.014475 0.013034 0.024340
v 0.014103 0.013034 0.023194
v 0.012898 0.013034 0.023194
v 0.012525 0.013034 0.024340
v 0.013500 0.011834 0.025048
v 0.012525 0.011834 0.024340
v 0.012898 0.011834 0.023194
v 0.014103 0.011834 0.023194
v 0.014475 0.011834 0.024340
v 0.013500 0.011834 0.025048
v 0.013500 0.013034 0.025048
v 0.031000 0.010534 0.022002
v 0.031000 0.010034 0.022002
v 0.029146 0.010034 0.020932
v 0.029146 0.011534 0.020932
v 0.030000 0.011534 0.021425
v 0.024492 0.010034 0.017473
v 0.024492 0.011834 0.017473
v 0.024456 0.011834 0.017271
v 0.024559 0.011834 0.017093
v 0.024752 0.011834 0.017023
v 0.024752 0.010034 0.017023
v 0.024559 0.010034 0.017093
v 0.024456 0.010034 0.017271
v 0.031000 0.010534 0.018866
v 0.030861 0.010673 0.018866
v 0.030861 0.010034 0.018866
v 0.031000 0.010034 0.018866
v 0.021173 0.010034 0.019723
v 0.021346 0.010164 0.020023
v 0.021346 0.010534 0.020193
v 0.021055 0.010534 0.020293
v 0.020772 0.010534 0.020416
v 0.020500 0.010534 0.020559
v 0.020467 0.010284 0.020501
v 0.020375 0.010101 0.020343
v 0.020250 0.010034 0.020126
v 0.020547 0.010034 0.019969
v 0.020855 0.010034 0.019835
v 0.010964 0.011534 0.022023
v 0.010564 0.011534 0.021452
v 0.010071 0.011534 0.020959
v 0.009500 0.011534 0.020559
v 0.010230 0.011534 0.019296
v 0.011594 0.011534 0.021659
v 0.015000 0.010034 0.022580
v 0.015000 0.011834 0.022580
v 0.014717 0.011834 0.022416
v 0.014717 0.010034 0.022416
v 0.006003 0.011534 0.013867
v 0.006253 0.011534 0.014300
v 0.006253 0.011834 0.014300
v 0.006003 0.011834 0.013867
v 0.008655 0.010034 0.016023
v 0.008655 0.011834 0.016023
v 0.007750 0.011834 0.016023
v 0.007750 0.010034 0.016023
v 0.021346 0.011834 0.020193
v 0.021346 0.011834 0.020023
v 0.020893 0.011834 0.019240
v 0.020997 0.011834 0.019180
v 0.020747 0.011834 0.018747
v 0.020643 0.011834 0.018807
v 0.020191 0.011834 0.018023
v 0.021346 0.011834 0.016023
v 0.022250 0.011834 0.016023
v 0.022250 0.011834 0.016143
v 0.022750 0.011834 0.016143
v 0.022750 0.011834 0.016023
v 0.023249 0.011834 0.016023
v 0.023441 0.011834 0.015953
v 0.023544 0.011834 0.015775
v 0.023508 0.011834 0.015573
v 0.023191 0.011834 0.015023
v 0.023643 0.011834 0.014240
v 0.023747 0.011834 0.014300
v 0.023997 0.011834 0.013867
v 0.023893 0.011834 0.013807
v 0.024346 0.011834 0.013023
v 0.026655 0.011834 0.013023
v 0.027107 0.011834 0.013807
v 0.027003 0.011834 0.013867
v 0.027253 0.011834 0.014300
v 0.027357 0.011834 0.014240
v 0.027810 0.011834 0.015023
v 0.027021 0.011834 0.016389
v 0.027356 0.011834 0.016811
v 0.029006 0.011834 0.016836
v 0.029901 0.011834 0.018222
v 0.029246 0.011834 0.019736
v 0.027622 0.011834 0.020033
v 0.026474 0.011834 0.018847
v 0.026823 0.011834 0.017234
v 0.026655 0.011834 0.017023
v 0.025750 0.011834 0.017023
v 0.025750 0.011834 0.016903
v 0.025250 0.011834 0.016903
v 0.025250 0.011834 0.017023
v 0.024752 0.011834 0.017023
v 0.024559 0.011834 0.017093
v 0.024456 0.011834 0.017271
v 0.024492 0.011834 0.017473
v 0.024810 0.011834 0.018023
v 0.024357 0.011834 0.018807
v 0.024253 0.011834 0.018747
v 0.024003 0.011834 0.019180
v 0.024107 0.011834 0.019240
v 0.023655 0.011834 0.020023
v 0.023655 0.011834 0.020193
v 0.022890 0.011834 0.020042
v 0.022110 0.011834 0.020042
v 0.021475 0.011834 0.018023
v 0.022183 0.011834 0.018998
v 0.023329 0.011834 0.018626
v 0.023329 0.011834 0.017421
v 0.022183 0.011834 0.017048
v 0.029182 0.011834 0.018366
v 0.028474 0.011834 0.017391
v 0.027328 0.011834 0.017764
v 0.027328 0.011834 0.018969
v 0.028474 0.011834 0.019341
v 0.025500 0.011834 0.016048
v 0.026475 0.011834 0.015340
v 0.026103 0.011834 0.014194
v 0.024898 0.011834 0.014194
v 0.024525 0.011834 0.015340
v 0.006346 0.010164 0.020023
v 0.006346 0.011834 0.020023
v 0.006346 0.011834 0.020193
v 0.006346 0.010534 0.020193
v 0.009500 0.010534 0.020559
v 0.009534 0.010284 0.020501
v 0.009625 0.010101 0.020343
v 0.009750 0.010034 0.020126
v 0.010230 0.010034 0.019296
v 0.010230 0.011534 0.019296
v 0.009500 0.011534 0.020559
v 0.030861 0.010673 0.018866
v 0.030000 0.011534 0.020407
v 0.029738 0.011534 0.020617
v 0.029452 0.011534 0.020792
v 0.029146 0.011534 0.020932
v 0.029146 0.010034 0.020932
v 0.029945 0.010034 0.020455
v 0.030540 0.010034 0.019739
v 0.030861 0.010034 0.018866
v 0.001500 0.010034 0.026333
v 0.001500 0.011834 0.026333
v 0.002284 0.011834 0.025880
v 0.002284 0.010034 0.025880
v 0.026000 0.010034 0.012023
v 0.026000 0.011534 0.012023
v 0.027250 0.011534 0.012023
v 0.027250 0.010034 0.012023
v 0.024810 0.010034 0.030023
v 0.024810 0.011834 0.030023
v 0.024357 0.011834 0.029240
v 0.024357 0.010034 0.029240
v 0.027717 0.010034 0.025880
v 0.027717 0.011834 0.025880
v 0.028500 0.011834 0.026333
v 0.028500 0.010034 0.026333
v 0.024500 0.010534 0.020559
v 0.024534 0.010284 0.020501
v 0.024625 0.010101 0.020343
v 0.024750 0.010034 0.020126
v 0.025459 0.010034 0.018898
v 0.025459 0.011534 0.018898
v 0.024500 0.011534 0.020559
v 0.008655 0.010164 0.028023
v 0.008655 0.011834 0.028023
v 0.008655 0.011834 0.027853
v 0.008655 0.010534 0.027853
v 0.015818 0.011834 0.018366
v 0.016527 0.011834 0.017391
v 0.017673 0.011834 0.017764
v 0.017673 0.011834 0.018969
v 0.016527 0.011834 0.019341
v 0.015818 0.013034 0.018366
v 0.016527 0.013034 0.019341
v 0.017673 0.013034 0.018969
v 0.017673 0.013034 0.017764
v 0.016527 0.013034 0.017391
v 0.015818 0.013034 0.018366
v 0.015818 0.011834 0.018366
v 0.029182 0.011834 0.029680
v 0.028474 0.011834 0.030655
v 0.027328 0.011834 0.030282
v 0.027328 0.011834 0.029078
v 0.028474 0.011834 0.028705
v 0.029182 0.013034 0.029680
v 0.028474 0.013034 0.028705
v 0.027328 0.013034 0.029078
v 0.027328 0.013034 0.030282
v 0.028474 0.013034 0.030655
v 0.029182 0.013034 0.029680
v 0.029182 0.011834 0.029680
v 0.004036 0.010534 0.022023
v 0.003978 0.010284 0.021990
v 0.003820 0.010101 0.021898
v 0.003603 0.010034 0.021773
v 0.002375 0.010034 0.021064
v 0.002375 0.011534 0.021064
v 0.004036 0.011534 0.022023
v 0.005747 0.011534 0.029300
v 0.005997 0.011534 0.028867
v 0.005997 0.011834 0.028867
v 0.005747 0.011834 0.029300
v 0.002717 0.010034 0.025630
v 0.002717 0.011834 0.025630
v 0.003500 0.011834 0.025178
v 0.003500 0.010164 0.025178
v 0.003201 0.010034 0.025351
v 0.003500 0.010164 0.022868
v 0.003500 0.011834 0.022868
v 0.002717 0.011834 0.022416
v 0.002717 0.010034 0.022416
v 0.003201 0.010034 0.022695
v 0.000818 0.013034 0.029680
v 0.001527 0.013034 0.030655
v 0.002673 0.013034 0.030282
v 0.002673 0.013034 0.029078
v 0.001527 0.013034 0.028705
v 0.000818 0.011834 0.029680
v 0.001527 0.011834 0.028705
v 0.002673 0.011834 0.029078
v 0.002673 0.011834 0.030282
v 0.001527 0.011834 0.030655
v 0.000818 0.011834 0.029680
v 0.000818 0.013034 0.029680
v 0.023525 0.011834 0.030023
v 0.022817 0.011834 0.030998
v 0.021671 0.011834 0.030626
v 0.021671 0.011834 0.029421
v 0.022817 0.011834 0.029048
v 0.023525 0.013034 0.030023
v 0.022817 0.013034 0.029048
v 0.021671 0.013034 0.029421
v 0.021671 0.013034 0.030626
v 0.022817 0.013034 0.030998
v 0.023525 0.013034 0.030023
v 0.023525 0.011834 0.030023
v 0.024752 0.010034 0.017023
v 0.024752 0.011834 0.017023
v 0.025250 0.011834 0.017023
v 0.025250 0.010034 0.017023
v 0.024810 0.010034 0.018023
v 0.024810 0.011834 0.018023
v 0.024492 0.011834 0.017473
v 0.024492 0.010034 0.017473
v 0.020191 0.010034 0.018023
v 0.020191 0.011834 0.018023
v 0.020643 0.011834 0.018807
v 0.020643 0.010034 0.018807
v 0.009500 0.011534 0.027487
v 0.010071 0.011534 0.027087
v 0.010564 0.011534 0.026594
v 0.010964 0.011534 0.026023
v 0.011594 0.011534 0.026387
v 0.010230 0.011534 0.028751
v 0.014284 0.010034 0.022166
v 0.014284 0.011834 0.022166
v 0.013500 0.011834 0.021714
v 0.013500 0.010034 0.021714
v 0.006253 0.011534 0.014300
v 0.006003 0.011534 0.013867
v 0.006107 0.010034 0.013807
v 0.006357 0.010034 0.014240
v 0.007250 0.010034 0.016023
v 0.007250 0.011834 0.016023
v 0.006752 0.011834 0.016023
v 0.006752 0.010034 0.016023
v 0.005893 0.010034 0.019240
v 0.005893 0.011834 0.019240
v 0.006346 0.011834 0.020023
v 0.006346 0.010164 0.020023
v 0.006173 0.010034 0.019723
v 0.002717 0.010034 0.022416
v 0.002717 0.011834 0.022416
v 0.002657 0.011834 0.022520
v 0.002657 0.011534 0.022520
v 0.010230 0.010034 0.019296
v 0.011594 0.010034 0.021659
v 0.011594 0.011534 0.021659
v 0.010230 0.011534 0.019296
v 0.006346 0.010534 0.027853
v 0.006346 0.011834 0.027853
v 0.006346 0.011834 0.028023
v 0.006346 0.010164 0.028023
v 0.024107 0.010034 0.028807
v 0.024107 0.011834 0.028807
v 0.023655 0.011834 0.028023
v 0.023655 0.010164 0.028023
v 0.023828 0.010034 0.028323
v 0.023655 0.010164 0.028023
v 0.023655 0.011834 0.028023
v 0.023655 0.011834 0.027853
v 0.023655 0.010534 0.027853
v 0.027284 0.010034 0.025630
v 0.027284 0.011834 0.025630
v 0.027344 0.011834 0.025526
v 0.027344 0.011534 0.025526
v 0.026500 0.010164 0.022868
v 0.026500 0.011834 0.022868
v 0.026330 0.011834 0.022868
v 0.026330 0.010534 0.022868
v 0.025459 0.010034 0.018898
v 0.025870 0.010034 0.019893
v 0.026631 0.010034 0.020654
v 0.027625 0.010034 0.021064
v 0.027625 0.011534 0.021064
v 0.026631 0.011534 0.020654
v 0.025870 0.011534 0.019893
v 0.025459 0.011534 0.018898
v 0.009107 0.010034 0.028807
v 0.009107 0.011834 0.028807
v 0.008655 0.011834 0.028023
v 0.008655 0.010164 0.028023
v 0.008828 0.010034 0.028323
v 0.012284 0.010034 0.025630
v 0.012284 0.011834 0.025630
v 0.012344 0.011834 0.025526
v 0.012344 0.011534 0.025526
v 0.016500 0.011834 0.025048
v 0.015525 0.011834 0.024340
v 0.015898 0.011834 0.023194
v 0.017103 0.011834 0.023194
v 0.017475 0.011834 0.024340
v 0.016500 0.013034 0.025048
v 0.017475 0.013034 0.024340
v 0.017103 0.013034 0.023194
v 0.015898 0.013034 0.023194
v 0.015525 0.013034 0.024340
v 0.016500 0.013034 0.025048
v 0.016500 0.011834 0.025048
v 0.012284 0.010034 0.022416
v 0.012344 0.011534 0.022520
v 0.012344 0.011834 0.022520
v 0.012284 0.011834 0.022416
v 0.011330 0.010534 0.025178
v 0.011330 0.011834 0.025178
v 0.011500 0.011834 0.025178
v 0.011500 0.010164 0.025178
v 0.025500 0.013034 0.034048
v 0.026475 0.013034 0.033340
v 0.026103 0.013034 0.032194
v 0.024898 0.013034 0.032194
v 0.024525 0.013034 0.033340
v 0.025500 0.011834 0.034048
v 0.024525 0.011834 0.033340
v 0.024898 0.011834 0.032194
v 0.026103 0.011834 0.032194
v 0.026475 0.011834 0.033340
v 0.025500 0.011834 0.034048
v 0.025500 0.013034 0.034048
v 0.029182 0.013034 0.018366
v 0.028474 0.013034 0.017391
v 0.027328 0.013034 0.017764
v 0.027328 0.013034 0.018969
v 0.028474 0.013034 0.019341
v 0.029182 0.011834 0.018366
v 0.028474 0.011834 0.019341
v 0.027328 0.011834 0.018969
v 0.027328 0.011834 0.017764
v 0.028474 0.011834 0.017391
v 0.029182 0.011834 0.018366
v 0.029182 0.013034 0.018366
v 0.002375 0.010034 0.021064
v 0.003370 0.010034 0.020654
v 0.004131 0.010034 0.019893
v 0.004541 0.010034 0.018898
v 0.004541 0.011534 0.018898
v 0.004131 0.011534 0.019893
v 0.003370 0.011534 0.020654
v 0.002375 0.011534 0.021064
v 0.005997 0.011534 0.028867
v 0.005747 0.011534 0.029300
v 0.005643 0.010034 0.029240
v 0.005893 0.010034 0.028807
v 0.002717 0.010034 0.025630
v 0.002657 0.011534 0.025526
v 0.002657 0.011834 0.025526
v 0.002717 0.011834 0.025630
v -0.000500 0.010034 0.025178
v -0.000500 0.011834 0.025178
v 0.001500 0.011834 0.026333
v 0.001500 0.010034 0.026333
v 0.002284 0.010034 0.022166
v 0.002284 0.011834 0.022166
v 0.001500 0.011834 0.021714
v 0.001500 0.010034 0.021714
v 0.028500 0.011834 0.022998
v 0.029475 0.011834 0.023706
v 0.029103 0.011834 0.024852
v 0.027898 0.011834 0.024852
v 0.027525 0.011834 0.023706
v 0.028500 0.013034 0.022998
v 0.027525 0.013034 0.023706
v 0.027898 0.013034 0.024852
v 0.029103 0.013034 0.024852
v 0.029475 0.013034 0.023706
v 0.028500 0.013034 0.022998
v 0.028500 0.011834 0.022998
v 0.025250 0.011534 0.016903
v 0.025750 0.011534 0.016903
v 0.025750 0.010034 0.017023
v 0.025250 0.010034 0.017023
v 0.025750 0.010034 0.017023
v 0.025750 0.011834 0.017023
v 0.026655 0.011834 0.017023
v 0.026655 0.010034 0.017023
v 0.024357 0.010034 0.018807
v 0.024357 0.011834 0.018807
v 0.024810 0.011834 0.018023
v 0.024810 0.010034 0.018023
v 0.023655 0.010164 0.020023
v 0.023655 0.011834 0.020023
v 0.024107 0.011834 0.019240
v 0.024107 0.010034 0.019240
v 0.023828 0.010034 0.019723
v 0.020893 0.010034 0.019240
v 0.020893 0.011834 0.019240
v 0.021346 0.011834 0.020023
v 0.021346 0.010164 0.020023
v 0.021173 0.010034 0.019723
v 0.016500 0.010034 0.021714
v 0.016500 0.011834 0.021714
v 0.015717 0.011834 0.022166
v 0.015717 0.010034 0.022166
v 0.006107 0.010034 0.013807
v 0.006003 0.011534 0.013867
v 0.006003 0.011834 0.013867
v 0.006107 0.011834 0.013807
v 0.009810 0.010034 0.018023
v 0.009810 0.011834 0.018023
v 0.008655 0.011834 0.016023
v 0.008655 0.010034 0.016023
v 0.000818 0.011834 0.018366
v 0.001527 0.011834 0.017391
v 0.002673 0.011834 0.017764
v 0.002673 0.011834 0.018969
v 0.001527 0.011834 0.019341
v 0.000818 0.013034 0.018366
v 0.001527 0.013034 0.019341
v 0.002673 0.013034 0.018969
v 0.002673 0.013034 0.017764
v 0.001527 0.013034 0.017391
v 0.000818 0.013034 0.018366
v 0.000818 0.011834 0.018366
v 0.005893 0.010034 0.019240
v 0.005997 0.011534 0.019180
v 0.005997 0.011834 0.019180
v 0.005893 0.011834 0.019240
v 0.005508 0.010034 0.017473
v 0.005508 0.011834 0.017473
v 0.005191 0.011834 0.018023
v 0.005191 0.010034 0.018023
v 0.002224 0.011534 0.022270
v 0.002657 0.011534 0.022520
v 0.002657 0.011834 0.022520
v 0.002224 0.011834 0.022270
v 0.011397 0.010034 0.021773
v 0.011181 0.010101 0.021898
v 0.011022 0.010284 0.021990
v 0.010964 0.010534 0.022023
v 0.010964 0.011534 0.022023
v 0.011594 0.011534 0.021659
v 0.011594 0.010034 0.021659
v 0.006346 0.010164 0.028023
v 0.006346 0.011834 0.028023
v 0.005893 0.011834 0.028807
v 0.005893 0.010034 0.028807
v 0.006173 0.010034 0.028323
v 0.024492 0.010034 0.030573
v 0.024492 0.011834 0.030573
v 0.024810 0.011834 0.030023
v 0.024810 0.010034 0.030023
v 0.017717 0.010034 0.022416
v 0.017717 0.011834 0.022416
v 0.017657 0.011834 0.022520
v 0.017657 0.011534 0.022520
v 0.027777 0.011534 0.025776
v 0.027344 0.011534 0.025526
v 0.027344 0.011834 0.025526
v 0.027777 0.011834 0.025776
v 0.026800 0.010034 0.022695
v 0.026500 0.010164 0.022868
v 0.026330 0.010534 0.022868
v 0.026230 0.010534 0.022578
v 0.026108 0.010534 0.022295
v 0.025964 0.010534 0.022023
v 0.026022 0.010284 0.021990
v 0.026181 0.010101 0.021898
v 0.026397 0.010034 0.021773
v 0.026554 0.010034 0.022070
v 0.026689 0.010034 0.022378
v 0.024107 0.010034 0.019240
v 0.024107 0.011834 0.019240
v 0.024003 0.011834 0.019180
v 0.024003 0.011534 0.019180
v 0.026397 0.010034 0.021773
v 0.026181 0.010101 0.021898
v 0.026022 0.010284 0.021990
v 0.025964 0.010534 0.022023
v 0.025964 0.011534 0.022023
v 0.027625 0.011534 0.021064
v 0.027625 0.010034 0.021064
v 0.009107 0.010034 0.028807
v 0.009003 0.011534 0.028867
v 0.009003 0.011834 0.028867
v 0.009107 0.011834 0.028807
v 0.008655 0.010034 0.032023
v 0.008655 0.011834 0.032023
v 0.009810 0.011834 0.030023
v 0.009810 0.010034 0.030023
v 0.012777 0.011534 0.025776
v 0.012344 0.011534 0.025526
v 0.012344 0.011834 0.025526
v 0.012777 0.011834 0.025776
v 0.012344 0.011534 0.022520
v 0.012777 0.011534 0.022270
v 0.012777 0.011834 0.022270
v 0.012344 0.011834 0.022520
v 0.011500 0.010164 0.025178
v 0.011500 0.011834 0.025178
v 0.012284 0.011834 0.025630
v 0.012284 0.010034 0.025630
v 0.011800 0.010034 0.025351
v 0.011397 0.010034 0.026273
v 0.011181 0.010101 0.026148
v 0.011022 0.010284 0.026057
v 0.010964 0.010534 0.026023
v 0.011108 0.010534 0.025751
v 0.011230 0.010534 0.025469
v 0.011330 0.010534 0.025178
v 0.011500 0.010164 0.025178
v 0.011800 0.010034 0.025351
v 0.011689 0.010034 0.025668
v 0.011554 0.010034 0.025976
v 0.011800 0.010034 0.022695
v 0.011500 0.010164 0.022868
v 0.011330 0.010534 0.022868
v 0.011230 0.010534 0.022578
v 0.011108 0.010534 0.022295
v 0.010964 0.010534 0.022023
v 0.011022 0.010284 0.021990
v 0.011181 0.010101 0.021898
v 0.011397 0.010034 0.021773
v 0.011554 0.010034 0.022070
v 0.011689 0.010034 0.022378
v 0.025500 0.013034 0.016048
v 0.026475 0.013034 0.015340
v 0.026103 0.013034 0.014194
v 0.024898 0.013034 0.014194
v 0.024525 0.013034 0.015340
v 0.025500 0.011834 0.016048
v 0.024525 0.011834 0.015340
v 0.024898 0.011834 0.014194
v 0.026103 0.011834 0.014194
v 0.026475 0.011834 0.015340
v 0.025500 0.011834 0.016048
v 0.025500 0.013034 0.016048
v 0.005250 0.010034 0.020126
v 0.005375 0.010101 0.020343
v 0.005467 0.010284 0.020501
v 0.005500 0.010534 0.020559
v 0.005500 0.011534 0.020559
v 0.004541 0.011534 0.018898
v 0.004541 0.010034 0.018898
v 0.005643 0.010034 0.029240
v 0.005747 0.011534 0.029300
v 0.005747 0.011834 0.029300
v 0.005643 0.011834 0.029240
v 0.002657 0.011534 0.025526
v 0.002224 0.011534 0.025776
v 0.002224 0.011834 0.025776
v 0.002657 0.011834 0.025526
v -0.000500 0.010034 0.022868
v -0.000500 0.011834 0.022868
v -0.000500 0.011834 0.023773
v -0.000500 0.010034 0.023773
v 0.021475 0.011834 0.018023
v 0.022183 0.011834 0.017048
v 0.023329 0.011834 0.017421
v 0.023329 0.011834 0.018626
v 0.022183 0.011834 0.018998
v 0.021475 0.013034 0.018023
v 0.022183 0.013034 0.018998
v 0.023329 0.013034 0.018626
v 0.023329 0.013034 0.017421
v 0.022183 0.013034 0.017048
v 0.021475 0.013034 0.018023
v 0.021475 0.011834 0.018023
v 0.025750 0.010034 0.017023
v 0.025750 0.011534 0.016903
v 0.025750 0.011834 0.016903
v 0.025750 0.011834 0.017023
v 0.025250 0.010034 0.017023
v 0.025250 0.011834 0.017023
v 0.025250 0.011834 0.016903
v 0.025250 0.011534 0.016903
v 0.024003 0.011534 0.019180
v 0.024253 0.011534 0.018747
v 0.024357 0.010034 0.018807
v 0.024107 0.010034 0.019240
v 0.023655 0.010534 0.020193
v 0.023655 0.011834 0.020193
v 0.023655 0.011834 0.020023
v 0.023655 0.010164 0.020023
v 0.021346 0.010034 0.016023
v 0.021346 0.011834 0.016023
v 0.020191 0.011834 0.018023
v 0.020191 0.010034 0.018023
v 0.015284 0.010034 0.022416
v 0.015284 0.011834 0.022416
v 0.015000 0.011834 0.022580
v 0.015000 0.010034 0.022580
v 0.002893 0.010034 0.013807
v 0.002893 0.011834 0.013807
v 0.002997 0.011834 0.013867
v 0.002997 0.011534 0.013867
v 0.004500 0.013034 0.016048
v 0.005475 0.013034 0.015340
v 0.005103 0.013034 0.014194
v 0.003898 0.013034 0.014194
v 0.003525 0.013034 0.015340
v 0.004500 0.011834 0.016048
v 0.003525 0.011834 0.015340
v 0.003898 0.011834 0.014194
v 0.005103 0.011834 0.014194
v 0.005475 0.011834 0.015340
v 0.004500 0.011834 0.016048
v 0.004500 0.013034 0.016048
v 0.005997 0.011534 0.019180
v 0.005747 0.011534 0.018747
v 0.005747 0.011834 0.018747
v 0.005997 0.011834 0.019180
v 0.005249 0.010034 0.017023
v 0.005249 0.011834 0.017023
v 0.005441 0.011834 0.017093
v 0.005544 0.011834 0.017271
v 0.005508 0.011834 0.017473
v 0.005508 0.010034 0.017473
v 0.005544 0.010034 0.017271
v 0.005441 0.010034 0.017093
v 0.006173 0.010034 0.019723
v 0.006346 0.010164 0.020023
v 0.006346 0.010534 0.020193
v 0.006055 0.010534 0.020293
v 0.005772 0.010534 0.020416
v 0.005500 0.010534 0.020559
v 0.005467 0.010284 0.020501
v 0.005375 0.010101 0.020343
v 0.005250 0.010034 0.020126
v 0.005547 0.010034 0.019969
v 0.005855 0.010034 0.019835
v 0.002657 0.011534 0.022520
v 0.002224 0.011534 0.022270
v 0.002284 0.010034 0.022166
v 0.002717 0.010034 0.022416
v 0.005643 0.010034 0.029240
v 0.005643 0.011834 0.029240
v 0.005191 0.011834 0.030023
v 0.005191 0.010034 0.030023
v 0.024752 0.010034 0.031023
v 0.024752 0.011834 0.031023
v 0.024559 0.011834 0.030953
v 0.024456 0.011834 0.030775
v 0.024492 0.011834 0.030573
v 0.024492 0.010034 0.030573
v 0.024456 0.010034 0.030775
v 0.024559 0.010034 0.030953
v 0.021346 0.010534 0.027853
v 0.021346 0.011834 0.027853
v 0.021346 0.011834 0.028023
v 0.021346 0.010164 0.028023
v 0.017224 0.011534 0.022270
v 0.017657 0.011534 0.022520
v 0.017657 0.011834 0.022520
v 0.017224 0.011834 0.022270
v 0.027344 0.011534 0.025526
v 0.027777 0.011534 0.025776
v 0.027717 0.010034 0.025880
v 0.027284 0.010034 0.025630
v 0.028500 0.010034 0.021714
v 0.028500 0.011834 0.021714
v 0.027717 0.011834 0.022166
v 0.027717 0.010034 0.022166
v 0.024253 0.011534 0.018747
v 0.024003 0.011534 0.019180
v 0.024003 0.011834 0.019180
v 0.024253 0.011834 0.018747
v 0.027284 0.010034 0.022416
v 0.027284 0.011834 0.022416
v 0.026500 0.011834 0.022868
v 0.026500 0.010164 0.022868
v 0.026800 0.010034 0.022695
v 0.024750 0.010034 0.020126
v 0.024625 0.010101 0.020343
v 0.024534 0.010284 0.020501
v 0.024500 0.010534 0.020559
v 0.024228 0.010534 0.020416
v 0.023946 0.010534 0.020293
v 0.023655 0.010534 0.020193
v 0.023655 0.010164 0.020023
v 0.023828 0.010034 0.019723
v 0.024145 0.010034 0.019835
v 0.024453 0.010034 0.019969
v 0.004500 0.013034 0.034048
v 0.005475 0.013034 0.033340
v 0.005103 0.013034 0.032194
v 0.003898 0.013034 0.032194
v 0.003525 0.013034 0.033340
v 0.004500 0.011834 0.034048
v 0.003525 0.011834 0.033340
v 0.003898 0.011834 0.032194
v 0.005103 0.011834 0.032194
v 0.005475 0.011834 0.033340
v 0.004500 0.011834 0.034048
v 0.004500 0.013034 0.034048
v 0.009003 0.011534 0.028867
v 0.009253 0.011534 0.029300
v 0.009253 0.011834 0.029300
v 0.009003 0.011834 0.028867
v 0.006752 0.010034 0.032023
v 0.006752 0.011834 0.032023
v 0.007250 0.011834 0.032023
v 0.007250 0.010034 0.032023
v 0.008828 0.010034 0.028323
v 0.008655 0.010164 0.028023
v 0.008655 0.010534 0.027853
v 0.008946 0.010534 0.027753
v 0.009228 0.010534 0.027631
v 0.009500 0.010534 0.027487
v 0.009534 0.010284 0.027545
v 0.009625 0.010101 0.027704
v 0.009750 0.010034 0.027920
v 0.009453 0.010034 0.028077
v 0.009145 0.010034 0.028212
v 0.012344 0.011534 0.025526
v 0.012777 0.011534 0.025776
v 0.012717 0.010034 0.025880
v 0.012284 0.010034 0.025630
v 0.012717 0.010034 0.022166
v 0.012717 0.011834 0.022166
v 0.012777 0.011834 0.022270
v 0.012777 0.011534 0.022270
v 0.012777 0.011534 0.022270
v 0.012344 0.011534 0.022520
v 0.012284 0.010034 0.022416
v 0.012717 0.010034 0.022166
v 0.012717 0.010034 0.025880
v 0.012717 0.011834 0.025880
v 0.013500 0.011834 0.026333
v 0.013500 0.010034 0.026333
v 0.010964 0.010534 0.026023
v 0.011022 0.010284 0.026057
v 0.011181 0.010101 0.026148
v 0.011397 0.010034 0.026273
v 0.011594 0.010034 0.026387
v 0.011594 0.011534 0.026387
v 0.010964 0.011534 0.026023
v 0.004750 0.010034 0.031023
v 0.004750 0.011834 0.031023
v 0.004750 0.011834 0.031143
v 0.004750 0.011534 0.031143
v 0.002284 0.010034 0.025880
v 0.002284 0.011834 0.025880
v 0.002224 0.011834 0.025776
v 0.002224 0.011534 0.025776
v 0.002224 0.011534 0.025776
v 0.002657 0.011534 0.025526
v 0.002717 0.010034 0.025630
v 0.002284 0.010034 0.025880
v -0.000500 0.010034 0.024273
v -0.000500 0.011834 0.024273
v -0.000500 0.011834 0.025178
v -0.000500 0.010034 0.025178
v 0.002284 0.010034 0.022166
v 0.002224 0.011534 0.022270
v 0.002224 0.011834 0.022270
v 0.002284 0.011834 0.022166
v 0.026655 0.010034 0.017023
v 0.026655 0.011834 0.017023
v 0.026823 0.011834 0.017234
v 0.026823 0.010034 0.017234
v 0.027357 0.010034 0.014240
v 0.027357 0.011834 0.014240
v 0.027253 0.011834 0.014300
v 0.027253 0.011534 0.014300
v 0.025750 0.011534 0.016903
v 0.025250 0.011534 0.016903
v 0.025250 0.011834 0.016903
v 0.025750 0.011834 0.016903
v 0.024357 0.010034 0.018807
v 0.024253 0.011534 0.018747
v 0.024253 0.011834 0.018747
v 0.024357 0.011834 0.018807
v 0.023249 0.010034 0.016023
v 0.023249 0.011834 0.016023
v 0.022750 0.011834 0.016023
v 0.022750 0.010034 0.016023
v 0.018671 0.010534 0.022868
v 0.018671 0.011834 0.022868
v 0.018500 0.011834 0.022868
v 0.018500 0.010164 0.022868
v 0.018500 0.010164 0.022868
v 0.018500 0.011834 0.022868
v 0.017717 0.011834 0.022416
v 0.017717 0.010034 0.022416
v 0.018201 0.010034 0.022695
v 0.002747 0.011534 0.014300
v 0.002997 0.011534 0.013867
v 0.002997 0.011834 0.013867
v 0.002747 0.011834 0.014300
v 0.006810 0.010034 0.015023
v 0.006810 0.011834 0.015023
v 0.006357 0.011834 0.014240
v 0.006357 0.010034 0.014240
v 0.005643 0.010034 0.018807
v 0.005643 0.011834 0.018807
v 0.005747 0.011834 0.018747
v 0.005747 0.011534 0.018747
v 0.005747 0.011534 0.018747
v 0.005997 0.011534 0.019180
v 0.005893 0.010034 0.019240
v 0.005643 0.010034 0.018807
v 0.003346 0.010034 0.017023
v 0.003346 0.011834 0.017023
v 0.004250 0.011834 0.017023
v 0.004250 0.010034 0.017023
v 0.005191 0.010034 0.018023
v 0.005191 0.011834 0.018023
v 0.005643 0.011834 0.018807
v 0.005643 0.010034 0.018807
v 0.026655 0.010034 0.031023
v 0.026655 0.011834 0.031023
v 0.025750 0.011834 0.031023
v 0.025750 0.010034 0.031023
v 0.020250 0.010034 0.027920
v 0.020375 0.010101 0.027704
v 0.020467 0.010284 0.027545
v 0.020500 0.010534 0.027487
v 0.020772 0.010534 0.027631
v 0.021055 0.010534 0.027753
v 0.021346 0.010534 0.027853
v 0.021346 0.010164 0.028023
v 0.021173 0.010034 0.028323
v 0.020855 0.010034 0.028212
v 0.020547 0.010034 0.028077
v 0.017657 0.011534 0.022520
v 0.017224 0.011534 0.022270
v 0.017284 0.010034 0.022166
v 0.017717 0.010034 0.022416
v 0.027717 0.010034 0.025880
v 0.027777 0.011534 0.025776
v 0.027777 0.011834 0.025776
v 0.027717 0.011834 0.025880
v 0.027284 0.010034 0.022416
v 0.027344 0.011534 0.022520
v 0.027344 0.011834 0.022520
v 0.027284 0.011834 0.022416
v 0.030500 0.010034 0.022868
v 0.030500 0.011834 0.022868
v 0.028500 0.011834 0.021714
v 0.028500 0.010034 0.021714
v 0.009357 0.010034 0.029240
v 0.009357 0.011834 0.029240
v 0.009253 0.011834 0.029300
v 0.009253 0.011534 0.029300
v 0.009253 0.011534 0.029300
v 0.009003 0.011534 0.028867
v 0.009107 0.010034 0.028807
v 0.009357 0.010034 0.029240
v 0.007750 0.010034 0.032023
v 0.007750 0.011834 0.032023
v 0.008655 0.011834 0.032023
v 0.008655 0.010034 0.032023
v 0.009810 0.010034 0.030023
v 0.009810 0.011834 0.030023
v 0.009357 0.011834 0.029240
v 0.009357 0.010034 0.029240
v 0.012717 0.010034 0.025880
v 0.012777 0.011534 0.025776
v 0.012777 0.011834 0.025776
v 0.012717 0.011834 0.025880
v 0.011594 0.010034 0.026387
v 0.010230 0.010034 0.028751
v 0.010230 0.011534 0.028751
v 0.011594 0.011534 0.026387
v 0.004250 0.011534 0.031143
v 0.004750 0.011534 0.031143
v 0.004750 0.011834 0.031143
v 0.004250 0.011834 0.031143
v 0.001500 0.010034 0.021714
v 0.001500 0.011834 0.021714
v -0.000500 0.011834 0.022868
v -0.000500 0.010034 0.022868
v -0.000500 0.010034 0.023773
v -0.000500 0.011834 0.023773
v -0.000380 0.011834 0.023773
v -0.000380 0.011534 0.023773
v 0.026823 0.010034 0.017234
v 0.026823 0.011834 0.017234
v 0.026474 0.011834 0.018847
v 0.027622 0.011834 0.020033
v 0.029246 0.011834 0.019736
v 0.029901 0.011834 0.018222
v 0.029006 0.011834 0.016836
v 0.027356 0.011834 0.016811
v 0.027356 0.010034 0.016811
v 0.029006 0.010034 0.016836
v 0.029901 0.010034 0.018222
v 0.029246 0.010034 0.019736
v 0.027622 0.010034 0.020033
v 0.026474 0.010034 0.018847
v 0.027003 0.011534 0.013867
v 0.027253 0.011534 0.014300
v 0.027253 0.011834 0.014300
v 0.027003 0.011834 0.013867
v 0.022250 0.010034 0.016023
v 0.022250 0.011834 0.016023
v 0.021346 0.011834 0.016023
v 0.021346 0.010034 0.016023
v 0.017284 0.010034 0.022166
v 0.017284 0.011834 0.022166
v 0.016500 0.011834 0.021714
v 0.016500 0.010034 0.021714
v 0.020500 0.010534 0.027487
v 0.020467 0.010284 0.027545
v 0.020375 0.010101 0.027704
v 0.020250 0.010034 0.027920
v 0.019771 0.010034 0.028751
v 0.019771 0.011534 0.028751
v 0.020500 0.011534 0.027487
v 0.018603 0.010034 0.026273
v 0.018820 0.010101 0.026148
v 0.018978 0.010284 0.026057
v 0.019036 0.010534 0.026023
v 0.019036 0.011534 0.026023
v 0.018406 0.011534 0.026387
v 0.018406 0.010034 0.026387
v 0.002997 0.011534 0.013867
v 0.002747 0.011534 0.014300
v 0.002643 0.010034 0.014240
v 0.002893 0.010034 0.013807
v 0.006107 0.010034 0.013807
v 0.006107 0.011834 0.013807
v 0.005655 0.011834 0.013023
v 0.005655 0.010034 0.013023
v 0.021346 0.010164 0.020023
v 0.021346 0.011834 0.020023
v 0.021346 0.011834 0.020193
v 0.021346 0.010534 0.020193
v 0.024107 0.010034 0.028807
v 0.024003 0.011534 0.028867
v 0.024003 0.011834 0.028867
v 0.024107 0.011834 0.028807
v 0.004750 0.010034 0.017023
v 0.004750 0.011834 0.017023
v 0.005249 0.011834 0.017023
v 0.005249 0.010034 0.017023
v 0.009750 0.010034 0.027920
v 0.009625 0.010101 0.027704
v 0.009534 0.010284 0.027545
v 0.009500 0.010534 0.027487
v 0.009500 0.011534 0.027487
v 0.010230 0.011534 0.028751
v 0.010230 0.010034 0.028751
v 0.005191 0.010034 0.030023
v 0.005191 0.011834 0.030023
v 0.005508 0.011834 0.030573
v 0.005508 0.010034 0.030573
v 0.024253 0.011534 0.029300
v 0.024003 0.011534 0.028867
v 0.024107 0.010034 0.028807
v 0.024357 0.010034 0.029240
v 0.025250 0.010034 0.031023
v 0.025250 0.011834 0.031023
v 0.024752 0.011834 0.031023
v 0.024752 0.010034 0.031023
v 0.021346 0.010164 0.028023
v 0.021346 0.011834 0.028023
v 0.020893 0.011834 0.028807
v 0.020893 0.010034 0.028807
v 0.021173 0.010034 0.028323
v 0.017284 0.010034 0.022166
v 0.017224 0.011534 0.022270
v 0.017224 0.011834 0.022270
v 0.017284 0.011834 0.022166
v 0.027344 0.011534 0.022520
v 0.027777 0.011534 0.022270
v 0.027777 0.011834 0.022270
v 0.027344 0.011834 0.022520
v 0.030500 0.010034 0.025178
v 0.030500 0.011834 0.025178
v 0.030500 0.011834 0.024273
v 0.030500 0.010034 0.024273
v 0.028500 0.010034 0.026333
v 0.028500 0.011834 0.026333
v 0.030500 0.011834 0.025178
v 0.030500 0.010034 0.025178
v 0.006492 0.010034 0.032473
v 0.006492 0.011834 0.032473
v 0.006456 0.011834 0.032271
v 0.006559 0.011834 0.032093
v 0.006752 0.011834 0.032023
v 0.006752 0.010034 0.032023
v 0.006559 0.010034 0.032093
v 0.006456 0.010034 0.032271
v 0.015284 0.010034 0.025630
v 0.015284 0.011834 0.025630
v 0.015344 0.011834 0.025526
v 0.015344 0.011534 0.025526
v 0.004750 0.011534 0.031143
v 0.004250 0.011534 0.031143
v 0.004250 0.010034 0.031023
v 0.004750 0.010034 0.031023
v -0.000380 0.011534 0.024273
v -0.000380 0.011534 0.023773
v -0.000380 0.011834 0.023773
v -0.000380 0.011834 0.024273
v 0.027356 0.010034 0.016811
v 0.027356 0.011834 0.016811
v 0.027021 0.011834 0.016389
v 0.027021 0.010034 0.016389
v 0.027253 0.011534 0.014300
v 0.027003 0.011534 0.013867
v 0.027107 0.010034 0.013807
v 0.027357 0.010034 0.014240
v 0.023508 0.010034 0.015573
v 0.023508 0.011834 0.015573
v 0.023544 0.011834 0.015775
v 0.023441 0.011834 0.015953
v 0.023249 0.011834 0.016023
v 0.023249 0.010034 0.016023
v 0.023441 0.010034 0.015953
v 0.023544 0.010034 0.015775
v 0.019771 0.010034 0.028751
v 0.018406 0.010034 0.026387
v 0.018406 0.011534 0.026387
v 0.019771 0.011534 0.028751
v 0.018201 0.010034 0.025351
v 0.018500 0.010164 0.025178
v 0.018671 0.010534 0.025178
v 0.018771 0.010534 0.025469
v 0.018893 0.010534 0.025751
v 0.019036 0.010534 0.026023
v 0.018978 0.010284 0.026057
v 0.018820 0.010101 0.026148
v 0.018603 0.010034 0.026273
v 0.018446 0.010034 0.025976
v 0.018312 0.010034 0.025668
v 0.014284 0.010034 0.022166
v 0.014224 0.011534 0.022270
v 0.014224 0.011834 0.022270
v 0.014284 0.011834 0.022166
v 0.002643 0.010034 0.014240
v 0.002747 0.011534 0.014300
v 0.002747 0.011834 0.014300
v 0.002643 0.011834 0.014240
v 0.006492 0.010034 0.015573
v 0.006492 0.011834 0.015573
v 0.006810 0.011834 0.015023
v 0.006810 0.010034 0.015023
v 0.006752 0.010034 0.016023
v 0.006752 0.011834 0.016023
v 0.006559 0.011834 0.015953
v 0.006456 0.011834 0.015775
v 0.006492 0.011834 0.015573
v 0.006492 0.010034 0.015573
v 0.006456 0.010034 0.015775
v 0.006559 0.010034 0.015953
v 0.024003 0.011534 0.028867
v 0.024253 0.011534 0.029300
v 0.024253 0.011834 0.029300
v 0.024003 0.011834 0.028867
v 0.003178 0.010034 0.017234
v 0.003178 0.011834 0.017234
v 0.003346 0.011834 0.017023
v 0.003346 0.010034 0.017023
v 0.005508 0.010034 0.030573
v 0.005508 0.011834 0.030573
v 0.005544 0.011834 0.030775
v 0.005441 0.011834 0.030953
v 0.005249 0.011834 0.031023
v 0.005249 0.010034 0.031023
v 0.005441 0.010034 0.030953
v 0.005544 0.010034 0.030775
v 0.026823 0.010034 0.030812
v 0.026823 0.011834 0.030812
v 0.026655 0.011834 0.031023
v 0.026655 0.010034 0.031023
v 0.020893 0.010034 0.028807
v 0.020893 0.011834 0.028807
v 0.020997 0.011834 0.028867
v 0.020997 0.011534 0.028867
v 0.020643 0.010034 0.029240
v 0.020643 0.011834 0.029240
v 0.020191 0.011834 0.030023
v 0.020191 0.010034 0.030023
v 0.015717 0.010034 0.022166
v 0.015717 0.011834 0.022166
v 0.015777 0.011834 0.022270
v 0.015777 0.011534 0.022270
v 0.027717 0.010034 0.022166
v 0.027717 0.011834 0.022166
v 0.027777 0.011834 0.022270
v 0.027777 0.011534 0.022270
v 0.002283 -0.010000 0.025857
v 0.002283 -0.011800 0.025857
v 0.001500 -0.011800 0.026309
v 0.001500 -0.010000 0.026309
v 0.005500 -0.010500 0.020536
v 0.005467 -0.010250 0.020478
v 0.005375 -0.010067 0.020319
v 0.005250 -0.010000 0.020103
v 0.004541 -0.010000 0.018875
v 0.004541 -0.011500 0.018875
v 0.005500 -0.011500 0.020536
v 0.021345 -0.010130 0.028000
v 0.021345 -0.011800 0.028000
v 0.021345 -0.011800 0.027830
v 0.021345 -0.010500 0.027830
v 0.014182 -0.011800 0.018343
v 0.013474 -0.011800 0.017368
v 0.012328 -0.011800 0.017741
v 0.012328 -0.011800 0.018946
v 0.013474 -0.011800 0.019318
v 0.014182 -0.013000 0.018343
v 0.013474 -0.013000 0.019318
v 0.012328 -0.013000 0.018946
v 0.012328 -0.013000 0.017741
v 0.013474 -0.013000 0.017368
v 0.014182 -0.013000 0.018343
v 0.014182 -0.011800 0.018343
v 0.000818 -0.011800 0.029657
v 0.001526 -0.011800 0.030632
v 0.002672 -0.011800 0.030259
v 0.002672 -0.011800 0.029054
v 0.001526 -0.011800 0.028682
v 0.000818 -0.013000 0.029657
v 0.001526 -0.013000 0.028682
v 0.002672 -0.013000 0.029054
v 0.002672 -0.013000 0.030259
v 0.001526 -0.013000 0.030632
v 0.000818 -0.013000 0.029657
v 0.000818 -0.011800 0.029657
v 0.025964 -0.010500 0.022000
v 0.026022 -0.010250 0.021967
v 0.026181 -0.010067 0.021875
v 0.026397 -0.010000 0.021750
v 0.027625 -0.010000 0.021041
v 0.027625 -0.011500 0.021041
v 0.025964 -0.011500 0.022000
v 0.024253 -0.011500 0.029277
v 0.024003 -0.011500 0.028843
v 0.024003 -0.011800 0.028843
v 0.024253 -0.011800 0.029277
v 0.027283 -0.010000 0.025607
v 0.027283 -0.011800 0.025607
v 0.026500 -0.011800 0.025155
v 0.026500 -0.010130 0.025155
v 0.026800 -0.010000 0.025328
v 0.026500 -0.010130 0.022845
v 0.026500 -0.011800 0.022845
v 0.027283 -0.011800 0.022393
v 0.027283 -0.010000 0.022393
v 0.026800 -0.010000 0.022672
v 0.029182 -0.013000 0.029657
v 0.028474 -0.013000 0.030632
v 0.027328 -0.013000 0.030259
v 0.027328 -0.013000 0.029054
v 0.028474 -0.013000 0.028682
v 0.029182 -0.011800 0.029657
v 0.028474 -0.011800 0.028682
v 0.027328 -0.011800 0.029054
v 0.027328 -0.011800 0.030259
v 0.028474 -0.011800 0.030632
v 0.029182 -0.011800 0.029657
v 0.029182 -0.013000 0.029657
v 0.006475 -0.011800 0.030000
v 0.007183 -0.011800 0.030975
v 0.008329 -0.011800 0.030602
v 0.008329 -0.011800 0.029398
v 0.007183 -0.011800 0.029025
v 0.006475 -0.013000 0.030000
v 0.007183 -0.013000 0.029025
v 0.008329 -0.013000 0.029398
v 0.008329 -0.013000 0.030602
v 0.007183 -0.013000 0.030975
v 0.006475 -0.013000 0.030000
v 0.006475 -0.011800 0.030000
v 0.005248 -0.010000 0.017000
v 0.005248 -0.011800 0.017000
v 0.004750 -0.011800 0.017000
v 0.004750 -0.010000 0.017000
v 0.005191 -0.010000 0.018000
v 0.005191 -0.011800 0.018000
v 0.005508 -0.011800 0.017450
v 0.005508 -0.010000 0.017450
v 0.009809 -0.010000 0.018000
v 0.009809 -0.011800 0.018000
v 0.009357 -0.011800 0.018783
v 0.009357 -0.010000 0.018783
v 0.020500 -0.011500 0.027464
v 0.019929 -0.011500 0.027064
v 0.019436 -0.011500 0.026571
v 0.019036 -0.011500 0.026000
v 0.018406 -0.011500 0.026364
v 0.019771 -0.011500 0.028727
v 0.015717 -0.010000 0.022143
v 0.015717 -0.011800 0.022143
v 0.016500 -0.011800 0.021691
v 0.016500 -0.010000 0.021691
v 0.023747 -0.011500 0.014277
v 0.023997 -0.011500 0.013843
v 0.023893 -0.010000 0.013783
v 0.023643 -0.010000 0.014217
v 0.022750 -0.010000 0.016000
v 0.022750 -0.011800 0.016000
v 0.023248 -0.011800 0.016000
v 0.023248 -0.010000 0.016000
v 0.024107 -0.010000 0.019217
v 0.024107 -0.011800 0.019217
v 0.023655 -0.011800 0.020000
v 0.023655 -0.010130 0.020000
v 0.023828 -0.010000 0.019700
v 0.027283 -0.010000 0.022393
v 0.027283 -0.011800 0.022393
v 0.027343 -0.011800 0.022497
v 0.027343 -0.011500 0.022497
v 0.019771 -0.010000 0.019273
v 0.018406 -0.010000 0.021636
v 0.018406 -0.011500 0.021636
v 0.019771 -0.011500 0.019273
v 0.023655 -0.010500 0.027830
v 0.023655 -0.011800 0.027830
v 0.023655 -0.011800 0.028000
v 0.023655 -0.010130 0.028000
v 0.005893 -0.010000 0.028783
v 0.005893 -0.011800 0.028783
v 0.006345 -0.011800 0.028000
v 0.006345 -0.010130 0.028000
v 0.006172 -0.010000 0.028300
v 0.006345 -0.010130 0.028000
v 0.006345 -0.011800 0.028000
v 0.006345 -0.011800 0.027830
v 0.006345 -0.010500 0.027830
v 0.002717 -0.010000 0.025607
v 0.002717 -0.011800 0.025607
v 0.002657 -0.011800 0.025503
v 0.002657 -0.011500 0.025503
v 0.003500 -0.010130 0.022845
v 0.003500 -0.011800 0.022845
v 0.003670 -0.011800 0.022845
v 0.003670 -0.010500 0.022845
v 0.004541 -0.010000 0.018875
v 0.004131 -0.010000 0.019870
v 0.003370 -0.010000 0.020631
v 0.002375 -0.010000 0.021041
v 0.002375 -0.011500 0.021041
v 0.003370 -0.011500 0.020631
v 0.004131 -0.011500 0.019870
v 0.004541 -0.011500 0.018875
v 0.020893 -0.010000 0.028783
v 0.020893 -0.011800 0.028783
v 0.021345 -0.011800 0.028000
v 0.021345 -0.010130 0.028000
v 0.021172 -0.010000 0.028300
v 0.017717 -0.010000 0.025607
v 0.017717 -0.011800 0.025607
v 0.017657 -0.011800 0.025503
v 0.017657 -0.011500 0.025503
v 0.013500 -0.011800 0.025025
v 0.014475 -0.011800 0.024317
v 0.014102 -0.011800 0.023171
v 0.012898 -0.011800 0.023171
v 0.012525 -0.011800 0.024317
v 0.013500 -0.013000 0.025025
v 0.012525 -0.013000 0.024317
v 0.012898 -0.013000 0.023171
v 0.014102 -0.013000 0.023171
v 0.014475 -0.013000 0.024317
v 0.013500 -0.013000 0.025025
v 0.013500 -0.011800 0.025025
v 0.017717 -0.010000 0.022393
v 0.017657 -0.011500 0.022497
v 0.017657 -0.011800 0.022497
v 0.017717 -0.011800 0.022393
v 0.018670 -0.010500 0.025155
v 0.018670 -0.011800 0.025155
v 0.018500 -0.011800 0.025155
v 0.018500 -0.010130 0.025155
v 0.004500 -0.013000 0.034025
v 0.003525 -0.013000 0.033317
v 0.003898 -0.013000 0.032171
v 0.005102 -0.013000 0.032171
v 0.005475 -0.013000 0.033317
v 0.004500 -0.011800 0.034025
v 0.005475 -0.011800 0.033317
v 0.005102 -0.011800 0.032171
v 0.003898 -0.011800 0.032171
v 0.003525 -0.011800 0.033317
v 0.004500 -0.011800 0.034025
v 0.004500 -0.013000 0.034025
v 0.000818 -0.013000 0.018343
v 0.001526 -0.013000 0.017368
v 0.002672 -0.013000 0.017741
v 0.002672 -0.013000 0.018946
v 0.001526 -0.013000 0.019318
v 0.000818 -0.011800 0.018343
v 0.001526 -0.011800 0.019318
v 0.002672 -0.011800 0.018946
v 0.002672 -0.011800 0.017741
v 0.001526 -0.011800 0.017368
v 0.000818 -0.011800 0.018343
v 0.000818 -0.013000 0.018343
v 0.027625 -0.010000 0.021041
v 0.026630 -0.010000 0.020631
v 0.025869 -0.010000 0.019870
v 0.025459 -0.010000 0.018875
v 0.025459 -0.011500 0.018875
v 0.025869 -0.011500 0.019870
v 0.026630 -0.011500 0.020631
v 0.027625 -0.011500 0.021041
v 0.024003 -0.011500 0.028843
v 0.024253 -0.011500 0.029277
v 0.024357 -0.010000 0.029217
v 0.024107 -0.010000 0.028783
v 0.027283 -0.010000 0.025607
v 0.027343 -0.011500 0.025503
v 0.027343 -0.011800 0.025503
v 0.027283 -0.011800 0.025607
v 0.030500 -0.010000 0.025155
v 0.030500 -0.011800 0.025155
v 0.028500 -0.011800 0.026309
v 0.028500 -0.010000 0.026309
v 0.027717 -0.010000 0.022143
v 0.027717 -0.011800 0.022143
v 0.028500 -0.011800 0.021691
v 0.028500 -0.010000 0.021691
v 0.001500 -0.011800 0.022975
v 0.000525 -0.011800 0.023683
v 0.000898 -0.011800 0.024829
v 0.002102 -0.011800 0.024829
v 0.002475 -0.011800 0.023683
v 0.001500 -0.013000 0.022975
v 0.002475 -0.013000 0.023683
v 0.002102 -0.013000 0.024829
v 0.000898 -0.013000 0.024829
v 0.000525 -0.013000 0.023683
v 0.001500 -0.013000 0.022975
v 0.001500 -0.011800 0.022975
v 0.004750 -0.011500 0.016880
v 0.004250 -0.011500 0.016880
v 0.004250 -0.010000 0.017000
v 0.004750 -0.010000 0.017000
v 0.004250 -0.010000 0.017000
v 0.004250 -0.011800 0.017000
v 0.003345 -0.011800 0.017000
v 0.003345 -0.010000 0.017000
v 0.005643 -0.010000 0.018783
v 0.005643 -0.011800 0.018783
v 0.005191 -0.011800 0.018000
v 0.005191 -0.010000 0.018000
v 0.006345 -0.010130 0.020000
v 0.006345 -0.011800 0.020000
v 0.005893 -0.011800 0.019217
v 0.005893 -0.010000 0.019217
v 0.006172 -0.010000 0.019700
v 0.009107 -0.010000 0.019217
v 0.009107 -0.011800 0.019217
v 0.008655 -0.011800 0.020000
v 0.008655 -0.010130 0.020000
v 0.008828 -0.010000 0.019700
v 0.013500 -0.010000 0.021691
v 0.013500 -0.011800 0.021691
v 0.014283 -0.011800 0.022143
v 0.014283 -0.010000 0.022143
v 0.023893 -0.010000 0.013783
v 0.023997 -0.011500 0.013843
v 0.023997 -0.011800 0.013843
v 0.023893 -0.011800 0.013783
v 0.020191 -0.010000 0.018000
v 0.020191 -0.011800 0.018000
v 0.021345 -0.011800 0.016000
v 0.021345 -0.010000 0.016000
v 0.029182 -0.011800 0.018343
v 0.028474 -0.011800 0.017368
v 0.027328 -0.011800 0.017741
v 0.027328 -0.011800 0.018946
v 0.028474 -0.011800 0.019318
v 0.029182 -0.013000 0.018343
v 0.028474 -0.013000 0.019318
v 0.027328 -0.013000 0.018946
v 0.027328 -0.013000 0.017741
v 0.028474 -0.013000 0.017368
v 0.029182 -0.013000 0.018343
v 0.029182 -0.011800 0.018343
v 0.024107 -0.010000 0.019217
v 0.024003 -0.011500 0.019157
v 0.024003 -0.011800 0.019157
v 0.024107 -0.011800 0.019217
v 0.024492 -0.010000 0.017450
v 0.024492 -0.011800 0.017450
v 0.024809 -0.011800 0.018000
v 0.024809 -0.010000 0.018000
v 0.027777 -0.011500 0.022247
v 0.027343 -0.011500 0.022497
v 0.027343 -0.011800 0.022497
v 0.027777 -0.011800 0.022247
v 0.018603 -0.010000 0.021750
v 0.018819 -0.010067 0.021875
v 0.018978 -0.010250 0.021967
v 0.019036 -0.010500 0.022000
v 0.019036 -0.011500 0.022000
v 0.018406 -0.011500 0.021636
v 0.018406 -0.010000 0.021636
v 0.023655 -0.010130 0.028000
v 0.023655 -0.011800 0.028000
v 0.024107 -0.011800 0.028783
v 0.024107 -0.010000 0.028783
v 0.023828 -0.010000 0.028300
v 0.005508 -0.010000 0.030550
v 0.005508 -0.011800 0.030550
v 0.005191 -0.011800 0.030000
v 0.005191 -0.010000 0.030000
v 0.012283 -0.010000 0.022393
v 0.012283 -0.011800 0.022393
v 0.012343 -0.011800 0.022497
v 0.012343 -0.011500 0.022497
v 0.002223 -0.011500 0.025753
v 0.002657 -0.011500 0.025503
v 0.002657 -0.011800 0.025503
v 0.002223 -0.011800 0.025753
v 0.003200 -0.010000 0.022672
v 0.003500 -0.010130 0.022845
v 0.003670 -0.010500 0.022845
v 0.003770 -0.010500 0.022554
v 0.003892 -0.010500 0.022272
v 0.004036 -0.010500 0.022000
v 0.003978 -0.010250 0.021967
v 0.003819 -0.010067 0.021875
v 0.003603 -0.010000 0.021750
v 0.003446 -0.010000 0.022047
v 0.003311 -0.010000 0.022355
v 0.005893 -0.010000 0.019217
v 0.005893 -0.011800 0.019217
v 0.005997 -0.011800 0.019157
v 0.005997 -0.011500 0.019157
v 0.003603 -0.010000 0.021750
v 0.003819 -0.010067 0.021875
v 0.003978 -0.010250 0.021967
v 0.004036 -0.010500 0.022000
v 0.004036 -0.011500 0.022000
v 0.002375 -0.011500 0.021041
v 0.002375 -0.010000 0.021041
v 0.020893 -0.010000 0.028783
v 0.020997 -0.011500 0.028843
v 0.020997 -0.011800 0.028843
v 0.020893 -0.011800 0.028783
v 0.021345 -0.010000 0.032000
v 0.021345 -0.011800 0.032000
v 0.020191 -0.011800 0.030000
v 0.020191 -0.010000 0.030000
v 0.017223 -0.011500 0.025753
v 0.017657 -0.011500 0.025503
v 0.017657 -0.011800 0.025503
v 0.017223 -0.011800 0.025753
v 0.017657 -0.011500 0.022497
v 0.017223 -0.011500 0.022247
v 0.017223 -0.011800 0.022247
v 0.017657 -0.011800 0.022497
v 0.018500 -0.010130 0.025155
v 0.018500 -0.011800 0.025155
v 0.017717 -0.011800 0.025607
v 0.017717 -0.010000 0.025607
v 0.018200 -0.010000 0.025328
v 0.018603 -0.010000 0.026250
v 0.018819 -0.010067 0.026125
v 0.018978 -0.010250 0.026033
v 0.019036 -0.010500 0.026000
v 0.018892 -0.010500 0.025728
v 0.018770 -0.010500 0.025446
v 0.018670 -0.010500 0.025155
v 0.018500 -0.010130 0.025155
v 0.018200 -0.010000 0.025328
v 0.018311 -0.010000 0.025645
v 0.018446 -0.010000 0.025953
v 0.018200 -0.010000 0.022672
v 0.018500 -0.010130 0.022845
v 0.018670 -0.010500 0.022845
v 0.018770 -0.010500 0.022554
v 0.018892 -0.010500 0.022272
v 0.019036 -0.010500 0.022000
v 0.018978 -0.010250 0.021967
v 0.018819 -0.010067 0.021875
v 0.018603 -0.010000 0.021750
v 0.018446 -0.010000 0.022047
v 0.018311 -0.010000 0.022355
v 0.004500 -0.013000 0.016025
v 0.003525 -0.013000 0.015317
v 0.003898 -0.013000 0.014171
v 0.005102 -0.013000 0.014171
v 0.005475 -0.013000 0.015317
v 0.004500 -0.011800 0.016025
v 0.005475 -0.011800 0.015317
v 0.005102 -0.011800 0.014171
v 0.003898 -0.011800 0.014171
v 0.003525 -0.011800 0.015317
v 0.004500 -0.011800 0.016025
v 0.004500 -0.013000 0.016025
v 0.024750 -0.010000 0.020103
v 0.024625 -0.010067 0.020319
v 0.024533 -0.010250 0.020478
v 0.024500 -0.010500 0.020536
v 0.024500 -0.011500 0.020536
v 0.025459 -0.011500 0.018875
v 0.025459 -0.010000 0.018875
v 0.024357 -0.010000 0.029217
v 0.024253 -0.011500 0.029277
v 0.024253 -0.011800 0.029277
v 0.024357 -0.011800 0.029217
v 0.027343 -0.011500 0.025503
v 0.027777 -0.011500 0.025753
v 0.027777 -0.011800 0.025753
v 0.027343 -0.011800 0.025503
v 0.030500 -0.010000 0.022845
v 0.030500 -0.011800 0.022845
v 0.030500 -0.011800 0.023750
v 0.030500 -0.010000 0.023750
v 0.008525 -0.011800 0.018000
v 0.007817 -0.011800 0.017025
v 0.006671 -0.011800 0.017398
v 0.006671 -0.011800 0.018602
v 0.007817 -0.011800 0.018975
v 0.008525 -0.013000 0.018000
v 0.007817 -0.013000 0.018975
v 0.006671 -0.013000 0.018602
v 0.006671 -0.013000 0.017398
v 0.007817 -0.013000 0.017025
v 0.008525 -0.013000 0.018000
v 0.008525 -0.011800 0.018000
v 0.004250 -0.010000 0.017000
v 0.004250 -0.011500 0.016880
v 0.004250 -0.011800 0.016880
v 0.004250 -0.011800 0.017000
v 0.004750 -0.010000 0.017000
v 0.004750 -0.011800 0.017000
v 0.004750 -0.011800 0.016880
v 0.004750 -0.011500 0.016880
v 0.005997 -0.011500 0.019157
v 0.005747 -0.011500 0.018723
v 0.005643 -0.010000 0.018783
v 0.005893 -0.010000 0.019217
v 0.006345 -0.010500 0.020170
v 0.006345 -0.011800 0.020170
v 0.006345 -0.011800 0.020000
v 0.006345 -0.010130 0.020000
v 0.008655 -0.010000 0.016000
v 0.008655 -0.011800 0.016000
v 0.009809 -0.011800 0.018000
v 0.009809 -0.010000 0.018000
v 0.014717 -0.010000 0.022393
v 0.014717 -0.011800 0.022393
v 0.015000 -0.011800 0.022557
v 0.015000 -0.010000 0.022557
v 0.027107 -0.010000 0.013783
v 0.027107 -0.011800 0.013783
v 0.027003 -0.011800 0.013843
v 0.027003 -0.011500 0.013843
v 0.025500 -0.013000 0.016025
v 0.024525 -0.013000 0.015317
v 0.024898 -0.013000 0.014171
v 0.026102 -0.013000 0.014171
v 0.026475 -0.013000 0.015317
v 0.025500 -0.011800 0.016025
v 0.026475 -0.011800 0.015317
v 0.026102 -0.011800 0.014171
v 0.024898 -0.011800 0.014171
v 0.024525 -0.011800 0.015317
v 0.025500 -0.011800 0.016025
v 0.025500 -0.013000 0.016025
v 0.024003 -0.011500 0.019157
v 0.024253 -0.011500 0.018723
v 0.024253 -0.011800 0.018723
v 0.024003 -0.011800 0.019157
v 0.024752 -0.010000 0.017000
v 0.024752 -0.011800 0.017000
v 0.024559 -0.011800 0.017070
v 0.024456 -0.011800 0.017248
v 0.024492 -0.011800 0.017450
v 0.024492 -0.010000 0.017450
v 0.024456 -0.010000 0.017248
v 0.024559 -0.010000 0.017070
v 0.023828 -0.010000 0.019700
v 0.023655 -0.010130 0.020000
v 0.023655 -0.010500 0.020170
v 0.023946 -0.010500 0.020270
v 0.024228 -0.010500 0.020392
v 0.024500 -0.010500 0.020536
v 0.024533 -0.010250 0.020478
v 0.024625 -0.010067 0.020319
v 0.024750 -0.010000 0.020103
v 0.024453 -0.010000 0.019946
v 0.024145 -0.010000 0.019811
v 0.027343 -0.011500 0.022497
v 0.027777 -0.011500 0.022247
v 0.027717 -0.010000 0.022143
v 0.027283 -0.010000 0.022393
v 0.024357 -0.010000 0.029217
v 0.024357 -0.011800 0.029217
v 0.024809 -0.011800 0.030000
v 0.024809 -0.010000 0.030000
v 0.005248 -0.010000 0.031000
v 0.005248 -0.011800 0.031000
v 0.005441 -0.011800 0.030930
v 0.005544 -0.011800 0.030752
v 0.005508 -0.011800 0.030550
v 0.005508 -0.010000 0.030550
v 0.005544 -0.010000 0.030752
v 0.005441 -0.010000 0.030930
v 0.008655 -0.010500 0.027830
v 0.008655 -0.011800 0.027830
v 0.008655 -0.011800 0.028000
v 0.008655 -0.010130 0.028000
v 0.012777 -0.011500 0.022247
v 0.012343 -0.011500 0.022497
v 0.012343 -0.011800 0.022497
v 0.012777 -0.011800 0.022247
v 0.002657 -0.011500 0.025503
v 0.002223 -0.011500 0.025753
v 0.002283 -0.010000 0.025857
v 0.002717 -0.010000 0.025607
v 0.001500 -0.010000 0.021691
v 0.001500 -0.011800 0.021691
v 0.002283 -0.011800 0.022143
v 0.002283 -0.010000 0.022143
v 0.005747 -0.011500 0.018723
v 0.005997 -0.011500 0.019157
v 0.005997 -0.011800 0.019157
v 0.005747 -0.011800 0.018723
v 0.002717 -0.010000 0.022393
v 0.002717 -0.011800 0.022393
v 0.003500 -0.011800 0.022845
v 0.003500 -0.010130 0.022845
v 0.003200 -0.010000 0.022672
v 0.005250 -0.010000 0.020103
v 0.005375 -0.010067 0.020319
v 0.005467 -0.010250 0.020478
v 0.005500 -0.010500 0.020536
v 0.005772 -0.010500 0.020392
v 0.006054 -0.010500 0.020270
v 0.006345 -0.010500 0.020170
v 0.006345 -0.010130 0.020000
v 0.006172 -0.010000 0.019700
v 0.005855 -0.010000 0.019811
v 0.005547 -0.010000 0.019946
v 0.025500 -0.013000 0.034025
v 0.024525 -0.013000 0.033317
v 0.024898 -0.013000 0.032171
v 0.026102 -0.013000 0.032171
v 0.026475 -0.013000 0.033317
v 0.025500 -0.011800 0.034025
v 0.026475 -0.011800 0.033317
v 0.026102 -0.011800 0.032171
v 0.024898 -0.011800 0.032171
v 0.024525 -0.011800 0.033317
v 0.025500 -0.011800 0.034025
v 0.025500 -0.013000 0.034025
v 0.020997 -0.011500 0.028843
v 0.020747 -0.011500 0.029277
v 0.020747 -0.011800 0.029277
v 0.020997 -0.011800 0.028843
v 0.023248 -0.010000 0.032000
v 0.023248 -0.011800 0.032000
v 0.022750 -0.011800 0.032000
v 0.022750 -0.010000 0.032000
v 0.021172 -0.010000 0.028300
v 0.021345 -0.010130 0.028000
v 0.021345 -0.010500 0.027830
v 0.021054 -0.010500 0.027730
v 0.020772 -0.010500 0.027608
v 0.020500 -0.010500 0.027464
v 0.020467 -0.010250 0.027522
v 0.020375 -0.010067 0.027681
v 0.020250 -0.010000 0.027897
v 0.020547 -0.010000 0.028054
v 0.020855 -0.010000 0.028189
v 0.017657 -0.011500 0.025503
v 0.017223 -0.011500 0.025753
v 0.017283 -0.010000 0.025857
v 0.017717 -0.010000 0.025607
v 0.017283 -0.010000 0.022143
v 0.017283 -0.011800 0.022143
v 0.017223 -0.011800 0.022247
v 0.017223 -0.011500 0.022247
v 0.017223 -0.011500 0.022247
v 0.017657 -0.011500 0.022497
v 0.017717 -0.010000 0.022393
v 0.017283 -0.010000 0.022143
v 0.017283 -0.010000 0.025857
v 0.017283 -0.011800 0.025857
v 0.016500 -0.011800 0.026309
v 0.016500 -0.010000 0.026309
v 0.019036 -0.010500 0.026000
v 0.018978 -0.010250 0.026033
v 0.018819 -0.010067 0.026125
v 0.018603 -0.010000 0.026250
v 0.018406 -0.010000 0.026364
v 0.018406 -0.011500 0.026364
v 0.019036 -0.011500 0.026000
v 0.025250 -0.010000 0.031000
v 0.025250 -0.011800 0.031000
v 0.025250 -0.011800 0.031120
v 0.025250 -0.011500 0.031120
v 0.027717 -0.010000 0.025857
v 0.027717 -0.011800 0.025857
v 0.027777 -0.011800 0.025753
v 0.027777 -0.011500 0.025753
v 0.027777 -0.011500 0.025753
v 0.027343 -0.011500 0.025503
v 0.027283 -0.010000 0.025607
v 0.027717 -0.010000 0.025857
v 0.030500 -0.010000 0.024250
v 0.030500 -0.011800 0.024250
v 0.030500 -0.011800 0.025155
v 0.030500 -0.010000 0.025155
v 0.027717 -0.010000 0.022143
v 0.027777 -0.011500 0.022247
v 0.027777 -0.011800 0.022247
v 0.027717 -0.011800 0.022143
v 0.003345 -0.010000 0.017000
v 0.003345 -0.011800 0.017000
v 0.003178 -0.011800 0.017211
v 0.003178 -0.010000 0.017211
v 0.002643 -0.010000 0.014217
v 0.002643 -0.011800 0.014217
v 0.002747 -0.011800 0.014277
v 0.002747 -0.011500 0.014277
v 0.004250 -0.011500 0.016880
v 0.004750 -0.011500 0.016880
v 0.004750 -0.011800 0.016880
v 0.004250 -0.011800 0.016880
v 0.005643 -0.010000 0.018783
v 0.005747 -0.011500 0.018723
v 0.005747 -0.011800 0.018723
v 0.005643 -0.011800 0.018783
v 0.006752 -0.010000 0.016000
v 0.006752 -0.011800 0.016000
v 0.007250 -0.011800 0.016000
v 0.007250 -0.010000 0.016000
v 0.011330 -0.010500 0.022845
v 0.011330 -0.011800 0.022845
v 0.011500 -0.011800 0.022845
v 0.011500 -0.010130 0.022845
v 0.011500 -0.010130 0.022845
v 0.011500 -0.011800 0.022845
v 0.012283 -0.011800 0.022393
v 0.012283 -0.010000 0.022393
v 0.011800 -0.010000 0.022672
v 0.027253 -0.011500 0.014277
v 0.027003 -0.011500 0.013843
v 0.027003 -0.011800 0.013843
v 0.027253 -0.011800 0.014277
v 0.023191 -0.010000 0.015000
v 0.023191 -0.011800 0.015000
v 0.023643 -0.011800 0.014217
v 0.023643 -0.010000 0.014217
v 0.024357 -0.010000 0.018783
v 0.024357 -0.011800 0.018783
v 0.024253 -0.011800 0.018723
v 0.024253 -0.011500 0.018723
v 0.024253 -0.011500 0.018723
v 0.024003 -0.011500 0.019157
v 0.024107 -0.010000 0.019217
v 0.024357 -0.010000 0.018783
v 0.026655 -0.010000 0.017000
v 0.026655 -0.011800 0.017000
v 0.025750 -0.011800 0.017000
v 0.025750 -0.010000 0.017000
v 0.024809 -0.010000 0.018000
v 0.024809 -0.011800 0.018000
v 0.024357 -0.011800 0.018783
v 0.024357 -0.010000 0.018783
v 0.003345 -0.010000 0.031000
v 0.003345 -0.011800 0.031000
v 0.004250 -0.011800 0.031000
v 0.004250 -0.010000 0.031000
v 0.009750 -0.010000 0.027897
v 0.009625 -0.010067 0.027681
v 0.009533 -0.010250 0.027522
v 0.009500 -0.010500 0.027464
v 0.009228 -0.010500 0.027608
v 0.008946 -0.010500 0.027730
v 0.008655 -0.010500 0.027830
v 0.008655 -0.010130 0.028000
v 0.008828 -0.010000 0.028300
v 0.009145 -0.010000 0.028189
v 0.009453 -0.010000 0.028054
v 0.012343 -0.011500 0.022497
v 0.012777 -0.011500 0.022247
v 0.012717 -0.010000 0.022143
v 0.012283 -0.010000 0.022393
v 0.002283 -0.010000 0.025857
v 0.002223 -0.011500 0.025753
v 0.002223 -0.011800 0.025753
v 0.002283 -0.011800 0.025857
v 0.002717 -0.010000 0.022393
v 0.002657 -0.011500 0.022497
v 0.002657 -0.011800 0.022497
v 0.002717 -0.011800 0.022393
v -0.000500 -0.010000 0.022845
v -0.000500 -0.011800 0.022845
v 0.001500 -0.011800 0.021691
v 0.001500 -0.010000 0.021691
v 0.020643 -0.010000 0.029217
v 0.020643 -0.011800 0.029217
v 0.020747 -0.011800 0.029277
v 0.020747 -0.011500 0.029277
v 0.020747 -0.011500 0.029277
v 0.020997 -0.011500 0.028843
v 0.020893 -0.010000 0.028783
v 0.020643 -0.010000 0.029217
v 0.022250 -0.010000 0.032000
v 0.022250 -0.011800 0.032000
v 0.021345 -0.011800 0.032000
v 0.021345 -0.010000 0.032000
v 0.020191 -0.010000 0.030000
v 0.020191 -0.011800 0.030000
v 0.020643 -0.011800 0.029217
v 0.020643 -0.010000 0.029217
v 0.017283 -0.010000 0.025857
v 0.017223 -0.011500 0.025753
v 0.017223 -0.011800 0.025753
v 0.017283 -0.011800 0.025857
v 0.018406 -0.010000 0.026364
v 0.019771 -0.010000 0.028727
v 0.019771 -0.011500 0.028727
v 0.018406 -0.011500 0.026364
v 0.025750 -0.011500 0.031120
v 0.025250 -0.011500 0.031120
v 0.025250 -0.011800 0.031120
v 0.025750 -0.011800 0.031120
v 0.028500 -0.010000 0.021691
v 0.028500 -0.011800 0.021691
v 0.030500 -0.011800 0.022845
v 0.030500 -0.010000 0.022845
v 0.030500 -0.010000 0.023750
v 0.030500 -0.011800 0.023750
v 0.030380 -0.011800 0.023750
v 0.030380 -0.011500 0.023750
v 0.003178 -0.010000 0.017211
v 0.003178 -0.011800 0.017211
v 0.003526 -0.011800 0.018824
v 0.002378 -0.011800 0.020009
v 0.000754 -0.011800 0.019713
v 0.000099 -0.011800 0.018199
v 0.000995 -0.011800 0.016813
v 0.002645 -0.011800 0.016788
v 0.002645 -0.010000 0.016788
v 0.000995 -0.010000 0.016813
v 0.000099 -0.010000 0.018199
v 0.000754 -0.010000 0.019713
v 0.002378 -0.010000 0.020009
v 0.003526 -0.010000 0.018824
v 0.002997 -0.011500 0.013843
v 0.002747 -0.011500 0.014277
v 0.002747 -0.011800 0.014277
v 0.002997 -0.011800 0.013843
v 0.007750 -0.010000 0.016000
v 0.007750 -0.011800 0.016000
v 0.008655 -0.011800 0.016000
v 0.008655 -0.010000 0.016000
v 0.012717 -0.010000 0.022143
v 0.012717 -0.011800 0.022143
v 0.013500 -0.011800 0.021691
v 0.013500 -0.010000 0.021691
v 0.009500 -0.010500 0.027464
v 0.009533 -0.010250 0.027522
v 0.009625 -0.010067 0.027681
v 0.009750 -0.010000 0.027897
v 0.010229 -0.010000 0.028727
v 0.010229 -0.011500 0.028727
v 0.009500 -0.011500 0.027464
v 0.011397 -0.010000 0.026250
v 0.011181 -0.010067 0.026125
v 0.011022 -0.010250 0.026033
v 0.010964 -0.010500 0.026000
v 0.010964 -0.011500 0.026000
v 0.011594 -0.011500 0.026364
v 0.011594 -0.010000 0.026364
v 0.027003 -0.011500 0.013843
v 0.027253 -0.011500 0.014277
v 0.027357 -0.010000 0.014217
v 0.027107 -0.010000 0.013783
v 0.023893 -0.010000 0.013783
v 0.023893 -0.011800 0.013783
v 0.024345 -0.011800 0.013000
v 0.024345 -0.010000 0.013000
v 0.008655 -0.010130 0.020000
v 0.008655 -0.011800 0.020000
v 0.008655 -0.011800 0.020170
v 0.008655 -0.010500 0.020170
v 0.005893 -0.010000 0.028783
v 0.005997 -0.011500 0.028843
v 0.005997 -0.011800 0.028843
v 0.005893 -0.011800 0.028783
v 0.025250 -0.010000 0.017000
v 0.025250 -0.011800 0.017000
v 0.024752 -0.011800 0.017000
v 0.024752 -0.010000 0.017000
v 0.020250 -0.010000 0.027897
v 0.020375 -0.010067 0.027681
v 0.020467 -0.010250 0.027522
v 0.020500 -0.010500 0.027464
v 0.020500 -0.011500 0.027464
v 0.019771 -0.011500 0.028727
v 0.019771 -0.010000 0.028727
v 0.024809 -0.010000 0.030000
v 0.024809 -0.011800 0.030000
v 0.024492 -0.011800 0.030550
v 0.024492 -0.010000 0.030550
v 0.005747 -0.011500 0.029277
v 0.005997 -0.011500 0.028843
v 0.005893 -0.010000 0.028783
v 0.005643 -0.010000 0.029217
v 0.004750 -0.010000 0.031000
v 0.004750 -0.011800 0.031000
v 0.005248 -0.011800 0.031000
v 0.005248 -0.010000 0.031000
v 0.008655 -0.010130 0.028000
v 0.008655 -0.011800 0.028000
v 0.009107 -0.011800 0.028783
v 0.009107 -0.010000 0.028783
v 0.008828 -0.010000 0.028300
v 0.012717 -0.010000 0.022143
v 0.012777 -0.011500 0.022247
v 0.012777 -0.011800 0.022247
v 0.012717 -0.011800 0.022143
v 0.002657 -0.011500 0.022497
v 0.002223 -0.011500 0.022247
v 0.002223 -0.011800 0.022247
v 0.002657 -0.011800 0.022497
v -0.000500 -0.010000 0.025155
v -0.000500 -0.011800 0.025155
v -0.000500 -0.011800 0.024250
v -0.000500 -0.010000 0.024250
v 0.001500 -0.010000 0.026309
v 0.001500 -0.011800 0.026309
v -0.000500 -0.011800 0.025155
v -0.000500 -0.010000 0.025155
v 0.023508 -0.010000 0.032450
v 0.023508 -0.011800 0.032450
v 0.023544 -0.011800 0.032248
v 0.023441 -0.011800 0.032070
v 0.023248 -0.011800 0.032000
v 0.023248 -0.010000 0.032000
v 0.023441 -0.010000 0.032070
v 0.023544 -0.010000 0.032248
v 0.014717 -0.010000 0.025607
v 0.014717 -0.011800 0.025607
v 0.014657 -0.011800 0.025503
v 0.014657 -0.011500 0.025503
v 0.025250 -0.011500 0.031120
v 0.025750 -0.011500 0.031120
v 0.025750 -0.010000 0.031000
v 0.025250 -0.010000 0.031000
v 0.030380 -0.011500 0.024250
v 0.030380 -0.011500 0.023750
v 0.030380 -0.011800 0.023750
v 0.030380 -0.011800 0.024250
v 0.002645 -0.010000 0.016788
v 0.002645 -0.011800 0.016788
v 0.002979 -0.011800 0.016366
v 0.002979 -0.010000 0.016366
v 0.002747 -0.011500 0.014277
v 0.002997 -0.011500 0.013843
v 0.002893 -0.010000 0.013783
v 0.002643 -0.010000 0.014217
v 0.006492 -0.010000 0.015550
v 0.006492 -0.011800 0.015550
v 0.006456 -0.011800 0.015752
v 0.006559 -0.011800 0.015930
v 0.006752 -0.011800 0.016000
v 0.006752 -0.010000 0.016000
v 0.006559 -0.010000 0.015930
v 0.006456 -0.010000 0.015752
v 0.010229 -0.010000 0.028727
v 0.011594 -0.010000 0.026364
v 0.011594 -0.011500 0.026364
v 0.010229 -0.011500 0.028727
v 0.011800 -0.010000 0.025328
v 0.011500 -0.010130 0.025155
v 0.011330 -0.010500 0.025155
v 0.011230 -0.010500 0.025446
v 0.011108 -0.010500 0.025728
v 0.010964 -0.010500 0.026000
v 0.011022 -0.010250 0.026033
v 0.011181 -0.010067 0.026125
v 0.011397 -0.010000 0.026250
v 0.011554 -0.010000 0.025953
v 0.011689 -0.010000 0.025645
v 0.015717 -0.010000 0.022143
v 0.015777 -0.011500 0.022247
v 0.015777 -0.011800 0.022247
v 0.015717 -0.011800 0.022143
v 0.027357 -0.010000 0.014217
v 0.027253 -0.011500 0.014277
v 0.027253 -0.011800 0.014277
v 0.027357 -0.011800 0.014217
v 0.023508 -0.010000 0.015550
v 0.023508 -0.011800 0.015550
v 0.023191 -0.011800 0.015000
v 0.023191 -0.010000 0.015000
v 0.023248 -0.010000 0.016000
v 0.023248 -0.011800 0.016000
v 0.023441 -0.011800 0.015930
v 0.023544 -0.011800 0.015752
v 0.023508 -0.011800 0.015550
v 0.023508 -0.010000 0.015550
v 0.023544 -0.010000 0.015752
v 0.023441 -0.010000 0.015930
v 0.005997 -0.011500 0.028843
v 0.005747 -0.011500 0.029277
v 0.005747 -0.011800 0.029277
v 0.005997 -0.011800 0.028843
v 0.026822 -0.010000 0.017211
v 0.026822 -0.011800 0.017211
v 0.026655 -0.011800 0.017000
v 0.026655 -0.010000 0.017000
v 0.024492 -0.010000 0.030550
v 0.024492 -0.011800 0.030550
v 0.024456 -0.011800 0.030752
v 0.024559 -0.011800 0.030930
v 0.024752 -0.011800 0.031000
v 0.024752 -0.010000 0.031000
v 0.024559 -0.010000 0.030930
v 0.024456 -0.010000 0.030752
v 0.003178 -0.010000 0.030789
v 0.003178 -0.011800 0.030789
v 0.003345 -0.011800 0.031000
v 0.003345 -0.010000 0.031000
v 0.009107 -0.010000 0.028783
v 0.009107 -0.011800 0.028783
v 0.009003 -0.011800 0.028843
v 0.009003 -0.011500 0.028843
v 0.009357 -0.010000 0.029217
v 0.009357 -0.011800 0.029217
v 0.009809 -0.011800 0.030000
v 0.009809 -0.010000 0.030000
v 0.014283 -0.010000 0.022143
v 0.014283 -0.011800 0.022143
v 0.014223 -0.011800 0.022247
v 0.014223 -0.011500 0.022247
v 0.002283 -0.010000 0.022143
v 0.002283 -0.011800 0.022143
v 0.002223 -0.011800 0.022247
v 0.002223 -0.011500 0.022247
v 0.002223 -0.011500 0.022247
v 0.002657 -0.011500 0.022497
v 0.002717 -0.010000 0.022393
v 0.002283 -0.010000 0.022143
v -0.000500 -0.010000 0.023750
v -0.000500 -0.011800 0.023750
v -0.000500 -0.011800 0.022845
v -0.000500 -0.010000 0.022845
v -0.000500 -0.010000 0.024250
v -0.000500 -0.011800 0.024250
v -0.000380 -0.011800 0.024250
v -0.000380 -0.011500 0.024250
v 0.023191 -0.010000 0.033000
v 0.023191 -0.011800 0.033000
v 0.023508 -0.011800 0.032450
v 0.023508 -0.010000 0.032450
v 0.014223 -0.011500 0.025753
v 0.014657 -0.011500 0.025503
v 0.014657 -0.011800 0.025503
v 0.014223 -0.011800 0.025753
v 0.025750 -0.010000 0.031000
v 0.025750 -0.011500 0.031120
v 0.025750 -0.011800 0.031120
v 0.025750 -0.011800 0.031000
v 0.030380 -0.011500 0.023750
v 0.030380 -0.011500 0.024250
v 0.030500 -0.010000 0.024250
v 0.030500 -0.010000 0.023750
v 0.002979 -0.010000 0.016366
v 0.002979 -0.011800 0.016366
v 0.002191 -0.011800 0.015000
v 0.002191 -0.010000 0.015000
v 0.002893 -0.010000 0.013783
v 0.002997 -0.011500 0.013843
v 0.002997 -0.011800 0.013843
v 0.002893 -0.011800 0.013783
v 0.006809 -0.010000 0.015000
v 0.006809 -0.011800 0.015000
v 0.006492 -0.011800 0.015550
v 0.006492 -0.010000 0.015550
v 0.009107 -0.010000 0.019217
v 0.009003 -0.011500 0.019157
v 0.009003 -0.011800 0.019157
v 0.009107 -0.011800 0.019217
v 0.011500 -0.010130 0.025155
v 0.011500 -0.011800 0.025155
v 0.011330 -0.011800 0.025155
v 0.011330 -0.010500 0.025155
v 0.013500 -0.010000 0.026309
v 0.013500 -0.011800 0.026309
v 0.012717 -0.011800 0.025857
v 0.012717 -0.010000 0.025857
v 0.015283 -0.010000 0.022393
v 0.015283 -0.011800 0.022393
v 0.015343 -0.011800 0.022497
v 0.015343 -0.011500 0.022497
v 0.015343 -0.011500 0.022497
v 0.015777 -0.011500 0.022247
v 0.015717 -0.010000 0.022143
v 0.015283 -0.010000 0.022393
v 0.025750 -0.010000 0.017000
v 0.025750 -0.011800 0.017000
v 0.025750 -0.011800 0.016880
v 0.025750 -0.011500 0.016880
v 0.005643 -0.010000 0.029217
v 0.005643 -0.011800 0.029217
v 0.005747 -0.011800 0.029277
v 0.005747 -0.011500 0.029277
v 0.027355 -0.010000 0.016788
v 0.027355 -0.011800 0.016788
v 0.029005 -0.011800 0.016813
v 0.029901 -0.011800 0.018199
v 0.029246 -0.011800 0.019713
v 0.027622 -0.011800 0.020009
v 0.026474 -0.011800 0.018824
v 0.026822 -0.011800 0.017211
v 0.026822 -0.010000 0.017211
v 0.026474 -0.010000 0.018824
v 0.027622 -0.010000 0.020009
v 0.029246 -0.010000 0.019713
v 0.029901 -0.010000 0.018199
v 0.029005 -0.010000 0.016813
v 0.024752 -0.010000 0.031000
v 0.024752 -0.011800 0.031000
v 0.025250 -0.011800 0.031000
v 0.025250 -0.010000 0.031000
v 0.002645 -0.010000 0.031212
v 0.002645 -0.011800 0.031212
v 0.000995 -0.011800 0.031187
v 0.000099 -0.011800 0.029801
v 0.000754 -0.011800 0.028287
v 0.002378 -0.011800 0.027991
v 0.003526 -0.011800 0.029176
v 0.003178 -0.011800 0.030789
v 0.003178 -0.010000 0.030789
v 0.003526 -0.010000 0.029176
v 0.002378 -0.010000 0.027991
v 0.000754 -0.010000 0.028287
v 0.000099 -0.010000 0.029801
v 0.000995 -0.010000 0.031187
v 0.009253 -0.011500 0.029277
v 0.009003 -0.011500 0.028843
v 0.009003 -0.011800 0.028843
v 0.009253 -0.011800 0.029277
v 0.014657 -0.011500 0.022497
v 0.014223 -0.011500 0.022247
v 0.014223 -0.011800 0.022247
v 0.014657 -0.011800 0.022497
v -0.000380 -0.011500 0.024250
v -0.000380 -0.011500 0.023750
v -0.000500 -0.010000 0.023750
v -0.000500 -0.010000 0.024250
v -0.000380 -0.011500 0.023750
v -0.000380 -0.011500 0.024250
v -0.000380 -0.011800 0.024250
v -0.000380 -0.011800 0.023750
v 0.024345 -0.010000 0.035000
v 0.024345 -0.011800 0.035000
v 0.023893 -0.011800 0.034217
v 0.023893 -0.010000 0.034217
v 0.014657 -0.011500 0.025503
v 0.014223 -0.011500 0.025753
v 0.014283 -0.010000 0.025857
v 0.014717 -0.010000 0.025607
v 0.015777 -0.011500 0.022247
v 0.015343 -0.011500 0.022497
v 0.015343 -0.011800 0.022497
v 0.015777 -0.011800 0.022247
v 0.016500 -0.010000 0.026309
v 0.016500 -0.011800 0.026309
v 0.015717 -0.011800 0.025857
v 0.015717 -0.010000 0.025857
v 0.027357 -0.010000 0.033783
v 0.027357 -0.011800 0.033783
v 0.027253 -0.011800 0.033723
v 0.027253 -0.011500 0.033723
v 0.030500 -0.010000 0.024250
v 0.030380 -0.011500 0.024250
v 0.030380 -0.011800 0.024250
v 0.030500 -0.011800 0.024250
v 0.002191 -0.010000 0.015000
v 0.002191 -0.011800 0.015000
v 0.002643 -0.011800 0.014217
v 0.002643 -0.010000 0.014217
v 0.006107 -0.010000 0.013783
v 0.006107 -0.011800 0.013783
v 0.006003 -0.011800 0.013843
v 0.006003 -0.011500 0.013843
v 0.005655 -0.010000 0.013000
v 0.005655 -0.011800 0.013000
v 0.006107 -0.011800 0.013783
v 0.006107 -0.010000 0.013783
v 0.009357 -0.010000 0.018783
v 0.009357 -0.011800 0.018783
v 0.009253 -0.011800 0.018723
v 0.009253 -0.011500 0.018723
v 0.009253 -0.011500 0.018723
v 0.009003 -0.011500 0.019157
v 0.009107 -0.010000 0.019217
v 0.009357 -0.010000 0.018783
v 0.012283 -0.010000 0.025607
v 0.012283 -0.011800 0.025607
v 0.011500 -0.011800 0.025155
v 0.011500 -0.010130 0.025155
v 0.011800 -0.010000 0.025328
v 0.014717 -0.010000 0.022393
v 0.014657 -0.011500 0.022497
v 0.014657 -0.011800 0.022497
v 0.014717 -0.011800 0.022393
v 0.025250 -0.011500 0.016880
v 0.025750 -0.011500 0.016880
v 0.025750 -0.011800 0.016880
v 0.025250 -0.011800 0.016880
v 0.026655 -0.010000 0.013000
v 0.026655 -0.011800 0.013000
v 0.027107 -0.011800 0.013783
v 0.027107 -0.010000 0.013783
v 0.009003 -0.011500 0.019157
v 0.009253 -0.011500 0.018723
v 0.009253 -0.011800 0.018723
v 0.009003 -0.011800 0.019157
v 0.027021 -0.010000 0.016366
v 0.027021 -0.011800 0.016366
v 0.027355 -0.011800 0.016788
v 0.027355 -0.010000 0.016788
v 0.025750 -0.010000 0.031000
v 0.025750 -0.011800 0.031000
v 0.026655 -0.011800 0.031000
v 0.026655 -0.010000 0.031000
v 0.002979 -0.010000 0.031634
v 0.002979 -0.011800 0.031634
v 0.002645 -0.011800 0.031212
v 0.002645 -0.010000 0.031212
v 0.009357 -0.010000 0.029217
v 0.009253 -0.011500 0.029277
v 0.009253 -0.011800 0.029277
v 0.009357 -0.011800 0.029217
v 0.009003 -0.011500 0.028843
v 0.009253 -0.011500 0.029277
v 0.009357 -0.010000 0.029217
v 0.009107 -0.010000 0.028783
v 0.014223 -0.011500 0.022247
v 0.014657 -0.011500 0.022497
v 0.014717 -0.010000 0.022393
v 0.014283 -0.010000 0.022143
v -0.000500 -0.010000 0.023750
v -0.000380 -0.011500 0.023750
v -0.000380 -0.011800 0.023750
v -0.000500 -0.011800 0.023750
v 0.022250 -0.010000 0.032000
v 0.022250 -0.011500 0.031880
v 0.022250 -0.011800 0.031880
v 0.022250 -0.011800 0.032000
v 0.023643 -0.010000 0.033783
v 0.023643 -0.011800 0.033783
v 0.023191 -0.011800 0.033000
v 0.023191 -0.010000 0.033000
v 0.014283 -0.010000 0.025857
v 0.014223 -0.011500 0.025753
v 0.014223 -0.011800 0.025753
v 0.014283 -0.011800 0.025857
v 0.015717 -0.010000 0.025857
v 0.015717 -0.011800 0.025857
v 0.015777 -0.011800 0.025753
v 0.015777 -0.011500 0.025753
v 0.015283 -0.010000 0.025607
v 0.015343 -0.011500 0.025503
v 0.015343 -0.011800 0.025503
v 0.015283 -0.011800 0.025607
v 0.027003 -0.011500 0.034157
v 0.027253 -0.011500 0.033723
v 0.027253 -0.011800 0.033723
v 0.027003 -0.011800 0.034157
v 0.002893 -0.010000 0.013783
v 0.002893 -0.011800 0.013783
v 0.003345 -0.011800 0.013000
v 0.003345 -0.010000 0.013000
v 0.006253 -0.011500 0.014277
v 0.006003 -0.011500 0.013843
v 0.006003 -0.011800 0.013843
v 0.006253 -0.011800 0.014277
v 0.006357 -0.010000 0.014217
v 0.006357 -0.011800 0.014217
v 0.006809 -0.011800 0.015000
v 0.006809 -0.010000 0.015000
v 0.015000 -0.010000 0.025443
v 0.015000 -0.011800 0.025443
v 0.014717 -0.011800 0.025607
v 0.014717 -0.010000 0.025607
v 0.025750 -0.011500 0.016880
v 0.025250 -0.011500 0.016880
v 0.025250 -0.010000 0.017000
v 0.025750 -0.010000 0.017000
v 0.027357 -0.010000 0.014217
v 0.027357 -0.011800 0.014217
v 0.027809 -0.011800 0.015000
v 0.027809 -0.010000 0.015000
v 0.025250 -0.010000 0.017000
v 0.025250 -0.011500 0.016880
v 0.025250 -0.011800 0.016880
v 0.025250 -0.011800 0.017000
v 0.027809 -0.010000 0.015000
v 0.027809 -0.011800 0.015000
v 0.027021 -0.011800 0.016366
v 0.027021 -0.010000 0.016366
v 0.002191 -0.010000 0.033000
v 0.002191 -0.011800 0.033000
v 0.002979 -0.011800 0.031634
v 0.002979 -0.010000 0.031634
v 0.007750 -0.010000 0.032000
v 0.007750 -0.011800 0.032000
v 0.007750 -0.011800 0.031880
v 0.007750 -0.011500 0.031880
v 0.022250 -0.011500 0.031880
v 0.022750 -0.011500 0.031880
v 0.022750 -0.011800 0.031880
v 0.022250 -0.011800 0.031880
v 0.026655 -0.010000 0.035000
v 0.026655 -0.011800 0.035000
v 0.024345 -0.011800 0.035000
v 0.024345 -0.010000 0.035000
v 0.012717 -0.010000 0.025857
v 0.012717 -0.011800 0.025857
v 0.012777 -0.011800 0.025753
v 0.012777 -0.011500 0.025753
v 0.015343 -0.011500 0.025503
v 0.015777 -0.011500 0.025753
v 0.015777 -0.011800 0.025753
v 0.015343 -0.011800 0.025503
v 0.015777 -0.011500 0.025753
v 0.015343 -0.011500 0.025503
v 0.015283 -0.010000 0.025607
v 0.015717 -0.010000 0.025857
v 0.027253 -0.011500 0.033723
v 0.027003 -0.011500 0.034157
v 0.027107 -0.010000 0.034217
v 0.027357 -0.010000 0.033783
v 0.006003 -0.011500 0.013843
v 0.006253 -0.011500 0.014277
v 0.006357 -0.010000 0.014217
v 0.006107 -0.010000 0.013783
v 0.003345 -0.010000 0.013000
v 0.003345 -0.011800 0.013000
v 0.005655 -0.011800 0.013000
v 0.005655 -0.010000 0.013000
v 0.007750 -0.010000 0.016000
v 0.007750 -0.011500 0.016120
v 0.007750 -0.011800 0.016120
v 0.007750 -0.011800 0.016000
v 0.012283 -0.010000 0.025607
v 0.012343 -0.011500 0.025503
v 0.012343 -0.011800 0.025503
v 0.012283 -0.011800 0.025607
v 0.014283 -0.010000 0.025857
v 0.014283 -0.011800 0.025857
v 0.013500 -0.011800 0.026309
v 0.013500 -0.010000 0.026309
v 0.024345 -0.010000 0.013000
v 0.024345 -0.011800 0.013000
v 0.026655 -0.011800 0.013000
v 0.026655 -0.010000 0.013000
v 0.026655 -0.010000 0.031000
v 0.026655 -0.011800 0.031000
v 0.026822 -0.011800 0.030789
v 0.026822 -0.010000 0.030789
v 0.004250 -0.011500 0.031120
v 0.004750 -0.011500 0.031120
v 0.004750 -0.010000 0.031000
v 0.004250 -0.010000 0.031000
v 0.003345 -0.010000 0.035000
v 0.003345 -0.011800 0.035000
v 0.002893 -0.011800 0.034217
v 0.002893 -0.010000 0.034217
v 0.004750 -0.010000 0.031000
v 0.004750 -0.011500 0.031120
v 0.004750 -0.011800 0.031120
v 0.004750 -0.011800 0.031000
v 0.009809 -0.010000 0.030000
v 0.009809 -0.011800 0.030000
v 0.008655 -0.011800 0.032000
v 0.008655 -0.010000 0.032000
v 0.007250 -0.011500 0.031880
v 0.007750 -0.011500 0.031880
v 0.007750 -0.011800 0.031880
v 0.007250 -0.011800 0.031880
v 0.022750 -0.010000 0.032000
v 0.022750 -0.011800 0.032000
v 0.022750 -0.011800 0.031880
v 0.022750 -0.011500 0.031880
v 0.022750 -0.011500 0.031880
v 0.022250 -0.011500 0.031880
v 0.022250 -0.010000 0.032000
v 0.022750 -0.010000 0.032000
v 0.027809 -0.010000 0.033000
v 0.027809 -0.011800 0.033000
v 0.027357 -0.011800 0.033783
v 0.027357 -0.010000 0.033783
v 0.012343 -0.011500 0.025503
v 0.012777 -0.011500 0.025753
v 0.012777 -0.011800 0.025753
v 0.012343 -0.011800 0.025503
v 0.027107 -0.010000 0.034217
v 0.027003 -0.011500 0.034157
v 0.027003 -0.011800 0.034157
v 0.027107 -0.011800 0.034217
v 0.006357 -0.010000 0.014217
v 0.006253 -0.011500 0.014277
v 0.006253 -0.011800 0.014277
v 0.006357 -0.011800 0.014217
v 0.007250 -0.010000 0.016000
v 0.007250 -0.011800 0.016000
v 0.007250 -0.011800 0.016120
v 0.007250 -0.011500 0.016120
v 0.007250 -0.011500 0.016120
v 0.007750 -0.011500 0.016120
v 0.007750 -0.010000 0.016000
v 0.007250 -0.010000 0.016000
v 0.015283 -0.010000 0.025607
v 0.015283 -0.011800 0.025607
v 0.015000 -0.011800 0.025443
v 0.015000 -0.010000 0.025443
v 0.026822 -0.010000 0.030789
v 0.026822 -0.011800 0.030789
v 0.026474 -0.011800 0.029176
v 0.027622 -0.011800 0.027991
v 0.029246 -0.011800 0.028287
v 0.029901 -0.011800 0.029801
v 0.029005 -0.011800 0.031187
v 0.027355 -0.011800 0.031212
v 0.027355 -0.010000 0.031212
v 0.029005 -0.010000 0.031187
v 0.029901 -0.010000 0.029801
v 0.029246 -0.010000 0.028287
v 0.027622 -0.010000 0.027991
v 0.026474 -0.010000 0.029176
v 0.002643 -0.010000 0.033783
v 0.002643 -0.011800 0.033783
v 0.002191 -0.011800 0.033000
v 0.002191 -0.010000 0.033000
v 0.004250 -0.010000 0.031000
v 0.004250 -0.011800 0.031000
v 0.004250 -0.011800 0.031120
v 0.004250 -0.011500 0.031120
v 0.008655 -0.010000 0.032000
v 0.008655 -0.011800 0.032000
v 0.007750 -0.011800 0.032000
v 0.007750 -0.010000 0.032000
v 0.007750 -0.011500 0.031880
v 0.007250 -0.011500 0.031880
v 0.007250 -0.010000 0.032000
v 0.007750 -0.010000 0.032000
v 0.027107 -0.010000 0.034217
v 0.027107 -0.011800 0.034217
v 0.026655 -0.011800 0.035000
v 0.026655 -0.010000 0.035000
v 0.012777 -0.011500 0.025753
v 0.012343 -0.011500 0.025503
v 0.012283 -0.010000 0.025607
v 0.012717 -0.010000 0.025857
v 0.023893 -0.010000 0.034217
v 0.023893 -0.011800 0.034217
v 0.023997 -0.011800 0.034157
v 0.023997 -0.011500 0.034157
v 0.007750 -0.011500 0.016120
v 0.007250 -0.011500 0.016120
v 0.007250 -0.011800 0.016120
v 0.007750 -0.011800 0.016120
v 0.027355 -0.010000 0.031212
v 0.027355 -0.011800 0.031212
v 0.027021 -0.011800 0.031634
v 0.027021 -0.010000 0.031634
v 0.005655 -0.010000 0.035000
v 0.005655 -0.011800 0.035000
v 0.003345 -0.011800 0.035000
v 0.003345 -0.010000 0.035000
v 0.004750 -0.011500 0.031120
v 0.004250 -0.011500 0.031120
v 0.004250 -0.011800 0.031120
v 0.004750 -0.011800 0.031120
v 0.007250 -0.010000 0.032000
v 0.007250 -0.011800 0.032000
v 0.006752 -0.011800 0.032000
v 0.006752 -0.010000 0.032000
v 0.007250 -0.010000 0.032000
v 0.007250 -0.011500 0.031880
v 0.007250 -0.011800 0.031880
v 0.007250 -0.011800 0.032000
v 0.027021 -0.010000 0.031634
v 0.027021 -0.011800 0.031634
v 0.027809 -0.011800 0.033000
v 0.027809 -0.010000 0.033000
v 0.023747 -0.011500 0.033723
v 0.023997 -0.011500 0.034157
v 0.023997 -0.011800 0.034157
v 0.023747 -0.011800 0.033723
v 0.006809 -0.010000 0.033000
v 0.006809 -0.011800 0.033000
v 0.006357 -0.011800 0.033783
v 0.006357 -0.010000 0.033783
v 0.006357 -0.010000 0.033783
v 0.006357 -0.011800 0.033783
v 0.006253 -0.011800 0.033723
v 0.006253 -0.011500 0.033723
v 0.023643 -0.010000 0.033783
v 0.023747 -0.011500 0.033723
v 0.023747 -0.011800 0.033723
v 0.023643 -0.011800 0.033783
v 0.023997 -0.011500 0.034157
v 0.023747 -0.011500 0.033723
v 0.023643 -0.010000 0.033783
v 0.023893 -0.010000 0.034217
v 0.006107 -0.010000 0.034217
v 0.006107 -0.011800 0.034217
v 0.005655 -0.011800 0.035000
v 0.005655 -0.010000 0.035000
v 0.006003 -0.011500 0.034157
v 0.006253 -0.011500 0.033723
v 0.006253 -0.011800 0.033723
v 0.006003 -0.011800 0.034157
v 0.006492 -0.010000 0.032450
v 0.006492 -0.011800 0.032450
v 0.006809 -0.011800 0.033000
v 0.006809 -0.010000 0.033000
v 0.006253 -0.011500 0.033723
v 0.006003 -0.011500 0.034157
v 0.006107 -0.010000 0.034217
v 0.006357 -0.010000 0.033783
v 0.006752 -0.010000 0.032000
v 0.006752 -0.011800 0.032000
v 0.006559 -0.011800 0.032070
v 0.006456 -0.011800 0.032248
v 0.006492 -0.011800 0.032450
v 0.006492 -0.010000 0.032450
v 0.006456 -0.010000 0.032248
v 0.006559 -0.010000 0.032070
v 0.002643 -0.010000 0.033783
v 0.002747 -0.011500 0.033723
v 0.002747 -0.011800 0.033723
v 0.002643 -0.011800 0.033783
v 0.006107 -0.010000 0.034217
v 0.006003 -0.011500 0.034157
v 0.006003 -0.011800 0.034157
v 0.006107 -0.011800 0.034217
v 0.002997 -0.011500 0.034157
v 0.002747 -0.011500 0.033723
v 0.002643 -0.010000 0.033783
v 0.002893 -0.010000 0.034217
v 0.002893 -0.010000 0.034217
v 0.002893 -0.011800 0.034217
v 0.002997 -0.011800 0.034157
v 0.002997 -0.011500 0.034157
v 0.002747 -0.011500 0.033723
v 0.002997 -0.011500 0.034157
v 0.002997 -0.011800 0.034157
v 0.002747 -0.011800 0.033723
v 0.008235 -0.010000 0.038100
v 0.021765 -0.010000 0.038100
v 0.021765 -0.010000 0.037300
v 0.019500 -0.010000 0.037300
v 0.019500 -0.010000 0.033729
v 0.019886 -0.010000 0.033567
v 0.020225 -0.010000 0.033319
v 0.020497 -0.010000 0.033000
v 0.022036 -0.010000 0.033000
v 0.023768 -0.010000 0.036000
v 0.025000 -0.010000 0.036000
v 0.025000 -0.010000 0.037300
v 0.026000 -0.010000 0.037300
v 0.026000 -0.010000 0.036000
v 0.027250 -0.010000 0.036000
v 0.027250 -0.010000 0.035500
v 0.027521 -0.010000 0.035500
v 0.028964 -0.010000 0.033000
v 0.028601 -0.010000 0.032371
v 0.029643 -0.010000 0.031971
v 0.030440 -0.010000 0.031190
v 0.030861 -0.010000 0.030157
v 0.031000 -0.010000 0.030157
v 0.031000 -0.010000 0.035500
v 0.032000 -0.010000 0.035500
v 0.032000 -0.010000 0.012500
v 0.031000 -0.010000 0.012500
v 0.031000 -0.010000 0.017843
v 0.030861 -0.010000 0.017843
v 0.030440 -0.010000 0.016810
v 0.029643 -0.010000 0.016029
v 0.028601 -0.010000 0.015629
v 0.028964 -0.010000 0.015000
v 0.027521 -0.010000 0.012500
v 0.027250 -0.010000 0.012500
v 0.027250 -0.010000 0.012000
v 0.026000 -0.010000 0.012000
v 0.026000 -0.010000 0.010700
v 0.025000 -0.010000 0.010700
v 0.025000 -0.010000 0.012000
v 0.023768 -0.010000 0.012000
v 0.022036 -0.010000 0.015000
v 0.020497 -0.010000 0.015000
v 0.020225 -0.010000 0.014681
v 0.019886 -0.010000 0.014433
v 0.019500 -0.010000 0.014271
v 0.019500 -0.010000 0.010700
v 0.021765 -0.010000 0.010700
v 0.021765 -0.010000 0.009900
v 0.008235 -0.010000 0.009900
v 0.008235 -0.010000 0.010700
v 0.010500 -0.010000 0.010700
v 0.010500 -0.010000 0.014271
v 0.010114 -0.010000 0.014433
v 0.009775 -0.010000 0.014681
v 0.009503 -0.010000 0.015000
v 0.007964 -0.010000 0.015000
v 0.006232 -0.010000 0.012000
v 0.005000 -0.010000 0.012000
v 0.005000 -0.010000 0.010700
v 0.004000 -0.010000 0.010700
v 0.004000 -0.010000 0.012000
v 0.002750 -0.010000 0.012000
v 0.002750 -0.010000 0.012500
v 0.002479 -0.010000 0.012500
v 0.001036 -0.010000 0.015000
v 0.001399 -0.010000 0.015629
v 0.000357 -0.010000 0.016029
v -0.000440 -0.010000 0.016810
v -0.000861 -0.010000 0.017843
v -0.001000 -0.010000 0.017843
v -0.001000 -0.010000 0.012500
v -0.002000 -0.010000 0.012500
v -0.002000 -0.010000 0.035500
v -0.001000 -0.010000 0.035500
v -0.001000 -0.010000 0.030157
v -0.000861 -0.010000 0.030157
v -0.000440 -0.010000 0.031190
v 0.000357 -0.010000 0.031971
v 0.001399 -0.010000 0.032371
v 0.001036 -0.010000 0.033000
v 0.002479 -0.010000 0.035500
v 0.002750 -0.010000 0.035500
v 0.002750 -0.010000 0.036000
v 0.004000 -0.010000 0.036000
v 0.004000 -0.010000 0.037300
v 0.005000 -0.010000 0.037300
v 0.005000 -0.010000 0.036000
v 0.006232 -0.010000 0.036000
v 0.007964 -0.010000 0.033000
v 0.009503 -0.010000 0.033000
v 0.009775 -0.010000 0.033319
v 0.010114 -0.010000 0.033567
v 0.010500 -0.010000 0.033729
v 0.010500 -0.010000 0.037300
v 0.008235 -0.010000 0.037300
v 0.029146 -0.010000 0.020909
v 0.029945 -0.010000 0.020432
v 0.030540 -0.010000 0.019716
v 0.030861 -0.010000 0.018843
v 0.031000 -0.010000 0.018843
v 0.031000 -0.010000 0.021979
v 0.000854 -0.010000 0.027091
v 0.000055 -0.010000 0.027568
v -0.000540 -0.010000 0.028284
v -0.000861 -0.010000 0.029157
v -0.001000 -0.010000 0.029157
v -0.001000 -0.010000 0.026021
v 0.031000 -0.010000 0.026021
v 0.031000 -0.010000 0.029157
v 0.030861 -0.010000 0.029157
v 0.030540 -0.010000 0.028284
v 0.029945 -0.010000 0.027568
v 0.029146 -0.010000 0.027091
v 0.011000 -0.010000 0.015200
v 0.011761 -0.010000 0.015753
v 0.011470 -0.010000 0.016647
v 0.010530 -0.010000 0.016647
v 0.010239 -0.010000 0.015753
v 0.019000 -0.010000 0.015200
v 0.019761 -0.010000 0.015753
v 0.019470 -0.010000 0.016647
v 0.018530 -0.010000 0.016647
v 0.018239 -0.010000 0.015753
v 0.011000 -0.010000 0.031200
v 0.011761 -0.010000 0.031753
v 0.011470 -0.010000 0.032647
v 0.010530 -0.010000 0.032647
v 0.010239 -0.010000 0.031753
v 0.019000 -0.010000 0.031200
v 0.019761 -0.010000 0.031753
v 0.019470 -0.010000 0.032647
v 0.018530 -0.010000 0.032647
v 0.018239 -0.010000 0.031753
v 0.013157 -0.010000 0.016593
v 0.016843 -0.010000 0.016593
v 0.018359 -0.010000 0.017468
v 0.018359 -0.010000 0.019218
v 0.016843 -0.010000 0.020093
v 0.013157 -0.010000 0.020093
v 0.011641 -0.010000 0.019218
v 0.011641 -0.010000 0.017468
v 0.012753 -0.010000 0.015593
v 0.012504 -0.010000 0.015011
v 0.012068 -0.010000 0.014551
v 0.011500 -0.010000 0.014271
v 0.011500 -0.010000 0.010700
v 0.014500 -0.010000 0.010700
v 0.014500 -0.010000 0.015593
v 0.017247 -0.010000 0.015593
v 0.015500 -0.010000 0.015593
v 0.015500 -0.010000 0.010700
v 0.018500 -0.010000 0.010700
v 0.018500 -0.010000 0.014271
v 0.017932 -0.010000 0.014551
v 0.017496 -0.010000 0.015011
v 0.013157 -0.010000 0.027907
v 0.016843 -0.010000 0.027907
v 0.018359 -0.010000 0.028782
v 0.018359 -0.010000 0.030532
v 0.016843 -0.010000 0.031407
v 0.013157 -0.010000 0.031407
v 0.011641 -0.010000 0.030532
v 0.011641 -0.010000 0.028782
v 0.012753 -0.010000 0.032407
v 0.014500 -0.010000 0.032407
v 0.014500 -0.010000 0.037300
v 0.011500 -0.010000 0.037300
v 0.011500 -0.010000 0.033729
v 0.012068 -0.010000 0.033449
v 0.012504 -0.010000 0.032989
v 0.017247 -0.010000 0.032407
v 0.017496 -0.010000 0.032989
v 0.017932 -0.010000 0.033449
v 0.018500 -0.010000 0.033729
v 0.018500 -0.010000 0.037300
v 0.015500 -0.010000 0.037300
v 0.015500 -0.010000 0.032407
v -0.001000 -0.010000 0.021979
v -0.001000 -0.010000 0.018843
v -0.000861 -0.010000 0.018843
v -0.000540 -0.010000 0.019716
v 0.000055 -0.010000 0.020432
v 0.000854 -0.010000 0.020909
v 0.005508 -0.010000 0.017450
v 0.005544 -0.010000 0.017248
v 0.005441 -0.010000 0.017070
v 0.005248 -0.010000 0.017000
v 0.004750 -0.010000 0.017000
v 0.004250 -0.010000 0.017000
v 0.003345 -0.010000 0.017000
v 0.003178 -0.010000 0.017211
v 0.003526 -0.010000 0.018824
v 0.002378 -0.010000 0.020009
v 0.000754 -0.010000 0.019713
v 0.000099 -0.010000 0.018199
v 0.000995 -0.010000 0.016813
v 0.002645 -0.010000 0.016788
v 0.002979 -0.010000 0.016366
v 0.002191 -0.010000 0.015000
v 0.002643 -0.010000 0.014217
v 0.002893 -0.010000 0.013783
v 0.003345 -0.010000 0.013000
v 0.005655 -0.010000 0.013000
v 0.006107 -0.010000 0.013783
v 0.006357 -0.010000 0.014217
v 0.006809 -0.010000 0.015000
v 0.006492 -0.010000 0.015550
v 0.006456 -0.010000 0.015752
v 0.006559 -0.010000 0.015930
v 0.006752 -0.010000 0.016000
v 0.007250 -0.010000 0.016000
v 0.007750 -0.010000 0.016000
v 0.008655 -0.010000 0.016000
v 0.009809 -0.010000 0.018000
v 0.009357 -0.010000 0.018783
v 0.009107 -0.010000 0.019217
v 0.008828 -0.010000 0.019700
v 0.009145 -0.010000 0.019811
v 0.009453 -0.010000 0.019946
v 0.009750 -0.010000 0.020103
v 0.010229 -0.010000 0.019273
v 0.011594 -0.010000 0.021636
v 0.011397 -0.010000 0.021750
v 0.011554 -0.010000 0.022047
v 0.011689 -0.010000 0.022355
v 0.011800 -0.010000 0.022672
v 0.012283 -0.010000 0.022393
v 0.012717 -0.010000 0.022143
v 0.013500 -0.010000 0.021691
v 0.014283 -0.010000 0.022143
v 0.014717 -0.010000 0.022393
v 0.015000 -0.010000 0.022557
v 0.015283 -0.010000 0.022393
v 0.015717 -0.010000 0.022143
v 0.016500 -0.010000 0.021691
v 0.017283 -0.010000 0.022143
v 0.017717 -0.010000 0.022393
v 0.018200 -0.010000 0.022672
v 0.018311 -0.010000 0.022355
v 0.018446 -0.010000 0.022047
v 0.018603 -0.010000 0.021750
v 0.018406 -0.010000 0.021636
v 0.019771 -0.010000 0.019273
v 0.020250 -0.010000 0.020103
v 0.020547 -0.010000 0.019946
v 0.020855 -0.010000 0.019811
v 0.021172 -0.010000 0.019700
v 0.020893 -0.010000 0.019217
v 0.020643 -0.010000 0.018783
v 0.020191 -0.010000 0.018000
v 0.021345 -0.010000 0.016000
v 0.022250 -0.010000 0.016000
v 0.022750 -0.010000 0.016000
v 0.023248 -0.010000 0.016000
v 0.023441 -0.010000 0.015930
v 0.023544 -0.010000 0.015752
v 0.023508 -0.010000 0.015550
v 0.023191 -0.010000 0.015000
v 0.023643 -0.010000 0.014217
v 0.023893 -0.010000 0.013783
v 0.024345 -0.010000 0.013000
v 0.026655 -0.010000 0.013000
v 0.027107 -0.010000 0.013783
v 0.027357 -0.010000 0.014217
v 0.027809 -0.010000 0.015000
v 0.027021 -0.010000 0.016366
v 0.027355 -0.010000 0.016788
v 0.029005 -0.010000 0.016813
v 0.029901 -0.010000 0.018199
v 0.029246 -0.010000 0.019713
v 0.027622 -0.010000 0.020009
v 0.026474 -0.010000 0.018824
v 0.026822 -0.010000 0.017211
v 0.026655 -0.010000 0.017000
v 0.025750 -0.010000 0.017000
v 0.025250 -0.010000 0.017000
v 0.024752 -0.010000 0.017000
v 0.024559 -0.010000 0.017070
v 0.024456 -0.010000 0.017248
v 0.024492 -0.010000 0.017450
v 0.024809 -0.010000 0.018000
v 0.024357 -0.010000 0.018783
v 0.024107 -0.010000 0.019217
v 0.023828 -0.010000 0.019700
v 0.024145 -0.010000 0.019811
v 0.024453 -0.010000 0.019946
v 0.024750 -0.010000 0.020103
v 0.025459 -0.010000 0.018875
v 0.025869 -0.010000 0.019870
v 0.026630 -0.010000 0.020631
v 0.027625 -0.010000 0.021041
v 0.026397 -0.010000 0.021750
v 0.026554 -0.010000 0.022047
v 0.026689 -0.010000 0.022355
v 0.026800 -0.010000 0.022672
v 0.027283 -0.010000 0.022393
v 0.027717 -0.010000 0.022143
v 0.028500 -0.010000 0.021691
v 0.030500 -0.010000 0.022845
v 0.030500 -0.010000 0.023750
v 0.030500 -0.010000 0.024250
v 0.030500 -0.010000 0.025155
v 0.028500 -0.010000 0.026309
v 0.027717 -0.010000 0.025857
v 0.027283 -0.010000 0.025607
v 0.026800 -0.010000 0.025328
v 0.026689 -0.010000 0.025645
v 0.026554 -0.010000 0.025953
v 0.026397 -0.010000 0.026250
v 0.027625 -0.010000 0.026959
v 0.026630 -0.010000 0.027369
v 0.025869 -0.010000 0.028130
v 0.025459 -0.010000 0.029125
v 0.024750 -0.010000 0.027897
v 0.024453 -0.010000 0.028054
v 0.024145 -0.010000 0.028189
v 0.023828 -0.010000 0.028300
v 0.024107 -0.010000 0.028783
v 0.024357 -0.010000 0.029217
v 0.024809 -0.010000 0.030000
v 0.024492 -0.010000 0.030550
v 0.024456 -0.010000 0.030752
v 0.024559 -0.010000 0.030930
v 0.024752 -0.010000 0.031000
v 0.025250 -0.010000 0.031000
v 0.025750 -0.010000 0.031000
v 0.026655 -0.010000 0.031000
v 0.026822 -0.010000 0.030789
v 0.026474 -0.010000 0.029176
v 0.027622 -0.010000 0.027991
v 0.029246 -0.010000 0.028287
v 0.029901 -0.010000 0.029801
v 0.029005 -0.010000 0.031187
v 0.027355 -0.010000 0.031212
v 0.027021 -0.010000 0.031634
v 0.027809 -0.010000 0.033000
v 0.027357 -0.010000 0.033783
v 0.027107 -0.010000 0.034217
v 0.026655 -0.010000 0.035000
v 0.024345 -0.010000 0.035000
v 0.023893 -0.010000 0.034217
v 0.023643 -0.010000 0.033783
v 0.023191 -0.010000 0.033000
v 0.023508 -0.010000 0.032450
v 0.023544 -0.010000 0.032248
v 0.023441 -0.010000 0.032070
v 0.023248 -0.010000 0.032000
v 0.022750 -0.010000 0.032000
v 0.022250 -0.010000 0.032000
v 0.021345 -0.010000 0.032000
v 0.020191 -0.010000 0.030000
v 0.020643 -0.010000 0.029217
v 0.020893 -0.010000 0.028783
v 0.021172 -0.010000 0.028300
v 0.020855 -0.010000 0.028189
v 0.020547 -0.010000 0.028054
v 0.020250 -0.010000 0.027897
v 0.019771 -0.010000 0.028727
v 0.018406 -0.010000 0.026364
v 0.018603 -0.010000 0.026250
v 0.018446 -0.010000 0.025953
v 0.018311 -0.010000 0.025645
v 0.018200 -0.010000 0.025328
v 0.017717 -0.010000 0.025607
v 0.017283 -0.010000 0.025857
v 0.016500 -0.010000 0.026309
v 0.015717 -0.010000 0.025857
v 0.015283 -0.010000 0.025607
v 0.015000 -0.010000 0.025443
v 0.014717 -0.010000 0.025607
v 0.014283 -0.010000 0.025857
v 0.013500 -0.010000 0.026309
v 0.012717 -0.010000 0.025857
v 0.012283 -0.010000 0.025607
v 0.011800 -0.010000 0.025328
v 0.011689 -0.010000 0.025645
v 0.011554 -0.010000 0.025953
v 0.011397 -0.010000 0.026250
v 0.011594 -0.010000 0.026364
v 0.010229 -0.010000 0.028727
v 0.009750 -0.010000 0.027897
v 0.009453 -0.010000 0.028054
v 0.009145 -0.010000 0.028189
v 0.008828 -0.010000 0.028300
v 0.009107 -0.010000 0.028783
v 0.009357 -0.010000 0.029217
v 0.009809 -0.010000 0.030000
v 0.008655 -0.010000 0.032000
v 0.007750 -0.010000 0.032000
v 0.007250 -0.010000 0.032000
v 0.006752 -0.010000 0.032000
v 0.006559 -0.010000 0.032070
v 0.006456 -0.010000 0.032248
v 0.006492 -0.010000 0.032450
v 0.006809 -0.010000 0.033000
v 0.006357 -0.010000 0.033783
v 0.006107 -0.010000 0.034217
v 0.005655 -0.010000 0.035000
v 0.003345 -0.010000 0.035000
v 0.002893 -0.010000 0.034217
v 0.002643 -0.010000 0.033783
v 0.002191 -0.010000 0.033000
v 0.002979 -0.010000 0.031634
v 0.002645 -0.010000 0.031212
v 0.000995 -0.010000 0.031187
v 0.000099 -0.010000 0.029801
v 0.000754 -0.010000 0.028287
v 0.002378 -0.010000 0.027991
v 0.003526 -0.010000 0.029176
v 0.003178 -0.010000 0.030789
v 0.003345 -0.010000 0.031000
v 0.004250 -0.010000 0.031000
v 0.004750 -0.010000 0.031000
v 0.005248 -0.010000 0.031000
v 0.005441 -0.010000 0.030930
v 0.005544 -0.010000 0.030752
v 0.005508 -0.010000 0.030550
v 0.005191 -0.010000 0.030000
v 0.005643 -0.010000 0.029217
v 0.005893 -0.010000 0.028783
v 0.006172 -0.010000 0.028300
v 0.005855 -0.010000 0.028189
v 0.005547 -0.010000 0.028054
v 0.005250 -0.010000 0.027897
v 0.004541 -0.010000 0.029125
v 0.004131 -0.010000 0.028130
v 0.003370 -0.010000 0.027369
v 0.002375 -0.010000 0.026959
v 0.003603 -0.010000 0.026250
v 0.003446 -0.010000 0.025953
v 0.003311 -0.010000 0.025645
v 0.003200 -0.010000 0.025328
v 0.002717 -0.010000 0.025607
v 0.002283 -0.010000 0.025857
v 0.001500 -0.010000 0.026309
v -0.000500 -0.010000 0.025155
v -0.000500 -0.010000 0.024250
v -0.000500 -0.010000 0.023750
v -0.000500 -0.010000 0.022845
v 0.001500 -0.010000 0.021691
v 0.002283 -0.010000 0.022143
v 0.002717 -0.010000 0.022393
v 0.003200 -0.010000 0.022672
v 0.003311 -0.010000 0.022355
v 0.003446 -0.010000 0.022047
v 0.003603 -0.010000 0.021750
v 0.002375 -0.010000 0.021041
v 0.003370 -0.010000 0.020631
v 0.004131 -0.010000 0.019870
v 0.004541 -0.010000 0.018875
v 0.005250 -0.010000 0.020103
v 0.005547 -0.010000 0.019946
v 0.005855 -0.010000 0.019811
v 0.006172 -0.010000 0.019700
v 0.005893 -0.010000 0.019217
v 0.005643 -0.010000 0.018783
v 0.005191 -0.010000 0.018000
v 0.008235 -0.010200 0.038300
v 0.021765 -0.010200 0.038300
v 0.021765 -0.010000 0.038100
v 0.008235 -0.010000 0.038100
v 0.031000 -0.009950 0.038300
v 0.030000 -0.009950 0.038300
v 0.029025 -0.009689 0.038300
v 0.028311 -0.008975 0.038300
v 0.028050 -0.008000 0.038300
v 0.028050 -0.006724 0.038300
v 0.028021 -0.006654 0.038300
v 0.027950 -0.006624 0.038300
v 0.027879 -0.006654 0.038300
v 0.026149 -0.008384 0.038300
v 0.024865 -0.009369 0.038300
v 0.023369 -0.009989 0.038300
v 0.021765 -0.010200 0.038300
v 0.008235 -0.010200 0.038300
v 0.006631 -0.009989 0.038300
v 0.005135 -0.009369 0.038300
v 0.003851 -0.008384 0.038300
v 0.002121 -0.006654 0.038300
v 0.002050 -0.006624 0.038300
v 0.001979 -0.006654 0.038300
v 0.001950 -0.006724 0.038300
v 0.001950 -0.008000 0.038300
v 0.001689 -0.008975 0.038300
v 0.000975 -0.009689 0.038300
v -0.000000 -0.009950 0.038300
v -0.001000 -0.009950 0.038300
v -0.001000 -0.010586 0.038300
v 0.000414 -0.012000 0.038300
v 0.029586 -0.012000 0.038300
v 0.031000 -0.010586 0.038300
v 0.030000 -0.009950 0.038300
v 0.031000 -0.009950 0.038300
v 0.030917 -0.009750 0.038100
v 0.030000 -0.009750 0.038100
v 0.031800 -0.009750 0.037217
v 0.030917 -0.009750 0.038100
v 0.031000 -0.009950 0.038300
v 0.032000 -0.009950 0.037300
v 0.030000 -0.009750 0.038100
v 0.030917 -0.009750 0.038100
v 0.031800 -0.009750 0.037217
v 0.031800 -0.009750 0.036800
v 0.030000 -0.009750 0.036800
v 0.031800 -0.009750 0.036800
v 0.031800 -0.009750 0.037217
v 0.032000 -0.009950 0.037300
v 0.032000 -0.009950 0.036800
v 0.030000 -0.011500 0.020384
v 0.030861 -0.010639 0.018843
v 0.030861 -0.010000 0.018843
v 0.030540 -0.010000 0.019716
v 0.029945 -0.010000 0.020432
v 0.029146 -0.010000 0.020909
v 0.029146 -0.011500 0.020909
v 0.029452 -0.011500 0.020769
v 0.029738 -0.011500 0.020593
v 0.021765 -0.010000 0.038100
v 0.023318 -0.009796 0.038100
v 0.024765 -0.009196 0.038100
v 0.026007 -0.008243 0.038100
v 0.026007 -0.008243 0.037300
v 0.024765 -0.009196 0.037300
v 0.023318 -0.009796 0.037300
v 0.021765 -0.010000 0.037300
v 0.003993 -0.008243 0.038100
v 0.005235 -0.009196 0.038100
v 0.006682 -0.009796 0.038100
v 0.008235 -0.010000 0.038100
v 0.008235 -0.010000 0.037300
v 0.006682 -0.009796 0.037300
v 0.005235 -0.009196 0.037300
v 0.003993 -0.008243 0.037300
v 0.032000 -0.009950 0.036800
v 0.032000 -0.009950 0.037300
v 0.032000 -0.011000 0.037300
v 0.032000 -0.011000 0.010700
v 0.032000 -0.009950 0.010700
v 0.032000 -0.009950 0.011200
v 0.032000 -0.008000 0.011200
v 0.032000 -0.008000 0.012500
v 0.032000 -0.010000 0.012500
v 0.032000 -0.010000 0.035500
v 0.032000 -0.008000 0.035500
v 0.032000 -0.008000 0.036800
v 0.021765 -0.010200 0.038300
v 0.023369 -0.009989 0.038300
v 0.024865 -0.009369 0.038300
v 0.026149 -0.008384 0.038300
v 0.026007 -0.008243 0.038100
v 0.024765 -0.009196 0.038100
v 0.023318 -0.009796 0.038100
v 0.021765 -0.010000 0.038100
v 0.003851 -0.008384 0.038300
v 0.005135 -0.009369 0.038300
v 0.006631 -0.009989 0.038300
v 0.008235 -0.010200 0.038300
v 0.008235 -0.010000 0.038100
v 0.006682 -0.009796 0.038100
v 0.005235 -0.009196 0.038100
v 0.003993 -0.008243 0.038100
v -0.000000 -0.011500 0.027616
v -0.000861 -0.010639 0.029157
v -0.000861 -0.010000 0.029157
v -0.000540 -0.010000 0.028284
v 0.000055 -0.010000 0.027568
v 0.000854 -0.010000 0.027091
v 0.000854 -0.011500 0.027091
v 0.000548 -0.011500 0.027231
v 0.000262 -0.011500 0.027407
v 0.030861 -0.010639 0.018843
v 0.031000 -0.010500 0.018843
v 0.031000 -0.010000 0.018843
v 0.030861 -0.010000 0.018843
v 0.031000 -0.010000 0.021979
v 0.031000 -0.010500 0.021979
v 0.030000 -0.011500 0.021402
v 0.029146 -0.011500 0.020909
v 0.029146 -0.010000 0.020909
v 0.030861 -0.010639 0.017843
v 0.030000 -0.011500 0.016302
v 0.029580 -0.011500 0.015990
v 0.029107 -0.011500 0.015763
v 0.028601 -0.011500 0.015629
v 0.028601 -0.010000 0.015629
v 0.029643 -0.010000 0.016029
v 0.030440 -0.010000 0.016810
v 0.030861 -0.010000 0.017843
v 0.025000 -0.011500 0.037300
v 0.019500 -0.011500 0.037300
v 0.019500 -0.010000 0.037300
v 0.021765 -0.010000 0.037300
v 0.023318 -0.009796 0.037300
v 0.024765 -0.009196 0.037300
v 0.026007 -0.008243 0.037300
v 0.027250 -0.007000 0.037300
v 0.027250 -0.011500 0.037300
v 0.026000 -0.011500 0.037300
v 0.026000 -0.010000 0.037300
v 0.025000 -0.010000 0.037300
v 0.026007 -0.008243 0.009900
v 0.024765 -0.009196 0.009900
v 0.023318 -0.009796 0.009900
v 0.021765 -0.010000 0.009900
v 0.021765 -0.010000 0.010700
v 0.023318 -0.009796 0.010700
v 0.024765 -0.009196 0.010700
v 0.026007 -0.008243 0.010700
v 0.008235 -0.010000 0.037300
v 0.010500 -0.010000 0.037300
v 0.010500 -0.011500 0.037300
v 0.005000 -0.011500 0.037300
v 0.005000 -0.010000 0.037300
v 0.004000 -0.010000 0.037300
v 0.004000 -0.011500 0.037300
v 0.002750 -0.011500 0.037300
v 0.002750 -0.007000 0.037300
v 0.003993 -0.008243 0.037300
v 0.005235 -0.009196 0.037300
v 0.006682 -0.009796 0.037300
v 0.008235 -0.010000 0.009900
v 0.006682 -0.009796 0.009900
v 0.005235 -0.009196 0.009900
v 0.003993 -0.008243 0.009900
v 0.003993 -0.008243 0.010700
v 0.005235 -0.009196 0.010700
v 0.006682 -0.009796 0.010700
v 0.008235 -0.010000 0.010700
v 0.031000 -0.009950 0.038300
v 0.031000 -0.010586 0.038300
v 0.032000 -0.011000 0.037300
v 0.032000 -0.009950 0.037300
v 0.028050 -0.008000 0.038300
v 0.028311 -0.008975 0.038300
v 0.029025 -0.009689 0.038300
v 0.030000 -0.009950 0.038300
v 0.030000 -0.009750 0.038100
v 0.029125 -0.009516 0.038100
v 0.028484 -0.008875 0.038100
v 0.028250 -0.008000 0.038100
v 0.031000 -0.010000 0.026021
v 0.031000 -0.010500 0.026021
v 0.031000 -0.010500 0.029157
v 0.031000 -0.010000 0.029157
v -0.000861 -0.010639 0.029157
v -0.001000 -0.010500 0.029157
v -0.001000 -0.010000 0.029157
v -0.000861 -0.010000 0.029157
v -0.001000 -0.010000 0.026021
v -0.001000 -0.010500 0.026021
v -0.000000 -0.011500 0.026598
v 0.000854 -0.011500 0.027091
v 0.000854 -0.010000 0.027091
v -0.000861 -0.010639 0.030157
v -0.000000 -0.011500 0.031698
v 0.000420 -0.011500 0.032010
v 0.000893 -0.011500 0.032237
v 0.001399 -0.011500 0.032371
v 0.001399 -0.010000 0.032371
v 0.000357 -0.010000 0.031971
v -0.000440 -0.010000 0.031190
v -0.000861 -0.010000 0.030157
v 0.031000 -0.010500 0.021979
v 0.031000 -0.010000 0.021979
v 0.031000 -0.010000 0.018843
v 0.031000 -0.010500 0.018843
v 0.031000 -0.010500 0.012500
v 0.030000 -0.011500 0.012500
v 0.030000 -0.011500 0.016302
v 0.030861 -0.010639 0.017843
v 0.031000 -0.010500 0.017843
v 0.030000 -0.011500 0.021402
v 0.031000 -0.010500 0.021979
v 0.031000 -0.010500 0.018843
v 0.030861 -0.010639 0.018843
v 0.030000 -0.011500 0.020384
v 0.019500 -0.010000 0.033729
v 0.019500 -0.010000 0.037300
v 0.019500 -0.011500 0.037300
v 0.019500 -0.011500 0.033729
v 0.010500 -0.010000 0.037300
v 0.010500 -0.010000 0.033729
v 0.010500 -0.011500 0.033729
v 0.010500 -0.011500 0.037300
v 0.026149 -0.008384 0.009700
v 0.024865 -0.009369 0.009700
v 0.023369 -0.009989 0.009700
v 0.021765 -0.010200 0.009700
v 0.021765 -0.010000 0.009900
v 0.023318 -0.009796 0.009900
v 0.024765 -0.009196 0.009900
v 0.026007 -0.008243 0.009900
v 0.031000 -0.010586 0.038300
v 0.029586 -0.012000 0.038300
v 0.030000 -0.013000 0.037300
v 0.032000 -0.011000 0.037300
v 0.028050 -0.006724 0.038300
v 0.028050 -0.008000 0.038300
v 0.028250 -0.008000 0.038100
v 0.028250 -0.006724 0.038100
v 0.028250 -0.008000 0.038100
v 0.028484 -0.008875 0.038100
v 0.029125 -0.009516 0.038100
v 0.030000 -0.009750 0.038100
v 0.030000 -0.009750 0.036800
v 0.029125 -0.009516 0.036800
v 0.028484 -0.008875 0.036800
v 0.028250 -0.008000 0.036800
v 0.002121 -0.006654 0.038300
v 0.003851 -0.008384 0.038300
v 0.003993 -0.008243 0.038100
v 0.002262 -0.006512 0.038100
v 0.026149 -0.008384 0.038300
v 0.027879 -0.006654 0.038300
v 0.027738 -0.006512 0.038100
v 0.026007 -0.008243 0.038100
v 0.011000 -0.010000 0.015200
v 0.010239 -0.010000 0.015753
v 0.010530 -0.010000 0.016647
v 0.011470 -0.010000 0.016647
v 0.011761 -0.010000 0.015753
v 0.011000 -0.013000 0.015200
v 0.011761 -0.013000 0.015753
v 0.011470 -0.013000 0.016647
v 0.010530 -0.013000 0.016647
v 0.010239 -0.013000 0.015753
v 0.011000 -0.013000 0.015200
v 0.011000 -0.010000 0.015200
v 0.031000 -0.010500 0.029157
v 0.030861 -0.010639 0.029157
v 0.030861 -0.010000 0.029157
v 0.031000 -0.010000 0.029157
v 0.031000 -0.010500 0.026021
v 0.031000 -0.010000 0.026021
v 0.029146 -0.010000 0.027091
v 0.029146 -0.011500 0.027091
v 0.030000 -0.011500 0.026598
v 0.031000 -0.010500 0.035500
v 0.031000 -0.010000 0.035500
v 0.031000 -0.010000 0.030157
v 0.031000 -0.010500 0.030157
v -0.001000 -0.010500 0.026021
v -0.001000 -0.010000 0.026021
v -0.001000 -0.010000 0.029157
v -0.001000 -0.010500 0.029157
v -0.001000 -0.010500 0.035500
v -0.000000 -0.011500 0.035500
v -0.000000 -0.011500 0.031698
v -0.000861 -0.010639 0.030157
v -0.001000 -0.010500 0.030157
v -0.000000 -0.011500 0.026598
v -0.001000 -0.010500 0.026021
v -0.001000 -0.010500 0.029157
v -0.000861 -0.010639 0.029157
v -0.000000 -0.011500 0.027616
v 0.031000 -0.010000 0.012500
v 0.031000 -0.010500 0.012500
v 0.031000 -0.010500 0.017843
v 0.031000 -0.010000 0.017843
v 0.031000 -0.010500 0.017843
v 0.030861 -0.010639 0.017843
v 0.030861 -0.010000 0.017843
v 0.031000 -0.010000 0.017843
v 0.030000 -0.011500 0.021402
v 0.030000 -0.011500 0.020384
v 0.029738 -0.011500 0.020593
v 0.029452 -0.011500 0.020769
v 0.029146 -0.011500 0.020909
v 0.020497 -0.010000 0.033000
v 0.020225 -0.010000 0.033319
v 0.019886 -0.010000 0.033567
v 0.019500 -0.010000 0.033729
v 0.019500 -0.011500 0.033729
v 0.019886 -0.011500 0.033567
v 0.020225 -0.011500 0.033319
v 0.020497 -0.011500 0.033000
v 0.026000 -0.011500 0.037300
v 0.026000 -0.011500 0.036000
v 0.026000 -0.010000 0.036000
v 0.026000 -0.010000 0.037300
v 0.010500 -0.010000 0.033729
v 0.010114 -0.010000 0.033567
v 0.009775 -0.010000 0.033319
v 0.009503 -0.010000 0.033000
v 0.009503 -0.011500 0.033000
v 0.009775 -0.011500 0.033319
v 0.010114 -0.011500 0.033567
v 0.010500 -0.011500 0.033729
v 0.026007 -0.008243 0.038100
v 0.027738 -0.006512 0.038100
v 0.027738 -0.006512 0.036800
v 0.028104 -0.006146 0.036800
v 0.028104 -0.006146 0.035500
v 0.027250 -0.007000 0.035500
v 0.027250 -0.007000 0.037300
v 0.026007 -0.008243 0.037300
v 0.021765 -0.010200 0.009700
v 0.008235 -0.010200 0.009700
v 0.008235 -0.010000 0.009900
v 0.021765 -0.010000 0.009900
v 0.002262 -0.006512 0.038100
v 0.003993 -0.008243 0.038100
v 0.003993 -0.008243 0.037300
v 0.002750 -0.007000 0.037300
v 0.002750 -0.007000 0.035500
v 0.001896 -0.006146 0.035500
v 0.001896 -0.006146 0.036800
v 0.002262 -0.006512 0.036800
v -0.000000 -0.013000 0.037300
v 0.030000 -0.013000 0.037300
v 0.029586 -0.012000 0.038300
v 0.000414 -0.012000 0.038300
v 0.028050 -0.006724 0.038300
v 0.028250 -0.006724 0.038100
v 0.028162 -0.006512 0.038100
v 0.027950 -0.006424 0.038100
v 0.027738 -0.006512 0.038100
v 0.027879 -0.006654 0.038300
v 0.027950 -0.006624 0.038300
v 0.028021 -0.006654 0.038300
v 0.028250 -0.006724 0.038100
v 0.028250 -0.008000 0.038100
v 0.028250 -0.008000 0.036800
v 0.028250 -0.006724 0.036800
v 0.001950 -0.006724 0.038300
v 0.001979 -0.006654 0.038300
v 0.002050 -0.006624 0.038300
v 0.002121 -0.006654 0.038300
v 0.002262 -0.006512 0.038100
v 0.002050 -0.006424 0.038100
v 0.001838 -0.006512 0.038100
v 0.001750 -0.006724 0.038100
v 0.019000 -0.010000 0.015200
v 0.018239 -0.010000 0.015753
v 0.018530 -0.010000 0.016647
v 0.019470 -0.010000 0.016647
v 0.019761 -0.010000 0.015753
v 0.019000 -0.013000 0.015200
v 0.019761 -0.013000 0.015753
v 0.019470 -0.013000 0.016647
v 0.018530 -0.013000 0.016647
v 0.018239 -0.013000 0.015753
v 0.019000 -0.013000 0.015200
v 0.019000 -0.010000 0.015200
v 0.030861 -0.010639 0.029157
v 0.030000 -0.011500 0.027616
v 0.029738 -0.011500 0.027407
v 0.029452 -0.011500 0.027231
v 0.029146 -0.011500 0.027091
v 0.029146 -0.010000 0.027091
v 0.029945 -0.010000 0.027568
v 0.030540 -0.010000 0.028284
v 0.030861 -0.010000 0.029157
v 0.005000 -0.011500 0.037300
v 0.005000 -0.011500 0.036000
v 0.005000 -0.010000 0.036000
v 0.005000 -0.010000 0.037300
v 0.030000 -0.011500 0.031698
v 0.030861 -0.010639 0.030157
v 0.030861 -0.010000 0.030157
v 0.030440 -0.010000 0.031190
v 0.029643 -0.010000 0.031971
v 0.028601 -0.010000 0.032371
v 0.028601 -0.011500 0.032371
v 0.029107 -0.011500 0.032237
v 0.029580 -0.011500 0.032010
v -0.001000 -0.010000 0.035500
v -0.001000 -0.010500 0.035500
v -0.001000 -0.010500 0.030157
v -0.001000 -0.010000 0.030157
v -0.001000 -0.010500 0.030157
v -0.000861 -0.010639 0.030157
v -0.000861 -0.010000 0.030157
v -0.001000 -0.010000 0.030157
v -0.000000 -0.011500 0.026598
v -0.000000 -0.011500 0.027616
v 0.000262 -0.011500 0.027407
v 0.000548 -0.011500 0.027231
v 0.000854 -0.011500 0.027091
v 0.001036 -0.010000 0.033000
v 0.001036 -0.011500 0.033000
v 0.002479 -0.011500 0.035500
v 0.002479 -0.010000 0.035500
v 0.018500 -0.010000 0.033729
v 0.017932 -0.010000 0.033449
v 0.017496 -0.010000 0.032989
v 0.017247 -0.010000 0.032407
v 0.017247 -0.011500 0.032407
v 0.017496 -0.011500 0.032989
v 0.017932 -0.011500 0.033449
v 0.018500 -0.011500 0.033729
v 0.022036 -0.010000 0.033000
v 0.020497 -0.010000 0.033000
v 0.020497 -0.011500 0.033000
v 0.022036 -0.011500 0.033000
v 0.027250 -0.011500 0.012000
v 0.027250 -0.010000 0.012000
v 0.027250 -0.010000 0.012500
v 0.027250 -0.007000 0.012500
v 0.027250 -0.007000 0.010700
v 0.027250 -0.011500 0.010700
v 0.023768 -0.011500 0.036000
v 0.022036 -0.011500 0.033000
v 0.020497 -0.011500 0.033000
v 0.020225 -0.011500 0.033319
v 0.019886 -0.011500 0.033567
v 0.019500 -0.011500 0.033729
v 0.019500 -0.011500 0.037300
v 0.025000 -0.011500 0.037300
v 0.025000 -0.011500 0.036000
v 0.009503 -0.010000 0.033000
v 0.007964 -0.010000 0.033000
v 0.007964 -0.011500 0.033000
v 0.009503 -0.011500 0.033000
v 0.027738 -0.006512 0.009900
v 0.026007 -0.008243 0.009900
v 0.026007 -0.008243 0.010700
v 0.027250 -0.007000 0.010700
v 0.027250 -0.007000 0.012500
v 0.028104 -0.006146 0.012500
v 0.028104 -0.006146 0.011200
v 0.027738 -0.006512 0.011200
v 0.008235 -0.010200 0.009700
v 0.006631 -0.009989 0.009700
v 0.005135 -0.009369 0.009700
v 0.003851 -0.008384 0.009700
v 0.003993 -0.008243 0.009900
v 0.005235 -0.009196 0.009900
v 0.006682 -0.009796 0.009900
v 0.008235 -0.010000 0.009900
v 0.005000 -0.011500 0.037300
v 0.010500 -0.011500 0.037300
v 0.010500 -0.011500 0.033729
v 0.010114 -0.011500 0.033567
v 0.009775 -0.011500 0.033319
v 0.009503 -0.011500 0.033000
v 0.007964 -0.011500 0.033000
v 0.006232 -0.011500 0.036000
v 0.005000 -0.011500 0.036000
v 0.003993 -0.008243 0.009900
v 0.002262 -0.006512 0.009900
v 0.002262 -0.006512 0.011200
v 0.001896 -0.006146 0.011200
v 0.001896 -0.006146 0.012500
v 0.002750 -0.007000 0.012500
v 0.002750 -0.007000 0.010700
v 0.003993 -0.008243 0.010700
v -0.000000 -0.013000 0.010700
v 0.030000 -0.013000 0.010700
v 0.030000 -0.013000 0.037300
v -0.000000 -0.013000 0.037300
v 0.023525 -0.013000 0.030000
v 0.022817 -0.013000 0.029025
v 0.021671 -0.013000 0.029398
v 0.021671 -0.013000 0.030602
v 0.022817 -0.013000 0.030975
v 0.028500 -0.013000 0.022975
v 0.027525 -0.013000 0.023683
v 0.027898 -0.013000 0.024829
v 0.029102 -0.013000 0.024829
v 0.029475 -0.013000 0.023683
v 0.021475 -0.013000 0.018000
v 0.022183 -0.013000 0.018975
v 0.023329 -0.013000 0.018602
v 0.023329 -0.013000 0.017398
v 0.022183 -0.013000 0.017025
v 0.016500 -0.013000 0.025025
v 0.017475 -0.013000 0.024317
v 0.017102 -0.013000 0.023171
v 0.015898 -0.013000 0.023171
v 0.015525 -0.013000 0.024317
v 0.029182 -0.013000 0.029657
v 0.028474 -0.013000 0.028682
v 0.027328 -0.013000 0.029054
v 0.027328 -0.013000 0.030259
v 0.028474 -0.013000 0.030632
v 0.003500 -0.013000 0.024000
v 0.004436 -0.013000 0.026571
v 0.006805 -0.013000 0.027939
v 0.009500 -0.013000 0.027464
v 0.011259 -0.013000 0.025368
v 0.011259 -0.013000 0.022632
v 0.009500 -0.013000 0.020536
v 0.006805 -0.013000 0.020061
v 0.004436 -0.013000 0.021429
v 0.006475 -0.013000 0.030000
v 0.007183 -0.013000 0.030975
v 0.008329 -0.013000 0.030602
v 0.008329 -0.013000 0.029398
v 0.007183 -0.013000 0.029025
v 0.001500 -0.013000 0.022975
v 0.000525 -0.013000 0.023683
v 0.000898 -0.013000 0.024829
v 0.002102 -0.013000 0.024829
v 0.002475 -0.013000 0.023683
v 0.008525 -0.013000 0.018000
v 0.007817 -0.013000 0.017025
v 0.006671 -0.013000 0.017398
v 0.006671 -0.013000 0.018602
v 0.007817 -0.013000 0.018975
v 0.013500 -0.013000 0.025025
v 0.014475 -0.013000 0.024317
v 0.014102 -0.013000 0.023171
v 0.012898 -0.013000 0.023171
v 0.012525 -0.013000 0.024317
v 0.029182 -0.013000 0.018343
v 0.028474 -0.013000 0.017368
v 0.027328 -0.013000 0.017741
v 0.027328 -0.013000 0.018946
v 0.028474 -0.013000 0.019318
v 0.015818 -0.013000 0.029657
v 0.016526 -0.013000 0.030632
v 0.017672 -0.013000 0.030259
v 0.017672 -0.013000 0.029054
v 0.016526 -0.013000 0.028682
v 0.015818 -0.013000 0.018343
v 0.016526 -0.013000 0.019318
v 0.017672 -0.013000 0.018946
v 0.017672 -0.013000 0.017741
v 0.016526 -0.013000 0.017368
v 0.000818 -0.013000 0.029657
v 0.001526 -0.013000 0.030632
v 0.002672 -0.013000 0.030259
v 0.002672 -0.013000 0.029054
v 0.001526 -0.013000 0.028682
v 0.000818 -0.013000 0.018343
v 0.001526 -0.013000 0.019318
v 0.002672 -0.013000 0.018946
v 0.002672 -0.013000 0.017741
v 0.001526 -0.013000 0.017368
v 0.014182 -0.013000 0.029657
v 0.013474 -0.013000 0.028682
v 0.012328 -0.013000 0.029054
v 0.012328 -0.013000 0.030259
v 0.013474 -0.013000 0.030632
v 0.014182 -0.013000 0.018343
v 0.013474 -0.013000 0.017368
v 0.012328 -0.013000 0.017741
v 0.012328 -0.013000 0.018946
v 0.013474 -0.013000 0.019318
v 0.004500 -0.013000 0.034025
v 0.005475 -0.013000 0.033317
v 0.005102 -0.013000 0.032171
v 0.003898 -0.013000 0.032171
v 0.003525 -0.013000 0.033317
v 0.004500 -0.013000 0.016025
v 0.005475 -0.013000 0.015317
v 0.005102 -0.013000 0.014171
v 0.003898 -0.013000 0.014171
v 0.003525 -0.013000 0.015317
v 0.025500 -0.013000 0.034025
v 0.026475 -0.013000 0.033317
v 0.026102 -0.013000 0.032171
v 0.024898 -0.013000 0.032171
v 0.024525 -0.013000 0.033317
v 0.025500 -0.013000 0.016025
v 0.026475 -0.013000 0.015317
v 0.026102 -0.013000 0.014171
v 0.024898 -0.013000 0.014171
v 0.024525 -0.013000 0.015317
v 0.011000 -0.013000 0.015200
v 0.010239 -0.013000 0.015753
v 0.010530 -0.013000 0.016647
v 0.011470 -0.013000 0.016647
v 0.011761 -0.013000 0.015753
v 0.019000 -0.013000 0.015200
v 0.018239 -0.013000 0.015753
v 0.018530 -0.013000 0.016647
v 0.019470 -0.013000 0.016647
v 0.019761 -0.013000 0.015753
v 0.011000 -0.013000 0.031200
v 0.010239 -0.013000 0.031753
v 0.010530 -0.013000 0.032647
v 0.011470 -0.013000 0.032647
v 0.011761 -0.013000 0.031753
v 0.019000 -0.013000 0.031200
v 0.018239 -0.013000 0.031753
v 0.018530 -0.013000 0.032647
v 0.019470 -0.013000 0.032647
v 0.019761 -0.013000 0.031753
v 0.026500 -0.013000 0.024000
v 0.025564 -0.013000 0.021429
v 0.023195 -0.013000 0.020061
v 0.020500 -0.013000 0.020536
v 0.018741 -0.013000 0.022632
v 0.018741 -0.013000 0.025368
v 0.020500 -0.013000 0.027464
v 0.023195 -0.013000 0.027939
v 0.025564 -0.013000 0.026571
v 0.027738 -0.006512 0.038100
v 0.027950 -0.006424 0.038100
v 0.028162 -0.006512 0.038100
v 0.028250 -0.006724 0.038100
v 0.028250 -0.006724 0.036800
v 0.028027 -0.006434 0.036800
v 0.027738 -0.006512 0.036800
v -0.002000 -0.011000 0.037300
v -0.000000 -0.013000 0.037300
v 0.000414 -0.012000 0.038300
v -0.001000 -0.010586 0.038300
v 0.001950 -0.008000 0.038300
v 0.001950 -0.006724 0.038300
v 0.001750 -0.006724 0.038100
v 0.001750 -0.008000 0.038100
v 0.001750 -0.006724 0.038100
v 0.001838 -0.006512 0.038100
v 0.002050 -0.006424 0.038100
v 0.002262 -0.006512 0.038100
v 0.002262 -0.006512 0.036800
v 0.001973 -0.006434 0.036800
v 0.001750 -0.006724 0.036800
v 0.011000 -0.010000 0.031200
v 0.010239 -0.010000 0.031753
v 0.010530 -0.010000 0.032647
v 0.011470 -0.010000 0.032647
v 0.011761 -0.010000 0.031753
v 0.011000 -0.013000 0.031200
v 0.011761 -0.013000 0.031753
v 0.011470 -0.013000 0.032647
v 0.010530 -0.013000 0.032647
v 0.010239 -0.013000 0.031753
v 0.011000 -0.013000 0.031200
v 0.011000 -0.010000 0.031200
v 0.030000 -0.011500 0.035500
v 0.031000 -0.010500 0.035500
v 0.031000 -0.010500 0.030157
v 0.030861 -0.010639 0.030157
v 0.030000 -0.011500 0.031698
v 0.020893 -0.010000 0.019217
v 0.020893 -0.011800 0.019217
v 0.020997 -0.011800 0.019157
v 0.020997 -0.011500 0.019157
v 0.031000 -0.010500 0.026021
v 0.030000 -0.011500 0.026598
v 0.030000 -0.011500 0.027616
v 0.030861 -0.010639 0.029157
v 0.031000 -0.010500 0.029157
v 0.030000 -0.011500 0.027616
v 0.030000 -0.011500 0.026598
v 0.029146 -0.011500 0.027091
v 0.029452 -0.011500 0.027231
v 0.029738 -0.011500 0.027407
v 0.001036 -0.010000 0.033000
v 0.001399 -0.010000 0.032371
v 0.001399 -0.011500 0.032371
v 0.001036 -0.011500 0.033000
v 0.017247 -0.010000 0.032407
v 0.015500 -0.010000 0.032407
v 0.015500 -0.011500 0.032407
v 0.017247 -0.011500 0.032407
v 0.023768 -0.010000 0.036000
v 0.022036 -0.010000 0.033000
v 0.022036 -0.011500 0.033000
v 0.023768 -0.011500 0.036000
v 0.026000 -0.011500 0.012000
v 0.026000 -0.010000 0.012000
v 0.027250 -0.010000 0.012000
v 0.027250 -0.011500 0.012000
v 0.027250 -0.007000 0.037300
v 0.027250 -0.007000 0.035500
v 0.027250 -0.010000 0.035500
v 0.027250 -0.010000 0.036000
v 0.027250 -0.011500 0.036000
v 0.027250 -0.011500 0.037300
v 0.025000 -0.011500 0.036000
v 0.025000 -0.011500 0.037300
v 0.025000 -0.010000 0.037300
v 0.025000 -0.010000 0.036000
v 0.024500 -0.011500 0.027464
v 0.025459 -0.011500 0.029125
v 0.025869 -0.011500 0.028130
v 0.026630 -0.011500 0.027369
v 0.027625 -0.011500 0.026959
v 0.025964 -0.011500 0.026000
v 0.025564 -0.011500 0.026571
v 0.025071 -0.011500 0.027064
v 0.006232 -0.011500 0.036000
v 0.007964 -0.011500 0.033000
v 0.007964 -0.010000 0.033000
v 0.006232 -0.010000 0.036000
v 0.003851 -0.008384 0.009700
v 0.002121 -0.006654 0.009700
v 0.002262 -0.006512 0.009900
v 0.003993 -0.008243 0.009900
v 0.004036 -0.011500 0.026000
v 0.002375 -0.011500 0.026959
v 0.003370 -0.011500 0.027369
v 0.004131 -0.011500 0.028130
v 0.004541 -0.011500 0.029125
v 0.005500 -0.011500 0.027464
v 0.004929 -0.011500 0.027064
v 0.004436 -0.011500 0.026571
v 0.002750 -0.011500 0.036000
v 0.002750 -0.010000 0.036000
v 0.002750 -0.010000 0.035500
v 0.002750 -0.007000 0.035500
v 0.002750 -0.007000 0.037300
v 0.002750 -0.011500 0.037300
v 0.026500 -0.013000 0.024000
v 0.025564 -0.013000 0.026571
v 0.023195 -0.013000 0.027939
v 0.020500 -0.013000 0.027464
v 0.018741 -0.013000 0.025368
v 0.018741 -0.013000 0.022632
v 0.020500 -0.013000 0.020536
v 0.023195 -0.013000 0.020061
v 0.025564 -0.013000 0.021429
v 0.026330 -0.011800 0.025155
v 0.026481 -0.011800 0.024390
v 0.026481 -0.011800 0.023610
v 0.026330 -0.011800 0.022845
v 0.026330 -0.010500 0.022845
v 0.026230 -0.010500 0.022554
v 0.026108 -0.010500 0.022272
v 0.025964 -0.010500 0.022000
v 0.025964 -0.011500 0.022000
v 0.025564 -0.011500 0.021429
v 0.025071 -0.011500 0.020936
v 0.024500 -0.011500 0.020536
v 0.024500 -0.010500 0.020536
v 0.024228 -0.010500 0.020392
v 0.023946 -0.010500 0.020270
v 0.023655 -0.010500 0.020170
v 0.023655 -0.011800 0.020170
v 0.022890 -0.011800 0.020019
v 0.022110 -0.011800 0.020019
v 0.021345 -0.011800 0.020170
v 0.021345 -0.010500 0.020170
v 0.021054 -0.010500 0.020270
v 0.020772 -0.010500 0.020392
v 0.020500 -0.010500 0.020536
v 0.020500 -0.011500 0.020536
v 0.019929 -0.011500 0.020936
v 0.019436 -0.011500 0.021429
v 0.019036 -0.011500 0.022000
v 0.019036 -0.010500 0.022000
v 0.018892 -0.010500 0.022272
v 0.018770 -0.010500 0.022554
v 0.018670 -0.010500 0.022845
v 0.018670 -0.011800 0.022845
v 0.018519 -0.011800 0.023610
v 0.018519 -0.011800 0.024390
v 0.018670 -0.011800 0.025155
v 0.018670 -0.010500 0.025155
v 0.018770 -0.010500 0.025446
v 0.018892 -0.010500 0.025728
v 0.019036 -0.010500 0.026000
v 0.019036 -0.011500 0.026000
v 0.019436 -0.011500 0.026571
v 0.019929 -0.011500 0.027064
v 0.020500 -0.011500 0.027464
v 0.020500 -0.010500 0.027464
v 0.020772 -0.010500 0.027608
v 0.021054 -0.010500 0.027730
v 0.021345 -0.010500 0.027830
v 0.021345 -0.011800 0.027830
v 0.022110 -0.011800 0.027981
v 0.022890 -0.011800 0.027981
v 0.023655 -0.011800 0.027830
v 0.023655 -0.010500 0.027830
v 0.023946 -0.010500 0.027730
v 0.024228 -0.010500 0.027608
v 0.024500 -0.010500 0.027464
v 0.024500 -0.011500 0.027464
v 0.025071 -0.011500 0.027064
v 0.025564 -0.011500 0.026571
v 0.025964 -0.011500 0.026000
v 0.025964 -0.010500 0.026000
v 0.026108 -0.010500 0.025728
v 0.026230 -0.010500 0.025446
v 0.026330 -0.010500 0.025155
v 0.026500 -0.013000 0.024000
v 0.026481 -0.011800 0.024390
v 0.030000 -0.009750 0.036800
v 0.031800 -0.009750 0.036800
v 0.032000 -0.009950 0.036800
v 0.032000 -0.008000 0.036800
v 0.031732 -0.007000 0.036800
v 0.031000 -0.006268 0.036800
v 0.030000 -0.006000 0.036800
v 0.028457 -0.006000 0.036800
v 0.028328 -0.006017 0.036800
v 0.028207 -0.006067 0.036800
v 0.028104 -0.006146 0.036800
v 0.027738 -0.006512 0.036800
v 0.028027 -0.006434 0.036800
v 0.028250 -0.006724 0.036800
v 0.028250 -0.008000 0.036800
v 0.028484 -0.008875 0.036800
v 0.029125 -0.009516 0.036800
v 0.031025 -0.008000 0.036800
v 0.030317 -0.008975 0.036800
v 0.029171 -0.008602 0.036800
v 0.029171 -0.007398 0.036800
v 0.030317 -0.007025 0.036800
v -0.001000 -0.010586 0.038300
v -0.001000 -0.009950 0.038300
v -0.002000 -0.009950 0.037300
v -0.002000 -0.011000 0.037300
v -0.000000 -0.013000 0.010700
v -0.000000 -0.013000 0.037300
v -0.002000 -0.011000 0.037300
v -0.002000 -0.011000 0.010700
v 0.030000 -0.013000 0.037300
v 0.030000 -0.013000 0.010700
v 0.032000 -0.011000 0.010700
v 0.032000 -0.011000 0.037300
v -0.000000 -0.009950 0.038300
v 0.000975 -0.009689 0.038300
v 0.001689 -0.008975 0.038300
v 0.001950 -0.008000 0.038300
v 0.001750 -0.008000 0.038100
v 0.001516 -0.008875 0.038100
v 0.000875 -0.009516 0.038100
v -0.000000 -0.009750 0.038100
v 0.001750 -0.008000 0.038100
v 0.001750 -0.006724 0.038100
v 0.001750 -0.006724 0.036800
v 0.001750 -0.008000 0.036800
v 0.019000 -0.010000 0.031200
v 0.018239 -0.010000 0.031753
v 0.018530 -0.010000 0.032647
v 0.019470 -0.010000 0.032647
v 0.019761 -0.010000 0.031753
v 0.019000 -0.013000 0.031200
v 0.019761 -0.013000 0.031753
v 0.019470 -0.013000 0.032647
v 0.018530 -0.013000 0.032647
v 0.018239 -0.013000 0.031753
v 0.019000 -0.013000 0.031200
v 0.019000 -0.010000 0.031200
v 0.030861 -0.010639 0.030157
v 0.031000 -0.010500 0.030157
v 0.031000 -0.010000 0.030157
v 0.030861 -0.010000 0.030157
v 0.020747 -0.011500 0.018723
v 0.020997 -0.011500 0.019157
v 0.020997 -0.011800 0.019157
v 0.020747 -0.011800 0.018723
v 0.015500 -0.010000 0.032407
v 0.015500 -0.010000 0.037300
v 0.015500 -0.011500 0.037300
v 0.015500 -0.011500 0.032407
v 0.025000 -0.011500 0.036000
v 0.025000 -0.010000 0.036000
v 0.023768 -0.010000 0.036000
v 0.023768 -0.011500 0.036000
v 0.025000 -0.010000 0.012000
v 0.025000 -0.011500 0.012000
v 0.023768 -0.011500 0.012000
v 0.023768 -0.010000 0.012000
v 0.026000 -0.011500 0.037300
v 0.027250 -0.011500 0.037300
v 0.027250 -0.011500 0.036000
v 0.026000 -0.011500 0.036000
v 0.002479 -0.011500 0.012500
v -0.000000 -0.011500 0.012500
v -0.000000 -0.011500 0.016302
v 0.000420 -0.011500 0.015990
v 0.000893 -0.011500 0.015763
v 0.001399 -0.011500 0.015629
v 0.001036 -0.011500 0.015000
v 0.004000 -0.011500 0.036000
v 0.004000 -0.010000 0.036000
v 0.002750 -0.010000 0.036000
v 0.002750 -0.011500 0.036000
v 0.002121 -0.006654 0.009700
v 0.002050 -0.006624 0.009700
v 0.001979 -0.006654 0.009700
v 0.001950 -0.006724 0.009700
v 0.001750 -0.006724 0.009900
v 0.001838 -0.006512 0.009900
v 0.002050 -0.006424 0.009900
v 0.002262 -0.006512 0.009900
v 0.005000 -0.010000 0.036000
v 0.005000 -0.011500 0.036000
v 0.006232 -0.011500 0.036000
v 0.006232 -0.010000 0.036000
v 0.004000 -0.011500 0.037300
v 0.004000 -0.011500 0.036000
v 0.002750 -0.011500 0.036000
v 0.002750 -0.011500 0.037300
v 0.001543 -0.006000 0.035500
v 0.001672 -0.006017 0.035500
v 0.001793 -0.006067 0.035500
v 0.001896 -0.006146 0.035500
v 0.002750 -0.007000 0.035500
v 0.002750 -0.010000 0.035500
v 0.002479 -0.010000 0.035500
v 0.002479 -0.011500 0.035500
v -0.000000 -0.011500 0.035500
v -0.001000 -0.010500 0.035500
v -0.001000 -0.010000 0.035500
v -0.002000 -0.010000 0.035500
v -0.002000 -0.008000 0.035500
v -0.001732 -0.007000 0.035500
v -0.001000 -0.006268 0.035500
v -0.000000 -0.006000 0.035500
v 0.001025 -0.008000 0.035500
v 0.000317 -0.007025 0.035500
v -0.000829 -0.007398 0.035500
v -0.000829 -0.008602 0.035500
v 0.000317 -0.008975 0.035500
v 0.016843 -0.011800 0.031407
v 0.018359 -0.011800 0.030532
v 0.018359 -0.011800 0.028782
v 0.016843 -0.011800 0.027907
v 0.013157 -0.011800 0.027907
v 0.011641 -0.011800 0.028782
v 0.011641 -0.011800 0.030532
v 0.013157 -0.011800 0.031407
v 0.015818 -0.011800 0.029657
v 0.016526 -0.011800 0.028682
v 0.017672 -0.011800 0.029054
v 0.017672 -0.011800 0.030259
v 0.016526 -0.011800 0.030632
v 0.014182 -0.011800 0.029657
v 0.013474 -0.011800 0.030632
v 0.012328 -0.011800 0.030259
v 0.012328 -0.011800 0.029054
v 0.013474 -0.011800 0.028682
v 0.031025 -0.008000 0.035500
v 0.030317 -0.008975 0.035500
v 0.029171 -0.008602 0.035500
v 0.029171 -0.007398 0.035500
v 0.030317 -0.007025 0.035500
v 0.031025 -0.008000 0.036800
v 0.030317 -0.007025 0.036800
v 0.029171 -0.007398 0.036800
v 0.029171 -0.008602 0.036800
v 0.030317 -0.008975 0.036800
v 0.031025 -0.008000 0.036800
v 0.031025 -0.008000 0.035500
v -0.001000 -0.009950 0.038300
v -0.000000 -0.009950 0.038300
v -0.000000 -0.009750 0.038100
v -0.000917 -0.009750 0.038100
v -0.001000 -0.010586 0.009700
v 0.000414 -0.012000 0.009700
v -0.000000 -0.013000 0.010700
v -0.002000 -0.011000 0.010700
v 0.030000 -0.013000 0.010700
v -0.000000 -0.013000 0.010700
v 0.000414 -0.012000 0.009700
v 0.029586 -0.012000 0.009700
v -0.000000 -0.009750 0.038100
v 0.000875 -0.009516 0.038100
v 0.001516 -0.008875 0.038100
v 0.001750 -0.008000 0.038100
v 0.001750 -0.008000 0.036800
v 0.001516 -0.008875 0.036800
v 0.000875 -0.009516 0.036800
v -0.000000 -0.009750 0.036800
v 0.013157 -0.010000 0.016593
v 0.013157 -0.011800 0.016593
v 0.016843 -0.011800 0.016593
v 0.016843 -0.010000 0.016593
v 0.028601 -0.010000 0.032371
v 0.028964 -0.010000 0.033000
v 0.028964 -0.011500 0.033000
v 0.028601 -0.011500 0.032371
v 0.020997 -0.011500 0.019157
v 0.020747 -0.011500 0.018723
v 0.020643 -0.010000 0.018783
v 0.020893 -0.010000 0.019217
v 0.028457 -0.006000 0.012500
v 0.028328 -0.006017 0.012500
v 0.028207 -0.006067 0.012500
v 0.028104 -0.006146 0.012500
v 0.027250 -0.007000 0.012500
v 0.027250 -0.010000 0.012500
v 0.027521 -0.010000 0.012500
v 0.027521 -0.011500 0.012500
v 0.030000 -0.011500 0.012500
v 0.031000 -0.010500 0.012500
v 0.031000 -0.010000 0.012500
v 0.032000 -0.010000 0.012500
v 0.032000 -0.008000 0.012500
v 0.031732 -0.007000 0.012500
v 0.031000 -0.006268 0.012500
v 0.030000 -0.006000 0.012500
v 0.031025 -0.008000 0.012500
v 0.030317 -0.008975 0.012500
v 0.029171 -0.008602 0.012500
v 0.029171 -0.007398 0.012500
v 0.030317 -0.007025 0.012500
v 0.015500 -0.010000 0.037300
v 0.018500 -0.010000 0.037300
v 0.018500 -0.011500 0.037300
v 0.015500 -0.011500 0.037300
v 0.030000 -0.011500 0.012500
v 0.027521 -0.011500 0.012500
v 0.028964 -0.011500 0.015000
v 0.028601 -0.011500 0.015629
v 0.029107 -0.011500 0.015763
v 0.029580 -0.011500 0.015990
v 0.030000 -0.011500 0.016302
v 0.026000 -0.010000 0.036000
v 0.026000 -0.011500 0.036000
v 0.027250 -0.011500 0.036000
v 0.027250 -0.010000 0.036000
v 0.026000 -0.011500 0.012000
v 0.026000 -0.011500 0.010700
v 0.026000 -0.010000 0.010700
v 0.026000 -0.010000 0.012000
v 0.028104 -0.006146 0.035500
v 0.028207 -0.006067 0.035500
v 0.028328 -0.006017 0.035500
v 0.028457 -0.006000 0.035500
v 0.030000 -0.006000 0.035500
v 0.031000 -0.006268 0.035500
v 0.031732 -0.007000 0.035500
v 0.032000 -0.008000 0.035500
v 0.032000 -0.010000 0.035500
v 0.031000 -0.010000 0.035500
v 0.031000 -0.010500 0.035500
v 0.030000 -0.011500 0.035500
v 0.027521 -0.011500 0.035500
v 0.027521 -0.010000 0.035500
v 0.027250 -0.010000 0.035500
v 0.027250 -0.007000 0.035500
v 0.031025 -0.008000 0.035500
v 0.030317 -0.007025 0.035500
v 0.029171 -0.007398 0.035500
v 0.029171 -0.008602 0.035500
v 0.030317 -0.008975 0.035500
v 0.001950 -0.006724 0.009700
v 0.001950 -0.008000 0.009700
v 0.001750 -0.008000 0.009900
v 0.001750 -0.006724 0.009900
v -0.001000 -0.009950 0.009700
v -0.000000 -0.009950 0.009700
v 0.000975 -0.009689 0.009700
v 0.001689 -0.008975 0.009700
v 0.001950 -0.008000 0.009700
v 0.001950 -0.006724 0.009700
v 0.001979 -0.006654 0.009700
v 0.002050 -0.006624 0.009700
v 0.002121 -0.006654 0.009700
v 0.003851 -0.008384 0.009700
v 0.005135 -0.009369 0.009700
v 0.006631 -0.009989 0.009700
v 0.008235 -0.010200 0.009700
v 0.021765 -0.010200 0.009700
v 0.023369 -0.009989 0.009700
v 0.024865 -0.009369 0.009700
v 0.026149 -0.008384 0.009700
v 0.027879 -0.006654 0.009700
v 0.027950 -0.006624 0.009700
v 0.028021 -0.006654 0.009700
v 0.028050 -0.006724 0.009700
v 0.028050 -0.008000 0.009700
v 0.028311 -0.008975 0.009700
v 0.029025 -0.009689 0.009700
v 0.030000 -0.009950 0.009700
v 0.031000 -0.009950 0.009700
v 0.031000 -0.010586 0.009700
v 0.029586 -0.012000 0.009700
v 0.000414 -0.012000 0.009700
v -0.001000 -0.010586 0.009700
v 0.004000 -0.011500 0.036000
v 0.004000 -0.011500 0.037300
v 0.004000 -0.010000 0.037300
v 0.004000 -0.010000 0.036000
v 0.026000 -0.011500 0.010700
v 0.026000 -0.011500 0.012000
v 0.027250 -0.011500 0.012000
v 0.027250 -0.011500 0.010700
v -0.002000 -0.008000 0.036800
v -0.002000 -0.009950 0.036800
v -0.001800 -0.009750 0.036800
v -0.000000 -0.009750 0.036800
v 0.000875 -0.009516 0.036800
v 0.001516 -0.008875 0.036800
v 0.001750 -0.008000 0.036800
v 0.001750 -0.006724 0.036800
v 0.001973 -0.006434 0.036800
v 0.002262 -0.006512 0.036800
v 0.001896 -0.006146 0.036800
v 0.001793 -0.006067 0.036800
v 0.001672 -0.006017 0.036800
v 0.001543 -0.006000 0.036800
v -0.000000 -0.006000 0.036800
v -0.001000 -0.006268 0.036800
v -0.001732 -0.007000 0.036800
v 0.001025 -0.008000 0.036800
v 0.000317 -0.008975 0.036800
v -0.000829 -0.008602 0.036800
v -0.000829 -0.007398 0.036800
v 0.000317 -0.007025 0.036800
v 0.016843 -0.011800 0.020093
v 0.018359 -0.011800 0.019218
v 0.018359 -0.011800 0.017468
v 0.016843 -0.011800 0.016593
v 0.013157 -0.011800 0.016593
v 0.011641 -0.011800 0.017468
v 0.011641 -0.011800 0.019218
v 0.013157 -0.011800 0.020093
v 0.015818 -0.011800 0.018343
v 0.016526 -0.011800 0.017368
v 0.017672 -0.011800 0.017741
v 0.017672 -0.011800 0.018946
v 0.016526 -0.011800 0.019318
v 0.014182 -0.011800 0.018343
v 0.013474 -0.011800 0.019318
v 0.012328 -0.011800 0.018946
v 0.012328 -0.011800 0.017741
v 0.013474 -0.011800 0.017368
v 0.030000 -0.006000 0.036800
v 0.031000 -0.006268 0.036800
v 0.031732 -0.007000 0.036800
v 0.032000 -0.008000 0.036800
v 0.032000 -0.008000 0.035500
v 0.031732 -0.007000 0.035500
v 0.031000 -0.006268 0.035500
v 0.030000 -0.006000 0.035500
v -0.002000 -0.009950 0.037300
v -0.002000 -0.009950 0.036800
v -0.002000 -0.008000 0.036800
v -0.002000 -0.008000 0.035500
v -0.002000 -0.010000 0.035500
v -0.002000 -0.010000 0.012500
v -0.002000 -0.008000 0.012500
v -0.002000 -0.008000 0.011200
v -0.002000 -0.009950 0.011200
v -0.002000 -0.009950 0.010700
v -0.002000 -0.011000 0.010700
v -0.002000 -0.011000 0.037300
v -0.000917 -0.009750 0.038100
v -0.001800 -0.009750 0.037217
v -0.002000 -0.009950 0.037300
v -0.001000 -0.009950 0.038300
v 0.028457 -0.006000 0.035500
v 0.028328 -0.006017 0.035500
v 0.028207 -0.006067 0.035500
v 0.028104 -0.006146 0.035500
v 0.028104 -0.006146 0.036800
v 0.028207 -0.006067 0.036800
v 0.028328 -0.006017 0.036800
v 0.028457 -0.006000 0.036800
v 0.031000 -0.010586 0.009700
v 0.031000 -0.009950 0.009700
v 0.032000 -0.009950 0.010700
v 0.032000 -0.011000 0.010700
v 0.011500 -0.010000 0.014271
v 0.012068 -0.010000 0.014551
v 0.012504 -0.010000 0.015011
v 0.012753 -0.010000 0.015593
v 0.012753 -0.011500 0.015593
v 0.012504 -0.011500 0.015011
v 0.012068 -0.011500 0.014551
v 0.011500 -0.011500 0.014271
v 0.016843 -0.010000 0.016593
v 0.016843 -0.011800 0.016593
v 0.018359 -0.011800 0.017468
v 0.018359 -0.011800 0.019218
v 0.016843 -0.011800 0.020093
v 0.016843 -0.010000 0.020093
v 0.018359 -0.010000 0.019218
v 0.018359 -0.010000 0.017468
v 0.013157 -0.010000 0.020093
v 0.013157 -0.011800 0.020093
v 0.011641 -0.011800 0.019218
v 0.011641 -0.011800 0.017468
v 0.013157 -0.011800 0.016593
v 0.013157 -0.010000 0.016593
v 0.011641 -0.010000 0.017468
v 0.011641 -0.010000 0.019218
v 0.028964 -0.011500 0.033000
v 0.028964 -0.010000 0.033000
v 0.027521 -0.010000 0.035500
v 0.027521 -0.011500 0.035500
v 0.020643 -0.010000 0.018783
v 0.020747 -0.011500 0.018723
v 0.020747 -0.011800 0.018723
v 0.020643 -0.011800 0.018783
v -0.000000 -0.011500 0.035500
v 0.002479 -0.011500 0.035500
v 0.001036 -0.011500 0.033000
v 0.001399 -0.011500 0.032371
v 0.000893 -0.011500 0.032237
v 0.000420 -0.011500 0.032010
v -0.000000 -0.011500 0.031698
v 0.031025 -0.008000 0.011200
v 0.030317 -0.008975 0.011200
v 0.029171 -0.008602 0.011200
v 0.029171 -0.007398 0.011200
v 0.030317 -0.007025 0.011200
v 0.031025 -0.008000 0.012500
v 0.030317 -0.007025 0.012500
v 0.029171 -0.007398 0.012500
v 0.029171 -0.008602 0.012500
v 0.030317 -0.008975 0.012500
v 0.031025 -0.008000 0.012500
v 0.031025 -0.008000 0.011200
v 0.018500 -0.010000 0.037300
v 0.018500 -0.010000 0.033729
v 0.018500 -0.011500 0.033729
v 0.018500 -0.011500 0.037300
v 0.028964 -0.010000 0.015000
v 0.028601 -0.010000 0.015629
v 0.028601 -0.011500 0.015629
v 0.028964 -0.011500 0.015000
v 0.025000 -0.011500 0.010700
v 0.025000 -0.011500 0.012000
v 0.025000 -0.010000 0.012000
v 0.025000 -0.010000 0.010700
v 0.001025 -0.008000 0.035500
v 0.000317 -0.008975 0.035500
v -0.000829 -0.008602 0.035500
v -0.000829 -0.007398 0.035500
v 0.000317 -0.007025 0.035500
v 0.001025 -0.008000 0.036800
v 0.000317 -0.007025 0.036800
v -0.000829 -0.007398 0.036800
v -0.000829 -0.008602 0.036800
v 0.000317 -0.008975 0.036800
v 0.001025 -0.008000 0.036800
v 0.001025 -0.008000 0.035500
v 0.001950 -0.008000 0.009700
v 0.001689 -0.008975 0.009700
v 0.000975 -0.009689 0.009700
v -0.000000 -0.009950 0.009700
v -0.000000 -0.009750 0.009900
v 0.000875 -0.009516 0.009900
v 0.001516 -0.008875 0.009900
v 0.001750 -0.008000 0.009900
v 0.027879 -0.006654 0.009700
v 0.026149 -0.008384 0.009700
v 0.026007 -0.008243 0.009900
v 0.027738 -0.006512 0.009900
v -0.000000 -0.009950 0.009700
v -0.001000 -0.009950 0.009700
v -0.000917 -0.009750 0.009900
v -0.000000 -0.009750 0.009900
v 0.021765 -0.010000 0.010700
v 0.019500 -0.010000 0.010700
v 0.019500 -0.011500 0.010700
v 0.025000 -0.011500 0.010700
v 0.025000 -0.010000 0.010700
v 0.026000 -0.010000 0.010700
v 0.026000 -0.011500 0.010700
v 0.027250 -0.011500 0.010700
v 0.027250 -0.007000 0.010700
v 0.026007 -0.008243 0.010700
v 0.024765 -0.009196 0.010700
v 0.023318 -0.009796 0.010700
v 0.006232 -0.011500 0.012000
v 0.007964 -0.011500 0.015000
v 0.009503 -0.011500 0.015000
v 0.009775 -0.011500 0.014681
v 0.010114 -0.011500 0.014433
v 0.010500 -0.011500 0.014271
v 0.010500 -0.011500 0.010700
v 0.005000 -0.011500 0.010700
v 0.005000 -0.011500 0.012000
v 0.001543 -0.006000 0.036800
v 0.001672 -0.006017 0.036800
v 0.001793 -0.006067 0.036800
v 0.001896 -0.006146 0.036800
v 0.001896 -0.006146 0.035500
v 0.001793 -0.006067 0.035500
v 0.001672 -0.006017 0.035500
v 0.001543 -0.006000 0.035500
v 0.005000 -0.011500 0.010700
v 0.010500 -0.011500 0.010700
v 0.010500 -0.010000 0.010700
v 0.008235 -0.010000 0.010700
v 0.006682 -0.009796 0.010700
v 0.005235 -0.009196 0.010700
v 0.003993 -0.008243 0.010700
v 0.002750 -0.007000 0.010700
v 0.002750 -0.011500 0.010700
v 0.004000 -0.011500 0.010700
v 0.004000 -0.010000 0.010700
v 0.005000 -0.010000 0.010700
v 0.018670 -0.011800 0.022845
v 0.018500 -0.011800 0.022845
v 0.017717 -0.011800 0.022393
v 0.017657 -0.011800 0.022497
v 0.017223 -0.011800 0.022247
v 0.017283 -0.011800 0.022143
v 0.016500 -0.011800 0.021691
v 0.015717 -0.011800 0.022143
v 0.015777 -0.011800 0.022247
v 0.015343 -0.011800 0.022497
v 0.015283 -0.011800 0.022393
v 0.015000 -0.011800 0.022557
v 0.014717 -0.011800 0.022393
v 0.014657 -0.011800 0.022497
v 0.014223 -0.011800 0.022247
v 0.014283 -0.011800 0.022143
v 0.013500 -0.011800 0.021691
v 0.012717 -0.011800 0.022143
v 0.012777 -0.011800 0.022247
v 0.012343 -0.011800 0.022497
v 0.012283 -0.011800 0.022393
v 0.011500 -0.011800 0.022845
v 0.011330 -0.011800 0.022845
v 0.011481 -0.011800 0.023610
v 0.011481 -0.011800 0.024390
v 0.011330 -0.011800 0.025155
v 0.011500 -0.011800 0.025155
v 0.012283 -0.011800 0.025607
v 0.012343 -0.011800 0.025503
v 0.012777 -0.011800 0.025753
v 0.012717 -0.011800 0.025857
v 0.013500 -0.011800 0.026309
v 0.014283 -0.011800 0.025857
v 0.014223 -0.011800 0.025753
v 0.014657 -0.011800 0.025503
v 0.014717 -0.011800 0.025607
v 0.015000 -0.011800 0.025443
v 0.015283 -0.011800 0.025607
v 0.015343 -0.011800 0.025503
v 0.015777 -0.011800 0.025753
v 0.015717 -0.011800 0.025857
v 0.016500 -0.011800 0.026309
v 0.017283 -0.011800 0.025857
v 0.017223 -0.011800 0.025753
v 0.017657 -0.011800 0.025503
v 0.017717 -0.011800 0.025607
v 0.018500 -0.011800 0.025155
v 0.018670 -0.011800 0.025155
v 0.018519 -0.011800 0.024390
v 0.018519 -0.011800 0.023610
v 0.016500 -0.011800 0.025025
v 0.015525 -0.011800 0.024317
v 0.015898 -0.011800 0.023171
v 0.017102 -0.011800 0.023171
v 0.017475 -0.011800 0.024317
v 0.013500 -0.011800 0.025025
v 0.012525 -0.011800 0.024317
v 0.012898 -0.011800 0.023171
v 0.014102 -0.011800 0.023171
v 0.014475 -0.011800 0.024317
v -0.002000 -0.009950 0.036800
v -0.002000 -0.009950 0.037300
v -0.001800 -0.009750 0.037217
v -0.001800 -0.009750 0.036800
v -0.000917 -0.009750 0.038100
v -0.000000 -0.009750 0.038100
v -0.000000 -0.009750 0.036800
v -0.001800 -0.009750 0.036800
v -0.001800 -0.009750 0.037217
v 0.032000 -0.011000 0.010700
v 0.030000 -0.013000 0.010700
v 0.029586 -0.012000 0.009700
v 0.031000 -0.010586 0.009700
v 0.001543 -0.006000 0.036800
v 0.001543 -0.006000 0.035500
v -0.000000 -0.006000 0.035500
v -0.000000 -0.006000 0.036800
v 0.032000 -0.009950 0.011200
v 0.032000 -0.009950 0.010700
v 0.031800 -0.009750 0.010783
v 0.031800 -0.009750 0.011200
v 0.015500 -0.010000 0.015593
v 0.017247 -0.010000 0.015593
v 0.017247 -0.011500 0.015593
v 0.015500 -0.011500 0.015593
v 0.011500 -0.010000 0.010700
v 0.011500 -0.010000 0.014271
v 0.011500 -0.011500 0.014271
v 0.011500 -0.011500 0.010700
v 0.012753 -0.010000 0.015593
v 0.014500 -0.010000 0.015593
v 0.014500 -0.011500 0.015593
v 0.012753 -0.011500 0.015593
v 0.016843 -0.010000 0.020093
v 0.016843 -0.011800 0.020093
v 0.013157 -0.011800 0.020093
v 0.013157 -0.010000 0.020093
v 0.022250 -0.010000 0.016000
v 0.022250 -0.011800 0.016000
v 0.022250 -0.011800 0.016120
v 0.022250 -0.011500 0.016120
v 0.027521 -0.011500 0.035500
v 0.030000 -0.011500 0.035500
v 0.030000 -0.011500 0.031698
v 0.029580 -0.011500 0.032010
v 0.029107 -0.011500 0.032237
v 0.028601 -0.011500 0.032371
v 0.028964 -0.011500 0.033000
v 0.001543 -0.006000 0.012500
v 0.001672 -0.006017 0.012500
v 0.001793 -0.006067 0.012500
v 0.001896 -0.006146 0.012500
v 0.001896 -0.006146 0.011200
v 0.001793 -0.006067 0.011200
v 0.001672 -0.006017 0.011200
v 0.001543 -0.006000 0.011200
v 0.014500 -0.010000 0.032407
v 0.012753 -0.010000 0.032407
v 0.012753 -0.011500 0.032407
v 0.014500 -0.011500 0.032407
v 0.023768 -0.011500 0.012000
v 0.022036 -0.011500 0.015000
v 0.022036 -0.010000 0.015000
v 0.023768 -0.010000 0.012000
v 0.001750 -0.008000 0.009900
v 0.001516 -0.008875 0.009900
v 0.000875 -0.009516 0.009900
v -0.000000 -0.009750 0.009900
v -0.000000 -0.009750 0.011200
v 0.000875 -0.009516 0.011200
v 0.001516 -0.008875 0.011200
v 0.001750 -0.008000 0.011200
v 0.028250 -0.006724 0.009900
v 0.028050 -0.006724 0.009700
v 0.028021 -0.006654 0.009700
v 0.027950 -0.006624 0.009700
v 0.027879 -0.006654 0.009700
v 0.027738 -0.006512 0.009900
v 0.027950 -0.006424 0.009900
v 0.028162 -0.006512 0.009900
v -0.001000 -0.009950 0.009700
v -0.002000 -0.009950 0.010700
v -0.001800 -0.009750 0.010783
v -0.000917 -0.009750 0.009900
v 0.010500 -0.010000 0.014271
v 0.010500 -0.010000 0.010700
v 0.010500 -0.011500 0.010700
v 0.010500 -0.011500 0.014271
v 0.005500 -0.011500 0.020536
v 0.004541 -0.011500 0.018875
v 0.004131 -0.011500 0.019870
v 0.003370 -0.011500 0.020631
v 0.002375 -0.011500 0.021041
v 0.004036 -0.011500 0.022000
v 0.004436 -0.011500 0.021429
v 0.004929 -0.011500 0.020936
v -0.002000 -0.008000 0.036800
v -0.001732 -0.007000 0.036800
v -0.001000 -0.006268 0.036800
v -0.000000 -0.006000 0.036800
v -0.000000 -0.006000 0.035500
v -0.001000 -0.006268 0.035500
v -0.001732 -0.007000 0.035500
v -0.002000 -0.008000 0.035500
v 0.021345 -0.011800 0.027830
v 0.021345 -0.011800 0.028000
v 0.020893 -0.011800 0.028783
v 0.020997 -0.011800 0.028843
v 0.020747 -0.011800 0.029277
v 0.020643 -0.011800 0.029217
v 0.020191 -0.011800 0.030000
v 0.021345 -0.011800 0.032000
v 0.022250 -0.011800 0.032000
v 0.022250 -0.011800 0.031880
v 0.022750 -0.011800 0.031880
v 0.022750 -0.011800 0.032000
v 0.023248 -0.011800 0.032000
v 0.023441 -0.011800 0.032070
v 0.023544 -0.011800 0.032248
v 0.023508 -0.011800 0.032450
v 0.023191 -0.011800 0.033000
v 0.023643 -0.011800 0.033783
v 0.023747 -0.011800 0.033723
v 0.023997 -0.011800 0.034157
v 0.023893 -0.011800 0.034217
v 0.024345 -0.011800 0.035000
v 0.026655 -0.011800 0.035000
v 0.027107 -0.011800 0.034217
v 0.027003 -0.011800 0.034157
v 0.027253 -0.011800 0.033723
v 0.027357 -0.011800 0.033783
v 0.027809 -0.011800 0.033000
v 0.027021 -0.011800 0.031634
v 0.027355 -0.011800 0.031212
v 0.029005 -0.011800 0.031187
v 0.029901 -0.011800 0.029801
v 0.029246 -0.011800 0.028287
v 0.027622 -0.011800 0.027991
v 0.026474 -0.011800 0.029176
v 0.026822 -0.011800 0.030789
v 0.026655 -0.011800 0.031000
v 0.025750 -0.011800 0.031000
v 0.025750 -0.011800 0.031120
v 0.025250 -0.011800 0.031120
v 0.025250 -0.011800 0.031000
v 0.024752 -0.011800 0.031000
v 0.024559 -0.011800 0.030930
v 0.024456 -0.011800 0.030752
v 0.024492 -0.011800 0.030550
v 0.024809 -0.011800 0.030000
v 0.024357 -0.011800 0.029217
v 0.024253 -0.011800 0.029277
v 0.024003 -0.011800 0.028843
v 0.024107 -0.011800 0.028783
v 0.023655 -0.011800 0.028000
v 0.023655 -0.011800 0.027830
v 0.022890 -0.011800 0.027981
v 0.022110 -0.011800 0.027981
v 0.023525 -0.011800 0.030000
v 0.022817 -0.011800 0.030975
v 0.021671 -0.011800 0.030602
v 0.021671 -0.011800 0.029398
v 0.022817 -0.011800 0.029025
v 0.029182 -0.011800 0.029657
v 0.028474 -0.011800 0.030632
v 0.027328 -0.011800 0.030259
v 0.027328 -0.011800 0.029054
v 0.028474 -0.011800 0.028682
v 0.025500 -0.011800 0.034025
v 0.024525 -0.011800 0.033317
v 0.024898 -0.011800 0.032171
v 0.026102 -0.011800 0.032171
v 0.026475 -0.011800 0.033317
v 0.028457 -0.006000 0.035500
v 0.028457 -0.006000 0.036800
v 0.030000 -0.006000 0.036800
v 0.030000 -0.006000 0.035500
v 0.032000 -0.008000 0.011200
v 0.032000 -0.009950 0.011200
v 0.031800 -0.009750 0.011200
v 0.030000 -0.009750 0.011200
v 0.029125 -0.009516 0.011200
v 0.028484 -0.008875 0.011200
v 0.028250 -0.008000 0.011200
v 0.028250 -0.006724 0.011200
v 0.028027 -0.006434 0.011200
v 0.027738 -0.006512 0.011200
v 0.028104 -0.006146 0.011200
v 0.028207 -0.006067 0.011200
v 0.028328 -0.006017 0.011200
v 0.028457 -0.006000 0.011200
v 0.030000 -0.006000 0.011200
v 0.031000 -0.006268 0.011200
v 0.031732 -0.007000 0.011200
v 0.031025 -0.008000 0.011200
v 0.030317 -0.007025 0.011200
v 0.029171 -0.007398 0.011200
v 0.029171 -0.008602 0.011200
v 0.030317 -0.008975 0.011200
v 0.030917 -0.009750 0.009900
v 0.031800 -0.009750 0.010783
v 0.032000 -0.009950 0.010700
v 0.031000 -0.009950 0.009700
v 0.013157 -0.010000 0.027907
v 0.013157 -0.011800 0.027907
v 0.016843 -0.011800 0.027907
v 0.016843 -0.010000 0.027907
v 0.015500 -0.010000 0.010700
v 0.015500 -0.010000 0.015593
v 0.015500 -0.011500 0.015593
v 0.015500 -0.011500 0.010700
v 0.017247 -0.010000 0.015593
v 0.017496 -0.010000 0.015011
v 0.017932 -0.010000 0.014551
v 0.018500 -0.010000 0.014271
v 0.018500 -0.011500 0.014271
v 0.017932 -0.011500 0.014551
v 0.017496 -0.011500 0.015011
v 0.017247 -0.011500 0.015593
v 0.014500 -0.010000 0.010700
v 0.011500 -0.010000 0.010700
v 0.011500 -0.011500 0.010700
v 0.014500 -0.011500 0.010700
v 0.010964 -0.010500 0.022000
v 0.011022 -0.010250 0.021967
v 0.011181 -0.010067 0.021875
v 0.011397 -0.010000 0.021750
v 0.011594 -0.010000 0.021636
v 0.011594 -0.011500 0.021636
v 0.010964 -0.011500 0.022000
v 0.014500 -0.010000 0.015593
v 0.014500 -0.010000 0.010700
v 0.014500 -0.011500 0.010700
v 0.014500 -0.011500 0.015593
v 0.023525 -0.013000 0.030000
v 0.022817 -0.013000 0.030975
v 0.021671 -0.013000 0.030602
v 0.021671 -0.013000 0.029398
v 0.022817 -0.013000 0.029025
v 0.023525 -0.011800 0.030000
v 0.022817 -0.011800 0.029025
v 0.021671 -0.011800 0.029398
v 0.021671 -0.011800 0.030602
v 0.022817 -0.011800 0.030975
v 0.023525 -0.011800 0.030000
v 0.023525 -0.013000 0.030000
v 0.022750 -0.011500 0.016120
v 0.022250 -0.011500 0.016120
v 0.022250 -0.011800 0.016120
v 0.022750 -0.011800 0.016120
v 0.021345 -0.010130 0.020000
v 0.021345 -0.011800 0.020000
v 0.020893 -0.011800 0.019217
v 0.020893 -0.010000 0.019217
v 0.021172 -0.010000 0.019700
v -0.000000 -0.011500 0.020384
v -0.000000 -0.011500 0.021402
v 0.000854 -0.011500 0.020909
v 0.000548 -0.011500 0.020769
v 0.000262 -0.011500 0.020593
v 0.028964 -0.010000 0.015000
v 0.028964 -0.011500 0.015000
v 0.027521 -0.011500 0.012500
v 0.027521 -0.010000 0.012500
v 0.001543 -0.006000 0.012500
v 0.001543 -0.006000 0.011200
v -0.000000 -0.006000 0.011200
v -0.000000 -0.006000 0.012500
v 0.028457 -0.006000 0.011200
v 0.028328 -0.006017 0.011200
v 0.028207 -0.006067 0.011200
v 0.028104 -0.006146 0.011200
v 0.028104 -0.006146 0.012500
v 0.028207 -0.006067 0.012500
v 0.028328 -0.006017 0.012500
v 0.028457 -0.006000 0.012500
v 0.012753 -0.010000 0.032407
v 0.012504 -0.010000 0.032989
v 0.012068 -0.010000 0.033449
v 0.011500 -0.010000 0.033729
v 0.011500 -0.011500 0.033729
v 0.012068 -0.011500 0.033449
v 0.012504 -0.011500 0.032989
v 0.012753 -0.011500 0.032407
v 0.020497 -0.010000 0.015000
v 0.022036 -0.010000 0.015000
v 0.022036 -0.011500 0.015000
v 0.020497 -0.011500 0.015000
v 0.024500 -0.010500 0.027464
v 0.024533 -0.010250 0.027522
v 0.024625 -0.010067 0.027681
v 0.024750 -0.010000 0.027897
v 0.025459 -0.010000 0.029125
v 0.025459 -0.011500 0.029125
v 0.024500 -0.011500 0.027464
v 0.028250 -0.006724 0.009900
v 0.028162 -0.006512 0.009900
v 0.027950 -0.006424 0.009900
v 0.027738 -0.006512 0.009900
v 0.027738 -0.006512 0.011200
v 0.028027 -0.006434 0.011200
v 0.028250 -0.006724 0.011200
v 0.001750 -0.006724 0.009900
v 0.001750 -0.008000 0.009900
v 0.001750 -0.008000 0.011200
v 0.001750 -0.006724 0.011200
v 0.028050 -0.008000 0.009700
v 0.028050 -0.006724 0.009700
v 0.028250 -0.006724 0.009900
v 0.028250 -0.008000 0.009900
v -0.001000 -0.009950 0.009700
v -0.001000 -0.010586 0.009700
v -0.002000 -0.011000 0.010700
v -0.002000 -0.009950 0.010700
v 0.009503 -0.010000 0.015000
v 0.009775 -0.010000 0.014681
v 0.010114 -0.010000 0.014433
v 0.010500 -0.010000 0.014271
v 0.010500 -0.011500 0.014271
v 0.010114 -0.011500 0.014433
v 0.009775 -0.011500 0.014681
v 0.009503 -0.011500 0.015000
v 0.019500 -0.010000 0.010700
v 0.019500 -0.010000 0.014271
v 0.019500 -0.011500 0.014271
v 0.019500 -0.011500 0.010700
v 0.004036 -0.010500 0.026000
v 0.003978 -0.010250 0.026033
v 0.003819 -0.010067 0.026125
v 0.003603 -0.010000 0.026250
v 0.002375 -0.010000 0.026959
v 0.002375 -0.011500 0.026959
v 0.004036 -0.011500 0.026000
v 0.025000 -0.011500 0.010700
v 0.019500 -0.011500 0.010700
v 0.019500 -0.011500 0.014271
v 0.019886 -0.011500 0.014433
v 0.020225 -0.011500 0.014681
v 0.020497 -0.011500 0.015000
v 0.022036 -0.011500 0.015000
v 0.023768 -0.011500 0.012000
v 0.025000 -0.011500 0.012000
v 0.002262 -0.006512 0.009900
v 0.002050 -0.006424 0.009900
v 0.001838 -0.006512 0.009900
v 0.001750 -0.006724 0.009900
v 0.001750 -0.006724 0.011200
v 0.001973 -0.006434 0.011200
v 0.002262 -0.006512 0.011200
v 0.002750 -0.007000 0.010700
v 0.002750 -0.007000 0.012500
v 0.002750 -0.010000 0.012500
v 0.002750 -0.010000 0.012000
v 0.002750 -0.011500 0.012000
v 0.002750 -0.011500 0.010700
v 0.026330 -0.011800 0.025155
v 0.026500 -0.011800 0.025155
v 0.027283 -0.011800 0.025607
v 0.027343 -0.011800 0.025503
v 0.027777 -0.011800 0.025753
v 0.027717 -0.011800 0.025857
v 0.028500 -0.011800 0.026309
v 0.030500 -0.011800 0.025155
v 0.030500 -0.011800 0.024250
v 0.030380 -0.011800 0.024250
v 0.030380 -0.011800 0.023750
v 0.030500 -0.011800 0.023750
v 0.030500 -0.011800 0.022845
v 0.028500 -0.011800 0.021691
v 0.027717 -0.011800 0.022143
v 0.027777 -0.011800 0.022247
v 0.027343 -0.011800 0.022497
v 0.027283 -0.011800 0.022393
v 0.026500 -0.011800 0.022845
v 0.026330 -0.011800 0.022845
v 0.026481 -0.011800 0.023610
v 0.026481 -0.011800 0.024390
v 0.028500 -0.011800 0.022975
v 0.029475 -0.011800 0.023683
v 0.029102 -0.011800 0.024829
v 0.027898 -0.011800 0.024829
v 0.027525 -0.011800 0.023683
v 0.032000 -0.008000 0.011200
v 0.031732 -0.007000 0.011200
v 0.031000 -0.006268 0.011200
v 0.030000 -0.006000 0.011200
v 0.030000 -0.006000 0.012500
v 0.031000 -0.006268 0.012500
v 0.031732 -0.007000 0.012500
v 0.032000 -0.008000 0.012500
v -0.000000 -0.009750 0.011200
v -0.001800 -0.009750 0.011200
v -0.002000 -0.009950 0.011200
v -0.002000 -0.008000 0.011200
v -0.001732 -0.007000 0.011200
v -0.001000 -0.006268 0.011200
v -0.000000 -0.006000 0.011200
v 0.001543 -0.006000 0.011200
v 0.001672 -0.006017 0.011200
v 0.001793 -0.006067 0.011200
v 0.001896 -0.006146 0.011200
v 0.002262 -0.006512 0.011200
v 0.001973 -0.006434 0.011200
v 0.001750 -0.006724 0.011200
v 0.001750 -0.008000 0.011200
v 0.001516 -0.008875 0.011200
v 0.000875 -0.009516 0.011200
v 0.001025 -0.008000 0.011200
v 0.000317 -0.007025 0.011200
v -0.000829 -0.007398 0.011200
v -0.000829 -0.008602 0.011200
v 0.000317 -0.008975 0.011200
v 0.016843 -0.010000 0.027907
v 0.016843 -0.011800 0.027907
v 0.018359 -0.011800 0.028782
v 0.018359 -0.011800 0.030532
v 0.016843 -0.011800 0.031407
v 0.016843 -0.010000 0.031407
v 0.018359 -0.010000 0.030532
v 0.018359 -0.010000 0.028782
v 0.013157 -0.010000 0.031407
v 0.013157 -0.011800 0.031407
v 0.011641 -0.011800 0.030532
v 0.011641 -0.011800 0.028782
v 0.013157 -0.011800 0.027907
v 0.013157 -0.010000 0.027907
v 0.011641 -0.010000 0.028782
v 0.011641 -0.010000 0.030532
v 0.018500 -0.010000 0.010700
v 0.015500 -0.010000 0.010700
v 0.015500 -0.011500 0.010700
v 0.018500 -0.011500 0.010700
v 0.018500 -0.010000 0.014271
v 0.018500 -0.010000 0.010700
v 0.018500 -0.011500 0.010700
v 0.018500 -0.011500 0.014271
v 0.011397 -0.010000 0.021750
v 0.011181 -0.010067 0.021875
v 0.011022 -0.010250 0.021967
v 0.010964 -0.010500 0.022000
v 0.011108 -0.010500 0.022272
v 0.011230 -0.010500 0.022554
v 0.011330 -0.010500 0.022845
v 0.011500 -0.010130 0.022845
v 0.011800 -0.010000 0.022672
v 0.011689 -0.010000 0.022355
v 0.011554 -0.010000 0.022047
v 0.011500 -0.011500 0.014271
v 0.012068 -0.011500 0.014551
v 0.012504 -0.011500 0.015011
v 0.012753 -0.011500 0.015593
v 0.014500 -0.011500 0.015593
v 0.014500 -0.011500 0.010700
v 0.011500 -0.011500 0.010700
v 0.018500 -0.010130 0.022845
v 0.018500 -0.011800 0.022845
v 0.018670 -0.011800 0.022845
v 0.018670 -0.010500 0.022845
v 0.022250 -0.011500 0.016120
v 0.022750 -0.011500 0.016120
v 0.022750 -0.010000 0.016000
v 0.022250 -0.010000 0.016000
v 0.023655 -0.011800 0.020170
v 0.023655 -0.011800 0.020000
v 0.024107 -0.011800 0.019217
v 0.024003 -0.011800 0.019157
v 0.024253 -0.011800 0.018723
v 0.024357 -0.011800 0.018783
v 0.024809 -0.011800 0.018000
v 0.024492 -0.011800 0.017450
v 0.024456 -0.011800 0.017248
v 0.024559 -0.011800 0.017070
v 0.024752 -0.011800 0.017000
v 0.025250 -0.011800 0.017000
v 0.025250 -0.011800 0.016880
v 0.025750 -0.011800 0.016880
v 0.025750 -0.011800 0.017000
v 0.026655 -0.011800 0.017000
v 0.026822 -0.011800 0.017211
v 0.026474 -0.011800 0.018824
v 0.027622 -0.011800 0.020009
v 0.029246 -0.011800 0.019713
v 0.029901 -0.011800 0.018199
v 0.029005 -0.011800 0.016813
v 0.027355 -0.011800 0.016788
v 0.027021 -0.011800 0.016366
v 0.027809 -0.011800 0.015000
v 0.027357 -0.011800 0.014217
v 0.027253 -0.011800 0.014277
v 0.027003 -0.011800 0.013843
v 0.027107 -0.011800 0.013783
v 0.026655 -0.011800 0.013000
v 0.024345 -0.011800 0.013000
v 0.023893 -0.011800 0.013783
v 0.023997 -0.011800 0.013843
v 0.023747 -0.011800 0.014277
v 0.023643 -0.011800 0.014217
v 0.023191 -0.011800 0.015000
v 0.023508 -0.011800 0.015550
v 0.023544 -0.011800 0.015752
v 0.023441 -0.011800 0.015930
v 0.023248 -0.011800 0.016000
v 0.022750 -0.011800 0.016000
v 0.022750 -0.011800 0.016120
v 0.022250 -0.011800 0.016120
v 0.022250 -0.011800 0.016000
v 0.021345 -0.011800 0.016000
v 0.020191 -0.011800 0.018000
v 0.020643 -0.011800 0.018783
v 0.020747 -0.011800 0.018723
v 0.020997 -0.011800 0.019157
v 0.020893 -0.011800 0.019217
v 0.021345 -0.011800 0.020000
v 0.021345 -0.011800 0.020170
v 0.022110 -0.011800 0.020019
v 0.022890 -0.011800 0.020019
v 0.021475 -0.011800 0.018000
v 0.022183 -0.011800 0.017025
v 0.023329 -0.011800 0.017398
v 0.023329 -0.011800 0.018602
v 0.022183 -0.011800 0.018975
v 0.029182 -0.011800 0.018343
v 0.028474 -0.011800 0.019318
v 0.027328 -0.011800 0.018946
v 0.027328 -0.011800 0.017741
v 0.028474 -0.011800 0.017368
v 0.025500 -0.011800 0.016025
v 0.024525 -0.011800 0.015317
v 0.024898 -0.011800 0.014171
v 0.026102 -0.011800 0.014171
v 0.026475 -0.011800 0.015317
v 0.020643 -0.010000 0.018783
v 0.020643 -0.011800 0.018783
v 0.020191 -0.011800 0.018000
v 0.020191 -0.010000 0.018000
v 0.028457 -0.006000 0.011200
v 0.028457 -0.006000 0.012500
v 0.030000 -0.006000 0.012500
v 0.030000 -0.006000 0.011200
v 0.011500 -0.010000 0.033729
v 0.011500 -0.010000 0.037300
v 0.011500 -0.011500 0.037300
v 0.011500 -0.011500 0.033729
v 0.018500 -0.011500 0.033729
v 0.017932 -0.011500 0.033449
v 0.017496 -0.011500 0.032989
v 0.017247 -0.011500 0.032407
v 0.015500 -0.011500 0.032407
v 0.015500 -0.011500 0.037300
v 0.018500 -0.011500 0.037300
v 0.019500 -0.010000 0.014271
v 0.019886 -0.010000 0.014433
v 0.020225 -0.010000 0.014681
v 0.020497 -0.010000 0.015000
v 0.020497 -0.011500 0.015000
v 0.020225 -0.011500 0.014681
v 0.019886 -0.011500 0.014433
v 0.019500 -0.011500 0.014271
v 0.001896 -0.006146 0.012500
v 0.001793 -0.006067 0.012500
v 0.001672 -0.006017 0.012500
v 0.001543 -0.006000 0.012500
v -0.000000 -0.006000 0.012500
v -0.001000 -0.006268 0.012500
v -0.001732 -0.007000 0.012500
v -0.002000 -0.008000 0.012500
v -0.002000 -0.010000 0.012500
v -0.001000 -0.010000 0.012500
v -0.001000 -0.010500 0.012500
v -0.000000 -0.011500 0.012500
v 0.002479 -0.011500 0.012500
v 0.002479 -0.010000 0.012500
v 0.002750 -0.010000 0.012500
v 0.002750 -0.007000 0.012500
v 0.001025 -0.008000 0.012500
v 0.000317 -0.008975 0.012500
v -0.000829 -0.008602 0.012500
v -0.000829 -0.007398 0.012500
v 0.000317 -0.007025 0.012500
v 0.025459 -0.010000 0.029125
v 0.025869 -0.010000 0.028130
v 0.026630 -0.010000 0.027369
v 0.027625 -0.010000 0.026959
v 0.027625 -0.011500 0.026959
v 0.026630 -0.011500 0.027369
v 0.025869 -0.011500 0.028130
v 0.025459 -0.011500 0.029125
v 0.030000 -0.009750 0.009900
v 0.029125 -0.009516 0.009900
v 0.028484 -0.008875 0.009900
v 0.028250 -0.008000 0.009900
v 0.028250 -0.008000 0.011200
v 0.028484 -0.008875 0.011200
v 0.029125 -0.009516 0.011200
v 0.030000 -0.009750 0.011200
v 0.028250 -0.008000 0.009900
v 0.028250 -0.006724 0.009900
v 0.028250 -0.006724 0.011200
v 0.028250 -0.008000 0.011200
v -0.001800 -0.009750 0.011200
v -0.001800 -0.009750 0.010783
v -0.002000 -0.009950 0.010700
v -0.002000 -0.009950 0.011200
v 0.007964 -0.010000 0.015000
v 0.009503 -0.010000 0.015000
v 0.009503 -0.011500 0.015000
v 0.007964 -0.011500 0.015000
v 0.002375 -0.010000 0.026959
v 0.003370 -0.010000 0.027369
v 0.004131 -0.010000 0.028130
v 0.004541 -0.010000 0.029125
v 0.004541 -0.011500 0.029125
v 0.004131 -0.011500 0.028130
v 0.003370 -0.011500 0.027369
v 0.002375 -0.011500 0.026959
v 0.003670 -0.011800 0.022845
v 0.003519 -0.011800 0.023610
v 0.003519 -0.011800 0.024390
v 0.003670 -0.011800 0.025155
v 0.003670 -0.010500 0.025155
v 0.003770 -0.010500 0.025446
v 0.003892 -0.010500 0.025728
v 0.004036 -0.010500 0.026000
v 0.004036 -0.011500 0.026000
v 0.004436 -0.011500 0.026571
v 0.004929 -0.011500 0.027064
v 0.005500 -0.011500 0.027464
v 0.005500 -0.010500 0.027464
v 0.005772 -0.010500 0.027608
v 0.006054 -0.010500 0.027730
v 0.006345 -0.010500 0.027830
v 0.006345 -0.011800 0.027830
v 0.007110 -0.011800 0.027981
v 0.007890 -0.011800 0.027981
v 0.008655 -0.011800 0.027830
v 0.008655 -0.010500 0.027830
v 0.008946 -0.010500 0.027730
v 0.009228 -0.010500 0.027608
v 0.009500 -0.010500 0.027464
v 0.009500 -0.011500 0.027464
v 0.010071 -0.011500 0.027064
v 0.010564 -0.011500 0.026571
v 0.010964 -0.011500 0.026000
v 0.010964 -0.010500 0.026000
v 0.011108 -0.010500 0.025728
v 0.011230 -0.010500 0.025446
v 0.011330 -0.010500 0.025155
v 0.011330 -0.011800 0.025155
v 0.011481 -0.011800 0.024390
v 0.011481 -0.011800 0.023610
v 0.011330 -0.011800 0.022845
v 0.011330 -0.010500 0.022845
v 0.011230 -0.010500 0.022554
v 0.011108 -0.010500 0.022272
v 0.010964 -0.010500 0.022000
v 0.010964 -0.011500 0.022000
v 0.010564 -0.011500 0.021429
v 0.010071 -0.011500 0.020936
v 0.009500 -0.011500 0.020536
v 0.009500 -0.010500 0.020536
v 0.009228 -0.010500 0.020392
v 0.008946 -0.010500 0.020270
v 0.008655 -0.010500 0.020170
v 0.008655 -0.011800 0.020170
v 0.007890 -0.011800 0.020019
v 0.007110 -0.011800 0.020019
v 0.006345 -0.011800 0.020170
v 0.006345 -0.010500 0.020170
v 0.006054 -0.010500 0.020270
v 0.005772 -0.010500 0.020392
v 0.005500 -0.010500 0.020536
v 0.005500 -0.011500 0.020536
v 0.004929 -0.011500 0.020936
v 0.004436 -0.011500 0.021429
v 0.004036 -0.011500 0.022000
v 0.004036 -0.010500 0.022000
v 0.003892 -0.010500 0.022272
v 0.003770 -0.010500 0.022554
v 0.003670 -0.010500 0.022845
v 0.003500 -0.013000 0.024000
v 0.004436 -0.013000 0.021429
v 0.006805 -0.013000 0.020061
v 0.009500 -0.013000 0.020536
v 0.011259 -0.013000 0.022632
v 0.011259 -0.013000 0.025368
v 0.009500 -0.013000 0.027464
v 0.006805 -0.013000 0.027939
v 0.004436 -0.013000 0.026571
v 0.003519 -0.011800 0.023610
v 0.003500 -0.013000 0.024000
v 0.025964 -0.011500 0.022000
v 0.027625 -0.011500 0.021041
v 0.026630 -0.011500 0.020631
v 0.025869 -0.011500 0.019870
v 0.025459 -0.011500 0.018875
v 0.024500 -0.011500 0.020536
v 0.025071 -0.011500 0.020936
v 0.025564 -0.011500 0.021429
v 0.028500 -0.013000 0.022975
v 0.029475 -0.013000 0.023683
v 0.029102 -0.013000 0.024829
v 0.027898 -0.013000 0.024829
v 0.027525 -0.013000 0.023683
v 0.028500 -0.011800 0.022975
v 0.027525 -0.011800 0.023683
v 0.027898 -0.011800 0.024829
v 0.029102 -0.011800 0.024829
v 0.029475 -0.011800 0.023683
v 0.028500 -0.011800 0.022975
v 0.028500 -0.013000 0.022975
v -0.001000 -0.010000 0.021979
v -0.001000 -0.010500 0.021979
v -0.001000 -0.010500 0.018843
v -0.001000 -0.010000 0.018843
v 0.001025 -0.008000 0.011200
v 0.000317 -0.008975 0.011200
v -0.000829 -0.008602 0.011200
v -0.000829 -0.007398 0.011200
v 0.000317 -0.007025 0.011200
v 0.001025 -0.008000 0.012500
v 0.000317 -0.007025 0.012500
v -0.000829 -0.007398 0.012500
v -0.000829 -0.008602 0.012500
v 0.000317 -0.008975 0.012500
v 0.001025 -0.008000 0.012500
v 0.001025 -0.008000 0.011200
v 0.030917 -0.009750 0.009900
v 0.030000 -0.009750 0.009900
v 0.030000 -0.009750 0.011200
v 0.031800 -0.009750 0.011200
v 0.031800 -0.009750 0.010783
v 0.031000 -0.009950 0.009700
v 0.030000 -0.009950 0.009700
v 0.030000 -0.009750 0.009900
v 0.030917 -0.009750 0.009900
v 0.014500 -0.010000 0.037300
v 0.014500 -0.010000 0.032407
v 0.014500 -0.011500 0.032407
v 0.014500 -0.011500 0.037300
v 0.016843 -0.010000 0.031407
v 0.016843 -0.011800 0.031407
v 0.013157 -0.011800 0.031407
v 0.013157 -0.010000 0.031407
v 0.015500 -0.011500 0.015593
v 0.017247 -0.011500 0.015593
v 0.017496 -0.011500 0.015011
v 0.017932 -0.011500 0.014551
v 0.018500 -0.011500 0.014271
v 0.018500 -0.011500 0.010700
v 0.015500 -0.011500 0.010700
v 0.011594 -0.010000 0.021636
v 0.010229 -0.010000 0.019273
v 0.010229 -0.011500 0.019273
v 0.011594 -0.011500 0.021636
v 0.009500 -0.011500 0.020536
v 0.010071 -0.011500 0.020936
v 0.010564 -0.011500 0.021429
v 0.010964 -0.011500 0.022000
v 0.011594 -0.011500 0.021636
v 0.010229 -0.011500 0.019273
v 0.016500 -0.010000 0.021691
v 0.016500 -0.011800 0.021691
v 0.017283 -0.011800 0.022143
v 0.017283 -0.010000 0.022143
v 0.022750 -0.010000 0.016000
v 0.022750 -0.011500 0.016120
v 0.022750 -0.011800 0.016120
v 0.022750 -0.011800 0.016000
v 0.006345 -0.011800 0.027830
v 0.006345 -0.011800 0.028000
v 0.005893 -0.011800 0.028783
v 0.005997 -0.011800 0.028843
v 0.005747 -0.011800 0.029277
v 0.005643 -0.011800 0.029217
v 0.005191 -0.011800 0.030000
v 0.005508 -0.011800 0.030550
v 0.005544 -0.011800 0.030752
v 0.005441 -0.011800 0.030930
v 0.005248 -0.011800 0.031000
v 0.004750 -0.011800 0.031000
v 0.004750 -0.011800 0.031120
v 0.004250 -0.011800 0.031120
v 0.004250 -0.011800 0.031000
v 0.003345 -0.011800 0.031000
v 0.003178 -0.011800 0.030789
v 0.003526 -0.011800 0.029176
v 0.002378 -0.011800 0.027991
v 0.000754 -0.011800 0.028287
v 0.000099 -0.011800 0.029801
v 0.000995 -0.011800 0.031187
v 0.002645 -0.011800 0.031212
v 0.002979 -0.011800 0.031634
v 0.002191 -0.011800 0.033000
v 0.002643 -0.011800 0.033783
v 0.002747 -0.011800 0.033723
v 0.002997 -0.011800 0.034157
v 0.002893 -0.011800 0.034217
v 0.003345 -0.011800 0.035000
v 0.005655 -0.011800 0.035000
v 0.006107 -0.011800 0.034217
v 0.006003 -0.011800 0.034157
v 0.006253 -0.011800 0.033723
v 0.006357 -0.011800 0.033783
v 0.006809 -0.011800 0.033000
v 0.006492 -0.011800 0.032450
v 0.006456 -0.011800 0.032248
v 0.006559 -0.011800 0.032070
v 0.006752 -0.011800 0.032000
v 0.007250 -0.011800 0.032000
v 0.007250 -0.011800 0.031880
v 0.007750 -0.011800 0.031880
v 0.007750 -0.011800 0.032000
v 0.008655 -0.011800 0.032000
v 0.009809 -0.011800 0.030000
v 0.009357 -0.011800 0.029217
v 0.009253 -0.011800 0.029277
v 0.009003 -0.011800 0.028843
v 0.009107 -0.011800 0.028783
v 0.008655 -0.011800 0.028000
v 0.008655 -0.011800 0.027830
v 0.007890 -0.011800 0.027981
v 0.007110 -0.011800 0.027981
v 0.006475 -0.011800 0.030000
v 0.007183 -0.011800 0.029025
v 0.008329 -0.011800 0.029398
v 0.008329 -0.011800 0.030602
v 0.007183 -0.011800 0.030975
v 0.000818 -0.011800 0.029657
v 0.001526 -0.011800 0.028682
v 0.002672 -0.011800 0.029054
v 0.002672 -0.011800 0.030259
v 0.001526 -0.011800 0.030632
v 0.004500 -0.011800 0.034025
v 0.003525 -0.011800 0.033317
v 0.003898 -0.011800 0.032171
v 0.005102 -0.011800 0.032171
v 0.005475 -0.011800 0.033317
v 0.021345 -0.010500 0.020170
v 0.021345 -0.011800 0.020170
v 0.021345 -0.011800 0.020000
v 0.021345 -0.010130 0.020000
v -0.000000 -0.006000 0.011200
v -0.001000 -0.006268 0.011200
v -0.001732 -0.007000 0.011200
v -0.002000 -0.008000 0.011200
v -0.002000 -0.008000 0.012500
v -0.001732 -0.007000 0.012500
v -0.001000 -0.006268 0.012500
v -0.000000 -0.006000 0.012500
v 0.011500 -0.010000 0.037300
v 0.014500 -0.010000 0.037300
v 0.014500 -0.011500 0.037300
v 0.011500 -0.011500 0.037300
v 0.014500 -0.011500 0.032407
v 0.012753 -0.011500 0.032407
v 0.012504 -0.011500 0.032989
v 0.012068 -0.011500 0.033449
v 0.011500 -0.011500 0.033729
v 0.011500 -0.011500 0.037300
v 0.014500 -0.011500 0.037300
v -0.000000 -0.011500 0.012500
v -0.001000 -0.010500 0.012500
v -0.001000 -0.010500 0.017843
v -0.000861 -0.010639 0.017843
v -0.000000 -0.011500 0.016302
v 0.001036 -0.011500 0.015000
v 0.001036 -0.010000 0.015000
v 0.002479 -0.010000 0.012500
v 0.002479 -0.011500 0.012500
v 0.026397 -0.010000 0.026250
v 0.026181 -0.010067 0.026125
v 0.026022 -0.010250 0.026033
v 0.025964 -0.010500 0.026000
v 0.025964 -0.011500 0.026000
v 0.027625 -0.011500 0.026959
v 0.027625 -0.010000 0.026959
v 0.030000 -0.009950 0.009700
v 0.029025 -0.009689 0.009700
v 0.028311 -0.008975 0.009700
v 0.028050 -0.008000 0.009700
v 0.028250 -0.008000 0.009900
v 0.028484 -0.008875 0.009900
v 0.029125 -0.009516 0.009900
v 0.030000 -0.009750 0.009900
v -0.000000 -0.009750 0.009900
v -0.000917 -0.009750 0.009900
v -0.001800 -0.009750 0.010783
v -0.001800 -0.009750 0.011200
v -0.000000 -0.009750 0.011200
v 0.006232 -0.010000 0.012000
v 0.007964 -0.010000 0.015000
v 0.007964 -0.011500 0.015000
v 0.006232 -0.011500 0.012000
v 0.005250 -0.010000 0.027897
v 0.005375 -0.010067 0.027681
v 0.005467 -0.010250 0.027522
v 0.005500 -0.010500 0.027464
v 0.005500 -0.011500 0.027464
v 0.004541 -0.011500 0.029125
v 0.004541 -0.010000 0.029125
v 0.003670 -0.010500 0.025155
v 0.003670 -0.011800 0.025155
v 0.003500 -0.011800 0.025155
v 0.003500 -0.010130 0.025155
v 0.004000 -0.011500 0.010700
v 0.002750 -0.011500 0.010700
v 0.002750 -0.011500 0.012000
v 0.004000 -0.011500 0.012000
v 0.005000 -0.011500 0.012000
v 0.005000 -0.011500 0.010700
v 0.005000 -0.010000 0.010700
v 0.005000 -0.010000 0.012000
v 0.015818 -0.011800 0.029657
v 0.016526 -0.011800 0.030632
v 0.017672 -0.011800 0.030259
v 0.017672 -0.011800 0.029054
v 0.016526 -0.011800 0.028682
v 0.015818 -0.013000 0.029657
v 0.016526 -0.013000 0.028682
v 0.017672 -0.013000 0.029054
v 0.017672 -0.013000 0.030259
v 0.016526 -0.013000 0.030632
v 0.015818 -0.013000 0.029657
v 0.015818 -0.011800 0.029657
v 0.026330 -0.010500 0.022845
v 0.026330 -0.011800 0.022845
v 0.026500 -0.011800 0.022845
v 0.026500 -0.010130 0.022845
v 0.026500 -0.010130 0.025155
v 0.026500 -0.011800 0.025155
v 0.026330 -0.011800 0.025155
v 0.026330 -0.010500 0.025155
v 0.021475 -0.013000 0.018000
v 0.022183 -0.013000 0.017025
v 0.023329 -0.013000 0.017398
v 0.023329 -0.013000 0.018602
v 0.022183 -0.013000 0.018975
v 0.021475 -0.011800 0.018000
v 0.022183 -0.011800 0.018975
v 0.023329 -0.011800 0.018602
v 0.023329 -0.011800 0.017398
v 0.022183 -0.011800 0.017025
v 0.021475 -0.011800 0.018000
v 0.021475 -0.013000 0.018000
v -0.001000 -0.010500 0.012500
v -0.001000 -0.010000 0.012500
v -0.001000 -0.010000 0.017843
v -0.001000 -0.010500 0.017843
v 0.009750 -0.010000 0.020103
v 0.009625 -0.010067 0.020319
v 0.009533 -0.010250 0.020478
v 0.009500 -0.010500 0.020536
v 0.009500 -0.011500 0.020536
v 0.010229 -0.011500 0.019273
v 0.010229 -0.010000 0.019273
v 0.010964 -0.011500 0.026000
v 0.010564 -0.011500 0.026571
v 0.010071 -0.011500 0.027064
v 0.009500 -0.011500 0.027464
v 0.010229 -0.011500 0.028727
v 0.011594 -0.011500 0.026364
v 0.017717 -0.010000 0.022393
v 0.017717 -0.011800 0.022393
v 0.018500 -0.011800 0.022845
v 0.018500 -0.010130 0.022845
v 0.018200 -0.010000 0.022672
v 0.023643 -0.010000 0.014217
v 0.023643 -0.011800 0.014217
v 0.023747 -0.011800 0.014277
v 0.023747 -0.011500 0.014277
v 0.003670 -0.011800 0.022845
v 0.003500 -0.011800 0.022845
v 0.002717 -0.011800 0.022393
v 0.002657 -0.011800 0.022497
v 0.002223 -0.011800 0.022247
v 0.002283 -0.011800 0.022143
v 0.001500 -0.011800 0.021691
v -0.000500 -0.011800 0.022845
v -0.000500 -0.011800 0.023750
v -0.000380 -0.011800 0.023750
v -0.000380 -0.011800 0.024250
v -0.000500 -0.011800 0.024250
v -0.000500 -0.011800 0.025155
v 0.001500 -0.011800 0.026309
v 0.002283 -0.011800 0.025857
v 0.002223 -0.011800 0.025753
v 0.002657 -0.011800 0.025503
v 0.002717 -0.011800 0.025607
v 0.003500 -0.011800 0.025155
v 0.003670 -0.011800 0.025155
v 0.003519 -0.011800 0.024390
v 0.003519 -0.011800 0.023610
v 0.001500 -0.011800 0.022975
v 0.002475 -0.011800 0.023683
v 0.002102 -0.011800 0.024829
v 0.000898 -0.011800 0.024829
v 0.000525 -0.011800 0.023683
v 0.020250 -0.010000 0.020103
v 0.020375 -0.010067 0.020319
v 0.020467 -0.010250 0.020478
v 0.020500 -0.010500 0.020536
v 0.020772 -0.010500 0.020392
v 0.021054 -0.010500 0.020270
v 0.021345 -0.010500 0.020170
v 0.021345 -0.010130 0.020000
v 0.021172 -0.010000 0.019700
v 0.020855 -0.010000 0.019811
v 0.020547 -0.010000 0.019946
v -0.000000 -0.011500 0.016302
v -0.000861 -0.010639 0.017843
v -0.000861 -0.010000 0.017843
v -0.000440 -0.010000 0.016810
v 0.000357 -0.010000 0.016029
v 0.001399 -0.010000 0.015629
v 0.001399 -0.011500 0.015629
v 0.000893 -0.011500 0.015763
v 0.000420 -0.011500 0.015990
v -0.000861 -0.010639 0.017843
v -0.001000 -0.010500 0.017843
v -0.001000 -0.010000 0.017843
v -0.000861 -0.010000 0.017843
v 0.001399 -0.010000 0.015629
v 0.001036 -0.010000 0.015000
v 0.001036 -0.011500 0.015000
v 0.001399 -0.011500 0.015629
v -0.001000 -0.010500 0.021979
v -0.000000 -0.011500 0.021402
v -0.000000 -0.011500 0.020384
v -0.000861 -0.010639 0.018843
v -0.001000 -0.010500 0.018843
v 0.026800 -0.010000 0.025328
v 0.026500 -0.010130 0.025155
v 0.026330 -0.010500 0.025155
v 0.026230 -0.010500 0.025446
v 0.026108 -0.010500 0.025728
v 0.025964 -0.010500 0.026000
v 0.026022 -0.010250 0.026033
v 0.026181 -0.010067 0.026125
v 0.026397 -0.010000 0.026250
v 0.026554 -0.010000 0.025953
v 0.026689 -0.010000 0.025645
v 0.024750 -0.010000 0.027897
v 0.024625 -0.010067 0.027681
v 0.024533 -0.010250 0.027522
v 0.024500 -0.010500 0.027464
v 0.024228 -0.010500 0.027608
v 0.023946 -0.010500 0.027730
v 0.023655 -0.010500 0.027830
v 0.023655 -0.010130 0.028000
v 0.023828 -0.010000 0.028300
v 0.024145 -0.010000 0.028189
v 0.024453 -0.010000 0.028054
v 0.005000 -0.011500 0.012000
v 0.005000 -0.010000 0.012000
v 0.006232 -0.010000 0.012000
v 0.006232 -0.011500 0.012000
v 0.006172 -0.010000 0.028300
v 0.006345 -0.010130 0.028000
v 0.006345 -0.010500 0.027830
v 0.006054 -0.010500 0.027730
v 0.005772 -0.010500 0.027608
v 0.005500 -0.010500 0.027464
v 0.005467 -0.010250 0.027522
v 0.005375 -0.010067 0.027681
v 0.005250 -0.010000 0.027897
v 0.005547 -0.010000 0.028054
v 0.005855 -0.010000 0.028189
v 0.003500 -0.010130 0.025155
v 0.003500 -0.011800 0.025155
v 0.002717 -0.011800 0.025607
v 0.002717 -0.010000 0.025607
v 0.003200 -0.010000 0.025328
v 0.003603 -0.010000 0.026250
v 0.003819 -0.010067 0.026125
v 0.003978 -0.010250 0.026033
v 0.004036 -0.010500 0.026000
v 0.003892 -0.010500 0.025728
v 0.003770 -0.010500 0.025446
v 0.003670 -0.010500 0.025155
v 0.003500 -0.010130 0.025155
v 0.003200 -0.010000 0.025328
v 0.003311 -0.010000 0.025645
v 0.003446 -0.010000 0.025953
v 0.004000 -0.011500 0.010700
v 0.004000 -0.011500 0.012000
v 0.004000 -0.010000 0.012000
v 0.004000 -0.010000 0.010700
v 0.015818 -0.013000 0.018343
v 0.016526 -0.013000 0.017368
v 0.017672 -0.013000 0.017741
v 0.017672 -0.013000 0.018946
v 0.016526 -0.013000 0.019318
v 0.015818 -0.011800 0.018343
v 0.016526 -0.011800 0.019318
v 0.017672 -0.011800 0.018946
v 0.017672 -0.011800 0.017741
v 0.016526 -0.011800 0.017368
v 0.015818 -0.011800 0.018343
v 0.015818 -0.013000 0.018343
v 0.014182 -0.013000 0.029657
v 0.013474 -0.013000 0.030632
v 0.012328 -0.013000 0.030259
v 0.012328 -0.013000 0.029054
v 0.013474 -0.013000 0.028682
v 0.014182 -0.011800 0.029657
v 0.013474 -0.011800 0.028682
v 0.012328 -0.011800 0.029054
v 0.012328 -0.011800 0.030259
v 0.013474 -0.011800 0.030632
v 0.014182 -0.011800 0.029657
v 0.014182 -0.013000 0.029657
v 0.026397 -0.010000 0.021750
v 0.026181 -0.010067 0.021875
v 0.026022 -0.010250 0.021967
v 0.025964 -0.010500 0.022000
v 0.026108 -0.010500 0.022272
v 0.026230 -0.010500 0.022554
v 0.026330 -0.010500 0.022845
v 0.026500 -0.010130 0.022845
v 0.026800 -0.010000 0.022672
v 0.026689 -0.010000 0.022355
v 0.026554 -0.010000 0.022047
v 0.024107 -0.010000 0.028783
v 0.024107 -0.011800 0.028783
v 0.024003 -0.011800 0.028843
v 0.024003 -0.011500 0.028843
v 0.016500 -0.013000 0.025025
v 0.015525 -0.013000 0.024317
v 0.015898 -0.013000 0.023171
v 0.017102 -0.013000 0.023171
v 0.017475 -0.013000 0.024317
v 0.016500 -0.011800 0.025025
v 0.017475 -0.011800 0.024317
v 0.017102 -0.011800 0.023171
v 0.015898 -0.011800 0.023171
v 0.015525 -0.011800 0.024317
v 0.016500 -0.011800 0.025025
v 0.016500 -0.013000 0.025025
v -0.001000 -0.010500 0.021979
v -0.001000 -0.010000 0.021979
v 0.000854 -0.010000 0.020909
v 0.000854 -0.011500 0.020909
v -0.000000 -0.011500 0.021402
v 0.005508 -0.010000 0.017450
v 0.005508 -0.011800 0.017450
v 0.005544 -0.011800 0.017248
v 0.005441 -0.011800 0.017070
v 0.005248 -0.011800 0.017000
v 0.005248 -0.010000 0.017000
v 0.005441 -0.010000 0.017070
v 0.005544 -0.010000 0.017248
v -0.001000 -0.010500 0.018843
v -0.000861 -0.010639 0.018843
v -0.000861 -0.010000 0.018843
v -0.001000 -0.010000 0.018843
v 0.008828 -0.010000 0.019700
v 0.008655 -0.010130 0.020000
v 0.008655 -0.010500 0.020170
v 0.008946 -0.010500 0.020270
v 0.009228 -0.010500 0.020392
v 0.009500 -0.010500 0.020536
v 0.009533 -0.010250 0.020478
v 0.009625 -0.010067 0.020319
v 0.009750 -0.010000 0.020103
v 0.009453 -0.010000 0.019946
v 0.009145 -0.010000 0.019811
v 0.019036 -0.011500 0.022000
v 0.019436 -0.011500 0.021429
v 0.019929 -0.011500 0.020936
v 0.020500 -0.011500 0.020536
v 0.019771 -0.011500 0.019273
v 0.018406 -0.011500 0.021636
v 0.015000 -0.010000 0.022557
v 0.015000 -0.011800 0.022557
v 0.015283 -0.011800 0.022393
v 0.015283 -0.010000 0.022393
v 0.023997 -0.011500 0.013843
v 0.023747 -0.011500 0.014277
v 0.023747 -0.011800 0.014277
v 0.023997 -0.011800 0.013843
v 0.021345 -0.010000 0.016000
v 0.021345 -0.011800 0.016000
v 0.022250 -0.011800 0.016000
v 0.022250 -0.010000 0.016000
v 0.008655 -0.011800 0.020170
v 0.008655 -0.011800 0.020000
v 0.009107 -0.011800 0.019217
v 0.009003 -0.011800 0.019157
v 0.009253 -0.011800 0.018723
v 0.009357 -0.011800 0.018783
v 0.009809 -0.011800 0.018000
v 0.008655 -0.011800 0.016000
v 0.007750 -0.011800 0.016000
v 0.007750 -0.011800 0.016120
v 0.007250 -0.011800 0.016120
v 0.007250 -0.011800 0.016000
v 0.006752 -0.011800 0.016000
v 0.006559 -0.011800 0.015930
v 0.006456 -0.011800 0.015752
v 0.006492 -0.011800 0.015550
v 0.006809 -0.011800 0.015000
v 0.006357 -0.011800 0.014217
v 0.006253 -0.011800 0.014277
v 0.006003 -0.011800 0.013843
v 0.006107 -0.011800 0.013783
v 0.005655 -0.011800 0.013000
v 0.003345 -0.011800 0.013000
v 0.002893 -0.011800 0.013783
v 0.002997 -0.011800 0.013843
v 0.002747 -0.011800 0.014277
v 0.002643 -0.011800 0.014217
v 0.002191 -0.011800 0.015000
v 0.002979 -0.011800 0.016366
v 0.002645 -0.011800 0.016788
v 0.000995 -0.011800 0.016813
v 0.000099 -0.011800 0.018199
v 0.000754 -0.011800 0.019713
v 0.002378 -0.011800 0.020009
v 0.003526 -0.011800 0.018824
v 0.003178 -0.011800 0.017211
v 0.003345 -0.011800 0.017000
v 0.004250 -0.011800 0.017000
v 0.004250 -0.011800 0.016880
v 0.004750 -0.011800 0.016880
v 0.004750 -0.011800 0.017000
v 0.005248 -0.011800 0.017000
v 0.005441 -0.011800 0.017070
v 0.005544 -0.011800 0.017248
v 0.005508 -0.011800 0.017450
v 0.005191 -0.011800 0.018000
v 0.005643 -0.011800 0.018783
v 0.005747 -0.011800 0.018723
v 0.005997 -0.011800 0.019157
v 0.005893 -0.011800 0.019217
v 0.006345 -0.011800 0.020000
v 0.006345 -0.011800 0.020170
v 0.007110 -0.011800 0.020019
v 0.007890 -0.011800 0.020019
v 0.008525 -0.011800 0.018000
v 0.007817 -0.011800 0.018975
v 0.006671 -0.011800 0.018602
v 0.006671 -0.011800 0.017398
v 0.007817 -0.011800 0.017025
v 0.000818 -0.011800 0.018343
v 0.001526 -0.011800 0.017368
v 0.002672 -0.011800 0.017741
v 0.002672 -0.011800 0.018946
v 0.001526 -0.011800 0.019318
v 0.004500 -0.011800 0.016025
v 0.003525 -0.011800 0.015317
v 0.003898 -0.011800 0.014171
v 0.005102 -0.011800 0.014171
v 0.005475 -0.011800 0.015317
v 0.023655 -0.010130 0.020000
v 0.023655 -0.011800 0.020000
v 0.023655 -0.011800 0.020170
v 0.023655 -0.010500 0.020170
v 0.020500 -0.010500 0.020536
v 0.020467 -0.010250 0.020478
v 0.020375 -0.010067 0.020319
v 0.020250 -0.010000 0.020103
v 0.019771 -0.010000 0.019273
v 0.019771 -0.011500 0.019273
v 0.020500 -0.011500 0.020536
v -0.000861 -0.010639 0.018843
v -0.000000 -0.011500 0.020384
v 0.000262 -0.011500 0.020593
v 0.000548 -0.011500 0.020769
v 0.000854 -0.011500 0.020909
v 0.000854 -0.010000 0.020909
v 0.000055 -0.010000 0.020432
v -0.000540 -0.010000 0.019716
v -0.000861 -0.010000 0.018843
v 0.028500 -0.010000 0.026309
v 0.028500 -0.011800 0.026309
v 0.027717 -0.011800 0.025857
v 0.027717 -0.010000 0.025857
v 0.004000 -0.010000 0.012000
v 0.004000 -0.011500 0.012000
v 0.002750 -0.011500 0.012000
v 0.002750 -0.010000 0.012000
v 0.005191 -0.010000 0.030000
v 0.005191 -0.011800 0.030000
v 0.005643 -0.011800 0.029217
v 0.005643 -0.010000 0.029217
f 9 1 10
f 10 1 2
f 10 2 3
f 4 5 3
f 3 5 10
f 5 6 10
f 10 6 8
f 10 8 9
f 6 7 8
f 11 12 16
f 16 12 13
f 16 13 15
f 15 13 14
f 24 17 23
f 23 17 18
f 23 18 19
f 20 21 19
f 19 21 22
f 19 22 23
f 33 25 34
f 34 25 26
f 34 26 27
f 28 29 27
f 27 29 34
f 29 30 34
f 34 30 32
f 34 32 33
f 30 31 32
f 35 36 43
f 43 36 44
f 43 44 42
f 42 44 40
f 42 40 41
f 36 37 44
f 44 37 38
f 44 38 39
f 39 40 44
f 45 46 48
f 48 46 47
f 56 49 55
f 55 49 50
f 55 50 51
f 52 53 51
f 51 53 54
f 51 54 55
f 64 57 63
f 63 57 58
f 63 58 59
f 60 61 59
f 59 61 62
f 59 62 63
f 65 66 70
f 70 66 67
f 70 67 69
f 69 67 68
f 79 71 80
f 80 71 72
f 80 72 73
f 74 75 73
f 73 75 80
f 75 76 80
f 80 76 78
f 80 78 79
f 76 77 78
f 90 81 91
f 91 81 82
f 91 82 98
f 98 82 83
f 98 83 97
f 97 83 84
f 97 84 96
f 96 84 85
f 96 85 95
f 95 85 99
f 100 86 87
f 100 87 94
f 94 87 88
f 94 88 93
f 93 88 89
f 93 89 92
f 92 89 90
f 92 90 91
f 102 109 101
f 101 109 110
f 101 110 108
f 108 110 111
f 108 111 107
f 107 111 112
f 107 112 106
f 106 112 105
f 105 112 118
f 117 113 104
f 104 113 114
f 104 114 115
f 109 102 116
f 116 102 103
f 116 103 115
f 115 103 104
f 126 119 125
f 125 119 120
f 125 120 121
f 122 123 121
f 121 123 124
f 121 124 125
f 128 129 127
f 127 129 133
f 133 129 130
f 133 130 132
f 132 130 131
f 135 136 134
f 134 136 140
f 140 136 137
f 140 137 139
f 139 137 138
f 141 142 146
f 146 142 143
f 146 143 144
f 144 145 146
f 148 166 147
f 147 166 157
f 147 157 170
f 170 157 169
f 169 157 158
f 169 158 159
f 166 148 165
f 165 148 149
f 165 149 150
f 165 150 164
f 164 150 151
f 164 151 163
f 163 151 162
f 162 151 152
f 162 152 167
f 167 152 153
f 167 153 154
f 167 154 170
f 170 154 155
f 170 155 156
f 156 147 170
f 159 160 169
f 169 160 168
f 168 160 161
f 168 161 162
f 167 168 162
f 178 171 177
f 177 171 172
f 177 172 173
f 174 175 173
f 173 175 176
f 173 176 177
f 179 180 183
f 183 180 182
f 182 180 181
f 191 184 189
f 189 184 185
f 189 185 188
f 188 185 186
f 188 186 187
f 189 190 191
f 193 194 192
f 192 194 195
f 197 201 196
f 196 201 202
f 196 202 200
f 200 202 206
f 200 206 199
f 207 203 204
f 207 204 198
f 198 204 205
f 198 205 197
f 197 205 201
f 209 220 208
f 208 220 221
f 208 221 212
f 212 221 222
f 212 222 214
f 214 222 224
f 214 224 225
f 210 228 209
f 209 228 229
f 209 229 219
f 219 229 218
f 218 229 222
f 222 229 224
f 210 211 228
f 228 211 215
f 228 215 231
f 231 215 216
f 231 216 217
f 211 212 215
f 215 212 214
f 214 225 213
f 213 225 226
f 213 226 217
f 217 226 227
f 217 227 230
f 230 227 223
f 230 223 224
f 219 220 209
f 229 230 224
f 230 231 217
f 232 233 240
f 240 233 241
f 240 241 239
f 239 241 237
f 239 237 238
f 233 234 241
f 241 234 235
f 241 235 236
f 236 237 241
f 242 243 246
f 246 243 245
f 245 243 244
f 248 255 247
f 247 255 256
f 247 256 254
f 254 256 257
f 254 257 253
f 253 257 258
f 253 258 252
f 252 258 251
f 251 258 263
f 264 259 250
f 250 259 260
f 250 260 261
f 255 248 262
f 262 248 249
f 262 249 261
f 261 249 250
f 266 273 265
f 265 273 274
f 265 274 272
f 272 274 275
f 272 275 271
f 271 275 276
f 271 276 270
f 270 276 269
f 269 276 281
f 282 277 268
f 268 277 278
f 268 278 279
f 273 266 280
f 280 266 267
f 280 267 279
f 279 267 268
f 290 283 289
f 289 283 284
f 289 284 285
f 286 287 285
f 285 287 288
f 285 288 289
f 300 291 301
f 301 291 292
f 301 292 308
f 308 292 293
f 308 293 307
f 307 293 294
f 307 294 306
f 306 294 295
f 306 295 305
f 305 295 309
f 310 296 297
f 310 297 304
f 304 297 298
f 304 298 303
f 303 298 299
f 303 299 302
f 302 299 300
f 302 300 301
f 312 313 311
f 311 313 317
f 317 313 314
f 317 314 316
f 316 314 315
f 318 319 326
f 326 319 327
f 326 327 325
f 325 327 324
f 324 327 323
f 323 327 322
f 322 327 320
f 322 320 321
f 319 320 327
f 336 328 337
f 337 328 329
f 337 329 330
f 331 332 330
f 330 332 337
f 332 333 337
f 337 333 335
f 337 335 336
f 333 334 335
f 345 338 344
f 344 338 339
f 344 339 340
f 341 342 340
f 340 342 343
f 340 343 344
f 347 369 346
f 346 369 356
f 346 356 357
f 347 348 369
f 369 348 349
f 369 349 368
f 368 349 350
f 368 350 351
f 368 351 361
f 361 351 352
f 361 352 360
f 360 352 359
f 359 352 353
f 359 353 354
f 359 354 358
f 358 354 355
f 358 355 357
f 357 355 346
f 368 361 367
f 367 361 362
f 367 362 363
f 367 363 366
f 366 363 364
f 366 364 365
f 365 356 366
f 366 356 369
f 371 376 370
f 370 376 377
f 370 377 378
f 372 382 371
f 371 382 374
f 371 374 375
f 373 388 372
f 372 388 389
f 372 389 382
f 370 386 373
f 373 386 387
f 373 387 388
f 375 376 371
f 370 378 386
f 386 378 379
f 386 379 385
f 385 379 384
f 384 379 380
f 384 380 381
f 384 381 383
f 383 381 374
f 383 374 382
f 390 391 398
f 398 391 399
f 398 399 397
f 397 399 395
f 397 395 396
f 391 392 399
f 399 392 393
f 399 393 394
f 394 395 399
f 401 402 400
f 400 402 403
f 400 403 404
f 400 404 407
f 407 404 405
f 407 405 406
f 409 413 408
f 408 413 414
f 408 414 412
f 412 414 418
f 412 418 411
f 419 415 416
f 419 416 410
f 410 416 417
f 410 417 409
f 409 417 413
f 420 421 428
f 428 421 429
f 428 429 427
f 427 429 425
f 427 425 426
f 421 422 429
f 429 422 423
f 429 423 424
f 424 425 429
f 431 432 430
f 430 432 436
f 436 432 433
f 436 433 435
f 435 433 434
f 444 437 443
f 443 437 438
f 443 438 439
f 440 441 439
f 439 441 442
f 439 442 443
f 445 446 448
f 448 446 447
f 449 450 453
f 453 450 452
f 452 450 451
f 455 459 454
f 454 459 460
f 454 460 458
f 458 460 464
f 458 464 457
f 465 461 462
f 465 462 456
f 456 462 463
f 456 463 455
f 455 463 459
f 467 468 466
f 466 468 472
f 472 468 469
f 472 469 471
f 471 469 470
f 473 474 477
f 477 474 476
f 476 474 475
f 479 486 478
f 478 486 487
f 478 487 485
f 485 487 488
f 485 488 484
f 484 488 489
f 484 489 483
f 483 489 482
f 482 489 495
f 494 490 481
f 481 490 491
f 481 491 492
f 486 479 493
f 493 479 480
f 493 480 492
f 492 480 481
f 505 496 506
f 506 496 497
f 506 497 513
f 513 497 498
f 513 498 512
f 512 498 499
f 512 499 511
f 511 499 500
f 511 500 510
f 510 500 515
f 514 501 502
f 514 502 509
f 509 502 503
f 509 503 508
f 508 503 504
f 508 504 507
f 507 504 505
f 507 505 506
f 523 516 522
f 522 516 517
f 522 517 518
f 519 520 518
f 518 520 521
f 518 521 522
f 525 526 524
f 524 526 530
f 530 526 527
f 530 527 529
f 529 527 528
f 538 531 537
f 537 531 532
f 537 532 533
f 534 535 533
f 533 535 536
f 533 536 537
f 539 540 547
f 547 540 548
f 547 548 546
f 546 548 544
f 546 544 545
f 540 541 548
f 548 541 542
f 548 542 543
f 543 544 548
f 558 549 559
f 559 549 550
f 559 550 566
f 566 550 551
f 566 551 565
f 565 551 552
f 565 552 564
f 564 552 553
f 564 553 563
f 563 553 568
f 567 554 555
f 567 555 562
f 562 555 556
f 562 556 561
f 561 556 557
f 561 557 560
f 560 557 558
f 560 558 559
f 570 574 569
f 569 574 575
f 569 575 573
f 573 575 579
f 573 579 572
f 580 576 577
f 580 577 571
f 571 577 578
f 571 578 570
f 570 578 574
f 588 581 587
f 587 581 582
f 587 582 583
f 584 585 583
f 583 585 586
f 583 586 587
f 596 589 595
f 595 589 590
f 595 590 591
f 592 593 591
f 591 593 594
f 591 594 595
f 598 615 597
f 597 615 616
f 597 616 609
f 599 605 598
f 598 605 613
f 598 613 614
f 600 603 599
f 599 603 604
f 599 604 605
f 597 601 600
f 600 601 602
f 600 602 603
f 613 605 612
f 612 605 606
f 612 606 607
f 608 610 607
f 607 610 611
f 607 611 612
f 610 608 609
f 609 608 601
f 609 601 597
f 614 615 598
f 617 618 625
f 625 618 626
f 625 626 624
f 624 626 623
f 623 626 622
f 622 626 621
f 621 626 619
f 621 619 620
f 618 619 626
f 627 628 638
f 638 628 629
f 638 629 631
f 631 629 630
f 631 632 638
f 638 632 637
f 637 632 635
f 637 635 636
f 633 634 632
f 632 634 635
f 639 640 647
f 647 640 648
f 647 648 646
f 646 648 645
f 645 648 644
f 644 648 643
f 643 648 641
f 643 641 642
f 640 641 648
f 650 662 649
f 649 662 659
f 649 659 653
f 653 659 658
f 653 658 652
f 652 658 654
f 652 654 651
f 651 654 655
f 651 655 650
f 650 655 662
f 662 655 661
f 661 655 656
f 661 656 660
f 660 656 657
f 660 657 658
f 659 660 658
f 670 663 669
f 669 663 664
f 669 664 668
f 668 664 665
f 668 665 667
f 667 665 666
f 672 681 671
f 682 678 679
f 682 679 675
f 675 679 680
f 675 680 674
f 674 680 676
f 674 676 673
f 673 676 677
f 673 677 672
f 672 677 681
f 684 693 683
f 694 690 691
f 694 691 687
f 687 691 692
f 687 692 686
f 686 692 688
f 686 688 685
f 685 688 689
f 685 689 684
f 684 689 693
f 702 695 701
f 701 695 696
f 701 696 700
f 700 696 697
f 700 697 699
f 699 697 698
f 710 703 709
f 709 703 704
f 709 704 708
f 708 704 705
f 708 705 707
f 707 705 706
f 718 711 717
f 717 711 712
f 717 712 716
f 716 712 713
f 716 713 715
f 715 713 714
f 726 719 725
f 725 719 720
f 725 720 724
f 724 720 721
f 724 721 723
f 723 721 722
f 734 727 733
f 733 727 728
f 733 728 732
f 732 728 729
f 732 729 731
f 731 729 730
f 742 735 741
f 741 735 736
f 741 736 740
f 740 736 737
f 740 737 739
f 739 737 738
f 744 749 743
f 743 749 750
f 743 750 751
f 744 745 749
f 749 745 746
f 749 746 748
f 748 746 747
f 759 752 758
f 758 752 753
f 758 753 757
f 757 753 754
f 757 754 756
f 756 754 755
f 761 762 760
f 760 762 763
f 771 764 770
f 770 764 765
f 770 765 769
f 769 765 766
f 769 766 768
f 768 766 767
f 772 773 783
f 783 773 774
f 783 774 776
f 776 774 775
f 776 777 783
f 783 777 782
f 782 777 780
f 782 780 781
f 778 779 777
f 777 779 780
f 791 784 790
f 790 784 785
f 790 785 789
f 789 785 786
f 789 786 788
f 788 786 787
f 793 799 792
f 792 799 800
f 792 800 796
f 796 800 801
f 796 801 804
f 804 801 797
f 804 797 803
f 803 797 798
f 803 798 793
f 793 798 799
f 803 793 802
f 802 793 794
f 802 794 805
f 805 794 795
f 805 795 796
f 804 805 796
f 813 806 812
f 812 806 807
f 812 807 811
f 811 807 808
f 811 808 810
f 810 808 809
f 815 820 814
f 814 820 821
f 814 821 822
f 815 816 820
f 820 816 817
f 820 817 819
f 819 817 818
f 824 833 823
f 834 830 831
f 834 831 827
f 827 831 832
f 827 832 826
f 826 832 828
f 826 828 825
f 825 828 829
f 825 829 824
f 824 829 833
f 835 836 843
f 843 836 844
f 843 844 842
f 842 844 841
f 841 844 840
f 840 844 839
f 839 844 837
f 839 837 838
f 836 837 844
f 845 846 853
f 853 846 854
f 853 854 852
f 852 854 850
f 852 850 851
f 846 847 854
f 854 847 848
f 854 848 849
f 849 850 854
f 856 865 855
f 866 862 863
f 866 863 859
f 859 863 864
f 859 864 858
f 858 864 860
f 858 860 857
f 857 860 861
f 857 861 856
f 856 861 865
f 867 868 875
f 875 868 876
f 875 876 874
f 874 876 872
f 874 872 873
f 868 869 876
f 876 869 870
f 876 870 871
f 871 872 876
f 884 877 883
f 883 877 878
f 883 878 882
f 882 878 879
f 882 879 881
f 881 879 880
f 885 886 893
f 893 886 894
f 893 894 892
f 892 894 890
f 892 890 891
f 886 887 894
f 894 887 888
f 894 888 889
f 889 890 894
f 896 904 895
f 895 904 900
f 895 900 908
f 908 900 907
f 907 900 901
f 907 901 906
f 906 901 902
f 906 902 903
f 896 897 904
f 904 897 903
f 903 897 905
f 903 905 906
f 897 898 905
f 905 898 899
f 905 899 908
f 908 899 895
f 909 910 917
f 917 910 918
f 917 918 916
f 916 918 914
f 916 914 915
f 910 911 918
f 918 911 912
f 918 912 913
f 913 914 918
f 919 920 927
f 927 920 928
f 927 928 926
f 926 928 925
f 925 928 924
f 924 928 923
f 923 928 921
f 923 921 922
f 920 921 928
f 936 929 935
f 935 929 930
f 935 930 934
f 934 930 931
f 934 931 933
f 933 931 932
f 938 939 937
f 937 939 940
f 948 941 947
f 947 941 942
f 947 942 946
f 946 942 943
f 946 943 945
f 945 943 944
f 950 954 949
f 949 954 962
f 949 962 953
f 953 962 959
f 953 959 952
f 952 959 951
f 951 959 957
f 951 957 958
f 954 950 958
f 958 950 951
f 962 954 961
f 961 954 955
f 961 955 960
f 960 955 956
f 960 956 957
f 959 960 957
f 970 963 969
f 969 963 964
f 969 964 968
f 968 964 965
f 968 965 967
f 967 965 966
f 978 971 977
f 977 971 972
f 977 972 976
f 976 972 973
f 976 973 975
f 975 973 974
f 979 980 987
f 987 980 988
f 987 988 986
f 986 988 985
f 985 988 984
f 984 988 983
f 983 988 981
f 983 981 982
f 980 981 988
f 996 989 995
f 995 989 990
f 995 990 994
f 994 990 991
f 994 991 993
f 993 991 992
f 997 998 1005
f 1005 998 1006
f 1005 1006 1004
f 1004 1006 1002
f 1004 1002 1003
f 998 999 1006
f 1006 999 1000
f 1006 1000 1001
f 1001 1002 1006
f 1014 1007 1013
f 1013 1007 1008
f 1013 1008 1012
f 1012 1008 1009
f 1012 1009 1011
f 1011 1009 1010
f 1015 1016 1023
f 1023 1016 1024
f 1023 1024 1022
f 1022 1024 1020
f 1022 1020 1021
f 1016 1017 1024
f 1024 1017 1018
f 1024 1018 1019
f 1019 1020 1024
f 1026 1034 1025
f 1025 1034 1030
f 1025 1030 1038
f 1038 1030 1037
f 1037 1030 1031
f 1037 1031 1036
f 1036 1031 1032
f 1036 1032 1033
f 1026 1027 1034
f 1034 1027 1033
f 1033 1027 1035
f 1033 1035 1036
f 1027 1028 1035
f 1035 1028 1029
f 1035 1029 1038
f 1038 1029 1025
f 1040 1045 1039
f 1039 1045 1046
f 1039 1046 1047
f 1040 1041 1045
f 1045 1041 1042
f 1045 1042 1044
f 1044 1042 1043
f 1048 1049 1056
f 1056 1049 1057
f 1056 1057 1055
f 1055 1057 1054
f 1054 1057 1053
f 1053 1057 1052
f 1052 1057 1050
f 1052 1050 1051
f 1049 1050 1057
f 1058 1059 1066
f 1066 1059 1067
f 1066 1067 1065
f 1065 1067 1063
f 1065 1063 1064
f 1059 1060 1067
f 1067 1060 1061
f 1067 1061 1062
f 1062 1063 1067
f 1068 1069 1079
f 1079 1069 1070
f 1079 1070 1072
f 1072 1070 1071
f 1072 1073 1079
f 1079 1073 1078
f 1078 1073 1076
f 1078 1076 1077
f 1074 1075 1073
f 1073 1075 1076
f 1087 1080 1086
f 1086 1080 1081
f 1086 1081 1085
f 1085 1081 1082
f 1085 1082 1084
f 1084 1082 1083
f 1095 1088 1094
f 1094 1088 1089
f 1094 1089 1093
f 1093 1089 1090
f 1093 1090 1092
f 1092 1090 1091
f 1097 1101 1096
f 1096 1101 1109
f 1096 1109 1100
f 1100 1109 1106
f 1100 1106 1099
f 1099 1106 1098
f 1098 1106 1104
f 1098 1104 1105
f 1101 1097 1105
f 1105 1097 1098
f 1109 1101 1108
f 1108 1101 1102
f 1108 1102 1107
f 1107 1102 1103
f 1107 1103 1104
f 1106 1107 1104
f 1117 1110 1116
f 1116 1110 1111
f 1116 1111 1115
f 1115 1111 1112
f 1115 1112 1114
f 1114 1112 1113
f 1125 1118 1124
f 1124 1118 1119
f 1124 1119 1123
f 1123 1119 1120
f 1123 1120 1122
f 1122 1120 1121
f 1133 1126 1132
f 1132 1126 1127
f 1132 1127 1131
f 1131 1127 1128
f 1131 1128 1130
f 1130 1128 1129
f 1141 1134 1140
f 1140 1134 1135
f 1140 1135 1139
f 1139 1135 1136
f 1139 1136 1138
f 1138 1136 1137
f 1142 1143 1150
f 1150 1143 1151
f 1150 1151 1149
f 1149 1151 1147
f 1149 1147 1148
f 1143 1144 1151
f 1151 1144 1145
f 1151 1145 1146
f 1146 1147 1151
f 1159 1152 1158
f 1158 1152 1153
f 1158 1153 1157
f 1157 1153 1154
f 1157 1154 1156
f 1156 1154 1155
f 1167 1160 1166
f 1166 1160 1161
f 1166 1161 1165
f 1165 1161 1162
f 1165 1162 1164
f 1164 1162 1163
f 1175 1168 1174
f 1174 1168 1169
f 1174 1169 1173
f 1173 1169 1170
f 1173 1170 1172
f 1172 1170 1171
f 1177 1186 1176
f 1187 1183 1184
f 1187 1184 1180
f 1180 1184 1185
f 1180 1185 1179
f 1179 1185 1181
f 1179 1181 1178
f 1178 1181 1182
f 1178 1182 1177
f 1177 1182 1186
f 1189 1198 1188
f 1199 1195 1196
f 1199 1196 1192
f 1192 1196 1197
f 1192 1197 1191
f 1191 1197 1193
f 1191 1193 1190
f 1190 1193 1194
f 1190 1194 1189
f 1189 1194 1198
f 1201 1210 1200
f 1211 1207 1208
f 1211 1208 1204
f 1204 1208 1209
f 1204 1209 1203
f 1203 1209 1205
f 1203 1205 1202
f 1202 1205 1206
f 1202 1206 1201
f 1201 1206 1210
f 1213 1214 1212
f 1212 1214 1215
f 1223 1216 1222
f 1222 1216 1217
f 1222 1217 1221
f 1221 1217 1218
f 1221 1218 1220
f 1220 1218 1219
f 1224 1225 1232
f 1232 1225 1233
f 1232 1233 1231
f 1231 1233 1230
f 1230 1233 1229
f 1229 1233 1228
f 1228 1233 1226
f 1228 1226 1227
f 1225 1226 1233
f 1235 1240 1234
f 1234 1240 1241
f 1234 1241 1242
f 1235 1236 1240
f 1240 1236 1237
f 1240 1237 1239
f 1239 1237 1238
f 1243 1244 1251
f 1251 1244 1252
f 1251 1252 1250
f 1250 1252 1249
f 1249 1252 1248
f 1248 1252 1247
f 1247 1252 1245
f 1247 1245 1246
f 1244 1245 1252
f 1254 1260 1253
f 1253 1260 1261
f 1253 1261 1257
f 1257 1261 1262
f 1257 1262 1265
f 1265 1262 1258
f 1265 1258 1264
f 1264 1258 1259
f 1264 1259 1254
f 1254 1259 1260
f 1264 1254 1263
f 1263 1254 1255
f 1263 1255 1266
f 1266 1255 1256
f 1266 1256 1257
f 1265 1266 1257
f 1274 1267 1273
f 1273 1267 1268
f 1273 1268 1272
f 1272 1268 1269
f 1272 1269 1271
f 1271 1269 1270
f 1275 1276 1286
f 1286 1276 1277
f 1286 1277 1279
f 1279 1277 1278
f 1279 1280 1286
f 1286 1280 1285
f 1285 1280 1283
f 1285 1283 1284
f 1281 1282 1280
f 1280 1282 1283
f 1287 1288 1295
f 1295 1288 1296
f 1295 1296 1294
f 1294 1296 1292
f 1294 1292 1293
f 1288 1289 1296
f 1296 1289 1290
f 1296 1290 1291
f 1291 1292 1296
f 1298 1307 1297
f 1308 1304 1305
f 1308 1305 1301
f 1301 1305 1306
f 1301 1306 1300
f 1300 1306 1302
f 1300 1302 1299
f 1299 1302 1303
f 1299 1303 1298
f 1298 1303 1307
f 1316 1309 1315
f 1315 1309 1310
f 1315 1310 1314
f 1314 1310 1311
f 1314 1311 1313
f 1313 1311 1312
f 1324 1317 1323
f 1323 1317 1318
f 1323 1318 1322
f 1322 1318 1319
f 1322 1319 1321
f 1321 1319 1320
f 1332 1325 1331
f 1331 1325 1326
f 1331 1326 1330
f 1330 1326 1327
f 1330 1327 1329
f 1329 1327 1328
f 1340 1333 1339
f 1339 1333 1334
f 1339 1334 1338
f 1338 1334 1335
f 1338 1335 1337
f 1337 1335 1336
f 1348 1341 1347
f 1347 1341 1342
f 1347 1342 1346
f 1346 1342 1343
f 1346 1343 1345
f 1345 1343 1344
f 1350 1362 1349
f 1349 1362 1359
f 1349 1359 1353
f 1353 1359 1358
f 1353 1358 1352
f 1352 1358 1354
f 1352 1354 1351
f 1351 1354 1355
f 1351 1355 1350
f 1350 1355 1362
f 1362 1355 1361
f 1361 1355 1356
f 1361 1356 1360
f 1360 1356 1357
f 1360 1357 1358
f 1359 1360 1358
f 1363 1364 1371
f 1371 1364 1372
f 1371 1372 1370
f 1370 1372 1368
f 1370 1368 1369
f 1364 1365 1372
f 1372 1365 1366
f 1372 1366 1367
f 1367 1368 1372
f 1373 1374 1381
f 1381 1374 1382
f 1381 1382 1380
f 1380 1382 1379
f 1379 1382 1378
f 1378 1382 1377
f 1377 1382 1375
f 1377 1375 1376
f 1374 1375 1382
f 1390 1383 1389
f 1389 1383 1384
f 1389 1384 1388
f 1388 1384 1385
f 1388 1385 1387
f 1387 1385 1386
f 1392 1393 1391
f 1391 1393 1394
f 1395 1396 1403
f 1403 1396 1404
f 1403 1404 1402
f 1402 1404 1401
f 1401 1404 1400
f 1400 1404 1399
f 1399 1404 1397
f 1399 1397 1398
f 1396 1397 1404
f 1412 1405 1411
f 1411 1405 1406
f 1411 1406 1410
f 1410 1406 1407
f 1410 1407 1409
f 1409 1407 1408
f 1413 1414 1416
f 1416 1414 1415
f 1417 1418 1420
f 1420 1418 1419
f 1421 1422 1424
f 1424 1422 1423
f 1425 1426 1428
f 1428 1426 1427
f 1430 1431 1429
f 1429 1431 1432
f 1433 1434 1436
f 1436 1434 1435
f 1442 1437 1440
f 1440 1437 1438
f 1440 1438 1439
f 1440 1441 1442
f 1443 1444 1446
f 1446 1444 1445
f 1447 1448 1450
f 1450 1448 1449
f 1456 1451 1455
f 1455 1451 1452
f 1455 1452 1453
f 1453 1454 1455
f 1457 1458 1460
f 1460 1458 1459
f 1461 1462 1464
f 1464 1462 1463
f 1466 1467 1465
f 1465 1467 1468
f 1470 1471 1469
f 1469 1471 1472
f 1473 1474 1476
f 1476 1474 1475
f 1477 1478 1480
f 1480 1478 1479
f 1482 1483 1481
f 1481 1483 1484
f 1490 1485 1489
f 1489 1485 1486
f 1489 1486 1487
f 1487 1488 1489
f 1491 1492 1494
f 1494 1492 1493
f 1495 1496 1498
f 1498 1496 1497
f 1499 1500 1502
f 1502 1500 1501
f 1504 1510 1503
f 1503 1510 1511
f 1503 1511 1509
f 1509 1511 1512
f 1509 1512 1508
f 1508 1512 1518
f 1508 1518 1507
f 1517 1513 1514
f 1517 1514 1506
f 1506 1514 1515
f 1506 1515 1505
f 1505 1515 1516
f 1505 1516 1504
f 1504 1516 1510
f 1519 1520 1525
f 1525 1520 1521
f 1525 1521 1524
f 1524 1521 1522
f 1524 1522 1523
f 1526 1527 1529
f 1529 1527 1528
f 1530 1531 1541
f 1541 1531 1532
f 1541 1532 1540
f 1540 1532 1533
f 1540 1533 1534
f 1540 1534 1539
f 1539 1534 1535
f 1539 1535 1538
f 1538 1535 1536
f 1538 1536 1537
f 1542 1543 1545
f 1545 1543 1544
f 1547 1551 1546
f 1546 1551 1552
f 1546 1552 1550
f 1550 1552 1556
f 1550 1556 1549
f 1557 1553 1554
f 1557 1554 1548
f 1548 1554 1555
f 1548 1555 1547
f 1547 1555 1551
f 1559 1567 1558
f 1558 1567 1563
f 1558 1563 1562
f 1562 1563 1564
f 1562 1564 1569
f 1559 1560 1567
f 1567 1560 1566
f 1566 1560 1568
f 1566 1568 1565
f 1569 1561 1562
f 1571 1572 1570
f 1570 1572 1573
f 1575 1583 1574
f 1574 1583 1579
f 1574 1579 1578
f 1578 1579 1580
f 1578 1580 1585
f 1575 1576 1583
f 1583 1576 1582
f 1582 1576 1584
f 1582 1584 1581
f 1585 1577 1578
f 1587 1595 1586
f 1586 1595 1591
f 1586 1591 1590
f 1590 1591 1592
f 1590 1592 1597
f 1587 1588 1595
f 1595 1588 1594
f 1594 1588 1596
f 1594 1596 1593
f 1597 1589 1590
f 1598 1599 1601
f 1601 1599 1600
f 1603 1611 1602
f 1602 1611 1607
f 1602 1607 1606
f 1606 1607 1608
f 1606 1608 1613
f 1603 1604 1611
f 1611 1604 1610
f 1610 1604 1612
f 1610 1612 1609
f 1613 1605 1606
f 1615 1623 1614
f 1614 1623 1619
f 1614 1619 1618
f 1618 1619 1620
f 1618 1620 1625
f 1615 1616 1623
f 1623 1616 1622
f 1622 1616 1624
f 1622 1624 1621
f 1625 1617 1618
f 1627 1637 1626
f 1626 1637 1638
f 1626 1638 1633
f 1633 1638 1639
f 1633 1639 1632
f 1632 1639 1631
f 1631 1639 1640
f 1631 1640 1641
f 1628 1635 1627
f 1627 1635 1636
f 1627 1636 1637
f 1635 1628 1634
f 1634 1628 1629
f 1634 1629 1630
f 1634 1630 1641
f 1641 1630 1631
f 1647 1642 1645
f 1645 1642 1643
f 1645 1643 1644
f 1645 1646 1647
f 1649 1697 1648
f 1648 1697 1693
f 1648 1693 1708
f 1708 1693 1673
f 1708 1673 1712
f 1712 1673 1670
f 1712 1670 1711
f 1711 1670 1671
f 1711 1671 1691
f 1691 1671 1690
f 1690 1671 1672
f 1690 1672 1689
f 1689 1672 1668
f 1689 1668 1688
f 1688 1668 1653
f 1688 1653 1654
f 1697 1649 1696
f 1696 1649 1650
f 1696 1650 1695
f 1695 1650 1676
f 1695 1676 1694
f 1694 1676 1677
f 1694 1677 1693
f 1693 1677 1673
f 1676 1650 1675
f 1675 1650 1651
f 1675 1651 1674
f 1674 1651 1652
f 1674 1652 1670
f 1670 1652 1669
f 1669 1652 1668
f 1668 1652 1653
f 1688 1654 1692
f 1692 1654 1655
f 1692 1655 1691
f 1691 1655 1711
f 1655 1656 1711
f 1711 1656 1710
f 1710 1656 1657
f 1710 1657 1709
f 1709 1657 1666
f 1709 1666 1667
f 1658 1679 1657
f 1657 1679 1680
f 1657 1680 1666
f 1666 1680 1698
f 1666 1698 1683
f 1683 1698 1699
f 1683 1699 1687
f 1687 1699 1700
f 1687 1700 1686
f 1686 1700 1663
f 1686 1663 1685
f 1685 1663 1664
f 1685 1664 1684
f 1684 1664 1665
f 1684 1665 1683
f 1683 1665 1666
f 1659 1704 1658
f 1658 1704 1705
f 1658 1705 1679
f 1679 1705 1678
f 1678 1705 1706
f 1678 1706 1682
f 1682 1706 1661
f 1682 1661 1662
f 1704 1659 1703
f 1703 1659 1660
f 1703 1660 1661
f 1663 1701 1662
f 1662 1701 1702
f 1662 1702 1681
f 1681 1702 1698
f 1681 1698 1680
f 1709 1667 1708
f 1708 1667 1648
f 1673 1674 1670
f 1681 1682 1662
f 1700 1701 1663
f 1706 1707 1661
f 1661 1707 1703
f 1718 1713 1717
f 1717 1713 1714
f 1717 1714 1715
f 1715 1716 1717
f 1724 1719 1722
f 1722 1719 1720
f 1722 1720 1721
f 1722 1723 1724
f 1726 1734 1725
f 1725 1734 1730
f 1725 1730 1729
f 1729 1730 1731
f 1729 1731 1736
f 1726 1727 1734
f 1734 1727 1733
f 1733 1727 1735
f 1733 1735 1732
f 1736 1728 1729
f 1738 1739 1737
f 1737 1739 1740
f 1737 1740 1741
f 1737 1741 1744
f 1744 1741 1742
f 1744 1742 1743
f 1745 1746 1748
f 1748 1746 1747
f 1750 1751 1749
f 1749 1751 1752
f 1749 1752 1756
f 1756 1752 1753
f 1756 1753 1754
f 1754 1755 1756
f 1757 1758 1760
f 1760 1758 1759
f 1762 1763 1761
f 1761 1763 1764
f 1765 1766 1768
f 1768 1766 1767
f 1770 1771 1769
f 1769 1771 1780
f 1780 1771 1772
f 1780 1772 1779
f 1779 1772 1773
f 1779 1773 1778
f 1778 1773 1777
f 1777 1773 1774
f 1777 1774 1776
f 1776 1774 1775
f 1782 1790 1781
f 1781 1790 1786
f 1781 1786 1785
f 1785 1786 1787
f 1785 1787 1792
f 1782 1783 1790
f 1790 1783 1789
f 1789 1783 1791
f 1789 1791 1788
f 1792 1784 1785
f 1794 1802 1793
f 1793 1802 1798
f 1793 1798 1797
f 1797 1798 1799
f 1797 1799 1804
f 1794 1795 1802
f 1802 1795 1801
f 1801 1795 1803
f 1801 1803 1800
f 1804 1796 1797
f 1806 1807 1805
f 1805 1807 1808
f 1810 1811 1809
f 1809 1811 1812
f 1814 1841 1813
f 1813 1841 1842
f 1813 1842 1856
f 1856 1842 1860
f 1860 1842 1861
f 1860 1861 1862
f 1841 1814 1821
f 1821 1814 1815
f 1821 1815 1825
f 1825 1815 1824
f 1824 1815 1830
f 1824 1830 1826
f 1815 1816 1830
f 1830 1816 1829
f 1829 1816 1817
f 1829 1817 1828
f 1828 1817 1849
f 1828 1849 1850
f 1818 1839 1817
f 1817 1839 1848
f 1817 1848 1849
f 1819 1853 1818
f 1818 1853 1854
f 1818 1854 1838
f 1838 1854 1837
f 1837 1854 1855
f 1837 1855 1836
f 1836 1855 1851
f 1836 1851 1834
f 1834 1851 1833
f 1833 1851 1852
f 1833 1852 1819
f 1819 1852 1853
f 1833 1819 1832
f 1832 1819 1820
f 1832 1820 1858
f 1858 1820 1857
f 1857 1820 1856
f 1856 1820 1813
f 1841 1821 1845
f 1845 1821 1822
f 1845 1822 1844
f 1844 1822 1823
f 1844 1823 1843
f 1843 1823 1861
f 1843 1861 1842
f 1861 1823 1867
f 1867 1823 1824
f 1867 1824 1866
f 1866 1824 1826
f 1866 1826 1865
f 1865 1826 1846
f 1865 1846 1864
f 1864 1846 1847
f 1864 1847 1840
f 1840 1847 1839
f 1839 1847 1848
f 1826 1827 1846
f 1846 1827 1850
f 1850 1827 1828
f 1832 1858 1831
f 1831 1858 1859
f 1831 1859 1835
f 1835 1859 1862
f 1835 1862 1834
f 1834 1862 1863
f 1834 1863 1836
f 1836 1863 1864
f 1836 1864 1840
f 1838 1839 1818
f 1859 1860 1862
f 1868 1869 1872
f 1872 1869 1871
f 1871 1869 1870
f 1873 1874 1876
f 1876 1874 1875
f 1877 1878 1880
f 1880 1878 1879
f 1881 1882 1884
f 1884 1882 1883
f 1886 1887 1885
f 1885 1887 1888
f 1889 1890 1892
f 1892 1890 1891
f 1894 1895 1893
f 1893 1895 1896
f 1898 1899 1897
f 1897 1899 1900
f 1901 1902 1908
f 1908 1902 1903
f 1908 1903 1907
f 1907 1903 1904
f 1907 1904 1906
f 1906 1904 1905
f 1909 1910 1916
f 1916 1910 1911
f 1916 1911 1915
f 1915 1911 1912
f 1915 1912 1914
f 1914 1912 1913
f 1917 1918 1920
f 1920 1918 1919
f 1922 1923 1921
f 1921 1923 1924
f 1926 1927 1925
f 1925 1927 1928
f 1930 1931 1929
f 1929 1931 1932
f 1940 1933 1939
f 1939 1933 1934
f 1939 1934 1938
f 1938 1934 1935
f 1938 1935 1937
f 1937 1935 1936
f 1941 1942 1948
f 1948 1942 1943
f 1948 1943 1944
f 1948 1944 1947
f 1947 1944 1945
f 1947 1945 1946
f 1950 1951 1949
f 1949 1951 1960
f 1960 1951 1952
f 1960 1952 1959
f 1959 1952 1955
f 1959 1955 1956
f 1953 1954 1952
f 1952 1954 1955
f 1957 1958 1956
f 1956 1958 1959
f 1961 1962 2006
f 2006 1962 2023
f 2006 2023 1967
f 1967 2023 2024
f 1967 2024 1966
f 1966 2024 2025
f 1966 2025 2026
f 2023 1962 2028
f 2028 1962 1963
f 2028 1963 2027
f 2027 1963 1964
f 2027 1964 2026
f 2026 1964 1965
f 2026 1965 1966
f 2006 1967 2005
f 2005 1967 1968
f 2005 1968 1969
f 2005 1969 2004
f 2004 1969 1970
f 2004 1970 1971
f 1972 2008 1971
f 1971 2008 2009
f 1971 2009 2004
f 2004 2009 2003
f 2003 2009 2010
f 2003 2010 2011
f 2008 1972 2007
f 2007 1972 1973
f 2007 1973 2022
f 2022 1973 2021
f 2021 1973 1974
f 2021 1974 2020
f 2020 1974 2035
f 2020 2035 1980
f 1980 2035 1979
f 1979 2035 2036
f 1979 2036 1978
f 1978 2036 2037
f 1978 2037 1977
f 1977 2037 2038
f 1977 2038 1976
f 1976 2038 1975
f 1975 2038 2039
f 1975 2039 1974
f 1974 2039 2035
f 1980 1981 2020
f 2020 1981 2019
f 2019 1981 1982
f 2019 1982 2018
f 2018 1982 2043
f 2018 2043 2017
f 2017 2043 2044
f 2017 2044 2016
f 2016 2044 2015
f 2015 2044 2040
f 2015 2040 1986
f 1986 2040 1985
f 1985 2040 2041
f 1985 2041 1984
f 1984 2041 2042
f 1984 2042 1983
f 1983 2042 2043
f 1983 2043 1982
f 1986 1987 2015
f 2015 1987 2014
f 2014 1987 1999
f 2014 1999 2000
f 1987 1988 1999
f 1999 1988 1998
f 1998 1988 1989
f 1998 1989 1990
f 1991 2031 1990
f 1990 2031 2032
f 1990 2032 1997
f 1997 2032 2033
f 1997 2033 1995
f 1995 2033 1994
f 1994 2033 2034
f 1994 2034 2029
f 2031 1991 2030
f 2030 1991 1992
f 2030 1992 2029
f 2029 1992 1993
f 2029 1993 1994
f 1995 1996 1997
f 1997 1998 1990
f 2001 2012 2000
f 2000 2012 2013
f 2000 2013 2014
f 2001 2002 2012
f 2012 2002 2011
f 2011 2002 2003
f 2046 2053 2045
f 2045 2053 2054
f 2045 2054 2050
f 2050 2054 2055
f 2050 2055 2049
f 2049 2055 2051
f 2049 2051 2048
f 2048 2051 2047
f 2047 2051 2052
f 2047 2052 2046
f 2046 2052 2053
f 2057 2058 2056
f 2056 2058 2059
f 2065 2060 2064
f 2064 2060 2061
f 2064 2061 2063
f 2063 2061 2062
f 2067 2068 2066
f 2066 2068 2069
f 2070 2071 2073
f 2073 2071 2072
f 2074 2075 2081
f 2081 2075 2076
f 2081 2076 2080
f 2080 2076 2077
f 2080 2077 2079
f 2079 2077 2078
f 2083 2084 2082
f 2082 2084 2089
f 2089 2084 2085
f 2089 2085 2088
f 2088 2085 2087
f 2087 2085 2086
f 2090 2091 2093
f 2093 2091 2092
f 2095 2103 2094
f 2094 2103 2104
f 2105 2099 2098
f 2098 2099 2100
f 2098 2100 2101
f 2095 2096 2103
f 2103 2096 2102
f 2102 2096 2097
f 2102 2097 2101
f 2101 2097 2098
f 2107 2108 2106
f 2106 2108 2109
f 2106 2109 2118
f 2118 2109 2117
f 2117 2109 2110
f 2117 2110 2114
f 2114 2110 2113
f 2113 2110 2111
f 2113 2111 2112
f 2115 2116 2114
f 2114 2116 2117
f 2106 2118 2121
f 2121 2118 2119
f 2121 2119 2120
f 2123 2124 2122
f 2122 2124 2125
f 2126 2127 2129
f 2129 2127 2128
f 2131 2139 2130
f 2130 2139 2140
f 2141 2135 2134
f 2134 2135 2136
f 2134 2136 2137
f 2131 2132 2139
f 2139 2132 2138
f 2138 2132 2133
f 2138 2133 2137
f 2137 2133 2134
f 2149 2142 2148
f 2148 2142 2143
f 2148 2143 2147
f 2147 2143 2144
f 2147 2144 2146
f 2146 2144 2145
f 2158 2150 2163
f 2163 2150 2151
f 2163 2151 2162
f 2162 2151 2152
f 2162 2152 2161
f 2161 2152 2153
f 2161 2153 2160
f 2160 2153 2154
f 2160 2154 2159
f 2159 2154 2155
f 2159 2155 2166
f 2166 2155 2156
f 2166 2156 2165
f 2165 2156 2157
f 2165 2157 2164
f 2164 2157 2158
f 2164 2158 2163
f 2168 2182 2167
f 2167 2182 2184
f 2183 2175 2174
f 2174 2175 2176
f 2174 2176 2177
f 2168 2169 2182
f 2182 2169 2181
f 2181 2169 2170
f 2181 2170 2180
f 2180 2170 2171
f 2180 2171 2179
f 2179 2171 2172
f 2179 2172 2178
f 2178 2172 2173
f 2178 2173 2177
f 2177 2173 2174
f 2186 2187 2185
f 2185 2187 2188
f 2200 2189 2202
f 2202 2189 2190
f 2202 2190 2191
f 2202 2191 2201
f 2201 2191 2192
f 2201 2192 2193
f 2194 2229 2193
f 2193 2229 2230
f 2193 2230 2231
f 2195 2226 2194
f 2194 2226 2227
f 2194 2227 2228
f 2196 2222 2195
f 2195 2222 2223
f 2195 2223 2224
f 2197 2218 2196
f 2196 2218 2219
f 2196 2219 2220
f 2198 2213 2197
f 2197 2213 2214
f 2197 2214 2215
f 2199 2209 2198
f 2198 2209 2210
f 2198 2210 2211
f 2200 2206 2199
f 2199 2206 2207
f 2199 2207 2208
f 2202 2203 2200
f 2200 2203 2204
f 2200 2204 2205
f 2205 2206 2200
f 2208 2209 2199
f 2211 2212 2198
f 2198 2212 2213
f 2215 2216 2197
f 2197 2216 2217
f 2197 2217 2218
f 2220 2221 2196
f 2196 2221 2222
f 2224 2225 2195
f 2195 2225 2226
f 2228 2229 2194
f 2231 2232 2193
f 2193 2232 2201
f 2234 2235 2233
f 2233 2235 2236
f 2237 2238 2240
f 2240 2238 2239
f 2242 2248 2241
f 2241 2248 2249
f 2241 2249 2246
f 2246 2249 2250
f 2246 2250 2245
f 2245 2250 2244
f 2244 2250 2251
f 2244 2251 2243
f 2243 2251 2247
f 2243 2247 2242
f 2242 2247 2248
f 2252 2253 2255
f 2255 2253 2254
f 2256 2257 2259
f 2259 2257 2258
f 2261 2270 2260
f 2260 2270 2271
f 2272 2266 2265
f 2265 2266 2267
f 2265 2267 2264
f 2264 2267 2263
f 2263 2267 2268
f 2263 2268 2262
f 2262 2268 2269
f 2262 2269 2261
f 2261 2269 2270
f 2273 2274 2276
f 2276 2274 2275
f 2278 2279 2277
f 2277 2279 2280
f 2281 2282 2284
f 2284 2282 2283
f 2286 2287 2285
f 2285 2287 2288
f 2289 2290 2292
f 2292 2290 2291
f 2293 2294 2296
f 2296 2294 2295
f 2298 2299 2297
f 2297 2299 2304
f 2304 2299 2300
f 2304 2300 2303
f 2303 2300 2302
f 2302 2300 2301
f 2305 2306 2320
f 2320 2306 2328
f 2320 2328 2329
f 2306 2307 2328
f 2328 2307 2327
f 2327 2307 2336
f 2327 2336 2326
f 2335 2308 2309
f 2335 2309 2325
f 2325 2309 2310
f 2325 2310 2324
f 2324 2310 2311
f 2324 2311 2323
f 2323 2311 2312
f 2323 2312 2322
f 2322 2312 2313
f 2322 2313 2321
f 2321 2313 2314
f 2321 2314 2334
f 2334 2314 2333
f 2333 2314 2315
f 2333 2315 2332
f 2332 2315 2317
f 2332 2317 2331
f 2331 2317 2318
f 2331 2318 2330
f 2330 2318 2319
f 2330 2319 2329
f 2329 2319 2320
f 2315 2316 2317
f 2338 2346 2337
f 2337 2346 2347
f 2348 2342 2341
f 2341 2342 2343
f 2341 2343 2344
f 2338 2339 2346
f 2346 2339 2345
f 2345 2339 2340
f 2345 2340 2344
f 2344 2340 2341
f 2349 2350 2352
f 2352 2350 2351
f 2353 2354 2360
f 2360 2354 2355
f 2360 2355 2359
f 2359 2355 2356
f 2359 2356 2358
f 2358 2356 2357
f 2361 2362 2368
f 2368 2362 2363
f 2368 2363 2367
f 2367 2363 2364
f 2367 2364 2366
f 2366 2364 2365
f 2369 2370 2372
f 2372 2370 2371
f 2374 2382 2373
f 2373 2382 2383
f 2373 2383 2378
f 2378 2383 2379
f 2378 2379 2377
f 2377 2379 2380
f 2377 2380 2376
f 2376 2380 2381
f 2376 2381 2375
f 2375 2381 2382
f 2375 2382 2374
f 2384 2385 2391
f 2391 2385 2390
f 2390 2385 2386
f 2390 2386 2389
f 2389 2386 2387
f 2389 2387 2388
f 2392 2393 2395
f 2395 2393 2394
f 2397 2398 2396
f 2396 2398 2399
f 2405 2412 2406
f 2411 2400 2401
f 2411 2401 2410
f 2410 2401 2402
f 2410 2402 2409
f 2409 2402 2403
f 2409 2403 2408
f 2408 2403 2404
f 2408 2404 2407
f 2407 2404 2405
f 2407 2405 2406
f 2414 2422 2413
f 2413 2422 2423
f 2424 2418 2417
f 2417 2418 2419
f 2417 2419 2420
f 2414 2415 2422
f 2422 2415 2421
f 2421 2415 2416
f 2421 2416 2420
f 2420 2416 2417
f 2426 2434 2425
f 2425 2434 2435
f 2425 2435 2433
f 2433 2435 2436
f 2433 2436 2432
f 2432 2436 2437
f 2432 2437 2431
f 2431 2437 2438
f 2431 2438 2430
f 2430 2438 2439
f 2430 2439 2429
f 2429 2439 2444
f 2429 2444 2428
f 2443 2440 2441
f 2443 2441 2427
f 2427 2441 2442
f 2427 2442 2426
f 2426 2442 2434
f 2446 2447 2445
f 2445 2447 2452
f 2452 2447 2448
f 2452 2448 2451
f 2451 2448 2450
f 2450 2448 2449
f 2454 2462 2453
f 2453 2462 2463
f 2464 2458 2457
f 2457 2458 2459
f 2457 2459 2460
f 2454 2455 2462
f 2462 2455 2461
f 2461 2455 2456
f 2461 2456 2460
f 2460 2456 2457
f 2465 2466 2468
f 2468 2466 2467
f 2470 2471 2469
f 2469 2471 2472
f 2474 2475 2473
f 2473 2475 2476
f 2477 2478 2480
f 2480 2478 2479
f 2481 2482 2488
f 2488 2482 2483
f 2488 2483 2487
f 2487 2483 2484
f 2487 2484 2486
f 2486 2484 2485
f 2489 2490 2496
f 2496 2490 2491
f 2496 2491 2495
f 2495 2491 2492
f 2495 2492 2494
f 2494 2492 2493
f 2498 2511 2497
f 2497 2511 2512
f 2497 2512 2510
f 2510 2512 2513
f 2510 2513 2509
f 2509 2513 2514
f 2509 2514 2515
f 2511 2498 2526
f 2526 2498 2499
f 2526 2499 2525
f 2525 2499 2500
f 2525 2500 2524
f 2524 2500 2501
f 2524 2501 2523
f 2523 2501 2502
f 2523 2502 2503
f 2523 2503 2522
f 2522 2503 2504
f 2522 2504 2521
f 2521 2504 2505
f 2521 2505 2520
f 2520 2505 2519
f 2519 2505 2506
f 2519 2506 2518
f 2518 2506 2507
f 2518 2507 2517
f 2517 2507 2516
f 2516 2507 2508
f 2516 2508 2515
f 2515 2508 2509
f 2534 2527 2533
f 2533 2527 2528
f 2533 2528 2532
f 2532 2528 2529
f 2532 2529 2531
f 2531 2529 2530
f 2535 2536 2538
f 2538 2536 2537
f 2540 2541 2539
f 2539 2541 2542
f 2543 2544 2546
f 2546 2544 2545
f 2548 2564 2547
f 2547 2564 2556
f 2547 2556 2555
f 2555 2556 2557
f 2555 2557 2558
f 2548 2549 2564
f 2564 2549 2563
f 2563 2549 2550
f 2563 2550 2562
f 2562 2550 2551
f 2562 2551 2561
f 2561 2551 2565
f 2561 2565 2560
f 2566 2552 2553
f 2566 2553 2559
f 2559 2553 2554
f 2559 2554 2558
f 2558 2554 2555
f 2568 2569 2567
f 2567 2569 2574
f 2574 2569 2570
f 2574 2570 2573
f 2573 2570 2572
f 2572 2570 2571
f 2575 2576 2582
f 2582 2576 2581
f 2581 2576 2577
f 2581 2577 2580
f 2580 2577 2578
f 2580 2578 2579
f 2590 2583 2589
f 2589 2583 2584
f 2589 2584 2588
f 2588 2584 2585
f 2588 2585 2587
f 2587 2585 2586
f 2592 2593 2591
f 2591 2593 2594
f 2596 2597 2595
f 2595 2597 2598
f 2600 2601 2599
f 2599 2601 2602
f 2599 2602 2603
f 2599 2603 2606
f 2606 2603 2604
f 2606 2604 2605
f 2608 2609 2607
f 2607 2609 2610
f 2642 2611 2676
f 2676 2611 2612
f 2676 2612 2613
f 2613 2614 2676
f 2676 2614 2643
f 2676 2643 2644
f 2614 2615 2643
f 2643 2615 2647
f 2647 2615 2687
f 2647 2687 2666
f 2666 2687 2688
f 2666 2688 2654
f 2654 2688 2653
f 2653 2688 2689
f 2653 2689 2657
f 2657 2689 2622
f 2657 2622 2623
f 2687 2615 2686
f 2686 2615 2616
f 2686 2616 2617
f 2617 2618 2686
f 2686 2618 2619
f 2686 2619 2620
f 2686 2620 2690
f 2690 2620 2621
f 2690 2621 2622
f 2624 2684 2623
f 2623 2684 2685
f 2623 2685 2656
f 2656 2685 2681
f 2656 2681 2655
f 2655 2681 2658
f 2655 2658 2665
f 2665 2658 2664
f 2664 2658 2659
f 2664 2659 2663
f 2663 2659 2652
f 2663 2652 2648
f 2624 2625 2684
f 2684 2625 2626
f 2684 2626 2627
f 2627 2628 2684
f 2684 2628 2629
f 2684 2629 2630
f 2631 2660 2630
f 2630 2660 2661
f 2630 2661 2683
f 2683 2661 2662
f 2683 2662 2682
f 2682 2662 2658
f 2682 2658 2681
f 2632 2673 2631
f 2631 2673 2674
f 2631 2674 2650
f 2650 2674 2649
f 2649 2674 2675
f 2649 2675 2648
f 2648 2675 2671
f 2648 2671 2670
f 2670 2671 2669
f 2669 2671 2678
f 2669 2678 2668
f 2668 2678 2679
f 2668 2679 2646
f 2646 2679 2645
f 2645 2679 2680
f 2645 2680 2644
f 2644 2680 2676
f 2632 2633 2673
f 2673 2633 2634
f 2673 2634 2635
f 2635 2636 2673
f 2673 2636 2637
f 2673 2637 2638
f 2639 2678 2638
f 2638 2678 2672
f 2638 2672 2673
f 2678 2639 2677
f 2677 2639 2640
f 2677 2640 2641
f 2677 2641 2676
f 2676 2641 2642
f 2668 2646 2667
f 2667 2646 2647
f 2667 2647 2666
f 2650 2651 2631
f 2631 2651 2660
f 2651 2652 2660
f 2660 2652 2659
f 2654 2655 2666
f 2666 2655 2665
f 2656 2657 2623
f 2670 2663 2648
f 2671 2672 2678
f 2683 2684 2630
f 2689 2690 2622
f 2700 2691 2701
f 2701 2691 2692
f 2701 2692 2709
f 2709 2692 2693
f 2709 2693 2708
f 2708 2693 2694
f 2708 2694 2707
f 2707 2694 2695
f 2707 2695 2706
f 2706 2695 2696
f 2706 2696 2705
f 2705 2696 2697
f 2705 2697 2704
f 2704 2697 2698
f 2704 2698 2703
f 2703 2698 2699
f 2703 2699 2702
f 2702 2699 2700
f 2702 2700 2701
f 2710 2711 2713
f 2713 2711 2712
f 2715 2723 2714
f 2714 2723 2724
f 2714 2724 2719
f 2719 2724 2720
f 2719 2720 2718
f 2718 2720 2721
f 2718 2721 2717
f 2717 2721 2722
f 2717 2722 2716
f 2716 2722 2723
f 2716 2723 2715
f 2725 2726 2732
f 2732 2726 2731
f 2731 2726 2727
f 2731 2727 2730
f 2730 2727 2728
f 2730 2728 2729
f 2734 2735 2733
f 2733 2735 2736
f 2737 2738 2744
f 2744 2738 2739
f 2744 2739 2743
f 2743 2739 2740
f 2743 2740 2742
f 2742 2740 2741
f 2746 2747 2745
f 2745 2747 2748
f 2745 2748 2752
f 2752 2748 2749
f 2752 2749 2750
f 2750 2751 2752
f 2760 2753 2759
f 2759 2753 2754
f 2759 2754 2758
f 2758 2754 2755
f 2758 2755 2757
f 2757 2755 2756
f 2762 2786 2761
f 2761 2786 2771
f 2761 2771 2772
f 2786 2762 2785
f 2785 2762 2763
f 2785 2763 2784
f 2784 2763 2783
f 2783 2763 2764
f 2783 2764 2782
f 2782 2764 2781
f 2781 2764 2765
f 2781 2765 2780
f 2780 2765 2788
f 2780 2788 2779
f 2787 2766 2778
f 2778 2766 2767
f 2778 2767 2777
f 2777 2767 2768
f 2777 2768 2776
f 2776 2768 2775
f 2775 2768 2769
f 2775 2769 2774
f 2774 2769 2773
f 2773 2769 2770
f 2773 2770 2772
f 2772 2770 2761
f 2790 2791 2789
f 2789 2791 2792
f 2793 2794 2796
f 2796 2794 2795
f 2797 2798 2800
f 2800 2798 2799
f 2802 2803 2801
f 2801 2803 2808
f 2808 2803 2804
f 2808 2804 2807
f 2807 2804 2806
f 2806 2804 2805
f 2810 2811 2809
f 2809 2811 2812
f 2814 2815 2813
f 2813 2815 2816
f 2817 2818 2820
f 2820 2818 2819
f 2822 2830 2821
f 2821 2830 2831
f 2832 2826 2825
f 2825 2826 2827
f 2825 2827 2828
f 2822 2823 2830
f 2830 2823 2829
f 2829 2823 2824
f 2829 2824 2828
f 2828 2824 2825
f 2834 2835 2833
f 2833 2835 2836
f 2838 2846 2837
f 2837 2846 2842
f 2837 2842 2841
f 2841 2842 2843
f 2841 2843 2848
f 2838 2839 2846
f 2846 2839 2845
f 2845 2839 2847
f 2845 2847 2844
f 2848 2840 2841
f 2849 2850 2852
f 2852 2850 2851
f 2854 2864 2853
f 2853 2864 2870
f 2869 2865 2860
f 2860 2865 2866
f 2860 2866 2859
f 2859 2866 2867
f 2859 2867 2858
f 2858 2867 2868
f 2858 2868 2857
f 2857 2868 2861
f 2857 2861 2856
f 2856 2861 2862
f 2856 2862 2855
f 2855 2862 2863
f 2855 2863 2854
f 2854 2863 2864
f 2876 2871 2874
f 2874 2871 2872
f 2874 2872 2873
f 2874 2875 2876
f 2877 2878 2880
f 2880 2878 2879
f 2882 2883 2881
f 2881 2883 2884
f 2885 2886 2890
f 2890 2886 2889
f 2889 2886 2888
f 2888 2886 2887
f 2891 2892 2894
f 2894 2892 2893
f 2895 2896 2898
f 2898 2896 2897
f 2899 2900 2902
f 2902 2900 2901
f 2903 2904 2907
f 2907 2904 2906
f 2906 2904 2905
f 2909 2918 2908
f 2919 2915 2916
f 2919 2916 2912
f 2912 2916 2917
f 2912 2917 2911
f 2911 2917 2913
f 2911 2913 2910
f 2910 2913 2914
f 2910 2914 2909
f 2909 2914 2918
f 2921 2922 2920
f 2920 2922 2923
f 2924 2925 2927
f 2927 2925 2926
f 2928 2929 2931
f 2931 2929 2930
f 2933 2935 2932
f 2932 2935 2940
f 2932 2940 2941
f 2933 2934 2935
f 2935 2936 2940
f 2940 2936 2938
f 2940 2938 2939
f 2936 2937 2938
f 2953 2942 2952
f 2952 2942 2943
f 2952 2943 2945
f 2945 2943 2944
f 2952 2945 2951
f 2951 2945 2946
f 2951 2946 2949
f 2949 2946 2948
f 2948 2946 2947
f 2949 2950 2951
f 2954 2955 2957
f 2957 2955 2956
f 2962 2958 2961
f 2961 2958 2959
f 2961 2959 2960
f 2964 2972 2963
f 2963 2972 2968
f 2963 2968 2967
f 2967 2968 2969
f 2967 2969 2974
f 2964 2965 2972
f 2972 2965 2971
f 2971 2965 2973
f 2971 2973 2970
f 2974 2966 2967
f 2975 2976 2978
f 2978 2976 2977
f 2980 2981 2979
f 2979 2981 2982
f 2987 2983 2986
f 2986 2983 2984
f 2986 2984 2985
f 2989 2990 2988
f 2988 2990 2991
f 2993 2994 2992
f 2992 2994 2995
f 2996 2997 2999
f 2999 2997 2998
f 3001 3002 3000
f 3000 3002 3003
f 3004 3005 3007
f 3007 3005 3006
f 3009 3010 3008
f 3008 3010 3011
f 3012 3013 3015
f 3015 3013 3014
f 3017 3018 3016
f 3016 3018 3019
f 3021 3023 3020
f 3020 3023 3028
f 3020 3028 3029
f 3021 3022 3023
f 3023 3024 3028
f 3028 3024 3026
f 3028 3026 3027
f 3024 3025 3026
f 3041 3030 3040
f 3040 3030 3031
f 3040 3031 3033
f 3033 3031 3032
f 3040 3033 3039
f 3039 3033 3034
f 3039 3034 3037
f 3037 3034 3036
f 3036 3034 3035
f 3037 3038 3039
f 3043 3044 3042
f 3042 3044 3045
f 3046 3047 3049
f 3049 3047 3048
f 3054 3050 3053
f 3053 3050 3051
f 3053 3051 3052
f 3056 3057 3055
f 3055 3057 3058
f 3060 3061 3059
f 3059 3061 3062
f 3063 3064 3067
f 3067 3064 3065
f 3067 3065 3066
f 3069 3079 3068
f 3068 3079 3080
f 3068 3080 3075
f 3075 3080 3081
f 3075 3081 3074
f 3074 3081 3082
f 3074 3082 3073
f 3073 3082 3076
f 3073 3076 3072
f 3072 3076 3071
f 3071 3076 3077
f 3071 3077 3070
f 3070 3077 3078
f 3070 3078 3069
f 3069 3078 3079
f 3084 3085 3083
f 3083 3085 3086
f 3088 3089 3087
f 3087 3089 3090
f 3095 3091 3094
f 3094 3091 3092
f 3094 3092 3093
f 3100 3096 3099
f 3099 3096 3097
f 3099 3097 3098
f 3102 3103 3101
f 3101 3103 3104
f 3105 3106 3109
f 3109 3106 3108
f 3108 3106 3107
f 3111 3112 3110
f 3110 3112 3113
f 3114 3115 3117
f 3117 3115 3116
f 3118 3119 3121
f 3121 3119 3120
f 3123 3137 3122
f 3122 3137 3130
f 3122 3130 3129
f 3129 3130 3131
f 3129 3131 3128
f 3128 3131 3139
f 3138 3132 3127
f 3127 3132 3133
f 3127 3133 3126
f 3126 3133 3134
f 3126 3134 3125
f 3125 3134 3135
f 3125 3135 3124
f 3124 3135 3136
f 3124 3136 3123
f 3123 3136 3137
f 3141 3142 3140
f 3140 3142 3143
f 3144 3145 3147
f 3147 3145 3146
f 3163 3148 3164
f 3164 3148 3149
f 3164 3149 3173
f 3173 3149 3150
f 3173 3150 3172
f 3172 3150 3151
f 3172 3151 3152
f 3172 3152 3171
f 3171 3152 3153
f 3171 3153 3154
f 3171 3154 3170
f 3170 3154 3155
f 3170 3155 3169
f 3169 3155 3175
f 3174 3156 3157
f 3174 3157 3168
f 3168 3157 3158
f 3168 3158 3167
f 3167 3158 3159
f 3167 3159 3160
f 3167 3160 3166
f 3166 3160 3161
f 3166 3161 3162
f 3166 3162 3165
f 3165 3162 3163
f 3165 3163 3164
f 3177 3178 3176
f 3176 3178 3192
f 3176 3192 3193
f 3178 3179 3192
f 3192 3179 3191
f 3191 3179 3190
f 3190 3179 3180
f 3190 3180 3181
f 3190 3181 3189
f 3189 3181 3182
f 3189 3182 3188
f 3188 3182 3187
f 3187 3182 3183
f 3187 3183 3185
f 3185 3183 3184
f 3185 3186 3187
f 3195 3203 3194
f 3194 3203 3199
f 3194 3199 3198
f 3198 3199 3200
f 3198 3200 3205
f 3195 3196 3203
f 3203 3196 3202
f 3202 3196 3204
f 3202 3204 3201
f 3205 3197 3198
f 3207 3208 3206
f 3206 3208 3209
f 3206 3209 3210
f 3210 3211 3206
f 3213 3214 3212
f 3212 3214 3215
f 3217 3218 3216
f 3216 3218 3219
f 3216 3219 3220
f 3220 3221 3216
f 3223 3231 3222
f 3222 3231 3227
f 3222 3227 3226
f 3226 3227 3228
f 3226 3228 3233
f 3223 3224 3231
f 3231 3224 3230
f 3230 3224 3232
f 3230 3232 3229
f 3233 3225 3226
f 3234 3235 3237
f 3237 3235 3236
f 3239 3240 3238
f 3238 3240 3241
f 3243 3244 3242
f 3242 3244 3245
f 3247 3255 3246
f 3246 3255 3251
f 3246 3251 3250
f 3250 3251 3252
f 3250 3252 3257
f 3247 3248 3255
f 3255 3248 3254
f 3254 3248 3256
f 3254 3256 3253
f 3257 3249 3250
f 3259 3260 3258
f 3258 3260 3261
f 3263 3271 3262
f 3262 3271 3267
f 3262 3267 3266
f 3266 3267 3268
f 3266 3268 3273
f 3263 3264 3271
f 3271 3264 3270
f 3270 3264 3272
f 3270 3272 3269
f 3273 3265 3266
f 3274 3275 3277
f 3277 3275 3276
f 3279 3280 3278
f 3278 3280 3281
f 3291 3282 3290
f 3290 3282 3283
f 3290 3283 3285
f 3285 3283 3284
f 3286 3287 3285
f 3285 3287 3289
f 3285 3289 3290
f 3287 3288 3289
f 3293 3297 3292
f 3292 3297 3302
f 3292 3302 3296
f 3303 3298 3299
f 3303 3299 3295
f 3295 3299 3300
f 3295 3300 3294
f 3294 3300 3301
f 3294 3301 3293
f 3293 3301 3297
f 3304 3305 3308
f 3308 3305 3307
f 3307 3305 3306
f 3310 3318 3309
f 3309 3318 3314
f 3309 3314 3313
f 3313 3314 3315
f 3313 3315 3320
f 3310 3311 3318
f 3318 3311 3317
f 3317 3311 3319
f 3317 3319 3316
f 3320 3312 3313
f 3321 3322 3324
f 3324 3322 3323
f 3325 3326 3328
f 3328 3326 3327
f 3330 3331 3329
f 3329 3331 3332
f 3329 3332 3340
f 3340 3332 3333
f 3340 3333 3334
f 3340 3334 3339
f 3339 3334 3335
f 3339 3335 3338
f 3338 3335 3336
f 3338 3336 3337
f 3341 3342 3344
f 3344 3342 3343
f 3346 3347 3345
f 3345 3347 3348
f 3350 3418 3349
f 3349 3418 3414
f 3349 3414 3390
f 3390 3414 3394
f 3394 3414 3415
f 3394 3415 3393
f 3393 3415 3416
f 3393 3416 3351
f 3351 3416 3417
f 3351 3417 3350
f 3350 3417 3418
f 3393 3351 3392
f 3392 3351 3352
f 3392 3352 3391
f 3391 3352 3411
f 3391 3411 3390
f 3390 3411 3412
f 3390 3412 3365
f 3365 3412 3356
f 3365 3356 3370
f 3370 3356 3369
f 3369 3356 3357
f 3369 3357 3368
f 3368 3357 3406
f 3368 3406 3377
f 3377 3406 3407
f 3377 3407 3376
f 3376 3407 3408
f 3376 3408 3375
f 3375 3408 3404
f 3375 3404 3359
f 3359 3404 3358
f 3358 3404 3405
f 3358 3405 3406
f 3411 3352 3410
f 3410 3352 3353
f 3410 3353 3387
f 3387 3353 3386
f 3386 3353 3385
f 3385 3353 3354
f 3385 3354 3355
f 3385 3355 3389
f 3389 3355 3356
f 3389 3356 3388
f 3388 3356 3413
f 3388 3413 3409
f 3357 3358 3406
f 3359 3360 3375
f 3375 3360 3379
f 3379 3360 3378
f 3378 3360 3396
f 3378 3396 3397
f 3360 3361 3396
f 3396 3361 3395
f 3395 3361 3384
f 3395 3384 3380
f 3384 3361 3383
f 3383 3361 3362
f 3383 3362 3382
f 3382 3362 3402
f 3382 3402 3403
f 3402 3362 3401
f 3401 3362 3363
f 3401 3363 3400
f 3400 3363 3364
f 3400 3364 3399
f 3399 3364 3372
f 3399 3372 3380
f 3380 3372 3398
f 3380 3398 3395
f 3365 3370 3364
f 3364 3370 3371
f 3364 3371 3372
f 3365 3366 3390
f 3390 3366 3367
f 3390 3367 3349
f 3372 3373 3398
f 3398 3373 3397
f 3397 3373 3374
f 3397 3374 3368
f 3368 3377 3397
f 3397 3377 3378
f 3380 3381 3399
f 3399 3381 3403
f 3403 3381 3382
f 3410 3387 3409
f 3409 3387 3388
f 3412 3413 3356
f 3420 3421 3419
f 3419 3421 3422
f 3423 3424 3426
f 3426 3424 3425
f 3437 3427 3438
f 3438 3427 3428
f 3438 3428 3447
f 3447 3428 3429
f 3447 3429 3446
f 3446 3429 3430
f 3446 3430 3445
f 3445 3430 3431
f 3445 3431 3444
f 3444 3431 3432
f 3444 3432 3443
f 3443 3432 3433
f 3443 3433 3442
f 3442 3433 3434
f 3442 3434 3441
f 3441 3434 3435
f 3441 3435 3440
f 3440 3435 3436
f 3440 3436 3439
f 3439 3436 3437
f 3439 3437 3438
f 3449 3450 3448
f 3448 3450 3464
f 3448 3464 3465
f 3450 3451 3464
f 3464 3451 3463
f 3463 3451 3462
f 3462 3451 3452
f 3462 3452 3453
f 3462 3453 3461
f 3461 3453 3454
f 3461 3454 3460
f 3460 3454 3459
f 3459 3454 3455
f 3459 3455 3457
f 3457 3455 3456
f 3457 3458 3459
f 3466 3467 3480
f 3480 3467 3468
f 3480 3468 3479
f 3479 3468 3469
f 3479 3469 3478
f 3478 3469 3470
f 3478 3470 3477
f 3477 3470 3476
f 3476 3470 3471
f 3476 3471 3475
f 3475 3471 3474
f 3474 3471 3472
f 3474 3472 3473
f 3481 3482 3484
f 3484 3482 3483
f 3485 3486 3489
f 3489 3486 3487
f 3489 3487 3488
f 3491 3497 3490
f 3490 3497 3498
f 3490 3498 3496
f 3496 3498 3499
f 3496 3499 3495
f 3495 3499 3505
f 3495 3505 3494
f 3504 3500 3501
f 3504 3501 3493
f 3493 3501 3502
f 3493 3502 3492
f 3492 3502 3503
f 3492 3503 3491
f 3491 3503 3497
f 3507 3508 3506
f 3506 3508 3509
f 3511 3512 3510
f 3510 3512 3513
f 3515 3516 3514
f 3514 3516 3517
f 3519 3520 3518
f 3518 3520 3521
f 3541 3522 3542
f 3542 3522 3523
f 3542 3523 3552
f 3552 3523 3524
f 3552 3524 3551
f 3551 3524 3525
f 3551 3525 3550
f 3550 3525 3526
f 3550 3526 3549
f 3549 3526 3527
f 3549 3527 3528
f 3549 3528 3548
f 3548 3528 3553
f 3548 3553 3547
f 3554 3529 3530
f 3554 3530 3531
f 3554 3531 3546
f 3546 3531 3532
f 3546 3532 3533
f 3546 3533 3545
f 3545 3533 3534
f 3545 3534 3544
f 3544 3534 3535
f 3544 3535 3543
f 3543 3535 3536
f 3543 3536 3537
f 3537 3538 3543
f 3543 3538 3539
f 3543 3539 3540
f 3543 3540 3542
f 3542 3540 3541
f 3556 3557 3555
f 3555 3557 3558
f 3559 3560 3562
f 3562 3560 3561
f 3567 3563 3566
f 3566 3563 3564
f 3566 3564 3565
f 3569 3570 3568
f 3568 3570 3571
f 3568 3571 3572
f 3572 3573 3568
f 3575 3576 3574
f 3574 3576 3577
f 3578 3579 3584
f 3584 3579 3580
f 3584 3580 3583
f 3583 3580 3581
f 3583 3581 3582
f 3585 3586 3589
f 3589 3586 3587
f 3589 3587 3588
f 3605 3590 3610
f 3610 3590 3591
f 3610 3591 3609
f 3609 3591 3592
f 3609 3592 3593
f 3609 3593 3608
f 3608 3593 3594
f 3608 3594 3595
f 3608 3595 3607
f 3607 3595 3596
f 3607 3596 3597
f 3607 3597 3606
f 3606 3597 3598
f 3606 3598 3599
f 3606 3599 3613
f 3613 3599 3600
f 3613 3600 3601
f 3613 3601 3612
f 3612 3601 3602
f 3612 3602 3603
f 3612 3603 3611
f 3611 3603 3604
f 3611 3604 3605
f 3611 3605 3610
f 3614 3615 3621
f 3621 3615 3616
f 3621 3616 3617
f 3621 3617 3620
f 3620 3617 3618
f 3620 3618 3619
f 3623 3631 3622
f 3622 3631 3627
f 3622 3627 3626
f 3626 3627 3628
f 3626 3628 3633
f 3623 3624 3631
f 3631 3624 3630
f 3630 3624 3632
f 3630 3632 3629
f 3633 3625 3626
f 3634 3635 3637
f 3637 3635 3636
f 3639 3640 3638
f 3638 3640 3641
f 3642 3643 3645
f 3645 3643 3644
f 3650 3646 3649
f 3649 3646 3647
f 3649 3647 3648
f 3651 3652 3655
f 3655 3652 3654
f 3654 3652 3653
f 3656 3657 3660
f 3660 3657 3658
f 3660 3658 3659
f 3661 3662 3664
f 3664 3662 3663
f 3666 3667 3665
f 3665 3667 3668
f 3670 3676 3669
f 3669 3676 3683
f 3669 3683 3675
f 3684 3677 3678
f 3684 3678 3674
f 3674 3678 3679
f 3674 3679 3673
f 3673 3679 3680
f 3673 3680 3672
f 3672 3680 3681
f 3672 3681 3671
f 3671 3681 3682
f 3671 3682 3670
f 3670 3682 3676
f 3689 3685 3688
f 3688 3685 3686
f 3688 3686 3687
f 3690 3691 3694
f 3694 3691 3693
f 3693 3691 3692
f 3696 3704 3695
f 3695 3704 3705
f 3695 3705 3701
f 3701 3705 3706
f 3701 3706 3700
f 3700 3706 3699
f 3699 3706 3702
f 3699 3702 3698
f 3698 3702 3703
f 3698 3703 3697
f 3697 3703 3696
f 3696 3703 3704
f 3708 3709 3707
f 3707 3709 3710
f 3720 3711 3719
f 3719 3711 3712
f 3719 3712 3714
f 3714 3712 3713
f 3715 3716 3714
f 3714 3716 3718
f 3714 3718 3719
f 3716 3717 3718
f 3722 3751 3721
f 3721 3751 3752
f 3721 3752 3744
f 3744 3752 3753
f 3744 3753 3743
f 3743 3753 3765
f 3743 3765 3766
f 3723 3783 3722
f 3722 3783 3750
f 3722 3750 3751
f 3783 3723 3782
f 3782 3723 3724
f 3782 3724 3781
f 3781 3724 3780
f 3780 3724 3725
f 3780 3725 3747
f 3747 3725 3726
f 3747 3726 3746
f 3746 3726 3745
f 3745 3726 3727
f 3745 3727 3728
f 3729 3778 3728
f 3728 3778 3749
f 3728 3749 3745
f 3730 3776 3729
f 3729 3776 3777
f 3729 3777 3778
f 3731 3774 3730
f 3730 3774 3775
f 3730 3775 3776
f 3732 3757 3731
f 3731 3757 3760
f 3731 3760 3740
f 3740 3760 3739
f 3739 3760 3761
f 3739 3761 3738
f 3738 3761 3762
f 3738 3762 3737
f 3737 3762 3763
f 3737 3763 3736
f 3736 3763 3764
f 3736 3764 3735
f 3735 3764 3758
f 3735 3758 3759
f 3757 3732 3756
f 3756 3732 3733
f 3756 3733 3755
f 3755 3733 3734
f 3755 3734 3735
f 3741 3772 3740
f 3740 3772 3773
f 3740 3773 3731
f 3731 3773 3774
f 3742 3770 3741
f 3741 3770 3771
f 3741 3771 3772
f 3743 3768 3742
f 3742 3768 3769
f 3742 3769 3770
f 3747 3748 3780
f 3780 3748 3779
f 3779 3748 3749
f 3779 3749 3778
f 3753 3754 3765
f 3765 3754 3784
f 3784 3754 3750
f 3784 3750 3783
f 3757 3758 3760
f 3760 3758 3764
f 3759 3755 3735
f 3766 3767 3743
f 3743 3767 3768
f 3785 3786 3789
f 3789 3786 3787
f 3789 3787 3788
f 3790 3791 3793
f 3793 3791 3792
f 3794 3795 3797
f 3797 3795 3796
f 3799 3800 3798
f 3798 3800 3801
f 3802 3803 3805
f 3805 3803 3804
f 3806 3807 3809
f 3809 3807 3808
f 3811 3812 3810
f 3810 3812 3813
f 3814 3815 3817
f 3817 3815 3816
f 3819 3820 3818
f 3818 3820 3822
f 3822 3820 3821
f 3830 3823 3829
f 3829 3823 3824
f 3829 3824 3828
f 3828 3824 3825
f 3828 3825 3827
f 3827 3825 3826
f 3836 3831 3835
f 3835 3831 3832
f 3835 3832 3833
f 3833 3834 3835
f 3838 3839 3837
f 3837 3839 3840
f 3842 3855 3841
f 3856 3851 3852
f 3856 3852 3847
f 3847 3852 3853
f 3847 3853 3846
f 3846 3853 3854
f 3846 3854 3845
f 3845 3854 3848
f 3845 3848 3844
f 3844 3848 3849
f 3844 3849 3843
f 3843 3849 3850
f 3843 3850 3842
f 3842 3850 3855
f 3857 3858 3860
f 3860 3858 3859
f 3861 3862 3864
f 3864 3862 3863
f 3865 3866 3868
f 3868 3866 3867
f 3869 3870 3877
f 3877 3870 3871
f 3877 3871 3876
f 3876 3871 3875
f 3875 3871 3872
f 3875 3872 3873
f 3873 3874 3875
f 3878 3879 3881
f 3881 3879 3880
f 3883 3884 3882
f 3882 3884 3885
f 3886 3887 3889
f 3889 3887 3888
f 3891 3892 3890
f 3890 3892 3898
f 3898 3892 3893
f 3898 3893 3894
f 3895 3896 3894
f 3894 3896 3897
f 3894 3897 3898
f 3899 3900 3902
f 3902 3900 3901
f 3903 3904 3906
f 3906 3904 3905
f 3908 3909 3907
f 3907 3909 3910
f 3911 3912 3914
f 3914 3912 3913
f 3915 3916 3918
f 3918 3916 3917
f 3919 3920 3924
f 3924 3920 3923
f 3923 3920 3921
f 3923 3921 3922
f 3932 3925 3931
f 3931 3925 3926
f 3931 3926 3930
f 3930 3926 3927
f 3930 3927 3929
f 3929 3927 3928
f 3933 3934 3938
f 3938 3934 3937
f 3937 3934 3935
f 3937 3935 3936
f 3939 3940 3970
f 3970 3940 3969
f 3969 3940 3967
f 3969 3967 3968
f 3967 3940 3966
f 3966 3940 3941
f 3966 3941 3949
f 3949 3941 3942
f 3949 3942 3948
f 3948 3942 3943
f 3948 3943 3946
f 3946 3943 3945
f 3945 3943 3944
f 3946 3947 3948
f 3949 3950 3966
f 3966 3950 3965
f 3965 3950 3957
f 3965 3957 3958
f 3950 3951 3957
f 3957 3951 3956
f 3956 3951 3954
f 3956 3954 3955
f 3952 3953 3951
f 3951 3953 3954
f 3965 3958 3964
f 3964 3958 3959
f 3964 3959 3962
f 3962 3959 3961
f 3961 3959 3960
f 3962 3963 3964
f 3978 3971 3977
f 3977 3971 3972
f 3977 3972 3976
f 3976 3972 3973
f 3976 3973 3975
f 3975 3973 3974
f 3985 3979 3984
f 3984 3979 3980
f 3984 3980 3983
f 3983 3980 3981
f 3983 3981 3982
f 3986 3987 3991
f 3991 3987 3988
f 3991 3988 3990
f 3990 3988 3989
f 3998 3992 3997
f 3997 3992 3993
f 3997 3993 3996
f 3996 3993 3994
f 3996 3994 3995
f 4000 4005 3999
f 3999 4005 4006
f 3999 4006 4003
f 4003 4006 4007
f 4003 4007 4002
f 4002 4007 4008
f 4002 4008 4001
f 4001 4008 4004
f 4001 4004 4000
f 4000 4004 4005
f 4010 4053 4009
f 4009 4053 4054
f 4009 4054 4052
f 4052 4054 4051
f 4051 4054 4055
f 4051 4055 4049
f 4049 4055 4047
f 4049 4047 4048
f 4010 4011 4053
f 4053 4011 4012
f 4053 4012 4068
f 4068 4012 4015
f 4068 4015 4016
f 4012 4013 4015
f 4015 4013 4014
f 4017 4018 4016
f 4016 4018 4068
f 4018 4019 4068
f 4068 4019 4067
f 4067 4019 4020
f 4067 4020 4021
f 4067 4021 4066
f 4066 4021 4022
f 4066 4022 4065
f 4065 4022 4023
f 4065 4023 4024
f 4024 4025 4065
f 4065 4025 4026
f 4065 4026 4064
f 4064 4026 4027
f 4064 4027 4029
f 4029 4027 4028
f 4029 4030 4064
f 4064 4030 4063
f 4063 4030 4031
f 4063 4031 4069
f 4063 4069 4062
f 4070 4032 4033
f 4070 4033 4061
f 4061 4033 4034
f 4061 4034 4035
f 4035 4036 4061
f 4061 4036 4037
f 4061 4037 4060
f 4060 4037 4038
f 4060 4038 4040
f 4040 4038 4039
f 4040 4041 4060
f 4060 4041 4059
f 4059 4041 4042
f 4059 4042 4043
f 4059 4043 4058
f 4058 4043 4044
f 4058 4044 4057
f 4057 4044 4045
f 4057 4045 4046
f 4057 4046 4056
f 4056 4046 4047
f 4056 4047 4055
f 4049 4050 4051
f 4071 4072 4076
f 4076 4072 4073
f 4076 4073 4075
f 4075 4073 4074
f 4077 4078 4082
f 4082 4078 4081
f 4081 4078 4079
f 4081 4079 4080
f 4083 4084 4088
f 4088 4084 4085
f 4088 4085 4087
f 4087 4085 4086
f 4096 4089 4095
f 4095 4089 4090
f 4095 4090 4094
f 4094 4090 4091
f 4094 4091 4093
f 4093 4091 4092
f 4103 4097 4102
f 4102 4097 4098
f 4102 4098 4101
f 4101 4098 4099
f 4101 4099 4100
f 4110 4104 4109
f 4109 4104 4105
f 4109 4105 4108
f 4108 4105 4106
f 4108 4106 4107
f 4112 4120 4111
f 4111 4120 4116
f 4111 4116 4115
f 4115 4116 4117
f 4115 4117 4122
f 4112 4113 4120
f 4120 4113 4119
f 4119 4113 4121
f 4119 4121 4118
f 4122 4114 4115
f 4128 4134 4129
f 4135 4123 4124
f 4135 4124 4133
f 4133 4124 4125
f 4133 4125 4132
f 4132 4125 4126
f 4132 4126 4131
f 4131 4126 4127
f 4131 4127 4130
f 4130 4127 4128
f 4130 4128 4129
f 4137 4145 4136
f 4136 4145 4146
f 4136 4146 4141
f 4141 4146 4147
f 4141 4147 4148
f 4138 4143 4137
f 4137 4143 4144
f 4137 4144 4145
f 4139 4149 4138
f 4138 4149 4142
f 4138 4142 4143
f 4139 4140 4149
f 4149 4140 4148
f 4148 4140 4141
f 4151 4161 4150
f 4150 4161 4162
f 4150 4162 4164
f 4152 4159 4151
f 4151 4159 4160
f 4151 4160 4161
f 4159 4152 4158
f 4158 4152 4153
f 4158 4153 4157
f 4157 4153 4154
f 4157 4154 4156
f 4156 4154 4163
f 4156 4163 4155
f 4165 4166 4170
f 4170 4166 4169
f 4169 4166 4167
f 4169 4167 4168
f 4172 4195 4171
f 4171 4195 4194
f 4171 4194 4175
f 4175 4194 4198
f 4175 4198 4174
f 4174 4198 4197
f 4174 4197 4173
f 4199 4193 4196
f 4199 4196 4172
f 4172 4196 4195
f 4177 4194 4176
f 4176 4194 4195
f 4176 4195 4191
f 4191 4195 4190
f 4190 4195 4189
f 4189 4195 4188
f 4188 4195 4196
f 4188 4196 4187
f 4187 4196 4186
f 4186 4196 4185
f 4185 4196 4193
f 4185 4193 4184
f 4184 4193 4183
f 4192 4197 4182
f 4182 4197 4181
f 4181 4197 4198
f 4181 4198 4180
f 4180 4198 4179
f 4179 4198 4178
f 4178 4198 4194
f 4178 4194 4177
f 4207 4200 4206
f 4206 4200 4201
f 4206 4201 4205
f 4205 4201 4202
f 4205 4202 4204
f 4204 4202 4203
f 4208 4209 4213
f 4213 4209 4210
f 4213 4210 4212
f 4212 4210 4211
f 4214 4215 4218
f 4218 4215 4216
f 4218 4216 4217
f 4219 4220 4224
f 4224 4220 4221
f 4224 4221 4223
f 4223 4221 4222
f 4232 4225 4231
f 4231 4225 4226
f 4231 4226 4230
f 4230 4226 4227
f 4230 4227 4229
f 4229 4227 4228
f 4233 4234 4237
f 4237 4234 4235
f 4237 4235 4236
f 4239 4247 4238
f 4238 4247 4243
f 4238 4243 4242
f 4242 4243 4244
f 4242 4244 4249
f 4239 4240 4247
f 4247 4240 4246
f 4246 4240 4248
f 4246 4248 4245
f 4249 4241 4242
f 4255 4261 4256
f 4262 4250 4251
f 4262 4251 4260
f 4260 4251 4252
f 4260 4252 4259
f 4259 4252 4253
f 4259 4253 4258
f 4258 4253 4254
f 4258 4254 4257
f 4257 4254 4255
f 4257 4255 4256
f 4263 4264 4268
f 4268 4264 4265
f 4268 4265 4267
f 4267 4265 4266
f 4275 4269 4274
f 4274 4269 4270
f 4274 4270 4273
f 4273 4270 4271
f 4273 4271 4272
f 4283 4276 4282
f 4282 4276 4277
f 4282 4277 4281
f 4281 4277 4278
f 4281 4278 4280
f 4280 4278 4279
f 4285 4295 4284
f 4284 4295 4296
f 4284 4296 4298
f 4286 4293 4285
f 4285 4293 4294
f 4285 4294 4295
f 4293 4286 4292
f 4292 4286 4287
f 4292 4287 4291
f 4291 4287 4288
f 4291 4288 4290
f 4290 4288 4297
f 4290 4297 4289
f 4306 4299 4305
f 4305 4299 4300
f 4305 4300 4304
f 4304 4300 4301
f 4304 4301 4303
f 4303 4301 4302
f 4307 4308 4338
f 4338 4308 4337
f 4337 4308 4335
f 4337 4335 4336
f 4335 4308 4334
f 4334 4308 4309
f 4334 4309 4317
f 4317 4309 4310
f 4317 4310 4316
f 4316 4310 4311
f 4316 4311 4314
f 4314 4311 4313
f 4313 4311 4312
f 4314 4315 4316
f 4317 4318 4334
f 4334 4318 4333
f 4333 4318 4325
f 4333 4325 4326
f 4318 4319 4325
f 4325 4319 4324
f 4324 4319 4322
f 4324 4322 4323
f 4320 4321 4319
f 4319 4321 4322
f 4333 4326 4332
f 4332 4326 4327
f 4332 4327 4330
f 4330 4327 4329
f 4329 4327 4328
f 4330 4331 4332
f 4345 4339 4344
f 4344 4339 4340
f 4344 4340 4343
f 4343 4340 4341
f 4343 4341 4342
f 4346 4347 4351
f 4351 4347 4350
f 4350 4347 4348
f 4350 4348 4349
f 4352 4353 4357
f 4357 4353 4356
f 4356 4353 4354
f 4356 4354 4355
f 4365 4358 4364
f 4364 4358 4359
f 4364 4359 4363
f 4363 4359 4360
f 4363 4360 4362
f 4362 4360 4361
f 4372 4366 4371
f 4371 4366 4367
f 4371 4367 4370
f 4370 4367 4368
f 4370 4368 4369
f 4379 4373 4378
f 4378 4373 4374
f 4378 4374 4377
f 4377 4374 4375
f 4377 4375 4376
f 4380 4381 4385
f 4385 4381 4382
f 4385 4382 4384
f 4384 4382 4383
f 4387 4395 4386
f 4386 4395 4396
f 4386 4396 4391
f 4391 4396 4397
f 4391 4397 4398
f 4388 4393 4387
f 4387 4393 4394
f 4387 4394 4395
f 4389 4399 4388
f 4388 4399 4392
f 4388 4392 4393
f 4389 4390 4399
f 4399 4390 4398
f 4398 4390 4391
f 4401 4424 4400
f 4400 4424 4423
f 4400 4423 4404
f 4404 4423 4427
f 4404 4427 4403
f 4403 4427 4426
f 4403 4426 4402
f 4428 4422 4425
f 4428 4425 4401
f 4401 4425 4424
f 4406 4423 4405
f 4405 4423 4424
f 4405 4424 4420
f 4420 4424 4419
f 4419 4424 4418
f 4418 4424 4417
f 4417 4424 4425
f 4417 4425 4416
f 4416 4425 4415
f 4415 4425 4414
f 4414 4425 4422
f 4414 4422 4413
f 4413 4422 4412
f 4421 4426 4411
f 4411 4426 4410
f 4410 4426 4427
f 4410 4427 4409
f 4409 4427 4408
f 4408 4427 4407
f 4407 4427 4423
f 4407 4423 4406
f 4430 4473 4429
f 4429 4473 4474
f 4429 4474 4472
f 4472 4474 4471
f 4471 4474 4475
f 4471 4475 4469
f 4469 4475 4467
f 4469 4467 4468
f 4430 4431 4473
f 4473 4431 4432
f 4473 4432 4488
f 4488 4432 4435
f 4488 4435 4436
f 4432 4433 4435
f 4435 4433 4434
f 4437 4438 4436
f 4436 4438 4488
f 4438 4439 4488
f 4488 4439 4487
f 4487 4439 4440
f 4487 4440 4441
f 4487 4441 4486
f 4486 4441 4442
f 4486 4442 4485
f 4485 4442 4443
f 4485 4443 4444
f 4444 4445 4485
f 4485 4445 4446
f 4485 4446 4484
f 4484 4446 4447
f 4484 4447 4449
f 4449 4447 4448
f 4449 4450 4484
f 4484 4450 4483
f 4483 4450 4451
f 4483 4451 4489
f 4483 4489 4482
f 4490 4452 4453
f 4490 4453 4481
f 4481 4453 4454
f 4481 4454 4455
f 4455 4456 4481
f 4481 4456 4457
f 4481 4457 4480
f 4480 4457 4458
f 4480 4458 4460
f 4460 4458 4459
f 4460 4461 4480
f 4480 4461 4479
f 4479 4461 4462
f 4479 4462 4463
f 4479 4463 4478
f 4478 4463 4464
f 4478 4464 4477
f 4477 4464 4465
f 4477 4465 4466
f 4477 4466 4476
f 4476 4466 4467
f 4476 4467 4475
f 4469 4470 4471
f 4491 4492 4496
f 4496 4492 4493
f 4496 4493 4495
f 4495 4493 4494
f 4498 4503 4497
f 4497 4503 4504
f 4497 4504 4501
f 4501 4504 4505
f 4501 4505 4500
f 4500 4505 4506
f 4500 4506 4499
f 4499 4506 4502
f 4499 4502 4498
f 4498 4502 4503
f 4507 4508 4512
f 4512 4508 4511
f 4511 4508 4509
f 4511 4509 4510
f 4513 4514 4518
f 4518 4514 4517
f 4517 4514 4515
f 4517 4515 4516
f 4520 4530 4519
f 4519 4530 4531
f 4519 4531 4533
f 4521 4528 4520
f 4520 4528 4529
f 4520 4529 4530
f 4528 4521 4527
f 4527 4521 4522
f 4527 4522 4526
f 4526 4522 4523
f 4526 4523 4525
f 4525 4523 4532
f 4525 4532 4524
f 4540 4534 4539
f 4539 4534 4535
f 4539 4535 4538
f 4538 4535 4536
f 4538 4536 4537
f 4542 4550 4541
f 4541 4550 4546
f 4541 4546 4545
f 4545 4546 4547
f 4545 4547 4552
f 4542 4543 4550
f 4550 4543 4549
f 4549 4543 4551
f 4549 4551 4548
f 4552 4544 4545
f 4553 4554 4558
f 4558 4554 4555
f 4558 4555 4557
f 4557 4555 4556
f 4565 4559 4564
f 4564 4559 4560
f 4564 4560 4563
f 4563 4560 4561
f 4563 4561 4562
f 4567 4572 4566
f 4566 4572 4573
f 4566 4573 4570
f 4570 4573 4574
f 4570 4574 4569
f 4569 4574 4575
f 4569 4575 4568
f 4568 4575 4571
f 4568 4571 4567
f 4567 4571 4572
f 4577 4585 4576
f 4576 4585 4586
f 4576 4586 4581
f 4581 4586 4587
f 4581 4587 4588
f 4578 4583 4577
f 4577 4583 4584
f 4577 4584 4585
f 4579 4589 4578
f 4578 4589 4582
f 4578 4582 4583
f 4579 4580 4589
f 4589 4580 4588
f 4588 4580 4581
f 4591 4634 4590
f 4590 4634 4635
f 4590 4635 4633
f 4633 4635 4632
f 4632 4635 4636
f 4632 4636 4630
f 4630 4636 4628
f 4630 4628 4629
f 4591 4592 4634
f 4634 4592 4593
f 4634 4593 4649
f 4649 4593 4596
f 4649 4596 4597
f 4593 4594 4596
f 4596 4594 4595
f 4598 4599 4597
f 4597 4599 4649
f 4599 4600 4649
f 4649 4600 4648
f 4648 4600 4601
f 4648 4601 4602
f 4648 4602 4647
f 4647 4602 4603
f 4647 4603 4646
f 4646 4603 4604
f 4646 4604 4605
f 4605 4606 4646
f 4646 4606 4607
f 4646 4607 4645
f 4645 4607 4608
f 4645 4608 4610
f 4610 4608 4609
f 4610 4611 4645
f 4645 4611 4644
f 4644 4611 4612
f 4644 4612 4650
f 4644 4650 4643
f 4651 4613 4614
f 4651 4614 4642
f 4642 4614 4615
f 4642 4615 4616
f 4616 4617 4642
f 4642 4617 4618
f 4642 4618 4641
f 4641 4618 4619
f 4641 4619 4621
f 4621 4619 4620
f 4621 4622 4641
f 4641 4622 4640
f 4640 4622 4623
f 4640 4623 4624
f 4640 4624 4639
f 4639 4624 4625
f 4639 4625 4638
f 4638 4625 4626
f 4638 4626 4627
f 4638 4627 4637
f 4637 4627 4628
f 4637 4628 4636
f 4630 4631 4632
f 4653 4676 4652
f 4652 4676 4675
f 4652 4675 4656
f 4656 4675 4679
f 4656 4679 4655
f 4655 4679 4678
f 4655 4678 4654
f 4680 4674 4677
f 4680 4677 4653
f 4653 4677 4676
f 4658 4675 4657
f 4657 4675 4676
f 4657 4676 4672
f 4672 4676 4671
f 4671 4676 4670
f 4670 4676 4669
f 4669 4676 4677
f 4669 4677 4668
f 4668 4677 4667
f 4667 4677 4666
f 4666 4677 4674
f 4666 4674 4665
f 4665 4674 4664
f 4673 4678 4663
f 4663 4678 4662
f 4662 4678 4679
f 4662 4679 4661
f 4661 4679 4660
f 4660 4679 4659
f 4659 4679 4675
f 4659 4675 4658
f 4687 4681 4686
f 4686 4681 4682
f 4686 4682 4685
f 4685 4682 4683
f 4685 4683 4684
f 4688 4689 4693
f 4693 4689 4692
f 4692 4689 4690
f 4692 4690 4691
f 4694 4695 4699
f 4699 4695 4696
f 4699 4696 4698
f 4698 4696 4697
f 4707 4700 4706
f 4706 4700 4701
f 4706 4701 4705
f 4705 4701 4702
f 4705 4702 4704
f 4704 4702 4703
f 4708 4709 4713
f 4713 4709 4712
f 4712 4709 4710
f 4712 4710 4711
f 4714 4715 4719
f 4719 4715 4718
f 4718 4715 4716
f 4718 4716 4717
f 4726 4720 4725
f 4725 4720 4721
f 4725 4721 4724
f 4724 4721 4722
f 4724 4722 4723
f 4732 4738 4733
f 4739 4727 4728
f 4739 4728 4737
f 4737 4728 4729
f 4737 4729 4736
f 4736 4729 4730
f 4736 4730 4735
f 4735 4730 4731
f 4735 4731 4734
f 4734 4731 4732
f 4734 4732 4733
f 4740 4741 4745
f 4745 4741 4744
f 4744 4741 4742
f 4744 4742 4743
f 4753 4746 4752
f 4752 4746 4747
f 4752 4747 4751
f 4751 4747 4748
f 4751 4748 4750
f 4750 4748 4749
f 4754 4755 4758
f 4758 4755 4756
f 4758 4756 4757
f 4766 4759 4765
f 4765 4759 4760
f 4765 4760 4764
f 4764 4760 4761
f 4764 4761 4763
f 4763 4761 4762
f 4767 4768 4772
f 4772 4768 4769
f 4772 4769 4771
f 4771 4769 4770
f 4780 4773 4779
f 4779 4773 4774
f 4779 4774 4778
f 4778 4774 4775
f 4778 4775 4777
f 4777 4775 4776
f 4781 4782 4786
f 4786 4782 4783
f 4786 4783 4785
f 4785 4783 4784
f 4787 4788 4818
f 4818 4788 4817
f 4817 4788 4815
f 4817 4815 4816
f 4815 4788 4814
f 4814 4788 4789
f 4814 4789 4797
f 4797 4789 4790
f 4797 4790 4796
f 4796 4790 4791
f 4796 4791 4794
f 4794 4791 4793
f 4793 4791 4792
f 4794 4795 4796
f 4797 4798 4814
f 4814 4798 4813
f 4813 4798 4805
f 4813 4805 4806
f 4798 4799 4805
f 4805 4799 4804
f 4804 4799 4802
f 4804 4802 4803
f 4800 4801 4799
f 4799 4801 4802
f 4813 4806 4812
f 4812 4806 4807
f 4812 4807 4810
f 4810 4807 4809
f 4809 4807 4808
f 4810 4811 4812
f 4819 4820 4823
f 4823 4820 4821
f 4823 4821 4822
f 4825 4833 4824
f 4824 4833 4829
f 4824 4829 4828
f 4828 4829 4830
f 4828 4830 4835
f 4825 4826 4833
f 4833 4826 4832
f 4832 4826 4834
f 4832 4834 4831
f 4835 4827 4828
f 4841 4847 4842
f 4848 4836 4837
f 4848 4837 4846
f 4846 4837 4838
f 4846 4838 4845
f 4845 4838 4839
f 4845 4839 4844
f 4844 4839 4840
f 4844 4840 4843
f 4843 4840 4841
f 4843 4841 4842
f 4850 4858 4849
f 4849 4858 4859
f 4849 4859 4854
f 4854 4859 4860
f 4854 4860 4861
f 4851 4856 4850
f 4850 4856 4857
f 4850 4857 4858
f 4852 4862 4851
f 4851 4862 4855
f 4851 4855 4856
f 4852 4853 4862
f 4862 4853 4861
f 4861 4853 4854
f 4864 4874 4863
f 4863 4874 4875
f 4863 4875 4877
f 4865 4872 4864
f 4864 4872 4873
f 4864 4873 4874
f 4872 4865 4871
f 4871 4865 4866
f 4871 4866 4870
f 4870 4866 4867
f 4870 4867 4869
f 4869 4867 4876
f 4869 4876 4868
f 4879 4884 4878
f 4878 4884 4885
f 4878 4885 4882
f 4882 4885 4886
f 4882 4886 4881
f 4881 4886 4887
f 4881 4887 4880
f 4880 4887 4883
f 4880 4883 4879
f 4879 4883 4884
f 4889 4912 4888
f 4888 4912 4911
f 4888 4911 4892
f 4892 4911 4915
f 4892 4915 4891
f 4891 4915 4914
f 4891 4914 4890
f 4916 4910 4913
f 4916 4913 4889
f 4889 4913 4912
f 4894 4911 4893
f 4893 4911 4912
f 4893 4912 4908
f 4908 4912 4907
f 4907 4912 4906
f 4906 4912 4905
f 4905 4912 4913
f 4905 4913 4904
f 4904 4913 4903
f 4903 4913 4902
f 4902 4913 4910
f 4902 4910 4901
f 4901 4910 4900
f 4909 4914 4899
f 4899 4914 4898
f 4898 4914 4915
f 4898 4915 4897
f 4897 4915 4896
f 4896 4915 4895
f 4895 4915 4911
f 4895 4911 4894
f 4918 4961 4917
f 4917 4961 4962
f 4917 4962 4960
f 4960 4962 4959
f 4959 4962 4963
f 4959 4963 4957
f 4957 4963 4955
f 4957 4955 4956
f 4918 4919 4961
f 4961 4919 4920
f 4961 4920 4976
f 4976 4920 4923
f 4976 4923 4924
f 4920 4921 4923
f 4923 4921 4922
f 4925 4926 4924
f 4924 4926 4976
f 4926 4927 4976
f 4976 4927 4975
f 4975 4927 4928
f 4975 4928 4929
f 4975 4929 4974
f 4974 4929 4930
f 4974 4930 4973
f 4973 4930 4931
f 4973 4931 4932
f 4932 4933 4973
f 4973 4933 4934
f 4973 4934 4972
f 4972 4934 4935
f 4972 4935 4937
f 4937 4935 4936
f 4937 4938 4972
f 4972 4938 4971
f 4971 4938 4939
f 4971 4939 4977
f 4971 4977 4970
f 4978 4940 4941
f 4978 4941 4969
f 4969 4941 4942
f 4969 4942 4943
f 4943 4944 4969
f 4969 4944 4945
f 4969 4945 4968
f 4968 4945 4946
f 4968 4946 4948
f 4948 4946 4947
f 4948 4949 4968
f 4968 4949 4967
f 4967 4949 4950
f 4967 4950 4951
f 4967 4951 4966
f 4966 4951 4952
f 4966 4952 4965
f 4965 4952 4953
f 4965 4953 4954
f 4965 4954 4964
f 4964 4954 4955
f 4964 4955 4963
f 4957 4958 4959
f 4986 4979 4985
f 4985 4979 4980
f 4985 4980 4984
f 4984 4980 4981
f 4984 4981 4983
f 4983 4981 4982
f 4987 4988 4992
f 4992 4988 4991
f 4991 4988 4989
f 4991 4989 4990
f 4993 4994 5024
f 5024 4994 5023
f 5023 4994 5021
f 5023 5021 5022
f 5021 4994 5020
f 5020 4994 4995
f 5020 4995 5003
f 5003 4995 4996
f 5003 4996 5002
f 5002 4996 4997
f 5002 4997 5000
f 5000 4997 4999
f 4999 4997 4998
f 5000 5001 5002
f 5003 5004 5020
f 5020 5004 5019
f 5019 5004 5011
f 5019 5011 5012
f 5004 5005 5011
f 5011 5005 5010
f 5010 5005 5008
f 5010 5008 5009
f 5006 5007 5005
f 5005 5007 5008
f 5019 5012 5018
f 5018 5012 5013
f 5018 5013 5016
f 5016 5013 5015
f 5015 5013 5014
f 5016 5017 5018
f 5025 5026 5030
f 5030 5026 5027
f 5030 5027 5029
f 5029 5027 5028
f 5037 5031 5036
f 5036 5031 5032
f 5036 5032 5035
f 5035 5032 5033
f 5035 5033 5034
f 5038 5039 5043
f 5043 5039 5042
f 5042 5039 5040
f 5042 5040 5041
f 5051 5044 5050
f 5050 5044 5045
f 5050 5045 5049
f 5049 5045 5046
f 5049 5046 5048
f 5048 5046 5047
f 5058 5052 5057
f 5057 5052 5053
f 5057 5053 5056
f 5056 5053 5054
f 5056 5054 5055
f 5059 5060 5064
f 5064 5060 5061
f 5064 5061 5063
f 5063 5061 5062
f 5065 5066 5070
f 5070 5066 5067
f 5070 5067 5069
f 5069 5067 5068
f 5077 5071 5076
f 5076 5071 5072
f 5076 5072 5075
f 5075 5072 5073
f 5075 5073 5074
f 5085 5078 5084
f 5084 5078 5079
f 5084 5079 5083
f 5083 5079 5080
f 5083 5080 5082
f 5082 5080 5081
f 5086 5087 5091
f 5091 5087 5090
f 5090 5087 5088
f 5090 5088 5089
f 5092 5093 5097
f 5097 5093 5096
f 5096 5093 5094
f 5096 5094 5095
f 5105 5098 5104
f 5104 5098 5099
f 5104 5099 5103
f 5103 5099 5100
f 5103 5100 5102
f 5102 5100 5101
f 5112 5106 5111
f 5111 5106 5107
f 5111 5107 5110
f 5110 5107 5108
f 5110 5108 5109
f 5113 5114 5118
f 5118 5114 5115
f 5118 5115 5117
f 5117 5115 5116
f 5119 5120 5122
f 5122 5120 5121
f 5123 5124 5128
f 5128 5124 5127
f 5127 5124 5126
f 5126 5124 5125
f 5130 5131 5129
f 5129 5131 5132
f 5134 5136 5133
f 5133 5136 5137
f 5133 5137 5142
f 5142 5137 5138
f 5142 5138 5141
f 5141 5138 5140
f 5140 5138 5139
f 5134 5135 5136
f 5144 5145 5143
f 5143 5145 5150
f 5150 5145 5146
f 5150 5146 5149
f 5149 5146 5148
f 5148 5146 5147
f 5152 5153 5151
f 5151 5153 5154
f 5156 5157 5155
f 5155 5157 5158
f 5155 5158 5159
f 5159 5160 5155
f 5162 5163 5161
f 5161 5163 5164
f 5165 5166 5168
f 5168 5166 5167
f 5170 5171 5169
f 5169 5171 5172
f 5173 5174 5188
f 5188 5174 5200
f 5188 5200 5197
f 5174 5175 5200
f 5200 5175 5199
f 5199 5175 5178
f 5199 5178 5198
f 5198 5178 5195
f 5198 5195 5196
f 5175 5176 5178
f 5178 5176 5177
f 5179 5180 5178
f 5178 5180 5195
f 5195 5180 5194
f 5194 5180 5181
f 5194 5181 5191
f 5191 5181 5190
f 5190 5181 5184
f 5190 5184 5189
f 5189 5184 5185
f 5189 5185 5187
f 5187 5185 5186
f 5182 5183 5181
f 5181 5183 5184
f 5188 5196 5187
f 5187 5196 5193
f 5187 5193 5192
f 5192 5193 5194
f 5192 5194 5191
f 5192 5189 5187
f 5188 5197 5196
f 5196 5197 5198
f 5202 5203 5201
f 5201 5203 5204
f 5205 5206 5208
f 5208 5206 5207
f 5209 5210 5212
f 5212 5210 5211
f 5214 5215 5213
f 5213 5215 5216
f 5213 5216 5217
f 5217 5218 5213
f 5220 5227 5219
f 5219 5227 5226
f 5219 5226 5223
f 5221 5234 5220
f 5220 5234 5231
f 5220 5231 5230
f 5230 5231 5232
f 5230 5232 5229
f 5229 5232 5221
f 5229 5221 5228
f 5228 5221 5222
f 5228 5222 5225
f 5225 5222 5224
f 5224 5222 5223
f 5223 5222 5219
f 5225 5226 5228
f 5228 5226 5227
f 5230 5227 5220
f 5232 5233 5221
f 5221 5233 5234
f 5235 5236 5244
f 5244 5236 5243
f 5243 5236 5242
f 5242 5236 5237
f 5242 5237 5241
f 5241 5237 5238
f 5241 5238 5240
f 5240 5238 5239
f 5245 5246 5250
f 5250 5246 5249
f 5249 5246 5248
f 5248 5246 5247
f 5251 5252 5254
f 5254 5252 5253
f 5255 5256 5258
f 5258 5256 5257
f 5260 5261 5259
f 5259 5261 5264
f 5264 5261 5263
f 5263 5261 5262
f 5266 5267 5265
f 5265 5267 5268
f 5270 5273 5269
f 5269 5273 5274
f 5269 5274 5275
f 5271 5272 5270
f 5270 5272 5273
f 5275 5276 5269
f 5277 5278 5280
f 5280 5278 5279
f 5281 5282 5284
f 5284 5282 5283
f 5285 5286 5288
f 5288 5286 5287
f 5289 5290 5292
f 5292 5290 5291
f 5293 5294 5296
f 5296 5294 5295
f 5297 5298 5300
f 5300 5298 5299
f 5301 5302 5304
f 5304 5302 5303
f 5306 5307 5305
f 5305 5307 5308
f 5309 5310 5314
f 5314 5310 5313
f 5313 5310 5312
f 5312 5310 5311
f 5315 5316 5318
f 5318 5316 5317
f 5319 5320 5322
f 5322 5320 5321
f 5323 5324 5326
f 5326 5324 5325
f 5327 5328 5330
f 5330 5328 5329
f 5332 5333 5331
f 5331 5333 5334
f 5335 5336 5338
f 5338 5336 5337
f 5340 5341 5339
f 5339 5341 5342
f 5343 5344 5346
f 5346 5344 5345
f 5347 5348 5350
f 5350 5348 5349
f 5351 5352 5354
f 5354 5352 5353
f 5355 5356 5358
f 5358 5356 5357
f 5360 5361 5359
f 5359 5361 5362
f 5363 5364 5366
f 5366 5364 5365
f 5367 5368 5370
f 5370 5368 5369
f 5371 5372 5374
f 5374 5372 5373
f 5375 5376 5378
f 5378 5376 5377
f 5380 5381 5379
f 5379 5381 5382
f 5383 5384 5386
f 5386 5384 5385
f 5387 5388 5390
f 5390 5388 5389
f 5391 5392 5394
f 5394 5392 5393
f 5395 5396 5398
f 5398 5396 5397
f 5399 5400 5402
f 5402 5400 5401
f 5404 5405 5403
f 5403 5405 5406
f 5407 5408 5410
f 5410 5408 5409
f 5412 5413 5411
f 5411 5413 5414
f 5415 5416 5418
f 5418 5416 5417
f 5419 5420 5422
f 5422 5420 5421
f 5423 5424 5428
f 5428 5424 5427
f 5427 5424 5426
f 5426 5424 5425
f 5430 5431 5429
f 5429 5431 5432
f 5434 5436 5433
f 5433 5436 5437
f 5433 5437 5442
f 5442 5437 5438
f 5442 5438 5441
f 5441 5438 5440
f 5440 5438 5439
f 5434 5435 5436
f 5444 5445 5443
f 5443 5445 5450
f 5450 5445 5446
f 5450 5446 5449
f 5449 5446 5448
f 5448 5446 5447
f 5452 5453 5451
f 5451 5453 5454
f 5456 5457 5455
f 5455 5457 5458
f 5455 5458 5459
f 5459 5460 5455
f 5462 5463 5461
f 5461 5463 5464
f 5465 5466 5468
f 5468 5466 5467
f 5470 5471 5469
f 5469 5471 5472
f 5473 5474 5488
f 5488 5474 5500
f 5488 5500 5497
f 5474 5475 5500
f 5500 5475 5499
f 5499 5475 5478
f 5499 5478 5498
f 5498 5478 5495
f 5498 5495 5496
f 5475 5476 5478
f 5478 5476 5477
f 5479 5480 5478
f 5478 5480 5495
f 5495 5480 5494
f 5494 5480 5481
f 5494 5481 5491
f 5491 5481 5490
f 5490 5481 5484
f 5490 5484 5489
f 5489 5484 5485
f 5489 5485 5487
f 5487 5485 5486
f 5482 5483 5481
f 5481 5483 5484
f 5488 5496 5487
f 5487 5496 5493
f 5487 5493 5492
f 5492 5493 5494
f 5492 5494 5491
f 5492 5489 5487
f 5488 5497 5496
f 5496 5497 5498
f 5502 5503 5501
f 5501 5503 5504
f 5505 5506 5508
f 5508 5506 5507
f 5509 5510 5512
f 5512 5510 5511
f 5514 5515 5513
f 5513 5515 5516
f 5513 5516 5517
f 5517 5518 5513
f 5520 5527 5519
f 5519 5527 5526
f 5519 5526 5523
f 5521 5534 5520
f 5520 5534 5531
f 5520 5531 5530
f 5530 5531 5532
f 5530 5532 5529
f 5529 5532 5521
f 5529 5521 5528
f 5528 5521 5522
f 5528 5522 5525
f 5525 5522 5524
f 5524 5522 5523
f 5523 5522 5519
f 5525 5526 5528
f 5528 5526 5527
f 5530 5527 5520
f 5532 5533 5521
f 5521 5533 5534
f 5535 5536 5544
f 5544 5536 5543
f 5543 5536 5542
f 5542 5536 5537
f 5542 5537 5541
f 5541 5537 5538
f 5541 5538 5540
f 5540 5538 5539
f 5545 5546 5550
f 5550 5546 5549
f 5549 5546 5548
f 5548 5546 5547
f 5551 5552 5554
f 5554 5552 5553
f 5555 5556 5558
f 5558 5556 5557
f 5560 5561 5559
f 5559 5561 5564
f 5564 5561 5563
f 5563 5561 5562
f 5566 5567 5565
f 5565 5567 5568
f 5570 5573 5569
f 5569 5573 5574
f 5569 5574 5575
f 5571 5572 5570
f 5570 5572 5573
f 5575 5576 5569
f 5577 5578 5580
f 5580 5578 5579
f 5581 5582 5584
f 5584 5582 5583
f 5585 5586 5588
f 5588 5586 5587
f 5589 5590 5592
f 5592 5590 5591
f 5593 5594 5596
f 5596 5594 5595
f 5597 5598 5600
f 5600 5598 5599
f 5601 5602 5604
f 5604 5602 5603
f 5606 5607 5605
f 5605 5607 5608
f 5609 5610 5614
f 5614 5610 5613
f 5613 5610 5612
f 5612 5610 5611
f 5615 5616 5618
f 5618 5616 5617
f 5619 5620 5622
f 5622 5620 5621
f 5623 5624 5626
f 5626 5624 5625
f 5627 5628 5630
f 5630 5628 5629
f 5632 5633 5631
f 5631 5633 5634
f 5635 5636 5638
f 5638 5636 5637
f 5640 5641 5639
f 5639 5641 5642
f 5643 5644 5646
f 5646 5644 5645
f 5647 5648 5650
f 5650 5648 5649
f 5651 5652 5654
f 5654 5652 5653
f 5655 5656 5658
f 5658 5656 5657
f 5660 5661 5659
f 5659 5661 5662
f 5663 5664 5666
f 5666 5664 5665
f 5667 5668 5670
f 5670 5668 5669
f 5671 5672 5674
f 5674 5672 5673
f 5675 5676 5678
f 5678 5676 5677
f 5680 5681 5679
f 5679 5681 5682
f 5683 5684 5686
f 5686 5684 5685
f 5687 5688 5690
f 5690 5688 5689
f 5691 5692 5694
f 5694 5692 5693
f 5695 5696 5698
f 5698 5696 5697
f 5699 5700 5702
f 5702 5700 5701
f 5704 5705 5703
f 5703 5705 5706
f 5707 5708 5710
f 5710 5708 5709
f 5712 5713 5711
f 5711 5713 5714
f 5715 5716 5718
f 5718 5716 5717
f 5720 5721 5719
f 5719 5721 5722
f 5724 5725 5723
f 5723 5725 5726
f 5727 5728 5730
f 5730 5728 5729
f 5732 5733 5731
f 5731 5733 5734
f 5735 5736 5738
f 5738 5736 5737
f 5739 5740 5742
f 5742 5740 5741
f 5744 5745 5743
f 5743 5745 5746
f 5748 5749 5747
f 5747 5749 5750
f 5751 5752 5754
f 5754 5752 5753
f 5756 5757 5755
f 5755 5757 5758
f 5759 5760 5762
f 5762 5760 5761
f 5763 5764 5766
f 5766 5764 5765
f 5768 5769 5767
f 5767 5769 5770
f 5771 5772 5774
f 5774 5772 5773
f 5776 5777 5775
f 5775 5777 5778
f 5779 5780 5782
f 5782 5780 5781
f 5783 5784 5786
f 5786 5784 5785
f 5787 5788 5800
f 5800 5788 5789
f 5800 5789 5790
f 5800 5790 5799
f 5799 5790 5791
f 5799 5791 5798
f 5798 5791 5792
f 5798 5792 5797
f 5797 5792 5793
f 5797 5793 5796
f 5796 5793 5795
f 5795 5793 5794
f 5802 5803 5801
f 5801 5803 5804
f 5805 5806 5818
f 5818 5806 5807
f 5818 5807 5808
f 5818 5808 5817
f 5817 5808 5809
f 5817 5809 5816
f 5816 5809 5810
f 5816 5810 5815
f 5815 5810 5811
f 5815 5811 5814
f 5814 5811 5813
f 5813 5811 5812
f 5819 5820 5822
f 5822 5820 5821
f 5823 5824 5826
f 5826 5824 5825
f 5828 5829 5827
f 5827 5829 5830
f 5831 5832 5834
f 5834 5832 5833
f 5836 5837 5835
f 5835 5837 5838
f 5840 5841 5839
f 5839 5841 5842
f 5843 5844 5846
f 5846 5844 5845
f 5848 5849 5847
f 5847 5849 5850
f 5851 5852 5854
f 5854 5852 5853
f 5855 5856 5858
f 5858 5856 5857
f 5860 5861 5859
f 5859 5861 5862
f 5863 5864 5866
f 5866 5864 5865
f 5868 5869 5867
f 5867 5869 5870
f 5871 5872 5874
f 5874 5872 5873
f 5876 5877 5875
f 5875 5877 5878
f 5879 5880 5883
f 5883 5880 5881
f 5883 5881 5882
f 5884 5885 5887
f 5887 5885 5886
f 5888 5889 5891
f 5891 5889 5890
f 5893 5894 5892
f 5892 5894 5895
f 5896 5897 5899
f 5899 5897 5898
f 5901 5902 5900
f 5900 5902 5903
f 5905 5906 5904
f 5904 5906 5907
f 5909 5910 5908
f 5908 5910 5911
f 5912 5913 5915
f 5915 5913 5914
f 5917 5918 5916
f 5916 5918 5919
f 5921 5922 5920
f 5920 5922 5923
f 5924 5925 5927
f 5927 5925 5926
f 5928 5929 5931
f 5931 5929 5930
f 5933 5934 5932
f 5932 5934 5935
f 5936 5937 5939
f 5939 5937 5938
f 5940 5941 5943
f 5943 5941 5942
f 5944 5945 5947
f 5947 5945 5946
f 5948 5949 5951
f 5951 5949 5950
f 5953 5954 5952
f 5952 5954 5955
f 5956 5957 5959
f 5959 5957 5958
f 5961 5962 5960
f 5960 5962 5963
f 5965 5966 5964
f 5964 5966 5967
f 5969 5970 5968
f 5968 5970 5971
f 5973 5974 5972
f 5972 5974 5975
f 5976 5977 5979
f 5979 5977 5978
f 5981 5982 5980
f 5980 5982 5983
f 5985 5986 5984
f 5984 5986 5987
f 5988 5989 5991
f 5991 5989 5990
f 5992 5993 5995
f 5995 5993 5994
f 5997 5998 5996
f 5996 5998 5999
f 6000 6001 6003
f 6003 6001 6002
f 6004 6005 6007
f 6007 6005 6006
f 6009 6010 6008
f 6008 6010 6011
f 6013 6014 6012
f 6012 6014 6015
f 6017 6018 6016
f 6016 6018 6019
f 6021 6022 6020
f 6020 6022 6023
f 6024 6025 6027
f 6027 6025 6026
f 6028 6029 6031
f 6031 6029 6030
f 6033 6034 6032
f 6032 6034 6035
f 6037 6038 6036
f 6036 6038 6039
f 6041 6042 6040
f 6040 6042 6043
f 6045 6046 6044
f 6044 6046 6047
f 6049 6050 6048
f 6048 6050 6051
f 6052 6053 6055
f 6055 6053 6054
f 6057 6058 6056
f 6056 6058 6059
f 6060 6061 6063
f 6063 6061 6062
f 6064 6065 6067
f 6067 6065 6066
f 6069 6070 6068
f 6068 6070 6071
f 6073 6074 6072
f 6072 6074 6075
f 6076 6077 6079
f 6079 6077 6078
f 6080 6081 6083
f 6083 6081 6082
f 6084 6085 6087
f 6087 6085 6086
f 6088 6089 6091
f 6091 6089 6090
f 6093 6094 6092
f 6092 6094 6095
f 6097 6098 6096
f 6096 6098 6099
f 6100 6101 6113
f 6113 6101 6102
f 6113 6102 6103
f 6113 6103 6112
f 6112 6103 6104
f 6112 6104 6111
f 6111 6104 6105
f 6111 6105 6110
f 6110 6105 6106
f 6110 6106 6109
f 6109 6106 6108
f 6108 6106 6107
f 6115 6116 6114
f 6114 6116 6117
f 6118 6119 6121
f 6121 6119 6120
f 6123 6124 6122
f 6122 6124 6125
f 6127 6128 6126
f 6126 6128 6129
f 6131 6132 6130
f 6130 6132 6133
f 6135 6136 6134
f 6134 6136 6137
f 6138 6139 6141
f 6141 6139 6140
f 6142 6143 6145
f 6145 6143 6144
f 6147 6148 6146
f 6146 6148 6149
f 6151 6152 6150
f 6150 6152 6153
f 6154 6155 6157
f 6157 6155 6156
f 6159 6160 6158
f 6158 6160 6161
f 6162 6163 6165
f 6165 6163 6164
f 6167 6168 6166
f 6166 6168 6169
f 6170 6171 6173
f 6173 6171 6172
f 6175 6176 6174
f 6174 6176 6177
f 6178 6179 6181
f 6181 6179 6180
f 6182 6183 6185
f 6185 6183 6184
f 6187 6188 6186
f 6186 6188 6189
f 6191 6192 6190
f 6190 6192 6193
f 6194 6195 6197
f 6197 6195 6196
f 6199 6200 6198
f 6198 6200 6201
f 6203 6204 6202
f 6202 6204 6205
f 6206 6207 6213
f 6213 6207 6208
f 6213 6208 6209
f 6210 6211 6209
f 6209 6211 6212
f 6209 6212 6213
f 6214 6215 6217
f 6217 6215 6216
f 6218 6219 6221
f 6221 6219 6220
f 6223 6224 6222
f 6222 6224 6225
f 6226 6227 6229
f 6229 6227 6228
f 6230 6231 6233
f 6233 6231 6232
f 6235 6400 6234
f 6234 6400 6401
f 6234 6401 6328
f 6328 6401 6327
f 6327 6401 6402
f 6327 6402 6360
f 6360 6402 6403
f 6360 6403 6404
f 6236 6237 6235
f 6235 6237 6409
f 6235 6409 6410
f 6409 6237 6408
f 6408 6237 6238
f 6408 6238 6365
f 6365 6238 6239
f 6365 6239 6240
f 6240 6241 6365
f 6365 6241 6364
f 6364 6241 6584
f 6364 6584 6585
f 6241 6242 6584
f 6584 6242 6583
f 6583 6242 6582
f 6582 6242 6577
f 6582 6577 6578
f 6243 6575 6242
f 6242 6575 6576
f 6242 6576 6577
f 6575 6243 6574
f 6574 6243 6244
f 6574 6244 6247
f 6247 6244 6246
f 6246 6244 6245
f 6248 6249 6247
f 6247 6249 6573
f 6247 6573 6574
f 6249 6250 6573
f 6573 6250 6572
f 6572 6250 6571
f 6571 6250 6251
f 6571 6251 6570
f 6570 6251 6252
f 6570 6252 6569
f 6569 6252 6568
f 6568 6252 6567
f 6567 6252 6253
f 6567 6253 6254
f 6567 6254 6566
f 6566 6254 6255
f 6566 6255 6344
f 6344 6255 6256
f 6344 6256 6343
f 6343 6256 6258
f 6343 6258 6342
f 6342 6258 6259
f 6342 6259 6335
f 6335 6259 6334
f 6334 6259 6261
f 6334 6261 6262
f 6256 6257 6258
f 6259 6260 6261
f 6263 6503 6262
f 6262 6503 6333
f 6262 6333 6334
f 6503 6263 6502
f 6502 6263 6264
f 6502 6264 6265
f 6266 6499 6265
f 6265 6499 6500
f 6265 6500 6501
f 6499 6266 6498
f 6498 6266 6267
f 6498 6267 6497
f 6497 6267 6496
f 6496 6267 6268
f 6496 6268 6270
f 6270 6268 6269
f 6271 6272 6270
f 6270 6272 6273
f 6270 6273 6496
f 6496 6273 6495
f 6495 6273 6274
f 6495 6274 6494
f 6494 6274 6275
f 6494 6275 6493
f 6493 6275 6492
f 6492 6275 6487
f 6492 6487 6491
f 6491 6487 6488
f 6491 6488 6490
f 6490 6488 6489
f 6276 6485 6275
f 6275 6485 6486
f 6275 6486 6487
f 6485 6276 6354
f 6354 6276 6277
f 6354 6277 6353
f 6353 6277 6278
f 6353 6278 6279
f 6280 6386 6279
f 6279 6386 6387
f 6279 6387 6353
f 6353 6387 6388
f 6353 6388 6389
f 6281 6282 6280
f 6280 6282 6386
f 6386 6282 6385
f 6385 6282 6283
f 6385 6283 6381
f 6381 6283 6380
f 6380 6283 6285
f 6380 6285 6379
f 6379 6285 6286
f 6379 6286 6348
f 6348 6286 6287
f 6348 6287 6288
f 6283 6284 6285
f 6348 6288 6352
f 6352 6288 6289
f 6352 6289 6447
f 6447 6289 6290
f 6447 6290 6446
f 6446 6290 6445
f 6445 6290 6440
f 6445 6440 6441
f 6291 6438 6290
f 6290 6438 6439
f 6290 6439 6440
f 6438 6291 6437
f 6437 6291 6292
f 6437 6292 6295
f 6295 6292 6294
f 6294 6292 6293
f 6296 6297 6295
f 6295 6297 6436
f 6295 6436 6437
f 6297 6298 6436
f 6436 6298 6435
f 6435 6298 6434
f 6434 6298 6299
f 6434 6299 6433
f 6433 6299 6300
f 6433 6300 6432
f 6432 6300 6431
f 6431 6300 6430
f 6430 6300 6301
f 6430 6301 6302
f 6430 6302 6429
f 6429 6302 6303
f 6429 6303 6414
f 6414 6303 6304
f 6414 6304 6413
f 6413 6304 6306
f 6413 6306 6412
f 6412 6306 6341
f 6412 6341 6671
f 6671 6341 6670
f 6670 6341 6669
f 6669 6341 6336
f 6669 6336 6662
f 6662 6336 6642
f 6662 6642 6661
f 6661 6642 6660
f 6660 6642 6643
f 6660 6643 6659
f 6659 6643 6646
f 6659 6646 6652
f 6652 6646 6647
f 6652 6647 6651
f 6651 6647 6648
f 6651 6648 6650
f 6650 6648 6649
f 6304 6305 6306
f 6306 6307 6341
f 6341 6307 6340
f 6340 6307 6309
f 6340 6309 6310
f 6307 6308 6309
f 6311 6640 6310
f 6310 6640 6339
f 6310 6339 6340
f 6640 6311 6639
f 6639 6311 6312
f 6639 6312 6313
f 6314 6636 6313
f 6313 6636 6637
f 6313 6637 6638
f 6636 6314 6635
f 6635 6314 6315
f 6635 6315 6634
f 6634 6315 6633
f 6633 6315 6316
f 6633 6316 6318
f 6318 6316 6317
f 6319 6320 6318
f 6318 6320 6321
f 6318 6321 6632
f 6632 6321 6322
f 6632 6322 6631
f 6631 6322 6323
f 6631 6323 6630
f 6630 6323 6629
f 6629 6323 6624
f 6629 6624 6628
f 6628 6624 6625
f 6628 6625 6627
f 6627 6625 6626
f 6324 6622 6323
f 6323 6622 6623
f 6323 6623 6624
f 6325 6361 6324
f 6324 6361 6362
f 6324 6362 6622
f 6622 6362 6621
f 6621 6362 6358
f 6621 6358 6396
f 6396 6358 6359
f 6396 6359 6395
f 6395 6359 6398
f 6395 6398 6399
f 6325 6326 6361
f 6361 6326 6327
f 6361 6327 6360
f 6328 6329 6234
f 6331 6504 6330
f 6330 6504 6505
f 6330 6505 6525
f 6525 6505 6524
f 6524 6505 6523
f 6523 6505 6506
f 6523 6506 6522
f 6522 6506 6509
f 6522 6509 6515
f 6515 6509 6510
f 6515 6510 6514
f 6514 6510 6511
f 6514 6511 6513
f 6513 6511 6512
f 6331 6332 6504
f 6504 6332 6333
f 6504 6333 6503
f 6330 6532 6335
f 6335 6532 6533
f 6335 6533 6534
f 6642 6336 6641
f 6641 6336 6337
f 6641 6337 6338
f 6338 6339 6641
f 6641 6339 6640
f 6566 6344 6565
f 6565 6344 6345
f 6565 6345 6346
f 6346 6347 6565
f 6565 6347 6564
f 6564 6347 6544
f 6564 6544 6545
f 6544 6347 6537
f 6537 6347 6342
f 6537 6342 6536
f 6536 6342 6535
f 6535 6342 6335
f 6535 6335 6534
f 6349 6377 6348
f 6348 6377 6378
f 6348 6378 6379
f 6350 6368 6349
f 6349 6368 6376
f 6349 6376 6377
f 6368 6350 6375
f 6375 6350 6351
f 6375 6351 6448
f 6448 6351 6447
f 6447 6351 6352
f 6354 6355 6485
f 6485 6355 6484
f 6484 6355 6370
f 6484 6370 6477
f 6477 6370 6371
f 6477 6371 6476
f 6476 6371 6372
f 6476 6372 6469
f 6469 6372 6373
f 6469 6373 6468
f 6468 6373 6464
f 6468 6464 6467
f 6467 6464 6465
f 6467 6465 6466
f 6355 6356 6370
f 6370 6356 6369
f 6369 6356 6357
f 6369 6357 6383
f 6383 6357 6389
f 6389 6357 6353
f 6359 6360 6398
f 6398 6360 6404
f 6364 6585 6363
f 6363 6585 6393
f 6363 6393 6367
f 6367 6393 6394
f 6367 6394 6405
f 6405 6394 6411
f 6411 6394 6395
f 6411 6395 6399
f 6365 6366 6408
f 6408 6366 6407
f 6407 6366 6406
f 6406 6366 6405
f 6405 6366 6367
f 6376 6368 6382
f 6382 6368 6369
f 6382 6369 6384
f 6384 6369 6383
f 6374 6456 6373
f 6373 6456 6463
f 6373 6463 6464
f 6456 6374 6455
f 6455 6374 6375
f 6455 6375 6448
f 6385 6381 6384
f 6384 6381 6382
f 6391 6606 6390
f 6390 6606 6613
f 6390 6613 6397
f 6397 6613 6614
f 6397 6614 6396
f 6396 6614 6621
f 6392 6593 6391
f 6391 6593 6600
f 6391 6600 6601
f 6593 6392 6592
f 6592 6392 6393
f 6592 6393 6585
f 6411 6399 6410
f 6410 6399 6400
f 6410 6400 6235
f 6429 6414 6428
f 6428 6414 6415
f 6428 6415 6416
f 6416 6417 6428
f 6428 6417 6427
f 6427 6417 6681
f 6427 6681 6682
f 6681 6417 6674
f 6674 6417 6412
f 6674 6412 6673
f 6673 6412 6672
f 6672 6412 6671
f 6419 6421 6418
f 6418 6421 6422
f 6418 6422 6691
f 6691 6422 6423
f 6691 6423 6684
f 6684 6423 6426
f 6684 6426 6683
f 6683 6426 6427
f 6683 6427 6682
f 6419 6420 6421
f 6424 6425 6423
f 6423 6425 6426
f 6445 6441 6444
f 6444 6441 6442
f 6444 6442 6443
f 6448 6449 6455
f 6455 6449 6450
f 6455 6450 6453
f 6453 6450 6452
f 6452 6450 6451
f 6453 6454 6455
f 6457 6458 6456
f 6456 6458 6462
f 6456 6462 6463
f 6462 6458 6461
f 6461 6458 6459
f 6461 6459 6460
f 6469 6470 6476
f 6476 6470 6474
f 6476 6474 6475
f 6470 6471 6474
f 6474 6471 6473
f 6473 6471 6472
f 6478 6479 6477
f 6477 6479 6482
f 6477 6482 6483
f 6479 6480 6482
f 6482 6480 6481
f 6483 6484 6477
f 6501 6502 6265
f 6506 6507 6509
f 6509 6507 6508
f 6515 6516 6522
f 6522 6516 6517
f 6522 6517 6520
f 6520 6517 6519
f 6519 6517 6518
f 6520 6521 6522
f 6526 6527 6525
f 6525 6527 6531
f 6525 6531 6532
f 6531 6527 6530
f 6530 6527 6528
f 6530 6528 6529
f 6537 6538 6544
f 6544 6538 6542
f 6544 6542 6543
f 6538 6539 6542
f 6542 6539 6541
f 6541 6539 6540
f 6545 6546 6564
f 6564 6546 6563
f 6563 6546 6547
f 6563 6547 6560
f 6560 6547 6554
f 6560 6554 6559
f 6559 6554 6555
f 6559 6555 6558
f 6558 6555 6556
f 6558 6556 6557
f 6548 6549 6547
f 6547 6549 6552
f 6547 6552 6553
f 6549 6550 6552
f 6552 6550 6551
f 6553 6554 6547
f 6561 6562 6560
f 6560 6562 6563
f 6582 6578 6581
f 6581 6578 6579
f 6581 6579 6580
f 6585 6586 6592
f 6592 6586 6587
f 6592 6587 6590
f 6590 6587 6589
f 6589 6587 6588
f 6590 6591 6592
f 6594 6595 6593
f 6593 6595 6599
f 6593 6599 6600
f 6599 6595 6598
f 6598 6595 6596
f 6598 6596 6597
f 6602 6604 6601
f 6601 6604 6605
f 6601 6605 6391
f 6391 6605 6606
f 6602 6603 6604
f 6606 6607 6613
f 6613 6607 6611
f 6613 6611 6612
f 6607 6608 6611
f 6611 6608 6610
f 6610 6608 6609
f 6615 6616 6614
f 6614 6616 6619
f 6614 6619 6620
f 6616 6617 6619
f 6619 6617 6618
f 6620 6621 6614
f 6632 6633 6318
f 6638 6639 6313
f 6643 6644 6646
f 6646 6644 6645
f 6652 6653 6659
f 6659 6653 6654
f 6659 6654 6657
f 6657 6654 6656
f 6656 6654 6655
f 6657 6658 6659
f 6663 6664 6662
f 6662 6664 6668
f 6662 6668 6669
f 6668 6664 6667
f 6667 6664 6665
f 6667 6665 6666
f 6674 6675 6681
f 6681 6675 6679
f 6681 6679 6680
f 6675 6676 6679
f 6679 6676 6678
f 6678 6676 6677
f 6685 6686 6684
f 6684 6686 6689
f 6684 6689 6690
f 6686 6687 6689
f 6689 6687 6688
f 6690 6691 6684
f 6525 6532 6330
f 6693 6694 6692
f 6692 6694 6695
f 6696 6697 6725
f 6725 6697 6707
f 6725 6707 6708
f 6697 6698 6707
f 6707 6698 6706
f 6706 6698 6699
f 6706 6699 6705
f 6705 6699 6700
f 6705 6700 6701
f 6705 6701 6704
f 6704 6701 6702
f 6704 6702 6703
f 6709 6723 6708
f 6708 6723 6724
f 6708 6724 6725
f 6723 6709 6722
f 6722 6709 6710
f 6722 6710 6720
f 6720 6710 6719
f 6719 6710 6711
f 6719 6711 6718
f 6718 6711 6712
f 6718 6712 6717
f 6717 6712 6716
f 6716 6712 6713
f 6716 6713 6715
f 6715 6713 6714
f 6720 6721 6722
f 6727 6728 6726
f 6726 6728 6729
f 6730 6731 6733
f 6733 6731 6732
f 6734 6735 6738
f 6738 6735 6736
f 6738 6736 6737
f 6739 6740 6742
f 6742 6740 6741
f 6744 6746 6743
f 6743 6746 6747
f 6743 6747 6751
f 6751 6747 6750
f 6750 6747 6748
f 6750 6748 6749
f 6744 6745 6746
f 6752 6753 6759
f 6759 6753 6758
f 6758 6753 6754
f 6758 6754 6757
f 6757 6754 6756
f 6756 6754 6755
f 6760 6761 6767
f 6767 6761 6766
f 6766 6761 6762
f 6766 6762 6765
f 6765 6762 6764
f 6764 6762 6763
f 6769 6777 6768
f 6768 6777 6778
f 6768 6778 6779
f 6769 6770 6777
f 6777 6770 6771
f 6777 6771 6776
f 6776 6771 6772
f 6776 6772 6773
f 6774 6775 6773
f 6773 6775 6776
f 6780 6781 6787
f 6787 6781 6786
f 6786 6781 6782
f 6786 6782 6785
f 6785 6782 6784
f 6784 6782 6783
f 6788 6789 6795
f 6795 6789 6794
f 6794 6789 6790
f 6794 6790 6793
f 6793 6790 6792
f 6792 6790 6791
f 6797 6799 6796
f 6796 6799 6800
f 6796 6800 6804
f 6804 6800 6803
f 6803 6800 6801
f 6803 6801 6802
f 6797 6798 6799
f 6805 6806 6808
f 6808 6806 6807
f 6809 6810 6813
f 6813 6810 6811
f 6813 6811 6812
f 6822 6814 6821
f 6821 6814 6815
f 6821 6815 6820
f 6820 6815 6816
f 6820 6816 6817
f 6818 6819 6817
f 6817 6819 6820
f 6824 6826 6823
f 6823 6826 6827
f 6823 6827 6834
f 6834 6827 6828
f 6834 6828 6833
f 6833 6828 6829
f 6833 6829 6830
f 6824 6825 6826
f 6830 6831 6833
f 6833 6831 6832
f 6835 6836 6842
f 6842 6836 6841
f 6841 6836 6840
f 6840 6836 6837
f 6840 6837 6839
f 6839 6837 6838
f 6844 6845 6843
f 6843 6845 6846
f 6843 6846 6854
f 6854 6846 6847
f 6854 6847 6853
f 6853 6847 6848
f 6853 6848 6852
f 6852 6848 6851
f 6851 6848 6850
f 6850 6848 6849
f 6855 6856 6862
f 6862 6856 6861
f 6861 6856 6860
f 6860 6856 6857
f 6860 6857 6859
f 6859 6857 6858
f 6863 6864 6866
f 6866 6864 6865
f 6874 6867 6873
f 6873 6867 6868
f 6873 6868 6872
f 6872 6868 6869
f 6872 6869 6870
f 6870 6871 6872
f 6876 6877 6875
f 6875 6877 6878
f 6879 6880 6882
f 6882 6880 6881
f 6883 6884 6887
f 6887 6884 6885
f 6887 6885 6886
f 6896 6888 6895
f 6895 6888 6889
f 6895 6889 6894
f 6894 6889 6890
f 6894 6890 6891
f 6892 6893 6891
f 6891 6893 6894
f 6898 6899 6897
f 6897 6899 6900
f 6902 6903 6901
f 6901 6903 6904
f 6901 6904 6905
f 6906 6907 6910
f 6910 6907 6909
f 6909 6907 6908
f 6911 6912 6914
f 6914 6912 6913
f 6915 6916 6918
f 6918 6916 6917
f 6919 6920 6926
f 6926 6920 6925
f 6925 6920 6924
f 6924 6920 6921
f 6924 6921 6923
f 6923 6921 6922
f 6927 6928 6930
f 6930 6928 6929
f 6931 6932 6934
f 6934 6932 6933
f 6935 6936 6942
f 6942 6936 6941
f 6941 6936 6940
f 6940 6936 6937
f 6940 6937 6939
f 6939 6937 6938
f 6943 6944 6946
f 6946 6944 6945
f 6948 6949 6947
f 6947 6949 6950
f 6952 6960 6951
f 6951 6960 6961
f 6962 6956 6955
f 6955 6956 6957
f 6955 6957 6958
f 6952 6953 6960
f 6960 6953 6959
f 6959 6953 6954
f 6959 6954 6958
f 6958 6954 6955
f 6964 6965 6963
f 6963 6965 6966
f 6968 6969 6967
f 6967 6969 6971
f 6971 6969 6970
f 6973 6974 6972
f 6972 6974 6975
f 6977 6978 6976
f 6976 6978 6979
f 6981 6982 6980
f 6980 6982 6983
f 6980 6983 6984
f 6985 6986 6989
f 6989 6986 6988
f 6988 6986 6987
f 6991 6992 6990
f 6990 6992 6993
f 6995 6996 6994
f 6994 6996 6997
f 6999 7000 6998
f 6998 7000 7001
f 6998 7001 7002
f 7010 7003 7009
f 7009 7003 7004
f 7009 7004 7008
f 7008 7004 7005
f 7008 7005 7007
f 7007 7005 7006
f 7011 7012 7014
f 7014 7012 7013
f 7022 7015 7021
f 7021 7015 7016
f 7021 7016 7020
f 7020 7016 7017
f 7020 7017 7019
f 7019 7017 7018
f 7030 7023 7029
f 7029 7023 7024
f 7029 7024 7025
f 7026 7027 7025
f 7025 7027 7028
f 7025 7028 7029
f 7032 7033 7031
f 7031 7033 7034
f 7042 7035 7038
f 7038 7035 7036
f 7038 7036 7037
f 7038 7039 7042
f 7042 7039 7040
f 7042 7040 7041
f 7043 7044 7046
f 7046 7044 7045
f 7048 7049 7047
f 7047 7049 7054
f 7054 7049 7050
f 7054 7050 7053
f 7053 7050 7051
f 7053 7051 7052
f 7055 7056 7058
f 7058 7056 7057
f 7066 7059 7065
f 7065 7059 7060
f 7065 7060 7064
f 7064 7060 7061
f 7064 7061 7062
f 7062 7063 7064
f 7068 7076 7067
f 7067 7076 7077
f 7078 7072 7071
f 7071 7072 7073
f 7071 7073 7074
f 7068 7069 7076
f 7076 7069 7075
f 7075 7069 7070
f 7075 7070 7074
f 7074 7070 7071
f 7087 7079 7086
f 7086 7079 7080
f 7086 7080 7085
f 7085 7080 7081
f 7085 7081 7082
f 7083 7084 7082
f 7082 7084 7085
f 7088 7089 7091
f 7091 7089 7090
f 7093 7095 7092
f 7092 7095 7096
f 7092 7096 7100
f 7100 7096 7099
f 7099 7096 7097
f 7099 7097 7098
f 7093 7094 7095
f 7102 7103 7101
f 7101 7103 7104
f 7106 7107 7105
f 7105 7107 7108
f 7110 7111 7109
f 7109 7111 7112
f 7109 7112 7113
f 7115 7116 7114
f 7114 7116 7117
f 7125 7118 7124
f 7124 7118 7119
f 7124 7119 7123
f 7123 7119 7120
f 7123 7120 7122
f 7122 7120 7121
f 7126 7127 7129
f 7129 7127 7128
f 7130 7131 7135
f 7135 7131 7134
f 7134 7131 7133
f 7133 7131 7132
f 7137 7140 7136
f 7136 7140 7142
f 7136 7142 7143
f 7138 7139 7137
f 7137 7139 7140
f 7140 7141 7142
f 7143 7144 7136
f 7145 7146 7148
f 7148 7146 7147
f 7156 7149 7152
f 7152 7149 7150
f 7152 7150 7151
f 7152 7153 7156
f 7156 7153 7154
f 7156 7154 7155
f 7157 7158 7164
f 7164 7158 7163
f 7163 7158 7162
f 7162 7158 7159
f 7162 7159 7161
f 7161 7159 7160
f 7173 7165 7172
f 7172 7165 7166
f 7172 7166 7168
f 7168 7166 7167
f 7172 7168 7171
f 7171 7168 7169
f 7171 7169 7170
f 7181 7174 7180
f 7180 7174 7175
f 7180 7175 7176
f 7177 7178 7176
f 7176 7178 7179
f 7176 7179 7180
f 7183 7295 7182
f 7182 7295 7282
f 7182 7282 7283
f 7184 7195 7183
f 7183 7195 7240
f 7183 7240 7241
f 7185 7312 7184
f 7184 7312 7313
f 7184 7313 7285
f 7285 7313 7289
f 7289 7313 7190
f 7289 7190 7288
f 7288 7190 7186
f 7288 7186 7209
f 7209 7186 7208
f 7208 7186 7322
f 7208 7322 7323
f 7182 7226 7185
f 7185 7226 7255
f 7185 7255 7256
f 7186 7187 7322
f 7322 7187 7321
f 7321 7187 7188
f 7321 7188 7248
f 7248 7188 7247
f 7247 7188 7310
f 7247 7310 7311
f 7188 7189 7310
f 7310 7189 7314
f 7314 7189 7190
f 7314 7190 7313
f 7192 7316 7191
f 7191 7316 7244
f 7191 7244 7195
f 7195 7244 7240
f 7316 7192 7315
f 7315 7192 7193
f 7315 7193 7323
f 7323 7193 7207
f 7323 7207 7208
f 7193 7194 7207
f 7207 7194 7206
f 7206 7194 7195
f 7206 7195 7184
f 7197 7318 7196
f 7196 7318 7252
f 7196 7252 7253
f 7318 7197 7317
f 7317 7197 7198
f 7317 7198 7243
f 7243 7198 7242
f 7242 7198 7199
f 7242 7199 7290
f 7290 7199 7294
f 7294 7199 7200
f 7294 7200 7304
f 7304 7200 7303
f 7303 7200 7196
f 7303 7196 7253
f 7202 7320 7201
f 7201 7320 7249
f 7201 7249 7266
f 7266 7249 7265
f 7265 7249 7245
f 7265 7245 7269
f 7269 7245 7246
f 7269 7246 7308
f 7308 7246 7312
f 7308 7312 7185
f 7320 7202 7319
f 7319 7202 7203
f 7319 7203 7251
f 7251 7203 7204
f 7251 7204 7237
f 7237 7204 7236
f 7236 7204 7205
f 7236 7205 7235
f 7235 7205 7201
f 7235 7201 7266
f 7288 7209 7287
f 7287 7209 7210
f 7287 7210 7286
f 7286 7210 7184
f 7286 7184 7285
f 7210 7206 7184
f 7212 7228 7211
f 7211 7228 7229
f 7211 7229 7219
f 7219 7229 7225
f 7219 7225 7261
f 7261 7225 7226
f 7261 7226 7260
f 7260 7226 7182
f 7260 7182 7264
f 7264 7182 7284
f 7264 7284 7263
f 7263 7284 7280
f 7263 7280 7232
f 7232 7280 7281
f 7232 7281 7231
f 7231 7281 7296
f 7231 7296 7297
f 7213 7258 7212
f 7212 7258 7259
f 7212 7259 7228
f 7228 7259 7227
f 7227 7259 7255
f 7227 7255 7226
f 7214 7224 7213
f 7213 7224 7220
f 7213 7220 7258
f 7258 7220 7257
f 7257 7220 7277
f 7257 7277 7278
f 7215 7267 7214
f 7214 7267 7223
f 7214 7223 7224
f 7216 7239 7215
f 7215 7239 7235
f 7215 7235 7266
f 7217 7273 7216
f 7216 7273 7274
f 7216 7274 7238
f 7238 7274 7237
f 7237 7274 7251
f 7218 7234 7217
f 7217 7234 7230
f 7217 7230 7273
f 7273 7230 7272
f 7272 7230 7297
f 7272 7297 7298
f 7219 7262 7218
f 7218 7262 7233
f 7218 7233 7234
f 7220 7221 7277
f 7277 7221 7276
f 7276 7221 7307
f 7276 7307 7275
f 7275 7307 7185
f 7275 7185 7279
f 7279 7185 7256
f 7279 7256 7278
f 7278 7256 7257
f 7307 7221 7306
f 7306 7221 7222
f 7306 7222 7305
f 7305 7222 7223
f 7305 7223 7268
f 7268 7223 7267
f 7230 7231 7297
f 7232 7233 7263
f 7263 7233 7262
f 7238 7239 7216
f 7183 7241 7291
f 7291 7241 7242
f 7291 7242 7290
f 7317 7243 7316
f 7316 7243 7244
f 7312 7246 7311
f 7311 7246 7247
f 7321 7248 7320
f 7320 7248 7249
f 7251 7274 7250
f 7250 7274 7270
f 7250 7270 7254
f 7254 7270 7271
f 7254 7271 7301
f 7301 7271 7299
f 7301 7299 7300
f 7300 7299 7295
f 7300 7295 7183
f 7251 7252 7319
f 7319 7252 7318
f 7303 7253 7302
f 7302 7253 7254
f 7302 7254 7301
f 7261 7262 7219
f 7266 7267 7215
f 7305 7268 7309
f 7309 7268 7269
f 7309 7269 7308
f 7299 7271 7298
f 7298 7271 7272
f 7281 7282 7296
f 7296 7282 7295
f 7283 7284 7182
f 7291 7292 7183
f 7183 7292 7293
f 7183 7293 7300
f 7300 7293 7304
f 7304 7293 7294
f 7307 7308 7185
f 7324 7325 7330
f 7330 7325 7329
f 7329 7325 7326
f 7329 7326 7328
f 7328 7326 7327
f 7331 7332 7334
f 7334 7332 7333
f 7336 7337 7335
f 7335 7337 7338
f 7339 7340 7345
f 7345 7340 7344
f 7344 7340 7341
f 7344 7341 7343
f 7343 7341 7342
f 7347 7355 7346
f 7346 7355 7356
f 7357 7351 7350
f 7350 7351 7352
f 7350 7352 7353
f 7347 7348 7355
f 7355 7348 7354
f 7354 7348 7349
f 7354 7349 7353
f 7353 7349 7350
f 7358 7359 7362
f 7362 7359 7361
f 7361 7359 7360
f 7363 7364 7366
f 7366 7364 7365
f 7368 7369 7367
f 7367 7369 7370
f 7367 7370 7371
f 7372 7373 7376
f 7376 7373 7375
f 7375 7373 7374
f 7377 7378 7380
f 7380 7378 7379
f 7381 7382 7384
f 7384 7382 7383
f 7385 7386 7388
f 7388 7386 7387
f 7390 7391 7389
f 7389 7391 7392
f 7398 7393 7396
f 7396 7393 7394
f 7396 7394 7395
f 7396 7397 7398
f 7399 7400 7402
f 7402 7400 7401
f 7404 7405 7403
f 7403 7405 7410
f 7410 7405 7406
f 7410 7406 7409
f 7409 7406 7408
f 7408 7406 7407
f 7411 7412 7414
f 7414 7412 7413
f 7416 7417 7415
f 7415 7417 7418
f 7420 7421 7419
f 7419 7421 7426
f 7426 7421 7425
f 7425 7421 7422
f 7425 7422 7424
f 7424 7422 7423
f 7427 7428 7432
f 7432 7428 7431
f 7431 7428 7430
f 7430 7428 7429
f 7434 7442 7433
f 7433 7442 7507
f 7506 7443 7444
f 7435 7498 7434
f 7434 7498 7499
f 7434 7499 7500
f 7436 7491 7435
f 7435 7491 7492
f 7435 7492 7493
f 7437 7483 7436
f 7436 7483 7484
f 7436 7484 7485
f 7438 7476 7437
f 7437 7476 7477
f 7437 7477 7478
f 7439 7468 7438
f 7438 7468 7469
f 7438 7469 7472
f 7472 7469 7471
f 7471 7469 7470
f 7440 7460 7439
f 7439 7460 7461
f 7439 7461 7464
f 7464 7461 7463
f 7463 7461 7462
f 7441 7458 7440
f 7440 7458 7459
f 7440 7459 7460
f 7506 7445 7441
f 7441 7445 7450
f 7441 7450 7451
f 7444 7445 7506
f 7446 7447 7445
f 7445 7447 7450
f 7447 7448 7450
f 7450 7448 7449
f 7451 7452 7441
f 7441 7452 7453
f 7441 7453 7458
f 7458 7453 7456
f 7458 7456 7457
f 7454 7455 7453
f 7453 7455 7456
f 7465 7466 7464
f 7464 7466 7439
f 7466 7467 7439
f 7439 7467 7468
f 7473 7474 7472
f 7472 7474 7438
f 7474 7475 7438
f 7438 7475 7476
f 7478 7479 7437
f 7437 7479 7480
f 7437 7480 7482
f 7482 7480 7481
f 7482 7483 7437
f 7486 7487 7485
f 7485 7487 7436
f 7436 7487 7490
f 7490 7487 7488
f 7490 7488 7489
f 7490 7491 7436
f 7494 7495 7493
f 7493 7495 7498
f 7493 7498 7435
f 7495 7496 7498
f 7498 7496 7497
f 7500 7501 7434
f 7434 7501 7442
f 7502 7503 7501
f 7501 7503 7504
f 7501 7504 7442
f 7442 7504 7505
f 7524 7508 7526
f 7526 7508 7509
f 7526 7509 7525
f 7525 7509 7511
f 7525 7511 7512
f 7509 7510 7511
f 7525 7512 7529
f 7529 7512 7513
f 7529 7513 7514
f 7529 7514 7528
f 7528 7514 7515
f 7528 7515 7521
f 7521 7515 7516
f 7521 7516 7517
f 7517 7518 7521
f 7521 7518 7520
f 7520 7518 7519
f 7521 7522 7528
f 7528 7522 7527
f 7527 7522 7523
f 7527 7523 7524
f 7527 7524 7526
f 7531 7532 7530
f 7530 7532 7533
f 7535 7536 7534
f 7534 7536 7537
f 7539 7540 7538
f 7538 7540 7541
f 7549 7542 7548
f 7548 7542 7543
f 7548 7543 7547
f 7547 7543 7544
f 7547 7544 7545
f 7545 7546 7547
f 7551 7552 7550
f 7550 7552 7553
f 7555 7563 7554
f 7554 7563 7564
f 7565 7559 7558
f 7558 7559 7560
f 7558 7560 7561
f 7555 7556 7563
f 7563 7556 7562
f 7562 7556 7557
f 7562 7557 7561
f 7561 7557 7558
f 7566 7567 7569
f 7569 7567 7568
f 7570 7571 7573
f 7573 7571 7572
f 7574 7575 7577
f 7577 7575 7576
f 7579 7580 7578
f 7578 7580 7581
f 7583 7584 7582
f 7582 7584 7585
f 7586 7587 7589
f 7589 7587 7588
f 7590 7591 7596
f 7596 7591 7593
f 7596 7593 7594
f 7591 7592 7593
f 7594 7595 7596
f 7598 7599 7597
f 7597 7599 7600
f 7601 7602 7608
f 7608 7602 7607
f 7607 7602 7603
f 7607 7603 7606
f 7606 7603 7604
f 7606 7604 7605
f 7610 7611 7609
f 7609 7611 7612
f 7614 7615 7613
f 7613 7615 7616
f 7618 7620 7617
f 7617 7620 7633
f 7617 7633 7634
f 7618 7619 7620
f 7620 7621 7633
f 7633 7621 7623
f 7633 7623 7637
f 7637 7623 7625
f 7637 7625 7627
f 7627 7625 7626
f 7621 7622 7623
f 7623 7624 7625
f 7637 7627 7636
f 7636 7627 7628
f 7636 7628 7629
f 7636 7629 7635
f 7635 7629 7630
f 7635 7630 7631
f 7631 7632 7635
f 7635 7632 7634
f 7634 7632 7617
f 7645 7638 7650
f 7650 7638 7639
f 7650 7639 7649
f 7649 7639 7640
f 7649 7640 7648
f 7648 7640 7647
f 7647 7640 7641
f 7647 7641 7642
f 7647 7642 7655
f 7655 7642 7643
f 7655 7643 7654
f 7654 7643 7644
f 7654 7644 7653
f 7653 7644 7652
f 7652 7644 7645
f 7652 7645 7650
f 7650 7646 7651
f 7651 7646 7647
f 7651 7647 7655
f 7652 7650 7651
f 7657 7665 7656
f 7656 7665 7666
f 7667 7661 7660
f 7660 7661 7662
f 7660 7662 7663
f 7657 7658 7665
f 7665 7658 7664
f 7664 7658 7659
f 7664 7659 7663
f 7663 7659 7660
f 7668 7669 7671
f 7671 7669 7670
f 7672 7673 7675
f 7675 7673 7674
f 7676 7677 7679
f 7679 7677 7678
f 7680 7681 7687
f 7687 7681 7686
f 7686 7681 7685
f 7685 7681 7682
f 7685 7682 7684
f 7684 7682 7683
f 7689 7690 7688
f 7688 7690 7691
f 7692 7693 7695
f 7695 7693 7694
f 7697 7698 7696
f 7696 7698 7699
f 7715 7700 7719
f 7719 7700 7701
f 7719 7701 7702
f 7702 7703 7719
f 7719 7703 7704
f 7719 7704 7718
f 7718 7704 7706
f 7718 7706 7708
f 7708 7706 7707
f 7704 7705 7706
f 7709 7710 7708
f 7708 7710 7717
f 7708 7717 7718
f 7717 7710 7716
f 7716 7710 7711
f 7716 7711 7712
f 7712 7713 7716
f 7716 7713 7714
f 7716 7714 7720
f 7720 7714 7715
f 7720 7715 7719
f 7721 7722 7724
f 7724 7722 7723
f 7726 7727 7725
f 7725 7727 7730
f 7725 7730 7731
f 7728 7729 7727
f 7727 7729 7730
f 7733 7734 7732
f 7732 7734 7735
f 7736 7737 7739
f 7739 7737 7738
f 7755 7740 7758
f 7758 7740 7741
f 7758 7741 7742
f 7742 7743 7758
f 7758 7743 7744
f 7758 7744 7757
f 7757 7744 7745
f 7757 7745 7756
f 7756 7745 7746
f 7756 7746 7747
f 7747 7748 7756
f 7756 7748 7749
f 7756 7749 7760
f 7760 7749 7751
f 7760 7751 7759
f 7759 7751 7753
f 7759 7753 7755
f 7755 7753 7754
f 7749 7750 7751
f 7751 7752 7753
f 7759 7755 7758
f 7761 7762 7764
f 7764 7762 7763
f 7765 7766 7794
f 7794 7766 7776
f 7794 7776 7777
f 7766 7767 7776
f 7776 7767 7775
f 7775 7767 7768
f 7775 7768 7774
f 7774 7768 7769
f 7774 7769 7770
f 7774 7770 7773
f 7773 7770 7771
f 7773 7771 7772
f 7794 7777 7793
f 7793 7777 7778
f 7793 7778 7792
f 7792 7778 7791
f 7791 7778 7779
f 7791 7779 7789
f 7789 7779 7788
f 7788 7779 7780
f 7788 7780 7787
f 7787 7780 7781
f 7787 7781 7786
f 7786 7781 7785
f 7785 7781 7782
f 7785 7782 7784
f 7784 7782 7783
f 7789 7790 7791
f 7795 7796 7798
f 7798 7796 7797
f 7800 7801 7799
f 7799 7801 7802
f 7804 7805 7803
f 7803 7805 7822
f 7803 7822 7823
f 7805 7806 7822
f 7822 7806 7821
f 7821 7806 7807
f 7821 7807 7808
f 7821 7808 7820
f 7820 7808 7809
f 7820 7809 7810
f 7811 7813 7810
f 7810 7813 7814
f 7810 7814 7815
f 7811 7812 7813
f 7815 7816 7810
f 7810 7816 7824
f 7810 7824 7820
f 7816 7817 7824
f 7824 7817 7818
f 7824 7818 7823
f 7823 7818 7819
f 7823 7819 7803
f 7832 7825 7837
f 7837 7825 7826
f 7837 7826 7836
f 7836 7826 7827
f 7836 7827 7835
f 7835 7827 7834
f 7834 7827 7828
f 7834 7828 7829
f 7834 7829 7842
f 7842 7829 7830
f 7842 7830 7841
f 7841 7830 7831
f 7841 7831 7840
f 7840 7831 7839
f 7839 7831 7832
f 7839 7832 7837
f 7837 7833 7838
f 7838 7833 7834
f 7838 7834 7842
f 7839 7837 7838
f 7850 7843 7849
f 7849 7843 7844
f 7849 7844 7845
f 7846 7847 7845
f 7845 7847 7848
f 7845 7848 7849
f 7862 7851 7855
f 7855 7851 7852
f 7855 7852 7854
f 7854 7852 7853
f 7855 7856 7862
f 7862 7856 7861
f 7861 7856 7860
f 7860 7856 7859
f 7859 7856 7857
f 7859 7857 7858
f 7863 7864 7866
f 7866 7864 7865
f 7874 7867 7873
f 7873 7867 7868
f 7873 7868 7872
f 7872 7868 7869
f 7872 7869 7871
f 7871 7869 7870
f 7876 7877 7875
f 7875 7877 7878
f 7886 7879 7885
f 7885 7879 7880
f 7885 7880 7884
f 7884 7880 7881
f 7884 7881 7883
f 7883 7881 7882
f 7887 7888 7894
f 7894 7888 7889
f 7894 7889 7893
f 7893 7889 7890
f 7893 7890 7892
f 7892 7890 7891
f 7895 7896 7902
f 7902 7896 7897
f 7902 7897 7901
f 7901 7897 7898
f 7901 7898 7900
f 7900 7898 7899
f 7904 7905 7903
f 7903 7905 7906
f 7907 7908 7910
f 7910 7908 7909
f 7912 7913 7911
f 7911 7913 7916
f 7911 7916 7917
f 7914 7915 7913
f 7913 7915 7916
f 7919 7927 7918
f 7918 7927 7928
f 7929 7923 7922
f 7922 7923 7924
f 7922 7924 7925
f 7919 7920 7927
f 7927 7920 7926
f 7926 7920 7921
f 7926 7921 7925
f 7925 7921 7922
f 7930 7931 7933
f 7933 7931 7932
f 7934 7935 7937
f 7937 7935 7936
f 7938 7939 7941
f 7941 7939 7940
f 7943 7951 7942
f 7942 7951 7952
f 7953 7947 7946
f 7946 7947 7948
f 7946 7948 7949
f 7943 7944 7951
f 7951 7944 7950
f 7950 7944 7945
f 7950 7945 7949
f 7949 7945 7946
f 7954 7955 7961
f 7961 7955 7960
f 7960 7955 7956
f 7960 7956 7959
f 7959 7956 7957
f 7959 7957 7958
f 7962 7963 7965
f 7965 7963 7964
f 7967 7968 7966
f 7966 7968 7969
f 7971 7972 7970
f 7970 7972 7973
f 7970 7973 7981
f 7981 7973 7974
f 7981 7974 7980
f 7980 7974 7975
f 7980 7975 7979
f 7979 7975 7978
f 7978 7975 7977
f 7977 7975 7976
f 7983 7986 7982
f 7982 7986 7988
f 7982 7988 7989
f 7984 7985 7983
f 7983 7985 7986
f 7986 7987 7988
f 7989 7990 7982
f 7998 7991 7997
f 7997 7991 7992
f 7997 7992 7996
f 7996 7992 7993
f 7996 7993 7995
f 7995 7993 7994
f 8000 8002 7999
f 7999 8002 8003
f 7999 8003 8010
f 8010 8003 8004
f 8010 8004 8009
f 8009 8004 8005
f 8009 8005 8006
f 8000 8001 8002
f 8006 8007 8009
f 8009 8007 8008
f 8011 8012 8060
f 8060 8012 8064
f 8060 8064 8065
f 8013 8014 8012
f 8012 8014 8064
f 8014 8015 8064
f 8064 8015 8063
f 8063 8015 8019
f 8063 8019 8020
f 8016 8017 8015
f 8015 8017 8019
f 8017 8018 8019
f 8021 8022 8020
f 8020 8022 8063
f 8023 8024 8022
f 8022 8024 8069
f 8022 8069 8063
f 8063 8069 8070
f 8063 8070 8062
f 8062 8070 8047
f 8062 8047 8049
f 8049 8047 8048
f 8024 8025 8069
f 8069 8025 8068
f 8068 8025 8029
f 8068 8029 8030
f 8026 8027 8025
f 8025 8027 8029
f 8027 8028 8029
f 8031 8032 8030
f 8030 8032 8068
f 8033 8034 8032
f 8032 8034 8068
f 8068 8034 8067
f 8067 8034 8035
f 8067 8035 8037
f 8037 8035 8036
f 8038 8039 8037
f 8037 8039 8067
f 8067 8039 8066
f 8066 8039 8040
f 8066 8040 8044
f 8044 8040 8042
f 8044 8042 8043
f 8040 8041 8042
f 8044 8045 8066
f 8066 8045 8070
f 8070 8045 8047
f 8045 8046 8047
f 8062 8049 8061
f 8061 8049 8050
f 8061 8050 8054
f 8054 8050 8052
f 8054 8052 8053
f 8050 8051 8052
f 8054 8055 8061
f 8061 8055 8065
f 8065 8055 8057
f 8065 8057 8059
f 8059 8057 8058
f 8055 8056 8057
f 8059 8060 8065
f 8072 8073 8071
f 8071 8073 8074
f 8076 8077 8075
f 8075 8077 8079
f 8079 8077 8078
f 8080 8081 8083
f 8083 8081 8082
f 8085 8086 8084
f 8084 8086 8087
f 8089 8090 8088
f 8088 8090 8091
f 8092 8093 8095
f 8095 8093 8094
f 8096 8097 8099
f 8099 8097 8098
f 8100 8101 8103
f 8103 8101 8102
f 8105 8106 8104
f 8104 8106 8107
f 8108 8109 8111
f 8111 8109 8110
f 8112 8113 8118
f 8118 8113 8115
f 8118 8115 8116
f 8113 8114 8115
f 8116 8117 8118
f 8126 8119 8125
f 8125 8119 8120
f 8125 8120 8124
f 8124 8120 8121
f 8124 8121 8123
f 8123 8121 8122
f 8127 8128 8130
f 8130 8128 8129
f 8131 8132 8134
f 8134 8132 8133
f 8135 8136 8142
f 8142 8136 8141
f 8141 8136 8137
f 8141 8137 8140
f 8140 8137 8139
f 8139 8137 8138
f 8143 8144 8150
f 8150 8144 8145
f 8150 8145 8149
f 8149 8145 8146
f 8149 8146 8147
f 8147 8148 8149
f 8151 8152 8154
f 8154 8152 8153
f 8155 8156 8158
f 8158 8156 8157
f 8160 8161 8159
f 8159 8161 8166
f 8166 8161 8162
f 8166 8162 8165
f 8165 8162 8164
f 8164 8162 8163
f 8174 8167 8173
f 8173 8167 8168
f 8173 8168 8169
f 8170 8171 8169
f 8169 8171 8172
f 8169 8172 8173
f 8175 8176 8228
f 8228 8176 8178
f 8228 8178 8232
f 8232 8178 8179
f 8232 8179 8181
f 8181 8179 8180
f 8176 8177 8178
f 8232 8181 8231
f 8231 8181 8182
f 8231 8182 8184
f 8184 8182 8183
f 8231 8184 8230
f 8230 8184 8185
f 8230 8185 8187
f 8187 8185 8186
f 8230 8187 8217
f 8217 8187 8188
f 8217 8188 8216
f 8216 8188 8241
f 8216 8241 8214
f 8214 8241 8213
f 8213 8241 8242
f 8213 8242 8203
f 8203 8242 8202
f 8202 8242 8243
f 8202 8243 8200
f 8200 8243 8199
f 8199 8243 8239
f 8199 8239 8197
f 8197 8239 8196
f 8196 8239 8194
f 8196 8194 8195
f 8188 8189 8241
f 8241 8189 8190
f 8241 8190 8240
f 8240 8190 8191
f 8240 8191 8193
f 8193 8191 8192
f 8193 8194 8240
f 8240 8194 8239
f 8197 8198 8199
f 8200 8201 8202
f 8213 8203 8211
f 8211 8203 8204
f 8211 8204 8210
f 8210 8204 8236
f 8210 8236 8209
f 8209 8236 8237
f 8209 8237 8208
f 8208 8237 8238
f 8208 8238 8207
f 8207 8238 8234
f 8207 8234 8206
f 8206 8234 8235
f 8206 8235 8205
f 8205 8235 8204
f 8204 8235 8236
f 8211 8212 8213
f 8214 8215 8216
f 8217 8218 8230
f 8230 8218 8229
f 8229 8218 8219
f 8229 8219 8220
f 8221 8222 8220
f 8220 8222 8229
f 8229 8222 8233
f 8233 8222 8223
f 8233 8223 8225
f 8225 8223 8224
f 8226 8227 8225
f 8225 8227 8233
f 8227 8228 8233
f 8233 8228 8232
f 8245 8246 8244
f 8244 8246 8247
f 8249 8250 8248
f 8248 8250 8265
f 8248 8265 8264
f 8264 8265 8266
f 8264 8266 8263
f 8263 8266 8262
f 8262 8266 8267
f 8262 8267 8261
f 8261 8267 8255
f 8261 8255 8260
f 8260 8255 8259
f 8259 8255 8258
f 8258 8255 8256
f 8258 8256 8257
f 8265 8250 8269
f 8269 8250 8251
f 8269 8251 8252
f 8269 8252 8268
f 8268 8252 8253
f 8268 8253 8254
f 8268 8254 8267
f 8267 8254 8255
f 8270 8271 8273
f 8273 8271 8272
f 8275 8276 8274
f 8274 8276 8277
f 8278 8279 8281
f 8281 8279 8280
f 8289 8282 8288
f 8288 8282 8283
f 8288 8283 8287
f 8287 8283 8284
f 8287 8284 8286
f 8286 8284 8285
f 8290 8291 8293
f 8293 8291 8292
f 8295 8296 8294
f 8294 8296 8299
f 8294 8299 8300
f 8296 8297 8299
f 8299 8297 8298
f 8301 8302 8304
f 8304 8302 8303
f 8306 8314 8305
f 8305 8314 8315
f 8316 8310 8309
f 8309 8310 8311
f 8309 8311 8312
f 8306 8307 8314
f 8314 8307 8313
f 8313 8307 8308
f 8313 8308 8312
f 8312 8308 8309
f 8317 8318 8320
f 8320 8318 8319
f 8321 8322 8325
f 8325 8322 8323
f 8325 8323 8324
f 8326 8327 8330
f 8330 8327 8329
f 8329 8327 8328
f 8332 8333 8331
f 8331 8333 8334
f 8336 8337 8335
f 8335 8337 8338
f 8346 8339 8345
f 8345 8339 8340
f 8345 8340 8344
f 8344 8340 8341
f 8344 8341 8343
f 8343 8341 8342
f 8354 8347 8353
f 8353 8347 8348
f 8353 8348 8352
f 8352 8348 8349
f 8352 8349 8351
f 8351 8349 8350
f 8355 8356 8358
f 8358 8356 8357
f 8360 8362 8359
f 8359 8362 8364
f 8359 8364 8365
f 8360 8361 8362
f 8362 8363 8364
f 8366 8367 8372
f 8372 8367 8371
f 8371 8367 8368
f 8371 8368 8370
f 8370 8368 8369
f 8373 8374 8376
f 8376 8374 8375
f 8378 8379 8377
f 8377 8379 8380
f 8381 8382 8384
f 8384 8382 8383
f 8392 8385 8391
f 8391 8385 8386
f 8391 8386 8390
f 8390 8386 8387
f 8390 8387 8389
f 8389 8387 8388
f 8393 8394 8396
f 8396 8394 8395
f 8398 8400 8397
f 8397 8400 8402
f 8397 8402 8403
f 8398 8399 8400
f 8400 8401 8402
f 8412 8404 8411
f 8411 8404 8405
f 8411 8405 8407
f 8407 8405 8406
f 8411 8407 8410
f 8410 8407 8408
f 8410 8408 8409
f 8413 8414 8419
f 8419 8414 8418
f 8418 8414 8415
f 8418 8415 8417
f 8417 8415 8416
f 8425 8420 8423
f 8423 8420 8421
f 8423 8421 8422
f 8423 8424 8425
f 8426 8427 8447
f 8447 8427 8451
f 8447 8451 8452
f 8428 8429 8427
f 8427 8429 8451
f 8429 8430 8451
f 8451 8430 8450
f 8450 8430 8432
f 8450 8432 8433
f 8430 8431 8432
f 8434 8435 8433
f 8433 8435 8450
f 8450 8435 8449
f 8449 8435 8436
f 8449 8436 8438
f 8438 8436 8437
f 8449 8438 8448
f 8448 8438 8439
f 8448 8439 8441
f 8441 8439 8440
f 8441 8442 8448
f 8448 8442 8452
f 8452 8442 8444
f 8452 8444 8446
f 8446 8444 8445
f 8442 8443 8444
f 8446 8447 8452
f 8460 8453 8459
f 8459 8453 8454
f 8459 8454 8455
f 8456 8457 8455
f 8455 8457 8458
f 8455 8458 8459
f 8462 8481 8461
f 8461 8481 8482
f 8461 8482 8477
f 8477 8482 8476
f 8476 8482 8478
f 8476 8478 8475
f 8475 8478 8474
f 8474 8478 8479
f 8474 8479 8468
f 8468 8479 8467
f 8467 8479 8466
f 8466 8479 8480
f 8466 8480 8465
f 8465 8480 8464
f 8464 8480 8481
f 8464 8481 8462
f 8462 8463 8464
f 8468 8469 8474
f 8474 8469 8470
f 8474 8470 8471
f 8472 8473 8471
f 8471 8473 8474
f 8483 8484 8490
f 8490 8484 8485
f 8490 8485 8489
f 8489 8485 8486
f 8489 8486 8488
f 8488 8486 8487
f 8491 8492 8498
f 8498 8492 8493
f 8498 8493 8497
f 8497 8493 8494
f 8497 8494 8496
f 8496 8494 8495
f 8499 8500 8502
f 8502 8500 8501
f 8503 8504 8506
f 8506 8504 8505
f 8507 8508 8517
f 8517 8508 8511
f 8517 8511 8516
f 8516 8511 8512
f 8516 8512 8514
f 8514 8512 8513
f 8508 8509 8511
f 8511 8509 8510
f 8514 8515 8516
f 8518 8519 8524
f 8524 8519 8523
f 8523 8519 8520
f 8523 8520 8522
f 8522 8520 8521
f 8525 8526 8528
f 8528 8526 8527
f 8530 8531 8529
f 8529 8531 8532
f 8533 8534 8586
f 8586 8534 8536
f 8586 8536 8590
f 8590 8536 8537
f 8590 8537 8539
f 8539 8537 8538
f 8534 8535 8536
f 8539 8540 8590
f 8590 8540 8589
f 8589 8540 8541
f 8589 8541 8542
f 8543 8571 8542
f 8542 8571 8572
f 8542 8572 8589
f 8589 8572 8574
f 8589 8574 8588
f 8588 8574 8575
f 8588 8575 8577
f 8577 8575 8576
f 8544 8545 8543
f 8543 8545 8597
f 8543 8597 8598
f 8545 8546 8597
f 8597 8546 8556
f 8597 8556 8601
f 8601 8556 8557
f 8601 8557 8559
f 8559 8557 8558
f 8547 8548 8546
f 8546 8548 8556
f 8556 8548 8555
f 8555 8548 8549
f 8555 8549 8595
f 8595 8549 8550
f 8595 8550 8594
f 8594 8550 8551
f 8594 8551 8593
f 8593 8551 8552
f 8593 8552 8592
f 8592 8552 8553
f 8592 8553 8596
f 8596 8553 8554
f 8596 8554 8555
f 8601 8559 8600
f 8600 8559 8560
f 8600 8560 8562
f 8562 8560 8561
f 8562 8563 8600
f 8600 8563 8599
f 8599 8563 8565
f 8599 8565 8566
f 8563 8564 8565
f 8567 8568 8566
f 8566 8568 8598
f 8566 8598 8599
f 8568 8569 8598
f 8598 8569 8570
f 8598 8570 8543
f 8543 8570 8571
f 8572 8573 8574
f 8577 8578 8588
f 8588 8578 8587
f 8587 8578 8580
f 8587 8580 8591
f 8591 8580 8581
f 8591 8581 8583
f 8583 8581 8582
f 8578 8579 8580
f 8584 8585 8583
f 8583 8585 8591
f 8585 8586 8591
f 8591 8586 8590
f 8595 8596 8555
f 8603 8604 8602
f 8602 8604 8605
f 8607 8608 8606
f 8606 8608 8609
f 8610 8611 8613
f 8613 8611 8612
f 8614 8615 8620
f 8620 8615 8619
f 8619 8615 8616
f 8619 8616 8618
f 8618 8616 8617
f 8628 8621 8627
f 8627 8621 8622
f 8627 8622 8626
f 8626 8622 8623
f 8626 8623 8625
f 8625 8623 8624
f 8630 8631 8629
f 8629 8631 8632
f 8629 8632 8645
f 8645 8632 8649
f 8649 8632 8633
f 8649 8633 8648
f 8648 8633 8634
f 8648 8634 8635
f 8635 8636 8648
f 8648 8636 8647
f 8647 8636 8637
f 8647 8637 8638
f 8639 8640 8638
f 8638 8640 8646
f 8638 8646 8647
f 8641 8642 8640
f 8640 8642 8646
f 8643 8644 8642
f 8642 8644 8645
f 8642 8645 8646
f 8644 8629 8645
f 8657 8650 8656
f 8656 8650 8651
f 8656 8651 8652
f 8653 8654 8652
f 8652 8654 8655
f 8652 8655 8656
f 8658 8659 8665
f 8665 8659 8664
f 8664 8659 8660
f 8664 8660 8663
f 8663 8660 8662
f 8662 8660 8661
f 8667 8668 8666
f 8666 8668 8669
f 8670 8671 8673
f 8673 8671 8672
f 8674 8675 8677
f 8677 8675 8676
f 8685 8678 8684
f 8684 8678 8679
f 8684 8679 8680
f 8681 8682 8680
f 8680 8682 8683
f 8680 8683 8684
f 8759 8750 8686
f 8686 8750 8751
f 8686 8751 8745
f 8745 8751 8744
f 8744 8751 8743
f 8743 8751 8742
f 8742 8751 8737
f 8742 8737 8739
f 8739 8737 8738
f 8687 8688 8760
f 8760 8688 8689
f 8760 8689 8758
f 8758 8689 8694
f 8758 8694 8695
f 8690 8691 8689
f 8689 8691 8694
f 8691 8692 8694
f 8694 8692 8693
f 8695 8696 8758
f 8758 8696 8697
f 8758 8697 8757
f 8757 8697 8702
f 8757 8702 8703
f 8698 8699 8697
f 8697 8699 8700
f 8697 8700 8702
f 8702 8700 8701
f 8703 8704 8757
f 8757 8704 8756
f 8756 8704 8705
f 8756 8705 8708
f 8708 8705 8707
f 8707 8705 8706
f 8709 8710 8708
f 8708 8710 8756
f 8710 8711 8756
f 8756 8711 8712
f 8756 8712 8755
f 8755 8712 8713
f 8755 8713 8715
f 8715 8713 8714
f 8715 8716 8755
f 8755 8716 8717
f 8755 8717 8718
f 8718 8719 8755
f 8755 8719 8720
f 8755 8720 8754
f 8754 8720 8721
f 8754 8721 8722
f 8722 8723 8754
f 8754 8723 8726
f 8754 8726 8727
f 8723 8724 8726
f 8726 8724 8725
f 8754 8727 8753
f 8753 8727 8728
f 8753 8728 8729
f 8730 8731 8729
f 8729 8731 8732
f 8729 8732 8734
f 8734 8732 8733
f 8729 8734 8753
f 8753 8734 8735
f 8753 8735 8752
f 8752 8735 8736
f 8752 8736 8737
f 8739 8740 8742
f 8742 8740 8741
f 8746 8747 8745
f 8745 8747 8748
f 8745 8748 8686
f 8686 8748 8749
f 8751 8752 8737
f 8762 8763 8761
f 8761 8763 8768
f 8768 8763 8767
f 8767 8763 8764
f 8767 8764 8766
f 8766 8764 8765
f 8770 8778 8769
f 8769 8778 8779
f 8780 8774 8773
f 8773 8774 8775
f 8773 8775 8776
f 8770 8771 8778
f 8778 8771 8777
f 8777 8771 8772
f 8777 8772 8776
f 8776 8772 8773
f 8782 8783 8781
f 8781 8783 8784
f 8786 8794 8785
f 8785 8794 8795
f 8796 8790 8789
f 8789 8790 8791
f 8789 8791 8792
f 8786 8787 8794
f 8794 8787 8793
f 8793 8787 8788
f 8793 8788 8792
f 8792 8788 8789
f 8798 8799 8797
f 8797 8799 8801
f 8801 8799 8800
f 8802 8803 8805
f 8805 8803 8804
f 8806 8807 8809
f 8809 8807 8808
f 8811 8812 8810
f 8810 8812 8813
f 8815 8816 8814
f 8814 8816 8820
f 8820 8816 8817
f 8820 8817 8819
f 8819 8817 8818
f 8821 8822 8824
f 8824 8822 8823
f 8825 8826 8830
f 8830 8826 8827
f 8830 8827 8829
f 8829 8827 8828
f 8832 8833 8831
f 8831 8833 8834
f 8835 8836 8838
f 8838 8836 8837
f 8839 8840 8892
f 8892 8840 8894
f 8892 8894 8891
f 8891 8894 8895
f 8891 8895 8887
f 8887 8895 8886
f 8886 8895 8884
f 8886 8884 8885
f 8841 8842 8840
f 8840 8842 8894
f 8842 8843 8894
f 8894 8843 8893
f 8893 8843 8845
f 8893 8845 8846
f 8843 8844 8845
f 8846 8847 8893
f 8893 8847 8897
f 8897 8847 8848
f 8897 8848 8878
f 8878 8848 8877
f 8877 8848 8849
f 8877 8849 8906
f 8906 8849 8851
f 8906 8851 8905
f 8905 8851 8852
f 8905 8852 8862
f 8862 8852 8854
f 8862 8854 8861
f 8861 8854 8855
f 8861 8855 8901
f 8901 8855 8856
f 8901 8856 8900
f 8900 8856 8857
f 8900 8857 8899
f 8899 8857 8858
f 8899 8858 8898
f 8898 8858 8859
f 8898 8859 8902
f 8902 8859 8860
f 8902 8860 8861
f 8849 8850 8851
f 8852 8853 8854
f 8862 8863 8905
f 8905 8863 8904
f 8904 8863 8865
f 8904 8865 8866
f 8863 8864 8865
f 8867 8868 8866
f 8866 8868 8903
f 8866 8903 8904
f 8868 8869 8903
f 8903 8869 8871
f 8903 8871 8907
f 8907 8871 8872
f 8907 8872 8874
f 8874 8872 8873
f 8869 8870 8871
f 8874 8875 8907
f 8907 8875 8906
f 8906 8875 8876
f 8906 8876 8877
f 8879 8880 8878
f 8878 8880 8897
f 8880 8881 8897
f 8897 8881 8896
f 8896 8881 8883
f 8896 8883 8884
f 8881 8882 8883
f 8888 8889 8887
f 8887 8889 8891
f 8889 8890 8891
f 8895 8896 8884
f 8901 8902 8861
f 8909 8910 8908
f 8908 8910 8911
f 8919 8912 8918
f 8918 8912 8913
f 8918 8913 8914
f 8915 8916 8914
f 8914 8916 8917
f 8914 8917 8918
f 8920 8921 8923
f 8923 8921 8922
f 8925 8926 8924
f 8924 8926 8930
f 8930 8926 8927
f 8930 8927 8929
f 8929 8927 8928
f 8931 8932 8935
f 8935 8932 8934
f 8934 8932 8933
f 8937 8938 8936
f 8936 8938 8939
f 8941 8942 8940
f 8940 8942 8943
f 8940 8943 8945
f 8945 8943 8944
f 8945 8946 8940
f 8947 8948 8954
f 8954 8948 8953
f 8953 8948 8949
f 8953 8949 8952
f 8952 8949 8950
f 8952 8950 8951
f 8955 8956 8959
f 8959 8956 8957
f 8959 8957 8958
f 8960 8961 8963
f 8963 8961 8962
f 8965 8966 8964
f 8964 8966 8967
f 8964 8967 8969
f 8969 8967 8968
f 8969 8970 8964
f 8972 8973 8971
f 8971 8973 8974
f 8975 8976 8978
f 8978 8976 8977
f 8979 8980 8982
f 8982 8980 8981
f 8984 8992 8983
f 8983 8992 8993
f 8994 8988 8987
f 8987 8988 8989
f 8987 8989 8990
f 8984 8985 8992
f 8992 8985 8991
f 8991 8985 8986
f 8991 8986 8990
f 8990 8986 8987
f 8996 8997 8995
f 8995 8997 8998
f 8999 9000 9002
f 9002 9000 9001
f 9004 9012 9003
f 9003 9012 9013
f 9014 9008 9007
f 9007 9008 9009
f 9007 9009 9010
f 9004 9005 9012
f 9012 9005 9011
f 9011 9005 9006
f 9011 9006 9010
f 9010 9006 9007
f 9016 9017 9015
f 9015 9017 9018
f 9020 9022 9019
f 9019 9022 9024
f 9019 9024 9025
f 9020 9021 9022
f 9022 9023 9024
f 9026 9027 9031
f 9031 9027 9030
f 9030 9027 9028
f 9030 9028 9029
f 9032 9033 9036
f 9036 9033 9034
f 9036 9034 9035
f 9037 9038 9040
f 9040 9038 9039
f 9041 9042 9062
f 9062 9042 9064
f 9062 9064 9061
f 9061 9064 9065
f 9061 9065 9059
f 9059 9065 9057
f 9059 9057 9058
f 9043 9044 9042
f 9042 9044 9064
f 9064 9044 9063
f 9063 9044 9045
f 9063 9045 9047
f 9047 9045 9046
f 9047 9048 9063
f 9063 9048 9067
f 9067 9048 9050
f 9067 9050 9051
f 9048 9049 9050
f 9052 9053 9051
f 9051 9053 9066
f 9051 9066 9067
f 9053 9054 9066
f 9066 9054 9056
f 9066 9056 9065
f 9065 9056 9057
f 9054 9055 9056
f 9059 9060 9061
f 9068 9069 9078
f 9078 9069 9072
f 9078 9072 9077
f 9077 9072 9073
f 9077 9073 9075
f 9075 9073 9074
f 9069 9070 9072
f 9072 9070 9071
f 9075 9076 9077
f 9080 9082 9079
f 9079 9082 9083
f 9079 9083 9087
f 9087 9083 9086
f 9086 9083 9084
f 9086 9084 9085
f 9080 9081 9082
f 9088 9089 9091
f 9091 9089 9090
f 9092 9093 9095
f 9095 9093 9094
f 9097 9098 9096
f 9096 9098 9099
f 9096 9099 9100
f 9101 9102 9111
f 9111 9102 9104
f 9111 9104 9105
f 9102 9103 9104
f 9106 9107 9105
f 9105 9107 9108
f 9105 9108 9110
f 9110 9108 9109
f 9110 9111 9105
f 9112 9113 9122
f 9122 9113 9116
f 9122 9116 9121
f 9121 9116 9117
f 9121 9117 9119
f 9119 9117 9118
f 9113 9114 9116
f 9116 9114 9115
f 9119 9120 9121
f 9124 9125 9123
f 9123 9125 9126
f 9127 9128 9137
f 9137 9128 9130
f 9137 9130 9131
f 9128 9129 9130
f 9132 9133 9131
f 9131 9133 9134
f 9131 9134 9136
f 9136 9134 9135
f 9136 9137 9131
f 9138 9139 9142
f 9142 9139 9140
f 9142 9140 9141
f 9143 9144 9153
f 9153 9144 9147
f 9153 9147 9152
f 9152 9147 9148
f 9152 9148 9150
f 9150 9148 9149
f 9144 9145 9147
f 9147 9145 9146
f 9150 9151 9152
f 9154 9155 9157
f 9157 9155 9156
f 9159 9167 9158
f 9158 9167 9168
f 9169 9163 9162
f 9162 9163 9164
f 9162 9164 9165
f 9159 9160 9167
f 9167 9160 9166
f 9166 9160 9161
f 9166 9161 9165
f 9165 9161 9162
f 9171 9179 9170
f 9170 9179 9180
f 9181 9175 9174
f 9174 9175 9176
f 9174 9176 9177
f 9171 9172 9179
f 9179 9172 9178
f 9178 9172 9173
f 9178 9173 9177
f 9177 9173 9174
f 9182 9183 9192
f 9192 9183 9186
f 9192 9186 9191
f 9191 9186 9187
f 9191 9187 9189
f 9189 9187 9188
f 9183 9184 9186
f 9186 9184 9185
f 9189 9190 9191
f 9193 9194 9196
f 9196 9194 9195
f 9198 9206 9197
f 9197 9206 9207
f 9208 9202 9201
f 9201 9202 9203
f 9201 9203 9204
f 9198 9199 9206
f 9206 9199 9205
f 9205 9199 9200
f 9205 9200 9204
f 9204 9200 9201
f 9210 9211 9209
f 9209 9211 9213
f 9213 9211 9212
f 9214 9215 9221
f 9221 9215 9216
f 9221 9216 9217
f 9218 9219 9217
f 9217 9219 9220
f 9217 9220 9221
f 9223 9224 9222
f 9222 9224 9225
f 9226 9227 9236
f 9236 9227 9229
f 9236 9229 9230
f 9227 9228 9229
f 9231 9232 9230
f 9230 9232 9233
f 9230 9233 9235
f 9235 9233 9234
f 9235 9236 9230
f 9237 9238 9242
f 9242 9238 9241
f 9241 9238 9239
f 9241 9239 9240
f 9244 9245 9243
f 9243 9245 9246
f 9247 9248 9250
f 9250 9248 9249
f 9252 9253 9251
f 9251 9253 9254
f 9255 9256 9308
f 9308 9256 9310
f 9308 9310 9307
f 9307 9310 9311
f 9307 9311 9303
f 9303 9311 9302
f 9302 9311 9300
f 9302 9300 9301
f 9257 9258 9256
f 9256 9258 9310
f 9258 9259 9310
f 9310 9259 9309
f 9309 9259 9261
f 9309 9261 9313
f 9313 9261 9262
f 9313 9262 9264
f 9264 9262 9263
f 9259 9260 9261
f 9264 9265 9313
f 9313 9265 9312
f 9312 9265 9267
f 9312 9267 9297
f 9297 9267 9268
f 9297 9268 9296
f 9296 9268 9269
f 9296 9269 9323
f 9323 9269 9270
f 9323 9270 9271
f 9265 9266 9267
f 9272 9273 9271
f 9271 9273 9323
f 9323 9273 9322
f 9322 9273 9274
f 9322 9274 9276
f 9276 9274 9275
f 9276 9277 9322
f 9322 9277 9321
f 9321 9277 9279
f 9321 9279 9280
f 9277 9278 9279
f 9281 9282 9280
f 9280 9282 9320
f 9280 9320 9321
f 9282 9283 9320
f 9320 9283 9319
f 9319 9283 9293
f 9319 9293 9294
f 9293 9283 9291
f 9291 9283 9284
f 9291 9284 9290
f 9290 9284 9316
f 9290 9316 9289
f 9289 9316 9317
f 9289 9317 9288
f 9288 9317 9318
f 9288 9318 9287
f 9287 9318 9314
f 9287 9314 9286
f 9286 9314 9315
f 9286 9315 9285
f 9285 9315 9284
f 9284 9315 9316
f 9291 9292 9293
f 9295 9296 9294
f 9294 9296 9319
f 9297 9298 9312
f 9312 9298 9299
f 9312 9299 9311
f 9311 9299 9300
f 9304 9305 9303
f 9303 9305 9307
f 9305 9306 9307
f 9323 9319 9296
f 9324 9325 9327
f 9327 9325 9326
f 9329 9330 9328
f 9328 9330 9331
f 9328 9331 9333
f 9333 9331 9332
f 9333 9334 9328
f 9343 9335 9342
f 9342 9335 9336
f 9342 9336 9341
f 9341 9336 9337
f 9341 9337 9338
f 9339 9340 9338
f 9338 9340 9341
f 9345 9346 9344
f 9344 9346 9347
f 9349 9350 9348
f 9348 9350 9351
f 9353 9354 9352
f 9352 9354 9355
f 9357 9358 9356
f 9356 9358 9359
f 9361 9363 9360
f 9360 9363 9365
f 9360 9365 9366
f 9361 9362 9363
f 9363 9364 9365
f 9367 9368 9370
f 9370 9368 9369
f 9372 9380 9371
f 9371 9380 9381
f 9382 9376 9375
f 9375 9376 9377
f 9375 9377 9378
f 9372 9373 9380
f 9380 9373 9379
f 9379 9373 9374
f 9379 9374 9378
f 9378 9374 9375
f 9384 9392 9383
f 9383 9392 9393
f 9394 9388 9387
f 9387 9388 9389
f 9387 9389 9390
f 9384 9385 9392
f 9392 9385 9391
f 9391 9385 9386
f 9391 9386 9390
f 9390 9386 9387
f 9396 9398 9395
f 9395 9398 9400
f 9395 9400 9401
f 9396 9397 9398
f 9398 9399 9400
f 9402 9403 9405
f 9405 9403 9404
f 9406 9407 9410
f 9410 9407 9408
f 9410 9408 9409
f 9411 9412 9415
f 9415 9412 9413
f 9415 9413 9414
f 9417 9425 9416
f 9416 9425 9426
f 9427 9421 9420
f 9420 9421 9422
f 9420 9422 9423
f 9417 9418 9425
f 9425 9418 9424
f 9424 9418 9419
f 9424 9419 9423
f 9423 9419 9420
f 9429 9437 9428
f 9428 9437 9438
f 9439 9433 9432
f 9432 9433 9434
f 9432 9434 9435
f 9429 9430 9437
f 9437 9430 9436
f 9436 9430 9431
f 9436 9431 9435
f 9435 9431 9432
f 9441 9442 9440
f 9440 9442 9443
f 9445 9446 9444
f 9444 9446 9447
f 9449 9450 9448
f 9448 9450 9451
f 9452 9453 9457
f 9457 9453 9454
f 9457 9454 9456
f 9456 9454 9455
f 9459 9460 9458
f 9458 9460 9461
f 9463 9464 9462
f 9462 9464 9465
f 9467 9468 9466
f 9466 9468 9469
f 9470 9471 9474
f 9474 9471 9472
f 9474 9472 9473
f 9475 9476 9478
f 9478 9476 9477
f 9479 9480 9482
f 9482 9480 9481
f 9484 9485 9483
f 9483 9485 9486
f 9487 9488 9491
f 9491 9488 9489
f 9491 9489 9490
f 9492 9493 9495
f 9495 9493 9494
f 9496 9497 9499
f 9499 9497 9498
f 9500 9501 9503
f 9503 9501 9502
f 9511 9504 9510
f 9510 9504 9505
f 9510 9505 9506
f 9507 9508 9506
f 9506 9508 9509
f 9506 9509 9510
f 9512 9513 9516
f 9516 9513 9514
f 9516 9514 9515
f 9517 9518 9520
f 9520 9518 9519
f 9522 9530 9521
f 9521 9530 9531
f 9532 9526 9525
f 9525 9526 9527
f 9525 9527 9528
f 9522 9523 9530
f 9530 9523 9529
f 9529 9523 9524
f 9529 9524 9528
f 9528 9524 9525
f 9533 9534 9536
f 9536 9534 9535
f 9538 9539 9537
f 9537 9539 9540
f 9542 9550 9541
f 9541 9550 9551
f 9552 9546 9545
f 9545 9546 9547
f 9545 9547 9548
f 9542 9543 9550
f 9550 9543 9549
f 9549 9543 9544
f 9549 9544 9548
f 9548 9544 9545
f 9554 9562 9553
f 9553 9562 9563
f 9564 9558 9557
f 9557 9558 9559
f 9557 9559 9560
f 9554 9555 9562
f 9562 9555 9561
f 9561 9555 9556
f 9561 9556 9560
f 9560 9556 9557
f 9572 9565 9571
f 9571 9565 9566
f 9571 9566 9567
f 9568 9569 9567
f 9567 9569 9570
f 9567 9570 9571
f 9574 9575 9573
f 9573 9575 9576
f 9577 9578 9580
f 9580 9578 9579
f 9582 9583 9581
f 9581 9583 9584
f 9586 9587 9585
f 9585 9587 9588
f 9590 9598 9589
f 9589 9598 9599
f 9600 9594 9593
f 9593 9594 9595
f 9593 9595 9596
f 9590 9591 9598
f 9598 9591 9597
f 9597 9591 9592
f 9597 9592 9596
f 9596 9592 9593
f 9602 9603 9601
f 9601 9603 9604
f 9606 9607 9605
f 9605 9607 9608
f 9610 9611 9609
f 9609 9611 9612
f 9613 9614 9617
f 9617 9614 9615
f 9617 9615 9616
f 9618 9619 9622
f 9622 9619 9620
f 9622 9620 9621
f 9624 9625 9623
f 9623 9625 9626
f 9627 9628 9630
f 9630 9628 9629
f 9632 9633 9631
f 9631 9633 9634
f 9636 9644 9635
f 9635 9644 9645
f 9646 9640 9639
f 9639 9640 9641
f 9639 9641 9642
f 9636 9637 9644
f 9644 9637 9643
f 9643 9637 9638
f 9643 9638 9642
f 9642 9638 9639
f 9647 9648 9650
f 9650 9648 9649
f 9652 9653 9651
f 9651 9653 9654
f 9655 9656 9658
f 9658 9656 9657
f 9665 9659 9664
f 9664 9659 9660
f 9664 9660 9662
f 9662 9660 9661
f 9662 9663 9664
f 9666 9667 9670
f 9670 9667 9668
f 9670 9668 9669
f 9672 9673 9671
f 9671 9673 9674
f 9675 9676 9678
f 9678 9676 9677
f 9679 9680 9682
f 9682 9680 9681
f 9683 9684 9693
f 9693 9684 9686
f 9693 9686 9687
f 9684 9685 9686
f 9688 9689 9687
f 9687 9689 9690
f 9687 9690 9692
f 9692 9690 9691
f 9692 9693 9687
f 9694 9695 9697
f 9697 9695 9696
f 9699 9700 9698
f 9698 9700 9701
f 9698 9701 9703
f 9703 9701 9702
f 9703 9704 9698
f 9705 9706 9708
f 9708 9706 9707
f 9710 9711 9709
f 9709 9711 9712
f 9713 9714 9716
f 9716 9714 9715
f 9717 9718 9720
f 9720 9718 9719
f 9721 9722 9725
f 9725 9722 9723
f 9725 9723 9724
f 9726 9727 9736
f 9736 9727 9730
f 9736 9730 9735
f 9735 9730 9731
f 9735 9731 9733
f 9733 9731 9732
f 9727 9728 9730
f 9730 9728 9729
f 9733 9734 9735
f 9737 9738 9747
f 9747 9738 9740
f 9747 9740 9741
f 9738 9739 9740
f 9742 9743 9741
f 9741 9743 9744
f 9741 9744 9746
f 9746 9744 9745
f 9746 9747 9741
f 9749 9757 9748
f 9748 9757 9758
f 9759 9753 9752
f 9752 9753 9754
f 9752 9754 9755
f 9749 9750 9757
f 9757 9750 9756
f 9756 9750 9751
f 9756 9751 9755
f 9755 9751 9752
f 9761 9762 9760
f 9760 9762 9763
f 9760 9763 9765
f 9765 9763 9764
f 9765 9766 9760
f 9767 9768 9770
f 9770 9768 9769
f 9771 9772 9774
f 9774 9772 9773
f 9776 9777 9775
f 9775 9777 9778
f 9780 9788 9779
f 9779 9788 9789
f 9790 9784 9783
f 9783 9784 9785
f 9783 9785 9786
f 9780 9781 9788
f 9788 9781 9787
f 9787 9781 9782
f 9787 9782 9786
f 9786 9782 9783
f 9791 9792 9794
f 9794 9792 9793
f 9795 9796 9798
f 9798 9796 9797
f 9800 9801 9799
f 9799 9801 9802
f 9804 9805 9803
f 9803 9805 9806
f 9808 9809 9807
f 9807 9809 9810
f 9812 9813 9811
f 9811 9813 9814
f 9815 9816 9818
f 9818 9816 9817
f 9820 9828 9819
f 9819 9828 9829
f 9830 9824 9823
f 9823 9824 9825
f 9823 9825 9826
f 9820 9821 9828
f 9828 9821 9827
f 9827 9821 9822
f 9827 9822 9826
f 9826 9822 9823
f 9831 9832 9834
f 9834 9832 9833
f 9835 9836 9842
f 9842 9836 9837
f 9842 9837 9838
f 9839 9840 9838
f 9838 9840 9841
f 9838 9841 9842
f 9843 9844 9853
f 9853 9844 9846
f 9853 9846 9847
f 9844 9845 9846
f 9848 9849 9847
f 9847 9849 9850
f 9847 9850 9852
f 9852 9850 9851
f 9852 9853 9847
f 9855 9856 9854
f 9854 9856 9857
f 9859 9860 9858
f 9858 9860 9861
f 9862 9863 9869
f 9869 9863 9864
f 9869 9864 9865
f 9866 9867 9865
f 9865 9867 9868
f 9865 9868 9869
f 9871 9872 9870
f 9870 9872 9873
f 9874 9875 9877
f 9877 9875 9876
f 9879 9880 9878
f 9878 9880 9881
f 9883 9884 9882
f 9882 9884 9885
f 9886 9887 9889
f 9889 9887 9888
f 9890 9891 9894
f 9894 9891 9892
f 9894 9892 9893
f 9895 9896 9905
f 9905 9896 9899
f 9905 9899 9904
f 9904 9899 9900
f 9904 9900 9902
f 9902 9900 9901
f 9896 9897 9899
f 9899 9897 9898
f 9902 9903 9904
f 9907 9915 9906
f 9906 9915 9916
f 9917 9911 9910
f 9910 9911 9912
f 9910 9912 9913
f 9907 9908 9915
f 9915 9908 9914
f 9914 9908 9909
f 9914 9909 9913
f 9913 9909 9910
f 9918 9919 9921
f 9921 9919 9920
f 9923 9924 9922
f 9922 9924 9925
f 9926 9927 9936
f 9936 9927 9929
f 9936 9929 9930
f 9927 9928 9929
f 9931 9932 9930
f 9930 9932 9933
f 9930 9933 9935
f 9935 9933 9934
f 9935 9936 9930
f 9938 9939 9937
f 9937 9939 9940
f 9941 9942 9944
f 9944 9942 9943
f 9946 9947 9945
f 9945 9947 9948
f 9950 9951 9949
f 9949 9951 9952
f 9954 9955 9953
f 9953 9955 9958
f 9953 9958 9959
f 9955 9956 9958
f 9958 9956 9957
f 9960 9961 9963
f 9963 9961 9962
f 9964 9965 9967
f 9967 9965 9966
f 9969 9970 9968
f 9968 9970 9971
f 9973 9974 9972
f 9972 9974 9975
f 9976 9977 9979
f 9979 9977 9978
f 9981 9982 9980
f 9980 9982 9983
f 9984 9985 9987
f 9987 9985 9986
f 9988 9989 9991
f 9991 9989 9990
f 9992 9993 9995
f 9995 9993 9994
f 9997 9998 9996
f 9996 9998 9999
f 10001 10002 10000
f 10000 10002 10003
f 10004 10005 10008
f 10008 10005 10006
f 10008 10006 10007
f 10009 10010 10012
f 10012 10010 10011
f 10014 10015 10013
f 10013 10015 10016
f 10017 10018 10020
f 10020 10018 10019
f 10022 10023 10021
f 10021 10023 10024
f 10026 10027 10025
f 10025 10027 10028
f 10030 10031 10029
f 10029 10031 10032
f 10034 10035 10033
f 10033 10035 10036
f 10037 10038 10047
f 10047 10038 10041
f 10047 10041 10046
f 10046 10041 10042
f 10046 10042 10044
f 10044 10042 10043
f 10038 10039 10041
f 10041 10039 10040
f 10044 10045 10046
f 10049 10050 10048
f 10048 10050 10051
f 10052 10053 10055
f 10055 10053 10054
f 10056 10057 10059
f 10059 10057 10058
f 10061 10062 10060
f 10060 10062 10063
f 10064 10065 10067
f 10067 10065 10066
f 10069 10070 10068
f 10068 10070 10071
f 10073 10074 10072
f 10072 10074 10075
f 10077 10078 10076
f 10076 10078 10079
f 10080 10081 10083
f 10083 10081 10082
f 10084 10085 10087
f 10087 10085 10086
f 10088 10089 10091
f 10091 10089 10090
f 10093 10094 10092
f 10092 10094 10095
f 10096 10097 10099
f 10099 10097 10098
f 10100 10101 10113
f 10113 10101 10102
f 10113 10102 10103
f 10113 10103 10112
f 10112 10103 10104
f 10112 10104 10111
f 10111 10104 10105
f 10111 10105 10110
f 10110 10105 10106
f 10110 10106 10109
f 10109 10106 10108
f 10108 10106 10107
f 10114 10115 10117
f 10117 10115 10116
f 10119 10120 10118
f 10118 10120 10121
f 10123 10124 10122
f 10122 10124 10125
f 10127 10128 10126
f 10126 10128 10129
f 10126 10129 10131
f 10131 10129 10130
f 10131 10132 10126
f 10139 10133 10138
f 10138 10133 10134
f 10138 10134 10136
f 10136 10134 10135
f 10136 10137 10138
f 10141 10142 10140
f 10140 10142 10143
f 10145 10146 10144
f 10144 10146 10147
f 10148 10149 10151
f 10151 10149 10150
f 10152 10153 10155
f 10155 10153 10154
f 10157 10158 10156
f 10156 10158 10159
f 10161 10163 10160
f 10160 10163 10165
f 10160 10165 10166
f 10161 10162 10163
f 10163 10164 10165
f 10168 10169 10167
f 10167 10169 10170
f 10172 10173 10171
f 10171 10173 10174
f 10176 10177 10175
f 10175 10177 10178
f 10179 10180 10183
f 10183 10180 10181
f 10183 10181 10182
f 10184 10185 10187
f 10187 10185 10186
f 10188 10189 10191
f 10191 10189 10190
f 10193 10194 10192
f 10192 10194 10195
f 10197 10198 10196
f 10196 10198 10199
f 10200 10201 10207
f 10207 10201 10202
f 10207 10202 10203
f 10204 10205 10203
f 10203 10205 10206
f 10203 10206 10207
f 10208 10209 10211
f 10211 10209 10210
f 10213 10214 10212
f 10212 10214 10215
f 10216 10217 10219
f 10219 10217 10218
f 10221 10222 10220
f 10220 10222 10223
f 10225 10226 10224
f 10224 10226 10227
f 10228 10229 10235
f 10235 10229 10230
f 10235 10230 10231
f 10232 10233 10231
f 10231 10233 10234
f 10231 10234 10235
f 10236 10237 10239
f 10239 10237 10238
f 10240 10241 10250
f 10250 10241 10243
f 10250 10243 10244
f 10241 10242 10243
f 10245 10246 10244
f 10244 10246 10247
f 10244 10247 10249
f 10249 10247 10248
f 10249 10250 10244
f 10251 10252 10254
f 10254 10252 10253
f 10255 10256 10258
f 10258 10256 10257
f 10260 10261 10259
f 10259 10261 10262
f 10263 10264 10270
f 10270 10264 10265
f 10270 10265 10266
f 10267 10268 10266
f 10266 10268 10269
f 10266 10269 10270
f 10271 10272 10274
f 10274 10272 10273
f 10276 10277 10275
f 10275 10277 10278
f 10279 10280 10286
f 10286 10280 10281
f 10286 10281 10282
f 10283 10284 10282
f 10282 10284 10285
f 10282 10285 10286
f 10288 10289 10287
f 10287 10289 10290
f 10291 10292 10294
f 10294 10292 10293
f 10296 10297 10295
f 10295 10297 10298
f 10299 10300 10302
f 10302 10300 10301
f 10303 10304 10306
f 10306 10304 10305
f 10308 10309 10307
f 10307 10309 10310
f 10312 10314 10311
f 10311 10314 10316
f 10311 10316 10317
f 10312 10313 10314
f 10314 10315 10316
f 10318 10319 10321
f 10321 10319 10320
f 10323 10331 10322
f 10322 10331 10332
f 10333 10327 10326
f 10326 10327 10328
f 10326 10328 10329
f 10323 10324 10331
f 10331 10324 10330
f 10330 10324 10325
f 10330 10325 10329
f 10329 10325 10326
f 10335 10343 10334
f 10334 10343 10344
f 10345 10339 10338
f 10338 10339 10340
f 10338 10340 10341
f 10335 10336 10343
f 10343 10336 10342
f 10342 10336 10337
f 10342 10337 10341
f 10341 10337 10338
f 10347 10349 10346
f 10346 10349 10351
f 10346 10351 10352
f 10347 10348 10349
f 10349 10350 10351
f 10353 10354 10356
f 10356 10354 10355
f 10357 10358 10361
f 10361 10358 10359
f 10361 10359 10360
f 10362 10363 10366
f 10366 10363 10364
f 10366 10364 10365
f 10368 10376 10367
f 10367 10376 10377
f 10378 10372 10371
f 10371 10372 10373
f 10371 10373 10374
f 10368 10369 10376
f 10376 10369 10375
f 10375 10369 10370
f 10375 10370 10374
f 10374 10370 10371
f 10380 10388 10379
f 10379 10388 10389
f 10390 10384 10383
f 10383 10384 10385
f 10383 10385 10386
f 10380 10381 10388
f 10388 10381 10387
f 10387 10381 10382
f 10387 10382 10386
f 10386 10382 10383
f 10392 10393 10391
f 10391 10393 10394
f 10396 10397 10395
f 10395 10397 10398
f 10400 10401 10399
f 10399 10401 10402
f 10403 10404 10408
f 10408 10404 10405
f 10408 10405 10407
f 10407 10405 10406
f 10410 10411 10409
f 10409 10411 10412
f 10414 10415 10413
f 10413 10415 10416
f 10418 10419 10417
f 10417 10419 10420
f 10421 10422 10425
f 10425 10422 10423
f 10425 10423 10424
f 10426 10427 10429
f 10429 10427 10428
f 10430 10431 10433
f 10433 10431 10432
f 10435 10436 10434
f 10434 10436 10437
f 10438 10439 10442
f 10442 10439 10440
f 10442 10440 10441
f 10443 10444 10446
f 10446 10444 10445
f 10447 10448 10450
f 10450 10448 10449
f 10451 10452 10454
f 10454 10452 10453
f 10462 10455 10461
f 10461 10455 10456
f 10461 10456 10457
f 10458 10459 10457
f 10457 10459 10460
f 10457 10460 10461
f 10463 10464 10467
f 10467 10464 10465
f 10467 10465 10466
f 10468 10469 10471
f 10471 10469 10470
f 10473 10481 10472
f 10472 10481 10482
f 10483 10477 10476
f 10476 10477 10478
f 10476 10478 10479
f 10473 10474 10481
f 10481 10474 10480
f 10480 10474 10475
f 10480 10475 10479
f 10479 10475 10476
f 10484 10485 10487
f 10487 10485 10486
f 10489 10490 10488
f 10488 10490 10491
f 10493 10501 10492
f 10492 10501 10502
f 10503 10497 10496
f 10496 10497 10498
f 10496 10498 10499
f 10493 10494 10501
f 10501 10494 10500
f 10500 10494 10495
f 10500 10495 10499
f 10499 10495 10496
f 10505 10513 10504
f 10504 10513 10514
f 10515 10509 10508
f 10508 10509 10510
f 10508 10510 10511
f 10505 10506 10513
f 10513 10506 10512
f 10512 10506 10507
f 10512 10507 10511
f 10511 10507 10508
f 10523 10516 10522
f 10522 10516 10517
f 10522 10517 10518
f 10519 10520 10518
f 10518 10520 10521
f 10518 10521 10522
f 10525 10526 10524
f 10524 10526 10527
f 10528 10529 10531
f 10531 10529 10530
f 10533 10534 10532
f 10532 10534 10535
f 10537 10538 10536
f 10536 10538 10539
f 10541 10549 10540
f 10540 10549 10550
f 10551 10545 10544
f 10544 10545 10546
f 10544 10546 10547
f 10541 10542 10549
f 10549 10542 10548
f 10548 10542 10543
f 10548 10543 10547
f 10547 10543 10544
f 10553 10554 10552
f 10552 10554 10555
f 10557 10558 10556
f 10556 10558 10559
f 10561 10562 10560
f 10560 10562 10563
f 10564 10565 10568
f 10568 10565 10566
f 10568 10566 10567
f 10569 10570 10573
f 10573 10570 10571
f 10573 10571 10572
f 10575 10576 10574
f 10574 10576 10577
f 10578 10579 10581
f 10581 10579 10580
f 10583 10584 10582
f 10582 10584 10585
f 10587 10595 10586
f 10586 10595 10596
f 10597 10591 10590
f 10590 10591 10592
f 10590 10592 10593
f 10587 10588 10595
f 10595 10588 10594
f 10594 10588 10589
f 10594 10589 10593
f 10593 10589 10590
f 10598 10599 10601
f 10601 10599 10600
f 10603 10604 10602
f 10602 10604 10605
f 10606 10607 10609
f 10609 10607 10608
f 10616 10610 10615
f 10615 10610 10611
f 10615 10611 10613
f 10613 10611 10612
f 10613 10614 10615
f 10617 10618 10621
f 10621 10618 10619
f 10621 10619 10620
f 10623 10624 10622
f 10622 10624 10625
f 10626 10627 10629
f 10629 10627 10628
f 10630 10631 10633
f 10633 10631 10632
f 10634 10635 10644
f 10644 10635 10637
f 10644 10637 10638
f 10635 10636 10637
f 10639 10640 10638
f 10638 10640 10641
f 10638 10641 10643
f 10643 10641 10642
f 10643 10644 10638
f 10645 10646 10648
f 10648 10646 10647
f 10650 10651 10649
f 10649 10651 10652
f 10649 10652 10654
f 10654 10652 10653
f 10654 10655 10649
f 10656 10657 10659
f 10659 10657 10658
f 10661 10662 10660
f 10660 10662 10663
f 10664 10665 10667
f 10667 10665 10666
f 10668 10669 10671
f 10671 10669 10670
f 10672 10673 10676
f 10676 10673 10674
f 10676 10674 10675
f 10677 10678 10687
f 10687 10678 10681
f 10687 10681 10686
f 10686 10681 10682
f 10686 10682 10684
f 10684 10682 10683
f 10678 10679 10681
f 10681 10679 10680
f 10684 10685 10686
f 10688 10689 10698
f 10698 10689 10691
f 10698 10691 10692
f 10689 10690 10691
f 10693 10694 10692
f 10692 10694 10695
f 10692 10695 10697
f 10697 10695 10696
f 10697 10698 10692
f 10700 10708 10699
f 10699 10708 10709
f 10710 10704 10703
f 10703 10704 10705
f 10703 10705 10706
f 10700 10701 10708
f 10708 10701 10707
f 10707 10701 10702
f 10707 10702 10706
f 10706 10702 10703
f 10712 10713 10711
f 10711 10713 10714
f 10711 10714 10716
f 10716 10714 10715
f 10716 10717 10711
f 10718 10719 10721
f 10721 10719 10720
f 10722 10723 10725
f 10725 10723 10724
f 10727 10728 10726
f 10726 10728 10729
f 10731 10739 10730
f 10730 10739 10740
f 10741 10735 10734
f 10734 10735 10736
f 10734 10736 10737
f 10731 10732 10739
f 10739 10732 10738
f 10738 10732 10733
f 10738 10733 10737
f 10737 10733 10734
f 10742 10743 10745
f 10745 10743 10744
f 10746 10747 10749
f 10749 10747 10748
f 10751 10752 10750
f 10750 10752 10753
f 10755 10756 10754
f 10754 10756 10757
f 10759 10760 10758
f 10758 10760 10761
f 10763 10764 10762
f 10762 10764 10765
f 10766 10767 10769
f 10769 10767 10768
f 10771 10779 10770
f 10770 10779 10780
f 10781 10775 10774
f 10774 10775 10776
f 10774 10776 10777
f 10771 10772 10779
f 10779 10772 10778
f 10778 10772 10773
f 10778 10773 10777
f 10777 10773 10774
f 10782 10783 10785
f 10785 10783 10784
f 10786 10787 10793
f 10793 10787 10788
f 10793 10788 10789
f 10790 10791 10789
f 10789 10791 10792
f 10789 10792 10793
f 10794 10795 10804
f 10804 10795 10797
f 10804 10797 10798
f 10795 10796 10797
f 10799 10800 10798
f 10798 10800 10801
f 10798 10801 10803
f 10803 10801 10802
f 10803 10804 10798
f 10806 10807 10805
f 10805 10807 10808
f 10810 10811 10809
f 10809 10811 10812
f 10813 10814 10820
f 10820 10814 10815
f 10820 10815 10816
f 10817 10818 10816
f 10816 10818 10819
f 10816 10819 10820
f 10822 10823 10821
f 10821 10823 10824
f 10825 10826 10828
f 10828 10826 10827
f 10830 10831 10829
f 10829 10831 10832
f 10834 10835 10833
f 10833 10835 10836
f 10837 10838 10840
f 10840 10838 10839
f 10841 10842 10845
f 10845 10842 10843
f 10845 10843 10844
f 10846 10847 10856
f 10856 10847 10850
f 10856 10850 10855
f 10855 10850 10851
f 10855 10851 10853
f 10853 10851 10852
f 10847 10848 10850
f 10850 10848 10849
f 10853 10854 10855
f 10858 10866 10857
f 10857 10866 10867
f 10868 10862 10861
f 10861 10862 10863
f 10861 10863 10864
f 10858 10859 10866
f 10866 10859 10865
f 10865 10859 10860
f 10865 10860 10864
f 10864 10860 10861
f 10869 10870 10872
f 10872 10870 10871
f 10874 10875 10873
f 10873 10875 10876
f 10877 10878 10887
f 10887 10878 10880
f 10887 10880 10881
f 10878 10879 10880
f 10882 10883 10881
f 10881 10883 10884
f 10881 10884 10886
f 10886 10884 10885
f 10886 10887 10881
f 10889 10890 10888
f 10888 10890 10891
f 10892 10893 10895
f 10895 10893 10894
f 10897 10898 10896
f 10896 10898 10899
f 10901 10902 10900
f 10900 10902 10903
f 10905 10906 10904
f 10904 10906 10909
f 10904 10909 10910
f 10906 10907 10909
f 10909 10907 10908
f 10911 10912 10914
f 10914 10912 10913
f 10915 10916 10918
f 10918 10916 10917
f 10920 10921 10919
f 10919 10921 10922
f 10924 10925 10923
f 10923 10925 10926
f 10927 10928 10930
f 10930 10928 10929
f 10932 10933 10931
f 10931 10933 10934
f 10935 10936 10938
f 10938 10936 10937
f 10939 10940 10942
f 10942 10940 10941
f 10943 10944 10946
f 10946 10944 10945
f 10948 10949 10947
f 10947 10949 10950
f 10952 10953 10951
f 10951 10953 10954
f 10955 10956 10959
f 10959 10956 10957
f 10959 10957 10958
f 10960 10961 10963
f 10963 10961 10962
f 10965 10966 10964
f 10964 10966 10967
f 10968 10969 10971
f 10971 10969 10970
f 10973 10974 10972
f 10972 10974 10975
f 10977 10978 10976
f 10976 10978 10979
f 10981 10982 10980
f 10980 10982 10983
f 10985 10986 10984
f 10984 10986 10987
f 10988 10989 10998
f 10998 10989 10992
f 10998 10992 10997
f 10997 10992 10993
f 10997 10993 10995
f 10995 10993 10994
f 10989 10990 10992
f 10992 10990 10991
f 10995 10996 10997
f 11000 11001 10999
f 10999 11001 11002
f 11003 11004 11006
f 11006 11004 11005
f 11007 11008 11010
f 11010 11008 11009
f 11012 11013 11011
f 11011 11013 11014
f 11015 11016 11018
f 11018 11016 11017
f 11020 11021 11019
f 11019 11021 11022
f 11024 11025 11023
f 11023 11025 11026
f 11028 11029 11027
f 11027 11029 11030
f 11031 11032 11034
f 11034 11032 11033
f 11035 11036 11038
f 11038 11036 11037
f 11039 11040 11042
f 11042 11040 11041
f 11044 11045 11043
f 11043 11045 11046
f 11047 11048 11050
f 11050 11048 11049
f 11051 11052 11064
f 11064 11052 11053
f 11064 11053 11054
f 11064 11054 11063
f 11063 11054 11055
f 11063 11055 11062
f 11062 11055 11056
f 11062 11056 11061
f 11061 11056 11057
f 11061 11057 11060
f 11060 11057 11059
f 11059 11057 11058
f 11065 11066 11068
f 11068 11066 11067
f 11070 11071 11069
f 11069 11071 11072
f 11074 11075 11073
f 11073 11075 11076
f 11078 11079 11077
f 11077 11079 11080
f 11077 11080 11082
f 11082 11080 11081
f 11082 11083 11077
f 11090 11084 11089
f 11089 11084 11085
f 11089 11085 11087
f 11087 11085 11086
f 11087 11088 11089
f 11092 11093 11091
f 11091 11093 11094
f 11096 11097 11095
f 11095 11097 11098
f 11099 11100 11102
f 11102 11100 11101
f 11103 11104 11106
f 11106 11104 11105
f 11108 11109 11107
f 11107 11109 11110
f 11112 11114 11111
f 11111 11114 11116
f 11111 11116 11117
f 11112 11113 11114
f 11114 11115 11116
f 11119 11120 11118
f 11118 11120 11121
f 11123 11124 11122
f 11122 11124 11125
f 11127 11128 11126
f 11126 11128 11129
f 11130 11131 11134
f 11134 11131 11132
f 11134 11132 11133
f 11135 11136 11138
f 11138 11136 11137
f 11139 11140 11142
f 11142 11140 11141
f 11144 11145 11143
f 11143 11145 11146
f 11148 11149 11147
f 11147 11149 11150
f 11151 11152 11158
f 11158 11152 11153
f 11158 11153 11154
f 11155 11156 11154
f 11154 11156 11157
f 11154 11157 11158
f 11159 11160 11162
f 11162 11160 11161
f 11164 11165 11163
f 11163 11165 11166
f 11167 11168 11170
f 11170 11168 11169
f 11172 11173 11171
f 11171 11173 11174
f 11176 11177 11175
f 11175 11177 11178
f 11179 11180 11186
f 11186 11180 11181
f 11186 11181 11182
f 11183 11184 11182
f 11182 11184 11185
f 11182 11185 11186
f 11187 11188 11190
f 11190 11188 11189
f 11191 11192 11201
f 11201 11192 11194
f 11201 11194 11195
f 11192 11193 11194
f 11196 11197 11195
f 11195 11197 11198
f 11195 11198 11200
f 11200 11198 11199
f 11200 11201 11195
f 11202 11203 11205
f 11205 11203 11204
f 11206 11207 11209
f 11209 11207 11208
f 11211 11212 11210
f 11210 11212 11213
f 11214 11215 11221
f 11221 11215 11216
f 11221 11216 11217
f 11218 11219 11217
f 11217 11219 11220
f 11217 11220 11221
f 11222 11223 11225
f 11225 11223 11224
f 11227 11228 11226
f 11226 11228 11229
f 11230 11231 11237
f 11237 11231 11232
f 11237 11232 11233
f 11234 11235 11233
f 11233 11235 11236
f 11233 11236 11237
f 11239 11240 11238
f 11238 11240 11241
f 11242 11243 11245
f 11245 11243 11244
f 11247 11248 11246
f 11246 11248 11249
f 11250 11251 11253
f 11253 11251 11252
f 11254 11255 11257
f 11257 11255 11256
f 11259 11260 11258
f 11258 11260 11261
f 11263 11264 11262
f 11262 11264 11265
f 11266 11267 11269
f 11269 11267 11268
f 11271 11272 11270
f 11270 11272 11273
f 11274 11275 11277
f 11277 11275 11276
f 11278 11279 11281
f 11281 11279 11280
f 11283 11284 11282
f 11282 11284 11285
f 11287 11288 11286
f 11286 11288 11289
f 11290 11291 11293
f 11293 11291 11292
f 11295 11296 11294
f 11294 11296 11297
f 11298 11299 11301
f 11301 11299 11300
f 11302 11303 11305
f 11305 11303 11304
f 11307 11308 11306
f 11306 11308 11309
f 11310 11311 11313
f 11313 11311 11312
f 11315 11316 11314
f 11314 11316 11317
f 11318 11319 11321
f 11321 11319 11320
f 11322 11323 11325
f 11325 11323 11324
f 11326 11327 11339
f 11339 11327 11328
f 11339 11328 11329
f 11339 11329 11338
f 11338 11329 11330
f 11338 11330 11337
f 11337 11330 11331
f 11337 11331 11336
f 11336 11331 11332
f 11336 11332 11335
f 11335 11332 11334
f 11334 11332 11333
f 11341 11342 11340
f 11340 11342 11343
f 11344 11345 11357
f 11357 11345 11346
f 11357 11346 11347
f 11357 11347 11356
f 11356 11347 11348
f 11356 11348 11355
f 11355 11348 11349
f 11355 11349 11354
f 11354 11349 11350
f 11354 11350 11353
f 11353 11350 11352
f 11352 11350 11351
f 11358 11359 11361
f 11361 11359 11360
f 11362 11363 11365
f 11365 11363 11364
f 11367 11368 11366
f 11366 11368 11369
f 11370 11371 11373
f 11373 11371 11372
f 11375 11376 11374
f 11374 11376 11377
f 11379 11380 11378
f 11378 11380 11381
f 11382 11383 11385
f 11385 11383 11384
f 11387 11388 11386
f 11386 11388 11389
f 11390 11391 11393
f 11393 11391 11392
f 11394 11395 11397
f 11397 11395 11396
f 11399 11400 11398
f 11398 11400 11401
f 11402 11403 11405
f 11405 11403 11404
f 11407 11408 11406
f 11406 11408 11409
f 11410 11411 11413
f 11413 11411 11412
f 11415 11416 11414
f 11414 11416 11417
f 11418 11419 11422
f 11422 11419 11420
f 11422 11420 11421
f 11423 11424 11426
f 11426 11424 11425
f 11427 11428 11430
f 11430 11428 11429
f 11432 11433 11431
f 11431 11433 11434
f 11435 11436 11438
f 11438 11436 11437
f 11440 11441 11439
f 11439 11441 11442
f 11444 11445 11443
f 11443 11445 11446
f 11448 11449 11447
f 11447 11449 11450
f 11451 11452 11454
f 11454 11452 11453
f 11456 11457 11455
f 11455 11457 11458
f 11460 11461 11459
f 11459 11461 11462
f 11463 11464 11466
f 11466 11464 11465
f 11467 11468 11470
f 11470 11468 11469
f 11472 11473 11471
f 11471 11473 11474
f 11475 11476 11478
f 11478 11476 11477
f 11479 11480 11482
f 11482 11480 11481
f 11483 11484 11486
f 11486 11484 11485
f 11487 11488 11490
f 11490 11488 11489
f 11492 11493 11491
f 11491 11493 11494
f 11495 11496 11498
f 11498 11496 11497
f 11500 11501 11499
f 11499 11501 11502
f 11504 11505 11503
f 11503 11505 11506
f 11508 11509 11507
f 11507 11509 11510
f 11512 11513 11511
f 11511 11513 11514
f 11515 11516 11518
f 11518 11516 11517
f 11520 11521 11519
f 11519 11521 11522
f 11524 11525 11523
f 11523 11525 11526
f 11527 11528 11530
f 11530 11528 11529
f 11531 11532 11534
f 11534 11532 11533
f 11536 11537 11535
f 11535 11537 11538
f 11539 11540 11542
f 11542 11540 11541
f 11543 11544 11546
f 11546 11544 11545
f 11548 11549 11547
f 11547 11549 11550
f 11552 11553 11551
f 11551 11553 11554
f 11556 11557 11555
f 11555 11557 11558
f 11560 11561 11559
f 11559 11561 11562
f 11563 11564 11566
f 11566 11564 11565
f 11567 11568 11570
f 11570 11568 11569
f 11572 11573 11571
f 11571 11573 11574
f 11576 11577 11575
f 11575 11577 11578
f 11580 11581 11579
f 11579 11581 11582
f 11584 11585 11583
f 11583 11585 11586
f 11588 11589 11587
f 11587 11589 11590
f 11591 11592 11594
f 11594 11592 11593
f 11596 11597 11595
f 11595 11597 11598
f 11599 11600 11602
f 11602 11600 11601
f 11603 11604 11606
f 11606 11604 11605
f 11608 11609 11607
f 11607 11609 11610
f 11612 11613 11611
f 11611 11613 11614
f 11615 11616 11618
f 11618 11616 11617
f 11619 11620 11622
f 11622 11620 11621
f 11623 11624 11626
f 11626 11624 11625
f 11627 11628 11630
f 11630 11628 11629
f 11632 11633 11631
f 11631 11633 11634
f 11636 11637 11635
f 11635 11637 11638
f 11639 11640 11652
f 11652 11640 11641
f 11652 11641 11642
f 11652 11642 11651
f 11651 11642 11643
f 11651 11643 11650
f 11650 11643 11644
f 11650 11644 11649
f 11649 11644 11645
f 11649 11645 11648
f 11648 11645 11647
f 11647 11645 11646
f 11654 11655 11653
f 11653 11655 11656
f 11657 11658 11660
f 11660 11658 11659
f 11662 11663 11661
f 11661 11663 11664
f 11666 11667 11665
f 11665 11667 11668
f 11670 11671 11669
f 11669 11671 11672
f 11674 11675 11673
f 11673 11675 11676
f 11677 11678 11680
f 11680 11678 11679
f 11681 11682 11684
f 11684 11682 11683
f 11686 11687 11685
f 11685 11687 11688
f 11690 11691 11689
f 11689 11691 11692
f 11693 11694 11696
f 11696 11694 11695
f 11698 11699 11697
f 11697 11699 11700
f 11701 11702 11704
f 11704 11702 11703
f 11706 11707 11705
f 11705 11707 11708
f 11709 11710 11712
f 11712 11710 11711
f 11714 11715 11713
f 11713 11715 11716
f 11717 11718 11720
f 11720 11718 11719
f 11721 11722 11724
f 11724 11722 11723
f 11726 11727 11725
f 11725 11727 11728
f 11730 11731 11729
f 11729 11731 11732
f 11733 11734 11736
f 11736 11734 11735
f 11738 11739 11737
f 11737 11739 11740
f 11742 11743 11741
f 11741 11743 11744
f 11745 11746 11752
f 11752 11746 11747
f 11752 11747 11748
f 11749 11750 11748
f 11748 11750 11751
f 11748 11751 11752
f 11753 11754 11756
f 11756 11754 11755
f 11757 11758 11760
f 11760 11758 11759
f 11762 11763 11761
f 11761 11763 11764
f 11765 11766 11768
f 11768 11766 11767
f 11769 11770 11772
f 11772 11770 11771
f 11774 11939 11773
f 11773 11939 11940
f 11773 11940 11867
f 11867 11940 11866
f 11866 11940 11941
f 11866 11941 11899
f 11899 11941 11942
f 11899 11942 11943
f 11775 11776 11774
f 11774 11776 11948
f 11774 11948 11949
f 11948 11776 11947
f 11947 11776 11777
f 11947 11777 11904
f 11904 11777 11778
f 11904 11778 11779
f 11779 11780 11904
f 11904 11780 11903
f 11903 11780 12123
f 11903 12123 12124
f 11780 11781 12123
f 12123 11781 12122
f 12122 11781 12121
f 12121 11781 12116
f 12121 12116 12117
f 11782 12114 11781
f 11781 12114 12115
f 11781 12115 12116
f 12114 11782 12113
f 12113 11782 11783
f 12113 11783 11786
f 11786 11783 11785
f 11785 11783 11784
f 11787 11788 11786
f 11786 11788 12112
f 11786 12112 12113
f 11788 11789 12112
f 12112 11789 12111
f 12111 11789 12110
f 12110 11789 11790
f 12110 11790 12109
f 12109 11790 11791
f 12109 11791 12108
f 12108 11791 12107
f 12107 11791 12106
f 12106 11791 11792
f 12106 11792 11793
f 12106 11793 12105
f 12105 11793 11794
f 12105 11794 11883
f 11883 11794 11795
f 11883 11795 11882
f 11882 11795 11797
f 11882 11797 11881
f 11881 11797 11798
f 11881 11798 11874
f 11874 11798 11873
f 11873 11798 11800
f 11873 11800 11801
f 11795 11796 11797
f 11798 11799 11800
f 11802 12042 11801
f 11801 12042 11872
f 11801 11872 11873
f 12042 11802 12041
f 12041 11802 11803
f 12041 11803 11804
f 11805 12038 11804
f 11804 12038 12039
f 11804 12039 12040
f 12038 11805 12037
f 12037 11805 11806
f 12037 11806 12036
f 12036 11806 12035
f 12035 11806 11807
f 12035 11807 11809
f 11809 11807 11808
f 11810 11811 11809
f 11809 11811 11812
f 11809 11812 12035
f 12035 11812 12034
f 12034 11812 11813
f 12034 11813 12033
f 12033 11813 11814
f 12033 11814 12032
f 12032 11814 12031
f 12031 11814 12026
f 12031 12026 12030
f 12030 12026 12027
f 12030 12027 12029
f 12029 12027 12028
f 11815 12024 11814
f 11814 12024 12025
f 11814 12025 12026
f 12024 11815 11893
f 11893 11815 11816
f 11893 11816 11892
f 11892 11816 11817
f 11892 11817 11818
f 11819 11925 11818
f 11818 11925 11926
f 11818 11926 11892
f 11892 11926 11927
f 11892 11927 11928
f 11820 11821 11819
f 11819 11821 11925
f 11925 11821 11924
f 11924 11821 11822
f 11924 11822 11920
f 11920 11822 11919
f 11919 11822 11824
f 11919 11824 11918
f 11918 11824 11825
f 11918 11825 11887
f 11887 11825 11826
f 11887 11826 11827
f 11822 11823 11824
f 11887 11827 11891
f 11891 11827 11828
f 11891 11828 11986
f 11986 11828 11829
f 11986 11829 11985
f 11985 11829 11984
f 11984 11829 11979
f 11984 11979 11980
f 11830 11977 11829
f 11829 11977 11978
f 11829 11978 11979
f 11977 11830 11976
f 11976 11830 11831
f 11976 11831 11834
f 11834 11831 11833
f 11833 11831 11832
f 11835 11836 11834
f 11834 11836 11975
f 11834 11975 11976
f 11836 11837 11975
f 11975 11837 11974
f 11974 11837 11973
f 11973 11837 11838
f 11973 11838 11972
f 11972 11838 11839
f 11972 11839 11971
f 11971 11839 11970
f 11970 11839 11969
f 11969 11839 11840
f 11969 11840 11841
f 11969 11841 11968
f 11968 11841 11842
f 11968 11842 11953
f 11953 11842 11843
f 11953 11843 11952
f 11952 11843 11845
f 11952 11845 11951
f 11951 11845 11880
f 11951 11880 12210
f 12210 11880 12209
f 12209 11880 12208
f 12208 11880 11875
f 12208 11875 12201
f 12201 11875 12181
f 12201 12181 12200
f 12200 12181 12199
f 12199 12181 12182
f 12199 12182 12198
f 12198 12182 12185
f 12198 12185 12191
f 12191 12185 12186
f 12191 12186 12190
f 12190 12186 12187
f 12190 12187 12189
f 12189 12187 12188
f 11843 11844 11845
f 11845 11846 11880
f 11880 11846 11879
f 11879 11846 11848
f 11879 11848 11849
f 11846 11847 11848
f 11850 12179 11849
f 11849 12179 11878
f 11849 11878 11879
f 12179 11850 12178
f 12178 11850 11851
f 12178 11851 11852
f 11853 12175 11852
f 11852 12175 12176
f 11852 12176 12177
f 12175 11853 12174
f 12174 11853 11854
f 12174 11854 12173
f 12173 11854 12172
f 12172 11854 11855
f 12172 11855 11857
f 11857 11855 11856
f 11858 11859 11857
f 11857 11859 11860
f 11857 11860 12171
f 12171 11860 11861
f 12171 11861 12170
f 12170 11861 11862
f 12170 11862 12169
f 12169 11862 12168
f 12168 11862 12163
f 12168 12163 12167
f 12167 12163 12164
f 12167 12164 12166
f 12166 12164 12165
f 11863 12161 11862
f 11862 12161 12162
f 11862 12162 12163
f 11864 11900 11863
f 11863 11900 11901
f 11863 11901 12161
f 12161 11901 12160
f 12160 11901 11897
f 12160 11897 11935
f 11935 11897 11898
f 11935 11898 11934
f 11934 11898 11937
f 11934 11937 11938
f 11864 11865 11900
f 11900 11865 11866
f 11900 11866 11899
f 11867 11868 11773
f 11870 12043 11869
f 11869 12043 12044
f 11869 12044 12064
f 12064 12044 12063
f 12063 12044 12062
f 12062 12044 12045
f 12062 12045 12061
f 12061 12045 12048
f 12061 12048 12054
f 12054 12048 12049
f 12054 12049 12053
f 12053 12049 12050
f 12053 12050 12052
f 12052 12050 12051
f 11870 11871 12043
f 12043 11871 11872
f 12043 11872 12042
f 11869 12071 11874
f 11874 12071 12072
f 11874 12072 12073
f 12181 11875 12180
f 12180 11875 11876
f 12180 11876 11877
f 11877 11878 12180
f 12180 11878 12179
f 12105 11883 12104
f 12104 11883 11884
f 12104 11884 11885
f 11885 11886 12104
f 12104 11886 12103
f 12103 11886 12083
f 12103 12083 12084
f 12083 11886 12076
f 12076 11886 11881
f 12076 11881 12075
f 12075 11881 12074
f 12074 11881 11874
f 12074 11874 12073
f 11888 11916 11887
f 11887 11916 11917
f 11887 11917 11918
f 11889 11907 11888
f 11888 11907 11915
f 11888 11915 11916
f 11907 11889 11914
f 11914 11889 11890
f 11914 11890 11987
f 11987 11890 11986
f 11986 11890 11891
f 11893 11894 12024
f 12024 11894 12023
f 12023 11894 11909
f 12023 11909 12016
f 12016 11909 11910
f 12016 11910 12015
f 12015 11910 11911
f 12015 11911 12008
f 12008 11911 11912
f 12008 11912 12007
f 12007 11912 12003
f 12007 12003 12006
f 12006 12003 12004
f 12006 12004 12005
f 11894 11895 11909
f 11909 11895 11908
f 11908 11895 11896
f 11908 11896 11922
f 11922 11896 11928
f 11928 11896 11892
f 11898 11899 11937
f 11937 11899 11943
f 11903 12124 11902
f 11902 12124 11932
f 11902 11932 11906
f 11906 11932 11933
f 11906 11933 11944
f 11944 11933 11950
f 11950 11933 11934
f 11950 11934 11938
f 11904 11905 11947
f 11947 11905 11946
f 11946 11905 11945
f 11945 11905 11944
f 11944 11905 11906
f 11915 11907 11921
f 11921 11907 11908
f 11921 11908 11923
f 11923 11908 11922
f 11913 11995 11912
f 11912 11995 12002
f 11912 12002 12003
f 11995 11913 11994
f 11994 11913 11914
f 11994 11914 11987
f 11924 11920 11923
f 11923 11920 11921
f 11930 12145 11929
f 11929 12145 12152
f 11929 12152 11936
f 11936 12152 12153
f 11936 12153 11935
f 11935 12153 12160
f 11931 12132 11930
f 11930 12132 12139
f 11930 12139 12140
f 12132 11931 12131
f 12131 11931 11932
f 12131 11932 12124
f 11950 11938 11949
f 11949 11938 11939
f 11949 11939 11774
f 11968 11953 11967
f 11967 11953 11954
f 11967 11954 11955
f 11955 11956 11967
f 11967 11956 11966
f 11966 11956 12220
f 11966 12220 12221
f 12220 11956 12213
f 12213 11956 11951
f 12213 11951 12212
f 12212 11951 12211
f 12211 11951 12210
f 11958 11960 11957
f 11957 11960 11961
f 11957 11961 12230
f 12230 11961 11962
f 12230 11962 12223
f 12223 11962 11965
f 12223 11965 12222
f 12222 11965 11966
f 12222 11966 12221
f 11958 11959 11960
f 11963 11964 11962
f 11962 11964 11965
f 11984 11980 11983
f 11983 11980 11981
f 11983 11981 11982
f 11987 11988 11994
f 11994 11988 11989
f 11994 11989 11992
f 11992 11989 11991
f 11991 11989 11990
f 11992 11993 11994
f 11996 11997 11995
f 11995 11997 12001
f 11995 12001 12002
f 12001 11997 12000
f 12000 11997 11998
f 12000 11998 11999
f 12008 12009 12015
f 12015 12009 12013
f 12015 12013 12014
f 12009 12010 12013
f 12013 12010 12012
f 12012 12010 12011
f 12017 12018 12016
f 12016 12018 12021
f 12016 12021 12022
f 12018 12019 12021
f 12021 12019 12020
f 12022 12023 12016
f 12040 12041 11804
f 12045 12046 12048
f 12048 12046 12047
f 12054 12055 12061
f 12061 12055 12056
f 12061 12056 12059
f 12059 12056 12058
f 12058 12056 12057
f 12059 12060 12061
f 12065 12066 12064
f 12064 12066 12070
f 12064 12070 12071
f 12070 12066 12069
f 12069 12066 12067
f 12069 12067 12068
f 12076 12077 12083
f 12083 12077 12081
f 12083 12081 12082
f 12077 12078 12081
f 12081 12078 12080
f 12080 12078 12079
f 12084 12085 12103
f 12103 12085 12102
f 12102 12085 12086
f 12102 12086 12099
f 12099 12086 12093
f 12099 12093 12098
f 12098 12093 12094
f 12098 12094 12097
f 12097 12094 12095
f 12097 12095 12096
f 12087 12088 12086
f 12086 12088 12091
f 12086 12091 12092
f 12088 12089 12091
f 12091 12089 12090
f 12092 12093 12086
f 12100 12101 12099
f 12099 12101 12102
f 12121 12117 12120
f 12120 12117 12118
f 12120 12118 12119
f 12124 12125 12131
f 12131 12125 12126
f 12131 12126 12129
f 12129 12126 12128
f 12128 12126 12127
f 12129 12130 12131
f 12133 12134 12132
f 12132 12134 12138
f 12132 12138 12139
f 12138 12134 12137
f 12137 12134 12135
f 12137 12135 12136
f 12141 12143 12140
f 12140 12143 12144
f 12140 12144 11930
f 11930 12144 12145
f 12141 12142 12143
f 12145 12146 12152
f 12152 12146 12150
f 12152 12150 12151
f 12146 12147 12150
f 12150 12147 12149
f 12149 12147 12148
f 12154 12155 12153
f 12153 12155 12158
f 12153 12158 12159
f 12155 12156 12158
f 12158 12156 12157
f 12159 12160 12153
f 12171 12172 11857
f 12177 12178 11852
f 12182 12183 12185
f 12185 12183 12184
f 12191 12192 12198
f 12198 12192 12193
f 12198 12193 12196
f 12196 12193 12195
f 12195 12193 12194
f 12196 12197 12198
f 12202 12203 12201
f 12201 12203 12207
f 12201 12207 12208
f 12207 12203 12206
f 12206 12203 12204
f 12206 12204 12205
f 12213 12214 12220
f 12220 12214 12218
f 12220 12218 12219
f 12214 12215 12218
f 12218 12215 12217
f 12217 12215 12216
f 12224 12225 12223
f 12223 12225 12228
f 12223 12228 12229
f 12225 12226 12228
f 12228 12226 12227
f 12229 12230 12223
f 12064 12071 11869
f 12232 12233 12231
f 12231 12233 12234
f 12235 12236 12264
f 12264 12236 12246
f 12264 12246 12247
f 12236 12237 12246
f 12246 12237 12245
f 12245 12237 12238
f 12245 12238 12244
f 12244 12238 12239
f 12244 12239 12240
f 12244 12240 12243
f 12243 12240 12241
f 12243 12241 12242
f 12248 12262 12247
f 12247 12262 12263
f 12247 12263 12264
f 12262 12248 12261
f 12261 12248 12249
f 12261 12249 12259
f 12259 12249 12258
f 12258 12249 12250
f 12258 12250 12257
f 12257 12250 12251
f 12257 12251 12256
f 12256 12251 12255
f 12255 12251 12252
f 12255 12252 12254
f 12254 12252 12253
f 12259 12260 12261
f 12266 12267 12265
f 12265 12267 12268
f 12269 12270 12272
f 12272 12270 12271
f 12273 12274 12277
f 12277 12274 12275
f 12277 12275 12276
f 12278 12279 12281
f 12281 12279 12280
f 12283 12285 12282
f 12282 12285 12286
f 12282 12286 12290
f 12290 12286 12289
f 12289 12286 12287
f 12289 12287 12288
f 12283 12284 12285
f 12291 12292 12298
f 12298 12292 12297
f 12297 12292 12293
f 12297 12293 12296
f 12296 12293 12295
f 12295 12293 12294
f 12299 12300 12306
f 12306 12300 12305
f 12305 12300 12301
f 12305 12301 12304
f 12304 12301 12303
f 12303 12301 12302
f 12308 12316 12307
f 12307 12316 12317
f 12307 12317 12318
f 12308 12309 12316
f 12316 12309 12310
f 12316 12310 12315
f 12315 12310 12311
f 12315 12311 12312
f 12313 12314 12312
f 12312 12314 12315
f 12319 12320 12326
f 12326 12320 12325
f 12325 12320 12321
f 12325 12321 12324
f 12324 12321 12323
f 12323 12321 12322
f 12327 12328 12334
f 12334 12328 12333
f 12333 12328 12329
f 12333 12329 12332
f 12332 12329 12331
f 12331 12329 12330
f 12336 12338 12335
f 12335 12338 12339
f 12335 12339 12343
f 12343 12339 12342
f 12342 12339 12340
f 12342 12340 12341
f 12336 12337 12338
f 12344 12345 12347
f 12347 12345 12346
f 12348 12349 12352
f 12352 12349 12350
f 12352 12350 12351
f 12361 12353 12360
f 12360 12353 12354
f 12360 12354 12359
f 12359 12354 12355
f 12359 12355 12356
f 12357 12358 12356
f 12356 12358 12359
f 12363 12365 12362
f 12362 12365 12366
f 12362 12366 12373
f 12373 12366 12367
f 12373 12367 12372
f 12372 12367 12368
f 12372 12368 12369
f 12363 12364 12365
f 12369 12370 12372
f 12372 12370 12371
f 12374 12375 12381
f 12381 12375 12380
f 12380 12375 12379
f 12379 12375 12376
f 12379 12376 12378
f 12378 12376 12377
f 12383 12384 12382
f 12382 12384 12385
f 12382 12385 12393
f 12393 12385 12386
f 12393 12386 12392
f 12392 12386 12387
f 12392 12387 12391
f 12391 12387 12390
f 12390 12387 12389
f 12389 12387 12388
f 12394 12395 12401
f 12401 12395 12400
f 12400 12395 12399
f 12399 12395 12396
f 12399 12396 12398
f 12398 12396 12397
f 12402 12403 12405
f 12405 12403 12404
f 12413 12406 12412
f 12412 12406 12407
f 12412 12407 12411
f 12411 12407 12408
f 12411 12408 12409
f 12409 12410 12411
f 12415 12416 12414
f 12414 12416 12417
f 12418 12419 12421
f 12421 12419 12420
f 12422 12423 12426
f 12426 12423 12424
f 12426 12424 12425
f 12435 12427 12434
f 12434 12427 12428
f 12434 12428 12433
f 12433 12428 12429
f 12433 12429 12430
f 12431 12432 12430
f 12430 12432 12433
f 12437 12438 12436
f 12436 12438 12439
f 12441 12442 12440
f 12440 12442 12443
f 12440 12443 12444
f 12445 12446 12449
f 12449 12446 12448
f 12448 12446 12447
f 12450 12451 12453
f 12453 12451 12452
f 12454 12455 12457
f 12457 12455 12456
f 12458 12459 12465
f 12465 12459 12464
f 12464 12459 12463
f 12463 12459 12460
f 12463 12460 12462
f 12462 12460 12461
f 12466 12467 12469
f 12469 12467 12468
f 12470 12471 12473
f 12473 12471 12472
f 12474 12475 12481
f 12481 12475 12480
f 12480 12475 12479
f 12479 12475 12476
f 12479 12476 12478
f 12478 12476 12477
f 12482 12483 12485
f 12485 12483 12484
f 12487 12488 12486
f 12486 12488 12489
f 12491 12499 12490
f 12490 12499 12500
f 12501 12495 12494
f 12494 12495 12496
f 12494 12496 12497
f 12491 12492 12499
f 12499 12492 12498
f 12498 12492 12493
f 12498 12493 12497
f 12497 12493 12494
f 12503 12504 12502
f 12502 12504 12505
f 12507 12508 12506
f 12506 12508 12510
f 12510 12508 12509
f 12512 12513 12511
f 12511 12513 12514
f 12516 12517 12515
f 12515 12517 12518
f 12520 12521 12519
f 12519 12521 12522
f 12519 12522 12523
f 12524 12525 12528
f 12528 12525 12527
f 12527 12525 12526
f 12530 12531 12529
f 12529 12531 12532
f 12534 12535 12533
f 12533 12535 12536
f 12538 12539 12537
f 12537 12539 12540
f 12537 12540 12541
f 12549 12542 12548
f 12548 12542 12543
f 12548 12543 12547
f 12547 12543 12544
f 12547 12544 12546
f 12546 12544 12545
f 12550 12551 12553
f 12553 12551 12552
f 12561 12554 12560
f 12560 12554 12555
f 12560 12555 12559
f 12559 12555 12556
f 12559 12556 12558
f 12558 12556 12557
f 12569 12562 12568
f 12568 12562 12563
f 12568 12563 12564
f 12565 12566 12564
f 12564 12566 12567
f 12564 12567 12568
f 12571 12572 12570
f 12570 12572 12573
f 12581 12574 12577
f 12577 12574 12575
f 12577 12575 12576
f 12577 12578 12581
f 12581 12578 12579
f 12581 12579 12580
f 12582 12583 12585
f 12585 12583 12584
f 12587 12588 12586
f 12586 12588 12593
f 12593 12588 12589
f 12593 12589 12592
f 12592 12589 12590
f 12592 12590 12591
f 12594 12595 12597
f 12597 12595 12596
f 12605 12598 12604
f 12604 12598 12599
f 12604 12599 12603
f 12603 12599 12600
f 12603 12600 12601
f 12601 12602 12603
f 12607 12615 12606
f 12606 12615 12616
f 12617 12611 12610
f 12610 12611 12612
f 12610 12612 12613
f 12607 12608 12615
f 12615 12608 12614
f 12614 12608 12609
f 12614 12609 12613
f 12613 12609 12610
f 12626 12618 12625
f 12625 12618 12619
f 12625 12619 12624
f 12624 12619 12620
f 12624 12620 12621
f 12622 12623 12621
f 12621 12623 12624
f 12627 12628 12630
f 12630 12628 12629
f 12632 12634 12631
f 12631 12634 12635
f 12631 12635 12639
f 12639 12635 12638
f 12638 12635 12636
f 12638 12636 12637
f 12632 12633 12634
f 12641 12642 12640
f 12640 12642 12643
f 12645 12646 12644
f 12644 12646 12647
f 12649 12650 12648
f 12648 12650 12651
f 12648 12651 12652
f 12654 12655 12653
f 12653 12655 12656
f 12664 12657 12663
f 12663 12657 12658
f 12663 12658 12662
f 12662 12658 12659
f 12662 12659 12661
f 12661 12659 12660
f 12665 12666 12668
f 12668 12666 12667
f 12669 12670 12674
f 12674 12670 12673
f 12673 12670 12672
f 12672 12670 12671
f 12676 12679 12675
f 12675 12679 12681
f 12675 12681 12682
f 12677 12678 12676
f 12676 12678 12679
f 12679 12680 12681
f 12682 12683 12675
f 12684 12685 12687
f 12687 12685 12686
f 12695 12688 12691
f 12691 12688 12689
f 12691 12689 12690
f 12691 12692 12695
f 12695 12692 12693
f 12695 12693 12694
f 12696 12697 12703
f 12703 12697 12702
f 12702 12697 12701
f 12701 12697 12698
f 12701 12698 12700
f 12700 12698 12699
f 12712 12704 12711
f 12711 12704 12705
f 12711 12705 12707
f 12707 12705 12706
f 12711 12707 12710
f 12710 12707 12708
f 12710 12708 12709
f 12720 12713 12719
f 12719 12713 12714
f 12719 12714 12715
f 12716 12717 12715
f 12715 12717 12718
f 12715 12718 12719
f 12722 12834 12721
f 12721 12834 12821
f 12721 12821 12822
f 12723 12734 12722
f 12722 12734 12779
f 12722 12779 12780
f 12724 12851 12723
f 12723 12851 12852
f 12723 12852 12824
f 12824 12852 12828
f 12828 12852 12729
f 12828 12729 12827
f 12827 12729 12725
f 12827 12725 12748
f 12748 12725 12747
f 12747 12725 12861
f 12747 12861 12862
f 12721 12765 12724
f 12724 12765 12794
f 12724 12794 12795
f 12725 12726 12861
f 12861 12726 12860
f 12860 12726 12727
f 12860 12727 12787
f 12787 12727 12786
f 12786 12727 12849
f 12786 12849 12850
f 12727 12728 12849
f 12849 12728 12853
f 12853 12728 12729
f 12853 12729 12852
f 12731 12855 12730
f 12730 12855 12783
f 12730 12783 12734
f 12734 12783 12779
f 12855 12731 12854
f 12854 12731 12732
f 12854 12732 12862
f 12862 12732 12746
f 12862 12746 12747
f 12732 12733 12746
f 12746 12733 12745
f 12745 12733 12734
f 12745 12734 12723
f 12736 12857 12735
f 12735 12857 12791
f 12735 12791 12792
f 12857 12736 12856
f 12856 12736 12737
f 12856 12737 12782
f 12782 12737 12781
f 12781 12737 12738
f 12781 12738 12829
f 12829 12738 12833
f 12833 12738 12739
f 12833 12739 12843
f 12843 12739 12842
f 12842 12739 12735
f 12842 12735 12792
f 12741 12859 12740
f 12740 12859 12788
f 12740 12788 12805
f 12805 12788 12804
f 12804 12788 12784
f 12804 12784 12808
f 12808 12784 12785
f 12808 12785 12847
f 12847 12785 12851
f 12847 12851 12724
f 12859 12741 12858
f 12858 12741 12742
f 12858 12742 12790
f 12790 12742 12743
f 12790 12743 12776
f 12776 12743 12775
f 12775 12743 12744
f 12775 12744 12774
f 12774 12744 12740
f 12774 12740 12805
f 12827 12748 12826
f 12826 12748 12749
f 12826 12749 12825
f 12825 12749 12723
f 12825 12723 12824
f 12749 12745 12723
f 12751 12767 12750
f 12750 12767 12768
f 12750 12768 12758
f 12758 12768 12764
f 12758 12764 12800
f 12800 12764 12765
f 12800 12765 12799
f 12799 12765 12721
f 12799 12721 12803
f 12803 12721 12823
f 12803 12823 12802
f 12802 12823 12819
f 12802 12819 12771
f 12771 12819 12820
f 12771 12820 12770
f 12770 12820 12835
f 12770 12835 12836
f 12752 12797 12751
f 12751 12797 12798
f 12751 12798 12767
f 12767 12798 12766
f 12766 12798 12794
f 12766 12794 12765
f 12753 12763 12752
f 12752 12763 12759
f 12752 12759 12797
f 12797 12759 12796
f 12796 12759 12816
f 12796 12816 12817
f 12754 12806 12753
f 12753 12806 12762
f 12753 12762 12763
f 12755 12778 12754
f 12754 12778 12774
f 12754 12774 12805
f 12756 12812 12755
f 12755 12812 12813
f 12755 12813 12777
f 12777 12813 12776
f 12776 12813 12790
f 12757 12773 12756
f 12756 12773 12769
f 12756 12769 12812
f 12812 12769 12811
f 12811 12769 12836
f 12811 12836 12837
f 12758 12801 12757
f 12757 12801 12772
f 12757 12772 12773
f 12759 12760 12816
f 12816 12760 12815
f 12815 12760 12846
f 12815 12846 12814
f 12814 12846 12724
f 12814 12724 12818
f 12818 12724 12795
f 12818 12795 12817
f 12817 12795 12796
f 12846 12760 12845
f 12845 12760 12761
f 12845 12761 12844
f 12844 12761 12762
f 12844 12762 12807
f 12807 12762 12806
f 12769 12770 12836
f 12771 12772 12802
f 12802 12772 12801
f 12777 12778 12755
f 12722 12780 12830
f 12830 12780 12781
f 12830 12781 12829
f 12856 12782 12855
f 12855 12782 12783
f 12851 12785 12850
f 12850 12785 12786
f 12860 12787 12859
f 12859 12787 12788
f 12790 12813 12789
f 12789 12813 12809
f 12789 12809 12793
f 12793 12809 12810
f 12793 12810 12840
f 12840 12810 12838
f 12840 12838 12839
f 12839 12838 12834
f 12839 12834 12722
f 12790 12791 12858
f 12858 12791 12857
f 12842 12792 12841
f 12841 12792 12793
f 12841 12793 12840
f 12800 12801 12758
f 12805 12806 12754
f 12844 12807 12848
f 12848 12807 12808
f 12848 12808 12847
f 12838 12810 12837
f 12837 12810 12811
f 12820 12821 12835
f 12835 12821 12834
f 12822 12823 12721
f 12830 12831 12722
f 12722 12831 12832
f 12722 12832 12839
f 12839 12832 12843
f 12843 12832 12833
f 12846 12847 12724
f 12863 12864 12869
f 12869 12864 12868
f 12868 12864 12865
f 12868 12865 12867
f 12867 12865 12866
f 12870 12871 12873
f 12873 12871 12872
f 12875 12876 12874
f 12874 12876 12877
f 12878 12879 12884
f 12884 12879 12883
f 12883 12879 12880
f 12883 12880 12882
f 12882 12880 12881
f 12886 12894 12885
f 12885 12894 12895
f 12896 12890 12889
f 12889 12890 12891
f 12889 12891 12892
f 12886 12887 12894
f 12894 12887 12893
f 12893 12887 12888
f 12893 12888 12892
f 12892 12888 12889
f 12897 12898 12901
f 12901 12898 12900
f 12900 12898 12899
f 12902 12903 12905
f 12905 12903 12904
f 12907 12908 12906
f 12906 12908 12909
f 12906 12909 12910
f 12911 12912 12915
f 12915 12912 12914
f 12914 12912 12913
f 12916 12917 12919
f 12919 12917 12918
f 12920 12921 12923
f 12923 12921 12922
f 12924 12925 12927
f 12927 12925 12926
f 12929 12930 12928
f 12928 12930 12931
f 12937 12932 12935
f 12935 12932 12933
f 12935 12933 12934
f 12935 12936 12937
f 12938 12939 12941
f 12941 12939 12940
f 12943 12944 12942
f 12942 12944 12949
f 12949 12944 12945
f 12949 12945 12948
f 12948 12945 12947
f 12947 12945 12946
f 12950 12951 12953
f 12953 12951 12952
f 12955 12956 12954
f 12954 12956 12957
f 12959 12960 12958
f 12958 12960 12965
f 12965 12960 12964
f 12964 12960 12961
f 12964 12961 12963
f 12963 12961 12962
f 12966 12967 12971
f 12971 12967 12970
f 12970 12967 12969
f 12969 12967 12968
f 12973 12981 12972
f 12972 12981 13046
f 13045 12982 12983
f 12974 13037 12973
f 12973 13037 13038
f 12973 13038 13039
f 12975 13030 12974
f 12974 13030 13031
f 12974 13031 13032
f 12976 13022 12975
f 12975 13022 13023
f 12975 13023 13024
f 12977 13015 12976
f 12976 13015 13016
f 12976 13016 13017
f 12978 13007 12977
f 12977 13007 13008
f 12977 13008 13011
f 13011 13008 13010
f 13010 13008 13009
f 12979 12999 12978
f 12978 12999 13000
f 12978 13000 13003
f 13003 13000 13002
f 13002 13000 13001
f 12980 12997 12979
f 12979 12997 12998
f 12979 12998 12999
f 13045 12984 12980
f 12980 12984 12989
f 12980 12989 12990
f 12983 12984 13045
f 12985 12986 12984
f 12984 12986 12989
f 12986 12987 12989
f 12989 12987 12988
f 12990 12991 12980
f 12980 12991 12992
f 12980 12992 12997
f 12997 12992 12995
f 12997 12995 12996
f 12993 12994 12992
f 12992 12994 12995
f 13004 13005 13003
f 13003 13005 12978
f 13005 13006 12978
f 12978 13006 13007
f 13012 13013 13011
f 13011 13013 12977
f 13013 13014 12977
f 12977 13014 13015
f 13017 13018 12976
f 12976 13018 13019
f 12976 13019 13021
f 13021 13019 13020
f 13021 13022 12976
f 13025 13026 13024
f 13024 13026 12975
f 12975 13026 13029
f 13029 13026 13027
f 13029 13027 13028
f 13029 13030 12975
f 13033 13034 13032
f 13032 13034 13037
f 13032 13037 12974
f 13034 13035 13037
f 13037 13035 13036
f 13039 13040 12973
f 12973 13040 12981
f 13041 13042 13040
f 13040 13042 13043
f 13040 13043 12981
f 12981 13043 13044
f 13063 13047 13065
f 13065 13047 13048
f 13065 13048 13064
f 13064 13048 13050
f 13064 13050 13051
f 13048 13049 13050
f 13064 13051 13068
f 13068 13051 13052
f 13068 13052 13053
f 13068 13053 13067
f 13067 13053 13054
f 13067 13054 13060
f 13060 13054 13055
f 13060 13055 13056
f 13056 13057 13060
f 13060 13057 13059
f 13059 13057 13058
f 13060 13061 13067
f 13067 13061 13066
f 13066 13061 13062
f 13066 13062 13063
f 13066 13063 13065
f 13070 13071 13069
f 13069 13071 13072
f 13074 13075 13073
f 13073 13075 13076
f 13078 13079 13077
f 13077 13079 13080
f 13088 13081 13087
f 13087 13081 13082
f 13087 13082 13086
f 13086 13082 13083
f 13086 13083 13084
f 13084 13085 13086
f 13090 13091 13089
f 13089 13091 13092
f 13094 13102 13093
f 13093 13102 13103
f 13104 13098 13097
f 13097 13098 13099
f 13097 13099 13100
f 13094 13095 13102
f 13102 13095 13101
f 13101 13095 13096
f 13101 13096 13100
f 13100 13096 13097
f 13105 13106 13108
f 13108 13106 13107
f 13109 13110 13112
f 13112 13110 13111
f 13113 13114 13116
f 13116 13114 13115
f 13118 13119 13117
f 13117 13119 13120
f 13122 13123 13121
f 13121 13123 13124
f 13125 13126 13128
f 13128 13126 13127
f 13129 13130 13135
f 13135 13130 13132
f 13135 13132 13133
f 13130 13131 13132
f 13133 13134 13135
f 13137 13138 13136
f 13136 13138 13139
f 13140 13141 13147
f 13147 13141 13146
f 13146 13141 13142
f 13146 13142 13145
f 13145 13142 13143
f 13145 13143 13144
f 13149 13150 13148
f 13148 13150 13151
f 13153 13154 13152
f 13152 13154 13155
f 13157 13159 13156
f 13156 13159 13172
f 13156 13172 13173
f 13157 13158 13159
f 13159 13160 13172
f 13172 13160 13162
f 13172 13162 13176
f 13176 13162 13164
f 13176 13164 13166
f 13166 13164 13165
f 13160 13161 13162
f 13162 13163 13164
f 13176 13166 13175
f 13175 13166 13167
f 13175 13167 13168
f 13175 13168 13174
f 13174 13168 13169
f 13174 13169 13170
f 13170 13171 13174
f 13174 13171 13173
f 13173 13171 13156
f 13184 13177 13189
f 13189 13177 13178
f 13189 13178 13188
f 13188 13178 13179
f 13188 13179 13187
f 13187 13179 13186
f 13186 13179 13180
f 13186 13180 13181
f 13186 13181 13194
f 13194 13181 13182
f 13194 13182 13193
f 13193 13182 13183
f 13193 13183 13192
f 13192 13183 13191
f 13191 13183 13184
f 13191 13184 13189
f 13189 13185 13190
f 13190 13185 13186
f 13190 13186 13194
f 13191 13189 13190
f 13196 13204 13195
f 13195 13204 13205
f 13206 13200 13199
f 13199 13200 13201
f 13199 13201 13202
f 13196 13197 13204
f 13204 13197 13203
f 13203 13197 13198
f 13203 13198 13202
f 13202 13198 13199
f 13207 13208 13210
f 13210 13208 13209
f 13211 13212 13214
f 13214 13212 13213
f 13215 13216 13218
f 13218 13216 13217
f 13219 13220 13226
f 13226 13220 13225
f 13225 13220 13224
f 13224 13220 13221
f 13224 13221 13223
f 13223 13221 13222
f 13228 13229 13227
f 13227 13229 13230
f 13231 13232 13234
f 13234 13232 13233
f 13236 13237 13235
f 13235 13237 13238
f 13254 13239 13258
f 13258 13239 13240
f 13258 13240 13241
f 13241 13242 13258
f 13258 13242 13243
f 13258 13243 13257
f 13257 13243 13245
f 13257 13245 13247
f 13247 13245 13246
f 13243 13244 13245
f 13248 13249 13247
f 13247 13249 13256
f 13247 13256 13257
f 13256 13249 13255
f 13255 13249 13250
f 13255 13250 13251
f 13251 13252 13255
f 13255 13252 13253
f 13255 13253 13259
f 13259 13253 13254
f 13259 13254 13258
f 13260 13261 13263
f 13263 13261 13262
f 13265 13266 13264
f 13264 13266 13269
f 13264 13269 13270
f 13267 13268 13266
f 13266 13268 13269
f 13272 13273 13271
f 13271 13273 13274
f 13275 13276 13278
f 13278 13276 13277
f 13294 13279 13297
f 13297 13279 13280
f 13297 13280 13281
f 13281 13282 13297
f 13297 13282 13283
f 13297 13283 13296
f 13296 13283 13284
f 13296 13284 13295
f 13295 13284 13285
f 13295 13285 13286
f 13286 13287 13295
f 13295 13287 13288
f 13295 13288 13299
f 13299 13288 13290
f 13299 13290 13298
f 13298 13290 13292
f 13298 13292 13294
f 13294 13292 13293
f 13288 13289 13290
f 13290 13291 13292
f 13298 13294 13297
f 13300 13301 13303
f 13303 13301 13302
f 13304 13305 13333
f 13333 13305 13315
f 13333 13315 13316
f 13305 13306 13315
f 13315 13306 13314
f 13314 13306 13307
f 13314 13307 13313
f 13313 13307 13308
f 13313 13308 13309
f 13313 13309 13312
f 13312 13309 13310
f 13312 13310 13311
f 13333 13316 13332
f 13332 13316 13317
f 13332 13317 13331
f 13331 13317 13330
f 13330 13317 13318
f 13330 13318 13328
f 13328 13318 13327
f 13327 13318 13319
f 13327 13319 13326
f 13326 13319 13320
f 13326 13320 13325
f 13325 13320 13324
f 13324 13320 13321
f 13324 13321 13323
f 13323 13321 13322
f 13328 13329 13330
f 13334 13335 13337
f 13337 13335 13336
f 13339 13340 13338
f 13338 13340 13341
f 13343 13344 13342
f 13342 13344 13361
f 13342 13361 13362
f 13344 13345 13361
f 13361 13345 13360
f 13360 13345 13346
f 13360 13346 13347
f 13360 13347 13359
f 13359 13347 13348
f 13359 13348 13349
f 13350 13352 13349
f 13349 13352 13353
f 13349 13353 13354
f 13350 13351 13352
f 13354 13355 13349
f 13349 13355 13363
f 13349 13363 13359
f 13355 13356 13363
f 13363 13356 13357
f 13363 13357 13362
f 13362 13357 13358
f 13362 13358 13342
f 13371 13364 13376
f 13376 13364 13365
f 13376 13365 13375
f 13375 13365 13366
f 13375 13366 13374
f 13374 13366 13373
f 13373 13366 13367
f 13373 13367 13368
f 13373 13368 13381
f 13381 13368 13369
f 13381 13369 13380
f 13380 13369 13370
f 13380 13370 13379
f 13379 13370 13378
f 13378 13370 13371
f 13378 13371 13376
f 13376 13372 13377
f 13377 13372 13373
f 13377 13373 13381
f 13378 13376 13377
f 13389 13382 13388
f 13388 13382 13383
f 13388 13383 13384
f 13385 13386 13384
f 13384 13386 13387
f 13384 13387 13388
f 13401 13390 13394
f 13394 13390 13391
f 13394 13391 13393
f 13393 13391 13392
f 13394 13395 13401
f 13401 13395 13400
f 13400 13395 13399
f 13399 13395 13398
f 13398 13395 13396
f 13398 13396 13397
f 13402 13403 13405
f 13405 13403 13404
f 13413 13406 13412
f 13412 13406 13407
f 13412 13407 13411
f 13411 13407 13408
f 13411 13408 13410
f 13410 13408 13409
f 13415 13416 13414
f 13414 13416 13417
f 13425 13418 13424
f 13424 13418 13419
f 13424 13419 13423
f 13423 13419 13420
f 13423 13420 13422
f 13422 13420 13421
f 13426 13427 13433
f 13433 13427 13428
f 13433 13428 13432
f 13432 13428 13429
f 13432 13429 13431
f 13431 13429 13430
f 13434 13435 13441
f 13441 13435 13436
f 13441 13436 13440
f 13440 13436 13437
f 13440 13437 13439
f 13439 13437 13438
f 13443 13444 13442
f 13442 13444 13445
f 13446 13447 13449
f 13449 13447 13448
f 13451 13452 13450
f 13450 13452 13455
f 13450 13455 13456
f 13453 13454 13452
f 13452 13454 13455
f 13458 13466 13457
f 13457 13466 13467
f 13468 13462 13461
f 13461 13462 13463
f 13461 13463 13464
f 13458 13459 13466
f 13466 13459 13465
f 13465 13459 13460
f 13465 13460 13464
f 13464 13460 13461
f 13469 13470 13472
f 13472 13470 13471
f 13473 13474 13476
f 13476 13474 13475
f 13477 13478 13480
f 13480 13478 13479
f 13482 13490 13481
f 13481 13490 13491
f 13492 13486 13485
f 13485 13486 13487
f 13485 13487 13488
f 13482 13483 13490
f 13490 13483 13489
f 13489 13483 13484
f 13489 13484 13488
f 13488 13484 13485
f 13493 13494 13500
f 13500 13494 13499
f 13499 13494 13495
f 13499 13495 13498
f 13498 13495 13496
f 13498 13496 13497
f 13501 13502 13504
f 13504 13502 13503
f 13506 13507 13505
f 13505 13507 13508
f 13510 13511 13509
f 13509 13511 13512
f 13509 13512 13520
f 13520 13512 13513
f 13520 13513 13519
f 13519 13513 13514
f 13519 13514 13518
f 13518 13514 13517
f 13517 13514 13516
f 13516 13514 13515
f 13522 13525 13521
f 13521 13525 13527
f 13521 13527 13528
f 13523 13524 13522
f 13522 13524 13525
f 13525 13526 13527
f 13528 13529 13521
f 13537 13530 13536
f 13536 13530 13531
f 13536 13531 13535
f 13535 13531 13532
f 13535 13532 13534
f 13534 13532 13533
f 13539 13541 13538
f 13538 13541 13542
f 13538 13542 13549
f 13549 13542 13543
f 13549 13543 13548
f 13548 13543 13544
f 13548 13544 13545
f 13539 13540 13541
f 13545 13546 13548
f 13548 13546 13547
f 13550 13551 13599
f 13599 13551 13603
f 13599 13603 13604
f 13552 13553 13551
f 13551 13553 13603
f 13553 13554 13603
f 13603 13554 13602
f 13602 13554 13558
f 13602 13558 13559
f 13555 13556 13554
f 13554 13556 13558
f 13556 13557 13558
f 13560 13561 13559
f 13559 13561 13602
f 13562 13563 13561
f 13561 13563 13608
f 13561 13608 13602
f 13602 13608 13609
f 13602 13609 13601
f 13601 13609 13586
f 13601 13586 13588
f 13588 13586 13587
f 13563 13564 13608
f 13608 13564 13607
f 13607 13564 13568
f 13607 13568 13569
f 13565 13566 13564
f 13564 13566 13568
f 13566 13567 13568
f 13570 13571 13569
f 13569 13571 13607
f 13572 13573 13571
f 13571 13573 13607
f 13607 13573 13606
f 13606 13573 13574
f 13606 13574 13576
f 13576 13574 13575
f 13577 13578 13576
f 13576 13578 13606
f 13606 13578 13605
f 13605 13578 13579
f 13605 13579 13583
f 13583 13579 13581
f 13583 13581 13582
f 13579 13580 13581
f 13583 13584 13605
f 13605 13584 13609
f 13609 13584 13586
f 13584 13585 13586
f 13601 13588 13600
f 13600 13588 13589
f 13600 13589 13593
f 13593 13589 13591
f 13593 13591 13592
f 13589 13590 13591
f 13593 13594 13600
f 13600 13594 13604
f 13604 13594 13596
f 13604 13596 13598
f 13598 13596 13597
f 13594 13595 13596
f 13598 13599 13604
f 13611 13612 13610
f 13610 13612 13613
f 13615 13616 13614
f 13614 13616 13618
f 13618 13616 13617
f 13619 13620 13622
f 13622 13620 13621
f 13624 13625 13623
f 13623 13625 13626
f 13628 13629 13627
f 13627 13629 13630
f 13631 13632 13634
f 13634 13632 13633
f 13635 13636 13638
f 13638 13636 13637
f 13639 13640 13642
f 13642 13640 13641
f 13644 13645 13643
f 13643 13645 13646
f 13647 13648 13650
f 13650 13648 13649
f 13651 13652 13657
f 13657 13652 13654
f 13657 13654 13655
f 13652 13653 13654
f 13655 13656 13657
f 13665 13658 13664
f 13664 13658 13659
f 13664 13659 13663
f 13663 13659 13660
f 13663 13660 13662
f 13662 13660 13661
f 13666 13667 13669
f 13669 13667 13668
f 13670 13671 13673
f 13673 13671 13672
f 13674 13675 13681
f 13681 13675 13680
f 13680 13675 13676
f 13680 13676 13679
f 13679 13676 13678
f 13678 13676 13677
f 13682 13683 13689
f 13689 13683 13684
f 13689 13684 13688
f 13688 13684 13685
f 13688 13685 13686
f 13686 13687 13688
f 13690 13691 13693
f 13693 13691 13692
f 13694 13695 13697
f 13697 13695 13696
f 13699 13700 13698
f 13698 13700 13705
f 13705 13700 13701
f 13705 13701 13704
f 13704 13701 13703
f 13703 13701 13702
f 13713 13706 13712
f 13712 13706 13707
f 13712 13707 13708
f 13709 13710 13708
f 13708 13710 13711
f 13708 13711 13712
f 13714 13715 13767
f 13767 13715 13717
f 13767 13717 13771
f 13771 13717 13718
f 13771 13718 13720
f 13720 13718 13719
f 13715 13716 13717
f 13771 13720 13770
f 13770 13720 13721
f 13770 13721 13723
f 13723 13721 13722
f 13770 13723 13769
f 13769 13723 13724
f 13769 13724 13726
f 13726 13724 13725
f 13769 13726 13756
f 13756 13726 13727
f 13756 13727 13755
f 13755 13727 13780
f 13755 13780 13753
f 13753 13780 13752
f 13752 13780 13781
f 13752 13781 13742
f 13742 13781 13741
f 13741 13781 13782
f 13741 13782 13739
f 13739 13782 13738
f 13738 13782 13778
f 13738 13778 13736
f 13736 13778 13735
f 13735 13778 13733
f 13735 13733 13734
f 13727 13728 13780
f 13780 13728 13729
f 13780 13729 13779
f 13779 13729 13730
f 13779 13730 13732
f 13732 13730 13731
f 13732 13733 13779
f 13779 13733 13778
f 13736 13737 13738
f 13739 13740 13741
f 13752 13742 13750
f 13750 13742 13743
f 13750 13743 13749
f 13749 13743 13775
f 13749 13775 13748
f 13748 13775 13776
f 13748 13776 13747
f 13747 13776 13777
f 13747 13777 13746
f 13746 13777 13773
f 13746 13773 13745
f 13745 13773 13774
f 13745 13774 13744
f 13744 13774 13743
f 13743 13774 13775
f 13750 13751 13752
f 13753 13754 13755
f 13756 13757 13769
f 13769 13757 13768
f 13768 13757 13758
f 13768 13758 13759
f 13760 13761 13759
f 13759 13761 13768
f 13768 13761 13772
f 13772 13761 13762
f 13772 13762 13764
f 13764 13762 13763
f 13765 13766 13764
f 13764 13766 13772
f 13766 13767 13772
f 13772 13767 13771
f 13784 13785 13783
f 13783 13785 13786
f 13788 13789 13787
f 13787 13789 13804
f 13787 13804 13803
f 13803 13804 13805
f 13803 13805 13802
f 13802 13805 13801
f 13801 13805 13806
f 13801 13806 13800
f 13800 13806 13794
f 13800 13794 13799
f 13799 13794 13798
f 13798 13794 13797
f 13797 13794 13795
f 13797 13795 13796
f 13804 13789 13808
f 13808 13789 13790
f 13808 13790 13791
f 13808 13791 13807
f 13807 13791 13792
f 13807 13792 13793
f 13807 13793 13806
f 13806 13793 13794
f 13809 13810 13812
f 13812 13810 13811
f 13814 13815 13813
f 13813 13815 13816
f 13817 13818 13820
f 13820 13818 13819
f 13828 13821 13827
f 13827 13821 13822
f 13827 13822 13826
f 13826 13822 13823
f 13826 13823 13825
f 13825 13823 13824
f 13829 13830 13832
f 13832 13830 13831
f 13834 13835 13833
f 13833 13835 13838
f 13833 13838 13839
f 13835 13836 13838
f 13838 13836 13837
f 13840 13841 13843
f 13843 13841 13842
f 13845 13853 13844
f 13844 13853 13854
f 13855 13849 13848
f 13848 13849 13850
f 13848 13850 13851
f 13845 13846 13853
f 13853 13846 13852
f 13852 13846 13847
f 13852 13847 13851
f 13851 13847 13848
f 13856 13857 13859
f 13859 13857 13858
f 13860 13861 13864
f 13864 13861 13862
f 13864 13862 13863
f 13865 13866 13869
f 13869 13866 13868
f 13868 13866 13867
f 13871 13872 13870
f 13870 13872 13873
f 13875 13876 13874
f 13874 13876 13877
f 13885 13878 13884
f 13884 13878 13879
f 13884 13879 13883
f 13883 13879 13880
f 13883 13880 13882
f 13882 13880 13881
f 13893 13886 13892
f 13892 13886 13887
f 13892 13887 13891
f 13891 13887 13888
f 13891 13888 13890
f 13890 13888 13889
f 13894 13895 13897
f 13897 13895 13896
f 13899 13901 13898
f 13898 13901 13903
f 13898 13903 13904
f 13899 13900 13901
f 13901 13902 13903
f 13905 13906 13911
f 13911 13906 13910
f 13910 13906 13907
f 13910 13907 13909
f 13909 13907 13908
f 13912 13913 13915
f 13915 13913 13914
f 13917 13918 13916
f 13916 13918 13919
f 13920 13921 13923
f 13923 13921 13922
f 13931 13924 13930
f 13930 13924 13925
f 13930 13925 13929
f 13929 13925 13926
f 13929 13926 13928
f 13928 13926 13927
f 13932 13933 13935
f 13935 13933 13934
f 13937 13939 13936
f 13936 13939 13941
f 13936 13941 13942
f 13937 13938 13939
f 13939 13940 13941
f 13951 13943 13950
f 13950 13943 13944
f 13950 13944 13946
f 13946 13944 13945
f 13950 13946 13949
f 13949 13946 13947
f 13949 13947 13948
f 13952 13953 13958
f 13958 13953 13957
f 13957 13953 13954
f 13957 13954 13956
f 13956 13954 13955
f 13964 13959 13962
f 13962 13959 13960
f 13962 13960 13961
f 13962 13963 13964
f 13965 13966 13986
f 13986 13966 13990
f 13986 13990 13991
f 13967 13968 13966
f 13966 13968 13990
f 13968 13969 13990
f 13990 13969 13989
f 13989 13969 13971
f 13989 13971 13972
f 13969 13970 13971
f 13973 13974 13972
f 13972 13974 13989
f 13989 13974 13988
f 13988 13974 13975
f 13988 13975 13977
f 13977 13975 13976
f 13988 13977 13987
f 13987 13977 13978
f 13987 13978 13980
f 13980 13978 13979
f 13980 13981 13987
f 13987 13981 13991
f 13991 13981 13983
f 13991 13983 13985
f 13985 13983 13984
f 13981 13982 13983
f 13985 13986 13991
f 13999 13992 13998
f 13998 13992 13993
f 13998 13993 13994
f 13995 13996 13994
f 13994 13996 13997
f 13994 13997 13998
f 14001 14020 14000
f 14000 14020 14021
f 14000 14021 14016
f 14016 14021 14015
f 14015 14021 14017
f 14015 14017 14014
f 14014 14017 14013
f 14013 14017 14018
f 14013 14018 14007
f 14007 14018 14006
f 14006 14018 14005
f 14005 14018 14019
f 14005 14019 14004
f 14004 14019 14003
f 14003 14019 14020
f 14003 14020 14001
f 14001 14002 14003
f 14007 14008 14013
f 14013 14008 14009
f 14013 14009 14010
f 14011 14012 14010
f 14010 14012 14013
f 14022 14023 14029
f 14029 14023 14024
f 14029 14024 14028
f 14028 14024 14025
f 14028 14025 14027
f 14027 14025 14026
f 14030 14031 14037
f 14037 14031 14032
f 14037 14032 14036
f 14036 14032 14033
f 14036 14033 14035
f 14035 14033 14034
f 14038 14039 14041
f 14041 14039 14040
f 14042 14043 14045
f 14045 14043 14044
f 14046 14047 14056
f 14056 14047 14050
f 14056 14050 14055
f 14055 14050 14051
f 14055 14051 14053
f 14053 14051 14052
f 14047 14048 14050
f 14050 14048 14049
f 14053 14054 14055
f 14057 14058 14063
f 14063 14058 14062
f 14062 14058 14059
f 14062 14059 14061
f 14061 14059 14060
f 14064 14065 14067
f 14067 14065 14066
f 14069 14070 14068
f 14068 14070 14071
f 14072 14073 14125
f 14125 14073 14075
f 14125 14075 14129
f 14129 14075 14076
f 14129 14076 14078
f 14078 14076 14077
f 14073 14074 14075
f 14078 14079 14129
f 14129 14079 14128
f 14128 14079 14080
f 14128 14080 14081
f 14082 14110 14081
f 14081 14110 14111
f 14081 14111 14128
f 14128 14111 14113
f 14128 14113 14127
f 14127 14113 14114
f 14127 14114 14116
f 14116 14114 14115
f 14083 14084 14082
f 14082 14084 14136
f 14082 14136 14137
f 14084 14085 14136
f 14136 14085 14095
f 14136 14095 14140
f 14140 14095 14096
f 14140 14096 14098
f 14098 14096 14097
f 14086 14087 14085
f 14085 14087 14095
f 14095 14087 14094
f 14094 14087 14088
f 14094 14088 14134
f 14134 14088 14089
f 14134 14089 14133
f 14133 14089 14090
f 14133 14090 14132
f 14132 14090 14091
f 14132 14091 14131
f 14131 14091 14092
f 14131 14092 14135
f 14135 14092 14093
f 14135 14093 14094
f 14140 14098 14139
f 14139 14098 14099
f 14139 14099 14101
f 14101 14099 14100
f 14101 14102 14139
f 14139 14102 14138
f 14138 14102 14104
f 14138 14104 14105
f 14102 14103 14104
f 14106 14107 14105
f 14105 14107 14137
f 14105 14137 14138
f 14107 14108 14137
f 14137 14108 14109
f 14137 14109 14082
f 14082 14109 14110
f 14111 14112 14113
f 14116 14117 14127
f 14127 14117 14126
f 14126 14117 14119
f 14126 14119 14130
f 14130 14119 14120
f 14130 14120 14122
f 14122 14120 14121
f 14117 14118 14119
f 14123 14124 14122
f 14122 14124 14130
f 14124 14125 14130
f 14130 14125 14129
f 14134 14135 14094
f 14142 14143 14141
f 14141 14143 14144
f 14146 14147 14145
f 14145 14147 14148
f 14149 14150 14152
f 14152 14150 14151
f 14153 14154 14159
f 14159 14154 14158
f 14158 14154 14155
f 14158 14155 14157
f 14157 14155 14156
f 14167 14160 14166
f 14166 14160 14161
f 14166 14161 14165
f 14165 14161 14162
f 14165 14162 14164
f 14164 14162 14163
f 14169 14170 14168
f 14168 14170 14171
f 14168 14171 14184
f 14184 14171 14188
f 14188 14171 14172
f 14188 14172 14187
f 14187 14172 14173
f 14187 14173 14174
f 14174 14175 14187
f 14187 14175 14186
f 14186 14175 14176
f 14186 14176 14177
f 14178 14179 14177
f 14177 14179 14185
f 14177 14185 14186
f 14180 14181 14179
f 14179 14181 14185
f 14182 14183 14181
f 14181 14183 14184
f 14181 14184 14185
f 14183 14168 14184
f 14196 14189 14195
f 14195 14189 14190
f 14195 14190 14191
f 14192 14193 14191
f 14191 14193 14194
f 14191 14194 14195
f 14197 14198 14204
f 14204 14198 14203
f 14203 14198 14199
f 14203 14199 14202
f 14202 14199 14201
f 14201 14199 14200
f 14206 14207 14205
f 14205 14207 14208
f 14209 14210 14212
f 14212 14210 14211
f 14213 14214 14216
f 14216 14214 14215
f 14224 14217 14223
f 14223 14217 14218
f 14223 14218 14219
f 14220 14221 14219
f 14219 14221 14222
f 14219 14222 14223
f 14298 14289 14225
f 14225 14289 14290
f 14225 14290 14284
f 14284 14290 14283
f 14283 14290 14282
f 14282 14290 14281
f 14281 14290 14276
f 14281 14276 14278
f 14278 14276 14277
f 14226 14227 14299
f 14299 14227 14228
f 14299 14228 14297
f 14297 14228 14233
f 14297 14233 14234
f 14229 14230 14228
f 14228 14230 14233
f 14230 14231 14233
f 14233 14231 14232
f 14234 14235 14297
f 14297 14235 14236
f 14297 14236 14296
f 14296 14236 14241
f 14296 14241 14242
f 14237 14238 14236
f 14236 14238 14239
f 14236 14239 14241
f 14241 14239 14240
f 14242 14243 14296
f 14296 14243 14295
f 14295 14243 14244
f 14295 14244 14247
f 14247 14244 14246
f 14246 14244 14245
f 14248 14249 14247
f 14247 14249 14295
f 14249 14250 14295
f 14295 14250 14251
f 14295 14251 14294
f 14294 14251 14252
f 14294 14252 14254
f 14254 14252 14253
f 14254 14255 14294
f 14294 14255 14256
f 14294 14256 14257
f 14257 14258 14294
f 14294 14258 14259
f 14294 14259 14293
f 14293 14259 14260
f 14293 14260 14261
f 14261 14262 14293
f 14293 14262 14265
f 14293 14265 14266
f 14262 14263 14265
f 14265 14263 14264
f 14293 14266 14292
f 14292 14266 14267
f 14292 14267 14268
f 14269 14270 14268
f 14268 14270 14271
f 14268 14271 14273
f 14273 14271 14272
f 14268 14273 14292
f 14292 14273 14274
f 14292 14274 14291
f 14291 14274 14275
f 14291 14275 14276
f 14278 14279 14281
f 14281 14279 14280
f 14285 14286 14284
f 14284 14286 14287
f 14284 14287 14225
f 14225 14287 14288
f 14290 14291 14276
f 14301 14302 14300
f 14300 14302 14307
f 14307 14302 14306
f 14306 14302 14303
f 14306 14303 14305
f 14305 14303 14304
f 14309 14317 14308
f 14308 14317 14318
f 14319 14313 14312
f 14312 14313 14314
f 14312 14314 14315
f 14309 14310 14317
f 14317 14310 14316
f 14316 14310 14311
f 14316 14311 14315
f 14315 14311 14312
f 14321 14322 14320
f 14320 14322 14323
f 14325 14333 14324
f 14324 14333 14334
f 14335 14329 14328
f 14328 14329 14330
f 14328 14330 14331
f 14325 14326 14333
f 14333 14326 14332
f 14332 14326 14327
f 14332 14327 14331
f 14331 14327 14328
f 14337 14338 14336
f 14336 14338 14340
f 14340 14338 14339
f 14341 14342 14344
f 14344 14342 14343
f 14345 14346 14348
f 14348 14346 14347
f 14350 14351 14349
f 14349 14351 14352
f 14354 14355 14353
f 14353 14355 14359
f 14359 14355 14356
f 14359 14356 14358
f 14358 14356 14357
f 14360 14361 14363
f 14363 14361 14362
f 14364 14365 14369
f 14369 14365 14366
f 14369 14366 14368
f 14368 14366 14367
f 14371 14372 14370
f 14370 14372 14373
f 14374 14375 14377
f 14377 14375 14376
f 14378 14379 14431
f 14431 14379 14433
f 14431 14433 14430
f 14430 14433 14434
f 14430 14434 14426
f 14426 14434 14425
f 14425 14434 14423
f 14425 14423 14424
f 14380 14381 14379
f 14379 14381 14433
f 14381 14382 14433
f 14433 14382 14432
f 14432 14382 14384
f 14432 14384 14385
f 14382 14383 14384
f 14385 14386 14432
f 14432 14386 14436
f 14436 14386 14387
f 14436 14387 14417
f 14417 14387 14416
f 14416 14387 14388
f 14416 14388 14445
f 14445 14388 14390
f 14445 14390 14444
f 14444 14390 14391
f 14444 14391 14401
f 14401 14391 14393
f 14401 14393 14400
f 14400 14393 14394
f 14400 14394 14440
f 14440 14394 14395
f 14440 14395 14439
f 14439 14395 14396
f 14439 14396 14438
f 14438 14396 14397
f 14438 14397 14437
f 14437 14397 14398
f 14437 14398 14441
f 14441 14398 14399
f 14441 14399 14400
f 14388 14389 14390
f 14391 14392 14393
f 14401 14402 14444
f 14444 14402 14443
f 14443 14402 14404
f 14443 14404 14405
f 14402 14403 14404
f 14406 14407 14405
f 14405 14407 14442
f 14405 14442 14443
f 14407 14408 14442
f 14442 14408 14410
f 14442 14410 14446
f 14446 14410 14411
f 14446 14411 14413
f 14413 14411 14412
f 14408 14409 14410
f 14413 14414 14446
f 14446 14414 14445
f 14445 14414 14415
f 14445 14415 14416
f 14418 14419 14417
f 14417 14419 14436
f 14419 14420 14436
f 14436 14420 14435
f 14435 14420 14422
f 14435 14422 14423
f 14420 14421 14422
f 14427 14428 14426
f 14426 14428 14430
f 14428 14429 14430
f 14434 14435 14423
f 14440 14441 14400
f 14448 14449 14447
f 14447 14449 14450
f 14458 14451 14457
f 14457 14451 14452
f 14457 14452 14453
f 14454 14455 14453
f 14453 14455 14456
f 14453 14456 14457
f 14459 14460 14462
f 14462 14460 14461
f 14464 14465 14463
f 14463 14465 14469
f 14469 14465 14466
f 14469 14466 14468
f 14468 14466 14467
f 14470 14471 14474
f 14474 14471 14473
f 14473 14471 14472
f 14476 14477 14475
f 14475 14477 14478
f 14480 14481 14479
f 14479 14481 14482
f 14479 14482 14484
f 14484 14482 14483
f 14484 14485 14479
f 14486 14487 14493
f 14493 14487 14492
f 14492 14487 14488
f 14492 14488 14491
f 14491 14488 14489
f 14491 14489 14490
f 14494 14495 14498
f 14498 14495 14496
f 14498 14496 14497
f 14499 14500 14502
f 14502 14500 14501
f 14504 14505 14503
f 14503 14505 14506
f 14503 14506 14508
f 14508 14506 14507
f 14508 14509 14503
f 14511 14512 14510
f 14510 14512 14513
f 14514 14515 14517
f 14517 14515 14516
f 14518 14519 14521
f 14521 14519 14520
f 14523 14531 14522
f 14522 14531 14532
f 14533 14527 14526
f 14526 14527 14528
f 14526 14528 14529
f 14523 14524 14531
f 14531 14524 14530
f 14530 14524 14525
f 14530 14525 14529
f 14529 14525 14526
f 14535 14536 14534
f 14534 14536 14537
f 14538 14539 14541
f 14541 14539 14540
f 14543 14551 14542
f 14542 14551 14552
f 14553 14547 14546
f 14546 14547 14548
f 14546 14548 14549
f 14543 14544 14551
f 14551 14544 14550
f 14550 14544 14545
f 14550 14545 14549
f 14549 14545 14546
f 14555 14556 14554
f 14554 14556 14557
f 14559 14561 14558
f 14558 14561 14563
f 14558 14563 14564
f 14559 14560 14561
f 14561 14562 14563
f 14565 14566 14570
f 14570 14566 14569
f 14569 14566 14567
f 14569 14567 14568
f 14571 14572 14575
f 14575 14572 14573
f 14575 14573 14574
f 14576 14577 14579
f 14579 14577 14578
f 14580 14581 14601
f 14601 14581 14603
f 14601 14603 14600
f 14600 14603 14604
f 14600 14604 14598
f 14598 14604 14596
f 14598 14596 14597
f 14582 14583 14581
f 14581 14583 14603
f 14603 14583 14602
f 14602 14583 14584
f 14602 14584 14586
f 14586 14584 14585
f 14586 14587 14602
f 14602 14587 14606
f 14606 14587 14589
f 14606 14589 14590
f 14587 14588 14589
f 14591 14592 14590
f 14590 14592 14605
f 14590 14605 14606
f 14592 14593 14605
f 14605 14593 14595
f 14605 14595 14604
f 14604 14595 14596
f 14593 14594 14595
f 14598 14599 14600
f 14607 14608 14617
f 14617 14608 14611
f 14617 14611 14616
f 14616 14611 14612
f 14616 14612 14614
f 14614 14612 14613
f 14608 14609 14611
f 14611 14609 14610
f 14614 14615 14616
f 14619 14621 14618
f 14618 14621 14622
f 14618 14622 14626
f 14626 14622 14625
f 14625 14622 14623
f 14625 14623 14624
f 14619 14620 14621
f 14627 14628 14630
f 14630 14628 14629
f 14631 14632 14634
f 14634 14632 14633
f 14636 14637 14635
f 14635 14637 14638
f 14635 14638 14639
f 14640 14641 14650
f 14650 14641 14643
f 14650 14643 14644
f 14641 14642 14643
f 14645 14646 14644
f 14644 14646 14647
f 14644 14647 14649
f 14649 14647 14648
f 14649 14650 14644
f 14651 14652 14661
f 14661 14652 14655
f 14661 14655 14660
f 14660 14655 14656
f 14660 14656 14658
f 14658 14656 14657
f 14652 14653 14655
f 14655 14653 14654
f 14658 14659 14660
f 14663 14664 14662
f 14662 14664 14665
f 14666 14667 14676
f 14676 14667 14669
f 14676 14669 14670
f 14667 14668 14669
f 14671 14672 14670
f 14670 14672 14673
f 14670 14673 14675
f 14675 14673 14674
f 14675 14676 14670
f 14677 14678 14681
f 14681 14678 14679
f 14681 14679 14680
f 14682 14683 14692
f 14692 14683 14686
f 14692 14686 14691
f 14691 14686 14687
f 14691 14687 14689
f 14689 14687 14688
f 14683 14684 14686
f 14686 14684 14685
f 14689 14690 14691
f 14693 14694 14696
f 14696 14694 14695
f 14698 14706 14697
f 14697 14706 14707
f 14708 14702 14701
f 14701 14702 14703
f 14701 14703 14704
f 14698 14699 14706
f 14706 14699 14705
f 14705 14699 14700
f 14705 14700 14704
f 14704 14700 14701
f 14710 14718 14709
f 14709 14718 14719
f 14720 14714 14713
f 14713 14714 14715
f 14713 14715 14716
f 14710 14711 14718
f 14718 14711 14717
f 14717 14711 14712
f 14717 14712 14716
f 14716 14712 14713
f 14721 14722 14731
f 14731 14722 14725
f 14731 14725 14730
f 14730 14725 14726
f 14730 14726 14728
f 14728 14726 14727
f 14722 14723 14725
f 14725 14723 14724
f 14728 14729 14730
f 14732 14733 14735
f 14735 14733 14734
f 14737 14745 14736
f 14736 14745 14746
f 14747 14741 14740
f 14740 14741 14742
f 14740 14742 14743
f 14737 14738 14745
f 14745 14738 14744
f 14744 14738 14739
f 14744 14739 14743
f 14743 14739 14740
f 14749 14750 14748
f 14748 14750 14752
f 14752 14750 14751
f 14753 14754 14760
f 14760 14754 14755
f 14760 14755 14756
f 14757 14758 14756
f 14756 14758 14759
f 14756 14759 14760
f 14762 14763 14761
f 14761 14763 14764
f 14765 14766 14775
f 14775 14766 14768
f 14775 14768 14769
f 14766 14767 14768
f 14770 14771 14769
f 14769 14771 14772
f 14769 14772 14774
f 14774 14772 14773
f 14774 14775 14769
f 14776 14777 14781
f 14781 14777 14780
f 14780 14777 14778
f 14780 14778 14779
f 14783 14784 14782
f 14782 14784 14785
f 14786 14787 14789
f 14789 14787 14788
f 14791 14792 14790
f 14790 14792 14793
f 14794 14795 14847
f 14847 14795 14849
f 14847 14849 14846
f 14846 14849 14850
f 14846 14850 14842
f 14842 14850 14841
f 14841 14850 14839
f 14841 14839 14840
f 14796 14797 14795
f 14795 14797 14849
f 14797 14798 14849
f 14849 14798 14848
f 14848 14798 14800
f 14848 14800 14852
f 14852 14800 14801
f 14852 14801 14803
f 14803 14801 14802
f 14798 14799 14800
f 14803 14804 14852
f 14852 14804 14851
f 14851 14804 14806
f 14851 14806 14836
f 14836 14806 14807
f 14836 14807 14835
f 14835 14807 14808
f 14835 14808 14862
f 14862 14808 14809
f 14862 14809 14810
f 14804 14805 14806
f 14811 14812 14810
f 14810 14812 14862
f 14862 14812 14861
f 14861 14812 14813
f 14861 14813 14815
f 14815 14813 14814
f 14815 14816 14861
f 14861 14816 14860
f 14860 14816 14818
f 14860 14818 14819
f 14816 14817 14818
f 14820 14821 14819
f 14819 14821 14859
f 14819 14859 14860
f 14821 14822 14859
f 14859 14822 14858
f 14858 14822 14832
f 14858 14832 14833
f 14832 14822 14830
f 14830 14822 14823
f 14830 14823 14829
f 14829 14823 14855
f 14829 14855 14828
f 14828 14855 14856
f 14828 14856 14827
f 14827 14856 14857
f 14827 14857 14826
f 14826 14857 14853
f 14826 14853 14825
f 14825 14853 14854
f 14825 14854 14824
f 14824 14854 14823
f 14823 14854 14855
f 14830 14831 14832
f 14834 14835 14833
f 14833 14835 14858
f 14836 14837 14851
f 14851 14837 14838
f 14851 14838 14850
f 14850 14838 14839
f 14843 14844 14842
f 14842 14844 14846
f 14844 14845 14846
f 14862 14858 14835
f 14863 14864 14866
f 14866 14864 14865
f 14868 14869 14867
f 14867 14869 14870
f 14867 14870 14872
f 14872 14870 14871
f 14872 14873 14867
f 14882 14874 14881
f 14881 14874 14875
f 14881 14875 14880
f 14880 14875 14876
f 14880 14876 14877
f 14878 14879 14877
f 14877 14879 14880
f 14884 14885 14883
f 14883 14885 14886
f 14888 14889 14887
f 14887 14889 14890
f 14892 14893 14891
f 14891 14893 14894
